,2002/12,2003/03,2003/06,2003/09,2003/12,2004/03,2004/06,2004/09,2004/12,2005/03,2005/06,2005/09,2005/12,2006/03,2006/06,2006/09,2006/12,2007/03,2007/06,2007/09,2008/03,2008/06,2008/09,2008/12,2009/03,2009/06,2009/09,2009/12,2010/03,2010/06,2010/09,2010/12,2011/03,2011/06,2011/09,2011/12,2012/03,2012/06,2012/09,2012/12,2013/03
% of EPS-to-Industry,0.0,0.0,0.0,0.0,43.2,166.7,66.7,66.7,28.7,57.8,39.3,38.3,48.7,57.3,341.4,487.5,89.1,88.5,83.5,78.2,0.0,0.0,0.0,116.8,295.8,353.9,568.0,147.8,-37.8,-274.2,-400.8,-216.2,-705.4,-308.6,-9.7,0.0,-9.4,-11.1,277.5,146.0,88.4
% of PE-to-Industry,0.0,0.0,0.0,0.0,46.7,11.0,15.8,22.6,61.7,30.3,58.9,60.3,50.4,85.4,11.8,7.9,56.0,53.6,57.0,64.2,0.0,0.0,0.0,75.9,33.0,47.5,20.6,123.6,0.0,0.0,0.0,0.0,0.0,0.0,0.0,0.0,0.0,0.0,28.1,57.9,94.5
% of ROE-to-Industry,0.0,0.0,0.0,0.0,658.2,659.6,394.6,394.5,361.7,417.3,568.6,160.8,238.3,251.0,590.2,737.3,226.5,210.1,58.4,51.4,0.0,0.0,0.0,63.6,109.7,176.5,256.6,104.3,0.0,0.0,0.0,0.0,0.0,0.0,0.0,0.0,0.0,0.0,9.7,38.7,31.2
% of current ratio-to-industry,118.2,33.3,61.5,83.3,76.9,71.4,83.3,60.0,46.7,50.0,61.5,76.9,64.3,73.3,107.1,108.3,163.6,166.7,315.4,350.0,126.7,130.8,100.0,58.3,88.9,75.0,118.2,100.0,91.7,81.8,69.2,58.3,41.7,54.5,91.7,90.9,91.7,100.0,109.1,80.0,118.2
% of debt/equity-to-industry,0.0,0.0,0.0,0.0,0.0,0.0,0.0,1.6,3.4,3.0,11.0,17.7,11.6,10.5,8.6,0.9,21.2,19.2,20.7,19.0,18.2,21.7,30.5,2.6,3.2,6.6,8.4,10.7,10.8,10.9,10.8,7.9,9.4,6.2,0.3,1.1,2.1,1.5,1.8,6.4,9.5
% of earnings-to-industry,0.0,0.0,0.0,0.0,0.7,0.9,1.2,1.7,2.2,2.5,1.7,1.6,3.1,3.6,10.7,14.8,5.6,5.5,5.2,4.9,0.0,0.0,0.0,4.9,10.7,13.0,21.3,7.3,-1.1,-13.5,-20.3,-19.1,60.4,-14.1,-0.8,0.1,-0.2,-0.2,5.1,11.3,3.5
% of gross profit margin-to-industry,0.0,0.0,0.0,0.0,211.9,0.0,0.0,0.0,203.9,197.7,150.7,148.2,161.7,169.2,280.2,268.4,144.1,141.6,141.1,143.9,0.0,0.0,0.0,149.8,178.3,188.9,187.9,162.7,144.8,135.8,134.5,164.7,156.8,168.2,154.9,158.5,167.6,165.6,183.7,192.0,189.8
% of leverage-to-industry,113.5,0.0,431.8,155.0,170.0,130.0,88.9,82.8,79.3,74.1,65.7,67.7,65.7,57.6,48.5,54.8,55.9,54.5,25.9,24.3,42.2,47.4,62.1,50.8,45.2,54.5,50.0,61.4,61.4,65.1,67.4,58.0,64.3,55.1,9.2,6.9,9.5,5.8,6.8,25.0,31.0
% of net profit margin-to-industry,0.0,0.0,0.0,0.0,396.3,444.0,528.6,733.3,618.5,635.7,531.4,462.5,551.6,531.3,926.3,1106.3,558.6,512.9,450.0,428.0,0.0,0.0,0.0,400.0,613.0,709.1,980.8,378.9,-61.1,-775.0,-1246.2,-950.0,4200.0,-622.2,-34.1,3.4,-7.1,-13.3,309.1,526.7,182.2
% of post-tax profit margin-to-industry,0.0,0.0,0.0,0.0,396.3,444.0,528.6,733.3,618.5,635.7,547.1,513.9,657.7,629.6,880.0,769.6,476.5,454.3,450.0,428.0,0.0,0.0,0.0,250.0,531.8,561.9,880.0,315.8,-138.9,-775.0,-1350.0,-950.0,2100.0,-622.2,-39.5,-13.8,-24.8,-39.0,408.3,658.3,911.1
% of pre-tax profit margin-to-industry,0.0,0.0,0.0,0.0,284.1,0.0,0.0,0.0,372.1,393.3,310.0,289.1,397.7,386.4,838.1,708.0,311.5,294.4,293.5,289.2,0.0,0.0,0.0,228.1,405.9,424.2,631.6,183.9,-135.7,-580.0,-842.9,-444.4,-1466.7,-677.8,-41.8,-32.9,-43.5,-70.5,426.3,348.1,396.2
% of pric/free cashlow-to-industry,0.0,0.0,0.8,-17.4,0.0,110.8,103.9,98.3,-30.0,-30.3,-1.3,-16.7,-55.7,27.2,2662.4,1745.6,-288.8,0.0,8768.8,216.7,-10.0,-11.7,-11.6,-124.8,9.9,57.8,-143.6,52.8,-3.7,-83.2,-243.9,-29.9,231.4,20.0,8.7,11.2,3.3,34.9,79.3,47.3,-55.5
% of price-to-industry,4.5,9.6,6.1,8.4,20.1,18.3,10.5,15.1,17.7,17.5,23.1,23.1,24.5,48.9,40.3,38.4,49.9,47.4,47.6,50.3,44.7,38.3,60.4,144.5,160.1,274.2,190.1,181.7,164.9,308.7,188.6,154.2,122.6,105.5,111.6,46.5,52.2,83.5,77.7,84.3,83.3
% of price/book-to-industry,0.0,0.0,774.5,367.6,760.6,582.4,225.8,243.3,244.8,172.5,69.6,117.5,122.5,180.5,124.4,107.2,122.7,109.9,32.0,32.9,25.1,15.2,29.9,47.6,41.2,91.7,61.3,115.9,101.8,131.0,80.6,72.5,50.3,46.0,6.1,3.4,5.3,5.8,6.3,20.7,23.3
% of price/cashflow-to-industry,0.0,0.0,0.0,0.0,210.3,0.0,0.0,0.0,115.8,68.4,19.8,111.6,82.7,114.6,37.6,28.4,91.0,85.1,89.3,109.9,0.0,0.0,0.0,114.0,63.8,97.6,46.6,186.8,681.9,-265.8,-117.0,715.3,258.4,30.3,-309.8,-674.2,-579.7,-548.8,127.8,93.7,93.2
% of price/sales-to-industry,0.0,0.0,0.0,0.0,461.2,391.5,300.0,440.5,430.0,263.2,64.6,341.2,283.0,386.6,199.1,158.3,300.0,266.7,248.1,278.7,0.0,0.0,0.0,297.8,231.3,368.5,235.4,424.3,448.6,484.6,318.5,337.5,159.5,208.0,217.6,154.5,175.0,204.3,195.5,272.2,135.1
% of sales-to-industry,0.0,0.0,0.0,0.0,0.2,0.2,0.2,0.2,0.3,0.4,0.3,0.4,0.6,0.7,1.1,1.4,1.0,1.1,1.1,1.1,0.0,0.0,0.0,1.2,1.7,1.8,2.2,1.9,1.7,1.7,1.6,2.0,2.1,2.2,2.2,2.1,2.2,1.7,1.7,2.2,1.9
(increase) decrease in inventories,0.0,0.0,-0.4,-1.7,-3.1,0.2,-0.1,-2.2,0.0,0.9,-0.5,-5.1,-4.6,-0.1,-1.2,-5.5,-4.3,-1.3,-1.8,-9.8,-6.4,-7.6,-18.2,-27.3,4.9,-12.6,-13.6,-7.2,-0.1,1.2,-14.3,-13.6,8.7,5.3,17.5,29.8,-0.5,-6.2,-11.3,3.0,1.8
(increase) decrease in other current assets,0.0,0.0,-0.2,0.0,-1.1,-0.6,0.4,0.5,0.8,-0.1,-0.7,-0.8,-0.9,-0.4,-0.3,0.6,-1.0,-1.8,-1.4,-4.3,-7.2,-7.8,3.3,4.3,-2.1,0.0,0.0,0.0,1.7,0.0,1.5,-1.3,-1.0,2.9,5.8,1.8,0.2,0.2,0.2,3.8,-1.4
(increase) decrease in prepaid expenses,0.0,0.0,0.9,1.0,-0.0,0.3,-0.1,0.7,0.7,0.1,-0.3,-0.2,-0.3,0.2,0.5,0.5,0.2,-4.2,-3.2,-1.6,0.0,0.0,0.0,0.0,-0.0,-1.3,-5.2,-4.2,0.0,-1.0,-9.6,-1.6,0.0,-6.2,-5.6,0.1,-7.4,-10.0,-15.4,0.0,0.0
(increase) decrease in receivables,0.0,0.0,-0.2,-0.5,1.8,-0.0,-1.4,-2.0,0.5,-2.8,-4.1,-5.9,-5.6,0.5,-0.0,-1.4,-0.2,1.3,-0.2,1.3,-1.8,-8.4,-9.6,-9.5,1.7,2.4,-23.1,-25.5,2.7,6.0,10.9,8.9,-7.7,-7.0,-15.3,-24.9,26.2,25.0,20.1,0.9,5.5
Basic EPS (Continuing),0.00,0.00,0.02,0.07,0.01,0.10,0.12,0.10,0.85,0.19,0.21,0.16,0.28,0.34,0.36,0.37,0.28,0.37,0.26,0.14,0.43,0.28,-1.19,1.10,1.61,0.25,0.57,-1.53,0.25,-0.92,0.16,0.04,0.26,0.24,0.11,-0.34,0.40,0.29,0.38,-0.02,0.53
Basic EPS (Cum. Effect of Acct. Change),0.00,0.00,0.00,0.00,0.00,0.00,0.00,0.00,0.00,0.00,0.00,0.00,0.00,0.00,0.00,0.00,0.00,0.00,0.00,0.00,0.00,0.00,0.00,0.00,0.00,0.00,0.00,0.00,0.00,0.00,0.00,0.00,0.00,0.00,0.00,0.00,0.00,0.00,0.00,0.00,0.00
Basic EPS (Discontinued),0.00,0.00,0.00,0.00,0.00,0.00,0.00,0.00,0.00,0.00,0.00,0.00,0.00,0.00,0.00,0.00,0.00,0.00,0.00,0.00,0.00,0.00,0.00,0.38,0.00,0.19,0.00,-0.01,0.00,0.00,0.00,0.00,0.00,0.00,-0.09,-0.19,0.40,0.00,0.00,0.00,0.00
Basic EPS (Extraordinary Items),0.00,0.00,0.00,0.00,0.00,0.00,0.00,0.00,0.00,0.00,0.00,0.00,0.00,0.00,0.00,0.00,0.00,0.00,0.00,0.00,0.00,0.00,0.00,0.00,0.00,0.00,0.00,0.00,0.00,0.00,0.00,0.00,0.00,0.00,0.00,0.00,0.00,0.00,0.00,0.00,0.00
Basic EPS (Other Gains/Losses),0.00,0.00,0.00,0.00,0.00,0.00,0.00,0.00,0.00,0.00,0.00,0.00,0.00,0.00,0.00,0.00,0.00,0.00,0.00,0.00,0.00,0.00,0.00,0.00,0.00,0.00,0.00,0.00,0.00,0.00,0.00,0.00,0.00,0.00,0.00,0.00,-0.80,0.00,0.00,0.00,0.00
Basic EPS (Tax Loss Carry Forward),0.00,0.00,0.00,0.00,0.00,0.00,0.00,0.00,0.00,0.00,0.00,0.00,0.00,0.00,0.00,0.00,0.00,0.00,0.00,0.00,0.00,0.00,0.00,0.00,0.00,0.00,0.00,0.00,0.00,0.00,0.00,0.00,0.00,0.00,0.00,0.00,0.00,0.00,0.00,0.00,0.00
Close PE Ratio,0.0,0.0,0.0,0.0,26.3,25.0,10.0,12.2,10.1,4.2,5.3,5.3,9.7,17.2,13.3,12.0,17.4,16.9,16.1,20.1,0.0,0.0,0.0,15.5,8.1,17.8,7.2,22.4,0.0,0.0,0.0,0.0,0.0,10.3,9.6,0.0,6.0,11.8,6.4,6.3,6.1
Diluted EPS (Continuing),0.00,0.00,0.02,0.07,0.01,0.10,0.12,0.09,0.77,0.17,0.18,0.14,0.25,0.29,0.31,0.32,0.23,0.37,0.24,0.13,0.41,0.28,-1.17,1.08,1.55,0.24,0.52,-1.40,0.25,-0.92,0.16,0.04,0.26,0.24,0.11,-0.34,0.40,0.29,0.38,-0.02,0.53
Diluted EPS (Cum. Effect of Acct. Change),0.00,0.00,0.00,0.00,0.00,0.00,0.00,0.00,0.00,0.00,0.00,0.00,0.00,0.00,0.00,0.00,0.00,0.00,0.00,0.00,0.00,0.00,0.00,0.00,0.00,0.00,0.00,0.00,0.00,0.00,0.00,0.00,0.00,0.00,0.00,0.00,0.00,0.00,0.00,0.00,0.00
Diluted EPS (Discontinued),0.00,0.00,0.00,0.00,0.00,0.00,0.00,0.00,0.00,0.00,0.00,0.00,0.00,0.00,0.00,0.00,0.00,0.00,0.00,0.00,0.00,0.00,0.00,0.37,0.00,0.16,0.00,-0.01,0.00,0.00,0.00,0.00,0.00,0.00,-0.09,-0.19,0.40,0.00,0.00,0.00,0.00
Diluted EPS (Extraordinary),0.00,0.00,0.00,0.00,0.00,0.00,0.00,0.00,0.00,0.00,0.00,0.00,0.00,0.00,0.00,0.00,0.00,0.00,0.00,0.00,0.00,0.00,0.00,0.00,0.00,0.00,0.00,0.00,0.00,0.00,0.00,0.00,0.00,0.00,0.00,0.00,0.00,0.00,0.00,0.00,0.00
Diluted EPS (Other Gains/Losses),0.00,0.00,0.00,0.00,0.00,0.00,0.00,0.00,0.00,0.00,0.00,0.00,0.00,0.00,0.00,0.00,0.00,0.00,0.00,0.00,0.00,0.00,-0.02,0.00,0.00,0.00,0.00,0.00,0.00,0.00,0.00,0.00,0.00,0.00,0.00,0.00,-0.80,0.00,0.00,0.00,0.00
Diluted EPS (Tax Loss Carry Forward),0.00,0.00,0.00,0.00,0.00,0.00,0.00,0.00,0.00,0.00,0.00,0.00,0.00,0.00,0.00,0.00,0.00,0.00,0.00,0.00,0.00,0.00,0.00,0.00,0.00,0.00,0.00,0.00,0.00,0.00,0.00,0.00,0.00,0.00,0.00,0.00,0.00,0.00,0.00,0.00,0.00
Dividends Paid Per Share (YTD),0.00,0.00,0.00,0.00,0.00,0.00,0.00,0.00,0.00,0.00,0.00,0.00,0.00,0.00,0.00,0.00,0.00,0.00,0.00,0.00,0.00,0.00,0.00,0.00,0.00,0.00,0.00,0.00,0.00,0.00,0.00,0.00,0.00,0.00,0.00,0.00,0.00,0.00,0.00,0.00,0.00
EPS from Total Operations (YTD),0.00,0.00,0.10,0.18,0.19,0.10,0.22,-0.30,0.47,0.17,0.36,0.49,0.74,0.29,0.61,0.91,1.14,0.37,0.58,0.73,0.41,0.69,-0.48,0.97,1.55,1.84,2.38,0.97,0.25,-0.68,-0.52,-0.48,0.26,0.50,0.53,0.00,0.80,0.69,1.07,1.05,0.53
High PE Ratio,0.0,0.0,0.0,0.0,28.9,27.5,18.3,17.2,11.4,4.7,6.6,6.7,11.4,17.2,20.2,17.1,18.5,20.7,22.0,26.3,0.0,0.0,0.0,17.5,8.3,19.7,11.2,45.4,0.0,0.0,0.0,0.0,0.0,22.8,24.8,0.0,23.6,16.1,9.9,8.9,7.9
"Income, Restructuring and M&A;",0.0,0.0,0.0,0.0,0.0,0.0,0.0,0.0,0.0,0.0,0.0,0.0,0.0,0.0,0.0,0.0,0.0,0.0,0.0,0.0,0.0,0.0,0.0,0.0,0.0,0.0,0.0,0.0,0.0,0.0,0.0,0.0,0.0,0.0,0.0,0.0,0.0,0.0,0.0,0.0,0.0
LT-Debt as % of Invested Capital,0.0,0.0,0.0,0.0,0.0,0.0,0.0,1.7,3.6,2.9,12.7,18.3,15.6,13.3,10.9,1.0,22.1,20.3,57.2,54.6,39.0,39.0,47.2,7.3,8.3,11.3,13.9,16.6,16.4,16.2,15.6,15.0,14.0,11.2,4.8,18.3,23.3,24.9,23.8,22.8,21.8
LT-Debt as % of Total Debt,0.0,0.0,0.0,0.0,0.0,0.0,0.0,1.2,2.8,2.9,11.6,20.7,14.1,16.8,19.0,1.3,32.9,32.8,74.4,81.9,38.5,37.5,34.4,3.8,5.0,9.4,12.5,11.7,11.9,10.8,10.0,9.5,9.5,7.3,3.0,14.7,22.3,25.7,25.2,21.7,23.7
LT-Debt to Equity Ratio,0.00,0.00,0.00,0.00,0.00,0.00,0.00,0.02,0.04,0.03,0.15,0.22,0.18,0.15,0.12,0.01,0.28,0.25,1.34,1.20,0.64,0.64,0.89,0.08,0.09,0.13,0.16,0.20,0.20,0.19,0.19,0.18,0.16,0.13,0.05,0.22,0.30,0.33,0.31,0.30,0.28
Low PE Ratio,0.0,0.0,0.0,0.0,5.0,7.5,5.0,6.3,5.7,2.3,2.4,2.4,5.9,5.6,5.0,4.2,5.8,9.3,10.3,13.8,0.0,0.0,0.0,6.6,3.0,2.9,1.9,9.4,0.0,0.0,0.0,0.0,0.0,9.0,8.5,0.0,4.2,3.8,2.4,2.1,2.5
Net Income from Total Operations (YTD),-0.0,-0.0,0.9,1.8,2.0,1.2,2.6,3.9,6.3,2.6,5.5,7.6,11.6,4.8,10.0,15.6,19.9,5.9,10.1,12.4,7.3,12.1,-8.1,17.0,27.8,35.4,46.6,19.6,5.5,-15.2,-11.6,-9.9,4.7,9.9,10.9,-1.1,8.3,14.1,21.6,21.2,10.6
Normalized Close PE Ratio,0.0,0.0,0.0,0.0,26.3,0.0,0.0,0.0,10.1,4.2,5.3,5.3,9.7,17.2,13.3,12.0,17.4,16.9,16.1,20.1,0.0,0.0,0.0,25.1,9.8,23.3,8.4,26.8,0.0,0.0,0.0,0.0,0.0,9.4,7.1,19.9,10.5,19.5,10.8,6.3,6.1
Normalized High PE Ratio,0.0,0.0,0.0,0.0,28.9,0.0,0.0,0.0,11.4,4.7,6.6,6.7,11.4,17.2,20.2,17.1,18.5,20.7,22.0,26.3,0.0,0.0,0.0,28.4,10.1,25.9,13.0,54.3,0.0,0.0,0.0,0.0,0.0,20.8,18.3,96.2,41.7,26.6,16.6,8.9,7.9
Normalized Low PE Ratio,0.0,0.0,0.0,0.0,5.0,0.0,0.0,0.0,5.7,2.3,2.4,2.4,5.9,5.6,5.0,4.2,5.8,9.3,10.3,13.8,0.0,0.0,0.0,10.7,3.7,3.8,2.2,11.3,0.0,0.0,0.0,0.0,0.0,8.2,6.3,19.6,7.4,6.3,4.0,2.1,2.5
Normalized ROA,-105.7,0.0,0.0,0.0,10.6,0.0,0.0,0.0,16.5,20.3,17.6,18.5,16.8,20.0,21.9,21.7,17.9,17.7,9.7,8.0,0.0,0.0,0.0,2.9,7.7,8.5,14.7,3.7,-1.3,-7.4,-8.5,-1.8,-2.0,3.4,3.4,0.5,1.4,1.6,2.3,4.5,5.1
Normalized ROCI,-441.7,0.0,0.0,0.0,36.2,0.0,0.0,0.0,37.3,39.7,34.7,31.5,32.6,33.3,32.1,37.2,26.0,25.0,11.6,9.0,0.0,0.0,0.0,8.4,19.8,17.7,29.0,8.4,-3.0,-17.3,-20.4,-4.4,-4.6,8.3,8.8,1.1,2.6,2.7,4.0,8.1,8.6
Normalized ROE,0.0,0.0,0.0,0.0,36.2,0.0,0.0,0.0,38.7,40.9,39.8,38.6,38.6,38.4,36.0,37.6,33.3,31.3,27.2,19.8,0.0,0.0,0.0,9.1,21.6,20.0,33.7,10.0,0.0,0.0,0.0,0.0,0.0,9.3,9.3,1.3,3.4,3.6,5.2,10.5,11.0
Return on Assets (ROA),-105.7,0.0,0.0,0.0,10.6,13.4,18.4,14.8,16.5,20.3,17.6,18.5,16.8,20.0,21.9,21.7,17.9,17.7,9.7,8.0,0.0,0.0,0.0,4.7,9.3,11.2,17.0,4.4,-0.6,-7.4,-8.5,-2.1,-2.3,3.1,2.5,-0.2,0.6,0.7,2.1,4.4,5.1
Return on Capital Invested (ROCI),-441.7,0.0,0.0,0.0,36.2,34.3,43.8,35.3,37.3,39.7,34.7,31.5,32.6,33.3,32.1,37.2,26.0,25.0,11.6,9.0,0.0,0.0,0.0,13.6,23.9,23.3,33.6,10.0,-1.4,-17.3,-20.4,-5.2,-5.4,7.6,6.5,-0.5,1.0,1.2,3.7,8.1,8.6
Return on Stock Equity (ROE),0.0,0.0,0.0,0.0,36.2,34.3,43.8,35.9,38.7,40.9,39.8,38.6,38.6,38.4,36.0,37.6,33.3,31.3,27.2,19.8,0.0,0.0,0.0,14.7,26.0,26.3,39.0,12.1,0.0,0.0,0.0,0.0,0.0,8.5,6.9,0.0,1.3,1.6,4.8,10.5,11.0
Revenue (YTD),0.0,0.0,12.4,22.1,19.1,8.1,17.8,26.8,37.4,14.1,29.3,42.4,68.0,25.9,52.0,84.6,122.8,36.0,77.5,118.7,41.4,89.1,138.7,193.2,113.8,155.0,227.1,271.1,81.4,133.6,194.8,257.1,76.4,149.1,205.9,292.9,62.9,126.3,192.4,267.9,79.8
accounts payable,0.0,0.0,6.9,7.6,6.2,4.5,5.2,6.8,9.0,11.0,8.0,8.3,11.9,12.4,12.0,13.7,13.3,13.3,16.8,14.6,25.3,30.7,42.3,65.2,59.6,53.2,62.8,134.6,134.9,85.3,106.0,96.8,87.4,99.8,75.6,78.7,81.8,75.5,75.7,80.1,60.9
accounts receivable,0.0,0.0,4.1,4.1,1.7,1.8,2.8,3.3,1.3,3.7,5.4,4.3,4.1,4.7,5.7,6.6,6.3,5.6,7.3,6.0,6.4,14.5,16.2,12.3,9.6,7.0,32.3,27.5,24.2,23.0,15.2,15.9,18.6,18.3,21.2,40.7,14.1,14.6,16.6,24.5,19.0
accrued expenses,0.0,0.0,0.0,0.0,0.0,0.0,0.0,0.0,0.0,0.0,0.0,0.0,0.0,0.0,0.0,0.0,0.0,0.0,0.0,0.0,0.0,0.0,0.0,0.0,0.0,0.0,0.0,0.0,0.0,0.0,0.0,0.0,0.0,0.0,0.0,0.0,0.0,0.0,0.0,0.0,0.0
accrued liabilities,0.0,0.0,0.0,0.0,0.0,0.0,0.0,0.0,0.0,0.0,0.0,0.0,0.0,0.0,0.0,0.0,0.0,0.0,0.0,0.0,9.2,9.9,12.8,13.5,16.5,14.1,12.1,12.5,19.7,15.5,8.2,6.4,1.8,6.0,5.2,17.1,4.1,14.8,14.4,24.0,21.4
accumulated depreciation,0.0,0.0,0.1,0.2,0.2,0.2,0.2,0.2,0.4,0.4,0.6,0.9,1.4,1.4,2.2,2.7,3.1,4.0,4.7,5.3,0.0,0.0,0.0,12.1,0.0,0.0,0.0,17.7,0.0,0.0,0.0,26.2,0.0,0.0,0.0,28.8,30.5,32.3,34.9,34.7,37.1
acquisitions,0.0,0.0,0.0,0.0,0.0,0.0,0.0,0.0,0.0,0.0,0.0,0.0,0.0,0.0,0.0,0.0,-1.5,-0.2,0.0,-0.2,0.0,0.0,0.0,4.4,0.0,35.7,35.7,34.6,0.0,0.0,0.0,0.0,0.0,0.0,16.7,29.6,0.0,0.0,0.0,0.0,0.0
additional paid-in capital,0.3,0.3,-0.0,2.3,3.2,3.2,3.2,5.0,7.5,7.5,8.7,9.0,9.2,9.7,13.7,14.3,17.8,18.5,19.1,25.5,22.6,22.6,22.6,26.8,26.9,28.8,48.4,54.5,55.4,57.3,58.4,57.2,57.6,58.0,59.1,58.9,60.0,60.6,61.4,61.3,61.8
adjustments to revenue,0.0,0.0,0.0,0.0,0.0,0.0,0.0,0.0,0.0,0.0,0.0,0.0,0.0,0.0,0.0,0.0,0.0,0.0,0.0,0.0,0.0,0.0,0.0,0.0,0.0,0.0,0.0,0.0,0.0,0.0,0.0,0.0,0.0,0.0,0.0,0.0,0.0,0.0,0.0,0.0,0.0
advertising,0.0,0.0,0.0,0.0,0.0,0.0,0.0,0.0,0.0,0.0,0.0,0.0,0.0,0.0,0.0,0.0,0.0,0.0,0.0,0.0,0.0,0.0,0.0,0.0,0.0,0.0,0.0,0.0,0.0,0.0,0.0,0.0,0.0,0.0,0.0,0.0,0.0,0.0,0.0,0.0,0.0
amortization,0.0,0.0,0.0,0.0,0.0,0.0,0.0,0.0,0.0,0.0,0.0,0.0,0.0,0.0,0.0,0.0,0.0,0.0,0.0,0.0,0.3,0.6,0.9,1.1,0.2,0.4,0.5,0.8,0.2,0.7,0.9,0.4,0.0,0.0,0.0,0.5,0.1,0.2,0.3,0.5,0.2
amortization of intangibles,0.0,0.0,0.0,0.0,0.0,0.0,0.0,0.0,0.0,0.0,0.0,0.0,0.0,0.0,0.0,0.0,0.0,0.0,0.0,0.0,0.0,0.0,0.0,0.0,0.0,0.0,0.0,0.3,0.1,0.2,0.2,0.0,0.0,0.0,0.0,0.2,0.0,0.0,0.0,0.0,0.0
asset turnover,0.0,0.0,0.0,0.0,2.0,2.4,1.5,1.3,1.3,1.6,1.4,1.3,1.3,1.5,1.5,1.5,1.4,1.4,1.1,1.0,0.0,0.0,0.0,0.0,0.8,0.8,0.8,0.7,0.6,0.6,0.5,0.6,0.6,0.6,0.6,0.6,0.7,0.6,0.6,0.6,0.6
auditor name,None,None,None,None,None,None,None,None,None,None,None,None,None,None,None,None,None,None,None,None,None,None,None,None,None,None,None,None,None,None,None,None,None,None,None,None,None,None,None,None,None
auditor report,None,None,None,None,None,None,None,None,None,None,None,None,None,None,None,None,None,None,None,None,None,None,None,None,None,None,None,None,None,None,None,None,None,None,None,None,None,None,None,None,None
basic earnings indicator,N,Y,Y,Y,Y,Y,Y,Y,Y,Y,Y,Y,Y,Y,Y,Y,Y,Y,Y,Y,Y,Y,Y,Y,Y,Y,Y,Y,Y,Y,Y,Y,Y,Y,Y,Y,Y,Y,Y,Y,Y
book value per share,0.00,0.00,0.13,0.40,0.48,0.58,0.70,0.90,1.19,1.39,1.63,1.85,2.13,2.53,3.04,3.48,3.77,4.24,4.60,5.03,5.60,6.14,4.79,6.72,8.35,8.74,9.58,8.29,8.61,7.69,8.11,8.22,8.65,9.09,9.33,8.90,9.37,9.54,10.11,10.20,10.80
building and improvements,0.0,0.0,0.0,1.6,2.5,0.0,0.0,0.0,4.9,0.0,0.0,0.0,19.4,0.0,19.7,20.0,21.9,22.1,29.2,31.6,0.0,0.0,0.0,50.7,0.0,0.0,0.0,111.5,0.0,0.0,0.0,121.6,0.0,0.0,0.0,71.8,71.7,70.1,70.9,62.8,63.0
capital lease obligations,0.0,0.0,0.0,0.0,0.0,0.0,0.0,0.0,0.0,0.0,0.0,0.0,0.0,0.0,0.0,0.0,0.0,0.0,0.0,0.0,0.0,0.0,0.0,0.0,0.0,0.0,10.0,0.0,0.6,0.6,0.6,0.5,0.5,0.5,0.6,0.4,0.3,0.3,0.3,0.3,0.3
cash as % of revenue,0.0,0.0,0.0,0.0,16.0,3.9,3.4,5.5,17.8,7.2,15.1,2.3,19.0,14.3,17.6,21.3,32.1,28.4,71.6,37.2,0.0,0.0,0.0,6.1,20.4,16.3,15.4,18.1,23.4,5.1,9.3,6.8,7.6,6.9,4.9,5.2,3.3,0.9,0.8,15.1,5.2
cash at beginning of period,0.0,0.0,1.1,1.1,1.1,3.0,3.0,3.0,3.0,6.6,6.6,6.6,6.6,13.0,13.0,13.0,13.0,39.5,39.5,39.5,11.2,11.2,11.2,11.1,11.8,11.8,11.8,11.8,48.9,48.9,48.2,48.2,17.5,17.5,17.5,17.5,15.4,15.4,15.4,15.4,40.4
cash end of period,0.0,0.0,0.6,0.4,3.0,0.8,0.8,1.5,6.6,3.1,7.4,1.3,13.0,11.6,16.2,23.5,39.5,37.8,106.3,58.4,11.2,11.7,8.2,11.8,54.1,42.2,43.5,48.9,55.9,12.7,22.2,17.5,19.1,18.7,14.1,15.4,9.8,2.6,2.3,40.4,14.9
cash flow,-0.0,0.0,0.0,0.0,2.2,0.0,0.0,0.0,6.5,8.0,9.4,10.6,12.6,15.0,17.8,21.3,21.7,23.1,22.2,19.0,0.0,0.0,0.0,23.0,43.9,47.2,78.9,28.2,7.1,-19.6,-25.8,3.4,3.7,30.8,21.1,6.3,8.0,6.1,18.5,30.1,32.7
cash flow per share,0.00,0.00,0.00,0.00,0.18,0.00,0.00,0.00,0.48,0.59,0.68,0.76,0.89,1.06,1.20,1.43,1.37,1.46,1.39,1.13,0.00,0.00,0.00,1.33,2.54,2.69,4.11,1.44,0.36,-1.00,-1.31,0.17,0.19,1.56,1.07,0.32,0.41,0.31,0.93,1.52,1.65
cash from discontinued financing activities,0.0,0.0,0.0,0.0,0.0,0.0,0.0,0.0,0.0,0.0,0.0,0.0,0.0,0.0,0.0,0.0,0.0,0.0,0.0,0.0,0.0,0.0,0.0,0.0,0.0,0.0,0.0,0.0,0.0,0.0,0.0,0.0,0.0,0.0,-8.1,-5.3,0.0,0.0,0.0,0.0,0.0
cash from discontinued investing activities,0.0,0.0,0.1,0.0,0.0,0.0,0.0,0.0,0.0,0.0,0.0,0.0,0.0,0.0,0.0,0.0,0.0,0.0,0.0,0.0,0.0,0.0,0.0,-1.4,0.0,0.0,0.0,0.0,0.0,0.0,0.0,0.0,0.0,0.0,-18.3,-41.7,0.0,0.0,0.0,0.0,0.0
cash per share,0.00,0.00,0.06,0.04,0.26,0.07,0.07,0.12,0.49,0.23,0.53,0.09,0.92,0.82,1.09,1.57,2.49,2.38,6.65,3.47,0.65,0.68,0.47,0.68,3.14,2.40,2.27,2.50,2.85,0.65,1.13,0.89,0.97,0.95,0.72,0.78,0.50,0.13,0.11,2.04,0.75
common par,0.0,0.0,0.0,0.0,0.0,0.0,0.0,0.0,0.0,0.0,0.0,0.0,0.0,0.0,0.0,0.0,0.0,0.0,0.0,0.0,0.0,0.0,0.0,0.0,0.0,0.0,0.0,0.0,0.0,0.0,0.0,1.8,0.0,0.0,0.0,0.0,0.0,0.0,0.0,0.0,0.0
common stock equity,0.0,-0.0,1.3,4.5,5.6,6.8,8.3,11.5,16.2,18.8,22.8,26.0,30.1,35.9,45.0,52.0,59.7,67.3,73.5,84.7,96.7,105.9,82.6,115.9,144.1,153.4,183.8,162.5,168.9,151.1,159.6,161.7,170.1,178.8,183.9,175.5,184.7,188.8,200.0,201.8,213.6
construction in progress,0.0,0.0,0.0,0.6,2.0,3.0,3.2,7.0,14.7,16.8,15.3,16.2,3.4,0.2,2.2,6.1,9.4,12.7,12.1,30.5,36.9,43.8,37.0,28.8,39.2,45.5,62.3,23.2,29.0,33.1,44.8,43.2,43.5,47.4,44.6,14.9,15.5,15.4,17.1,18.0,21.0
cost in excess,0.0,0.0,0.0,0.0,0.0,0.0,0.0,0.0,0.0,0.0,0.0,0.0,0.0,0.0,0.0,0.0,1.5,1.6,1.6,1.6,2.2,2.3,2.2,2.3,2.3,2.3,2.3,1.8,1.8,1.8,1.8,0.4,0.5,0.5,0.0,0.0,0.0,0.0,0.0,0.0,0.0
cost of sales,0.0,0.0,3.8,3.6,0.0,4.0,4.5,4.7,4.6,7.2,7.7,7.5,15.5,12.1,12.5,14.8,29.3,18.0,22.7,21.7,25.1,31.0,32.2,22.9,39.7,15.2,33.0,44.0,40.1,30.3,30.4,39.8,44.7,36.6,51.5,53.7,26.9,26.0,27.5,39.8,32.0
cost of sales with depreciation,0.0,0.0,3.9,3.6,0.0,4.1,4.5,4.8,4.6,7.3,7.6,7.5,16.3,12.4,12.9,15.3,29.7,18.5,23.2,22.2,26.3,32.4,34.0,24.5,41.2,17.1,35.1,47.0,43.0,33.7,33.8,43.3,48.6,41.2,47.9,56.1,29.0,28.1,29.8,42.3,34.4
cumulative translation adjustments,0.0,0.0,0.0,0.0,0.0,0.0,0.0,0.0,0.0,0.0,0.0,0.0,0.6,0.0,0.0,0.0,0.0,0.0,0.0,0.0,0.0,0.0,0.0,0.0,0.0,0.0,0.0,0.0,0.0,0.0,0.0,0.0,0.0,0.0,0.0,0.0,0.0,0.0,0.0,0.0,0.0
current assets per share,0.00,0.00,0.84,0.80,1.08,0.88,0.97,1.10,1.04,0.91,1.45,1.47,2.22,2.10,2.41,3.19,4.00,4.32,8.57,6.42,6.06,6.86,6.35,8.81,10.68,9.09,9.47,9.06,8.95,7.29,8.22,6.97,7.02,7.33,15.24,10.17,9.88,9.18,10.16,11.86,11.20
current defered income taxes,0.0,0.0,0.0,0.0,0.0,0.0,0.0,0.0,0.0,0.0,0.0,0.0,0.0,0.0,0.0,0.0,0.0,0.0,0.0,0.0,0.0,0.0,0.0,0.0,0.0,0.0,0.0,0.0,0.0,0.0,0.0,0.0,0.0,0.0,0.0,0.0,0.0,0.0,0.0,3.4,3.4
current deferred income taxes,0.0,0.0,0.0,0.0,0.0,0.0,0.0,0.0,0.0,0.0,0.0,0.0,0.0,0.0,0.0,0.0,0.0,0.0,0.0,0.0,0.0,0.0,0.0,0.0,0.0,0.0,0.0,0.0,0.0,0.0,0.0,0.0,0.0,0.0,0.0,0.0,0.0,0.0,0.0,0.0,0.0
current liabilities per share,0.00,0.01,1.08,0.83,1.13,0.90,0.96,1.25,1.54,1.34,1.79,1.53,2.35,1.89,1.56,2.49,2.18,2.21,2.08,1.31,3.13,4.02,5.13,12.83,13.10,9.99,7.29,8.40,8.50,8.26,9.49,9.99,12.90,13.06,13.98,10.57,8.93,8.13,8.59,10.04,8.84
current ratio,1.3,0.4,0.8,1.0,1.0,1.0,1.0,0.9,0.7,0.7,0.8,1.0,0.9,1.1,1.5,1.3,1.8,2.0,4.1,4.9,1.9,1.7,1.2,0.7,0.8,0.9,1.3,1.1,1.1,0.9,0.9,0.7,0.5,0.6,1.1,1.0,1.1,1.1,1.2,1.2,1.3
decrease (increase) in other current liabilities,-0.0,0.0,-2.5,-2.5,2.2,-1.4,-3.4,-0.5,5.0,-5.7,-1.6,-5.5,2.4,-6.9,-8.5,-8.4,-11.0,2.3,0.4,2.7,3.9,6.0,11.5,9.6,-0.4,-0.9,2.8,1.3,3.3,-0.4,-0.0,-3.5,0.1,-0.2,-1.3,8.1,-3.6,2.4,-2.6,8.4,-10.1
decrease (increase) in other working capital,0.0,0.0,0.0,0.0,0.0,0.0,0.0,0.0,0.0,0.0,0.0,0.0,0.0,0.0,0.0,0.0,0.0,0.0,0.0,0.0,-1.6,3.2,3.8,0.0,0.0,-2.6,-6.5,2.5,0.1,-1.6,4.7,-7.7,-3.9,-0.6,-3.5,9.7,-12.1,-14.9,-9.0,-0.3,-7.8
decrease (increase) in payables,0.0,0.0,3.7,3.9,3.5,-1.6,1.2,3.3,2.5,2.0,-1.1,-0.7,3.1,0.5,0.3,2.1,1.6,0.1,3.5,1.4,6.3,10.5,19.1,34.0,4.6,-3.8,5.6,16.0,6.3,8.8,17.6,5.7,-3.8,3.0,3.9,7.2,5.6,14.2,13.7,18.6,2.7
deferred income taxes,0.0,0.0,0.0,0.0,0.0,0.0,0.0,0.0,0.0,0.0,0.0,0.0,0.0,0.0,0.0,0.0,0.0,0.0,0.0,0.0,0.0,0.0,0.0,0.0,0.0,0.0,0.0,0.0,0.0,0.0,0.0,0.0,0.0,0.0,0.0,0.0,0.0,0.0,0.0,0.0,2.0
deferred revenues,0.0,0.0,0.0,0.3,4.9,0.0,0.8,3.3,9.7,4.0,2.3,3.1,12.1,5.5,3.8,3.9,2.1,4.6,2.7,4.9,0.0,0.0,0.0,0.0,0.0,0.0,0.0,0.0,0.0,0.0,0.0,0.0,0.0,0.0,0.0,18.3,0.0,0.0,0.0,15.1,16.2
depreciation,0.0,0.0,0.1,0.1,0.1,0.1,0.1,0.2,0.3,0.1,0.2,0.6,1.0,0.3,0.8,1.4,1.8,0.6,1.2,1.8,0.9,2.0,3.4,4.8,1.4,3.0,5.1,7.5,2.6,5.4,8.7,13.0,3.9,8.5,4.9,6.7,2.0,3.9,6.1,8.4,2.2
depreciation (unrecognized),0.0,0.0,0.0,0.0,0.0,0.0,0.0,0.0,0.0,0.0,0.2,0.4,-0.4,0.1,0.1,0.1,0.0,0.1,0.1,0.1,0.0,0.0,0.0,0.0,0.0,0.0,0.0,0.0,0.0,0.0,0.0,0.0,0.0,0.0,0.0,0.0,0.0,0.0,0.0,0.0,0.0
domestic sales,0.0,0.0,0.0,0.0,0.0,0.0,0.0,0.0,0.0,0.0,0.0,0.0,0.0,0.0,0.0,0.0,0.0,0.0,0.0,0.0,0.0,0.0,0.0,0.0,0.0,0.0,0.0,0.0,0.0,0.0,0.0,0.0,0.0,0.0,0.0,0.0,0.0,0.0,0.0,0.0,0.0
earnings from equity interest,0.0,0.0,0.0,0.0,0.0,0.0,0.0,0.0,0.0,0.0,0.0,0.0,0.0,0.0,0.0,0.0,0.0,0.0,0.0,0.0,0.0,0.0,0.0,0.0,0.0,0.0,0.0,0.0,0.0,0.0,0.0,0.0,0.0,0.0,0.0,0.0,0.0,0.0,0.0,0.0,0.0
earnings period indicator,F,Q,S,N,F,Q,S,N,F,Q,S,N,F,Q,S,N,F,Q,S,N,Q,S,N,F,Q,S,N,F,Q,S,N,F,Q,S,N,F,Q,S,N,F,Q
effect exchange rate changes,0.0,0.0,0.0,0.0,0.0,0.0,0.0,0.0,0.0,0.0,0.0,0.0,0.6,0.5,0.5,1.2,1.1,0.9,2.4,5.4,2.6,4.0,4.5,5.5,1.3,0.5,0.4,0.6,0.0,0.8,0.8,1.1,0.2,0.4,0.6,1.0,0.1,-0.1,-0.1,0.5,0.1
effective tax rate,0.0,0.0,0.0,0.0,14.3,0.0,0.0,0.0,0.0,0.0,0.0,0.0,0.0,0.0,0.0,0.0,0.0,0.0,0.0,0.0,0.0,0.0,0.0,25.2,15.3,16.0,8.4,0.0,0.0,0.0,0.0,0.0,0.0,8.4,22.2,0.0,0.0,0.0,39.2,16.1,19.6
excise taxes,0.0,0.0,0.0,0.0,0.0,0.0,0.0,0.0,0.0,0.0,0.0,0.0,0.0,0.0,0.0,0.0,0.0,0.0,0.0,0.0,0.0,0.0,0.0,0.0,0.0,0.0,0.0,0.0,0.0,0.0,0.0,0.0,0.0,0.0,0.0,0.0,0.0,0.0,0.0,0.0,0.0
extraordinary gains,0.0,0.0,0.0,0.0,0.0,0.0,0.0,0.0,0.0,0.0,0.0,0.0,0.0,0.0,0.0,0.0,0.0,0.0,0.0,0.0,0.0,0.0,0.0,0.0,0.0,0.0,0.0,0.0,0.0,0.0,0.0,0.0,0.0,0.0,0.0,0.0,0.0,0.0,0.0,0.0,0.0
extraordinary income/losses,0.0,0.0,0.0,0.0,0.0,0.0,0.0,0.0,0.0,0.0,0.0,0.0,0.0,0.0,0.0,0.0,0.0,0.0,0.0,0.0,0.0,0.0,0.0,0.0,0.0,0.0,0.0,0.0,0.0,0.0,0.0,0.0,0.0,0.0,0.0,0.0,0.0,0.0,0.0,0.0,0.0
foreign sales,0.0,0.0,0.0,0.0,0.0,0.0,0.0,0.0,0.0,0.0,0.0,0.0,0.0,0.0,0.0,0.0,0.0,0.0,0.0,0.0,0.0,0.0,0.0,0.0,0.0,0.0,0.0,0.0,0.0,0.0,0.0,0.0,0.0,0.0,0.0,0.0,0.0,0.0,0.0,0.0,0.0
free cash flow,-0.0,-0.0,-0.8,-1.7,0.0,-2.5,-2.5,-4.0,11.1,-5.0,-9.8,-17.2,-7.4,-1.2,0.1,0.3,-2.9,-0.0,-0.6,-30.8,-8.9,-12.1,-21.5,-14.0,34.2,34.2,5.1,-30.4,17.7,-5.3,-3.0,-40.0,-1.8,16.3,49.2,102.1,18.8,27.8,19.4,45.2,-1.8
free cash flow per share,0.00,0.00,-0.08,-0.15,0.00,-0.21,-0.21,-0.31,0.82,-0.37,-0.70,-1.22,-0.52,-0.09,0.01,0.02,-0.19,0.00,-0.04,-1.83,-0.52,-0.70,-1.25,-0.81,1.98,1.95,0.26,-1.55,0.90,-0.27,-0.15,-2.03,-0.09,0.83,2.50,5.18,0.95,1.41,0.98,2.28,-0.09
gross fixed assets,0.0,0.0,3.8,4.8,6.3,7.2,7.5,13.9,24.1,26.1,32.0,34.4,39.4,39.5,40.6,45.2,49.5,53.2,61.7,87.9,89.7,99.6,112.5,129.3,154.7,137.1,159.1,195.4,183.4,188.8,201.8,294.1,214.8,216.7,139.2,172.5,173.3,171.9,175.7,167.7,171.4
gross margin,0.0,0.0,2.5,3.1,0.0,4.1,5.2,4.3,6.0,6.9,7.5,6.7,10.1,13.8,13.6,17.8,8.9,18.0,18.8,19.5,16.3,16.6,17.4,31.6,74.2,26.0,39.1,-0.0,41.3,21.9,30.8,22.6,31.8,36.0,23.9,33.3,36.1,37.3,38.6,35.7,47.7
gross profit margin,0.0,0.0,0.0,0.0,57.2,0.0,0.0,0.0,52.4,51.6,50.5,50.1,44.3,47.2,48.2,50.2,44.1,43.9,42.9,41.6,0.0,0.0,0.0,42.4,52.6,57.6,60.7,51.4,44.6,41.0,39.4,45.3,42.5,44.4,39.8,40.9,43.4,45.2,52.0,55.1,56.0
income before income taxes,0.0,0.0,0.0,0.7,0.0,0.9,1.4,1.2,2.4,2.6,2.8,2.2,4.0,4.8,5.3,5.5,4.4,5.9,4.1,2.3,9.1,6.0,-21.7,20.8,31.6,5.7,9.5,-31.3,7.1,-21.4,3.4,0.7,6.1,6.5,5.5,-3.1,10.1,8.9,6.6,-0.4,14.1
income from cum. effect of acct. change,0.0,0.0,0.0,0.0,0.0,0.0,0.0,0.0,0.0,0.0,0.0,0.0,0.0,0.0,0.0,0.0,0.0,0.0,0.0,0.0,0.0,0.0,0.0,0.0,0.0,0.0,0.0,0.0,0.0,0.0,0.0,0.0,0.0,0.0,0.0,0.0,0.0,0.0,0.0,0.0,0.0
income from tax loss carryforward,0.0,0.0,0.0,0.0,0.0,0.0,0.0,0.0,0.0,0.0,0.0,0.0,0.0,0.0,0.0,0.0,0.0,0.0,0.0,0.0,0.0,0.0,0.0,0.0,0.0,0.0,0.0,0.0,0.0,0.0,0.0,0.0,0.0,0.0,0.0,0.0,0.0,0.0,0.0,0.0,0.0
income per employee,-18920,None,None,None,4715,None,None,None,14487,None,None,None,26921,None,None,None,1991,None,None,None,None,None,None,5979,None,None,None,5741,None,None,None,-3074,None,None,None,-506,None,None,None,10966,None
income taxes,0.0,0.0,0.0,0.0,0.0,-0.3,0.0,0.0,0.0,0.0,0.0,0.0,0.0,0.0,0.0,0.0,0.0,0.0,0.0,0.0,1.8,1.2,-1.5,2.1,3.8,1.3,-1.7,-4.2,1.6,-0.6,-0.2,-1.0,1.3,1.3,2.5,4.8,1.9,3.1,-0.9,0.1,3.5
"income, acquired in process r&a;",0.0,0.0,0.0,0.0,0.0,0.0,0.0,0.0,0.0,0.0,0.0,0.0,0.0,0.0,0.0,0.0,0.0,0.0,0.0,0.0,0.0,0.0,0.0,0.0,0.0,0.0,0.0,0.0,0.0,0.0,0.0,0.0,0.0,0.0,0.0,0.0,0.0,0.0,0.0,0.0,0.0
intangibles,0.0,0.0,0.0,0.1,0.0,0.0,0.0,0.0,0.0,0.0,0.0,0.0,0.0,0.0,0.0,0.0,0.0,0.0,0.0,3.5,0.0,0.0,0.0,0.0,0.0,0.0,0.0,0.8,0.7,0.7,0.6,0.6,0.5,0.5,0.0,0.0,0.0,0.0,0.0,0.0,0.0
intangibles as % of book-value,0.0,0.0,0.0,3.2,0.1,0.1,0.1,0.1,0.0,0.0,0.0,0.0,0.0,0.0,0.0,0.0,2.4,2.4,2.2,6.1,2.3,2.1,2.7,2.0,1.6,1.5,1.2,1.6,1.5,1.6,1.5,0.6,0.6,0.6,0.0,0.0,0.0,0.0,0.0,0.0,0.0
interest as % of invested capital,0.0,0.0,0.0,0.0,0.4,0.0,0.0,0.0,0.3,0.2,0.3,0.8,1.5,1.8,1.7,1.7,1.6,2.0,2.1,4.1,0.0,0.0,0.0,15.1,9.6,6.9,4.0,3.2,2.7,2.4,1.6,1.3,1.6,1.9,2.3,2.0,2.0,1.8,1.5,1.5,1.3
interest coverage (cont. operations),0.0,0.0,0.0,0.0,96.7,0.0,0.0,0.0,122.5,195.1,125.7,41.8,23.2,19.5,19.4,22.8,17.6,13.6,6.6,3.2,0.0,0.0,0.0,1.7,3.4,4.1,9.0,3.5,0.0,0.0,0.0,0.0,0.0,5.3,5.2,4.5,5.0,5.8,6.6,7.5,9.2
interest expense,0.0,0.0,0.0,0.0,0.0,0.0,0.0,0.0,0.0,0.0,0.0,0.2,0.3,0.2,0.2,0.2,0.6,0.7,2.0,4.4,5.3,5.1,5.2,3.3,1.6,1.8,1.7,1.0,0.8,0.7,0.4,0.5,1.4,1.5,1.1,1.1,1.1,1.1,0.6,1.0,0.8
interest income,0.0,0.0,0.0,0.0,0.0,0.0,0.0,0.0,0.0,0.0,0.0,0.0,0.0,0.0,0.0,0.0,0.0,0.0,0.0,0.0,0.0,0.2,0.1,0.2,0.1,0.1,0.1,0.0,0.1,0.1,0.1,0.0,0.0,0.0,0.0,0.0,0.0,0.0,0.0,0.0,0.0
inventories,0.0,0.0,2.4,3.7,5.1,4.9,5.1,7.3,5.0,4.2,5.5,10.2,9.6,9.7,10.8,15.2,13.9,15.2,15.7,23.3,31.1,32.3,42.9,52.3,46.9,65.1,66.0,59.0,59.2,58.3,73.6,71.7,62.4,63.3,49.3,33.3,33.8,39.6,44.8,30.8,29.1
"inventories, finished goods",0.0,0.0,0.0,1.2,1.8,1.2,1.5,1.2,1.0,0.2,1.0,2.0,6.4,2.0,3.6,5.9,9.2,4.1,3.3,9.8,14.4,15.6,24.8,21.5,6.2,20.9,13.8,1.7,8.0,6.2,13.1,6.3,7.0,7.2,8.7,9.2,9.0,9.4,12.1,8.4,10.2
"inventories, other",0.0,0.0,2.4,0.0,0.4,1.5,1.4,0.0,0.0,0.0,0.0,0.0,0.0,0.0,0.0,0.0,0.0,0.0,0.0,0.0,0.0,0.0,0.0,0.0,0.0,0.0,0.0,0.0,0.0,0.0,0.0,0.0,0.0,0.0,0.0,0.0,0.0,0.0,0.0,0.0,0.0
"inventories, purchased components",0.0,0.0,0.0,0.0,0.0,0.0,0.0,0.0,0.0,0.0,0.0,0.0,0.0,0.0,0.0,0.0,0.0,0.0,0.0,0.0,0.0,0.0,0.0,0.0,0.0,0.0,0.0,0.0,0.0,0.0,0.0,0.0,0.0,0.0,0.0,0.0,0.0,0.0,0.0,0.0,0.0
"inventories, raw materials",0.0,0.0,0.0,2.5,1.4,2.1,2.2,2.7,4.1,3.9,4.5,8.2,3.2,7.7,7.2,9.2,4.4,11.1,5.1,9.1,8.5,9.0,6.3,16.2,15.3,15.0,15.4,23.4,28.7,20.4,24.4,28.0,19.8,18.0,8.3,15.5,9.9,10.1,10.1,13.7,13.5
"inventories, work in progress",0.0,0.0,0.0,0.0,1.5,0.0,0.0,3.4,0.0,0.0,0.0,0.0,0.0,0.0,0.0,0.0,0.3,0.0,7.3,4.4,8.2,7.7,11.8,14.7,25.4,29.1,36.7,34.5,22.9,31.7,36.3,37.4,35.5,38.0,32.3,8.7,15.0,20.0,22.5,8.7,5.4
inventory as % of revenue,0.0,0.0,0.0,0.0,26.6,23.1,21.1,27.1,13.5,9.6,11.3,18.8,14.1,12.0,11.8,13.8,11.3,11.5,10.6,14.8,0.0,0.0,0.0,27.1,17.7,25.1,23.4,21.8,24.8,23.3,30.8,27.9,24.8,23.2,17.2,11.4,11.4,13.7,16.0,11.5,10.2
inventory turnover,0.0,0.0,0.0,0.0,3.2,0.0,0.0,0.0,3.5,4.6,4.5,3.1,5.2,6.2,5.8,4.3,5.8,6.0,6.4,4.8,0.0,0.0,0.0,0.0,3.2,2.3,2.0,2.4,2.5,2.4,2.1,2.1,2.4,2.5,2.8,3.3,3.5,3.1,2.9,3.7,4.0
invested capital,0.0,-0.0,1.3,4.5,5.6,6.8,8.3,11.7,16.8,19.4,26.2,31.8,35.6,41.4,50.5,52.5,76.7,84.3,171.8,186.6,158.6,173.6,156.5,125.0,157.1,173.0,213.4,194.9,202.1,180.2,189.2,190.3,197.9,201.3,193.3,214.7,240.7,251.2,262.5,261.3,273.2
issuance of capital stock,0.0,0.0,0.0,0.0,1.5,0.0,0.0,0.0,4.7,0.0,0.6,0.6,0.8,0.0,0.3,0.6,3.9,0.0,0.2,0.8,0.0,0.0,0.0,0.0,0.0,0.7,64.6,64.7,0.0,0.1,0.1,0.1,0.0,0.0,0.0,0.0,0.0,0.0,0.0,0.0,0.0
issuance of debt,0.0,0.0,0.2,0.6,0.5,0.3,0.3,0.3,1.9,0.9,9.5,12.1,13.5,0.1,4.3,14.2,32.7,0.1,80.1,80.1,0.9,8.6,8.6,20.6,9.7,27.7,49.6,89.2,2.8,7.0,28.7,74.8,1.4,23.6,28.3,86.6,16.5,25.9,42.4,88.3,6.4
land and improvements,0.0,0.0,0.0,0.0,1.5,0.0,0.0,0.0,0.0,0.0,0.0,0.0,0.0,0.0,0.0,0.0,0.0,0.0,0.0,0.0,0.0,0.0,0.0,0.0,0.0,0.0,0.0,0.0,0.0,0.0,0.0,0.0,0.0,0.0,0.0,0.0,0.0,0.0,0.0,0.0,0.0
leverage ratio,4.2,-0.7,9.5,3.1,3.4,2.6,2.4,2.4,2.3,2.0,2.3,2.1,2.3,1.9,1.6,1.7,1.9,1.8,2.8,2.5,2.7,2.7,3.6,3.1,2.8,2.4,2.3,2.7,2.7,2.8,2.9,2.9,2.7,2.7,2.7,2.5,2.4,2.3,2.2,2.4,2.2
loans receivable,0.0,0.0,0.0,0.0,0.2,0.0,0.1,0.1,0.2,0.3,0.0,0.0,0.0,0.0,0.0,0.0,0.2,1.0,0.5,2.2,4.3,9.7,4.2,1.5,0.0,0.0,0.0,0.4,0.2,0.2,2.3,0.1,0.0,0.3,0.0,0.0,0.0,0.0,0.0,0.0,60.9
long-term debt,0.0,0.0,0.0,0.0,0.0,0.0,0.0,0.2,0.6,0.6,3.3,5.8,5.5,5.5,5.5,0.5,16.9,17.1,98.3,102.0,61.9,67.7,73.9,9.1,13.0,19.6,19.6,32.4,32.6,28.5,29.0,28.1,27.2,22.0,8.8,38.7,55.8,62.2,62.2,59.2,59.2
long-term debt per share,0.00,0.00,0.00,0.00,0.00,0.00,0.00,0.02,0.04,0.04,0.24,0.41,0.39,0.39,0.37,0.03,1.07,1.08,6.16,6.06,3.59,3.92,4.28,0.53,0.75,1.12,1.54,1.65,1.69,1.48,1.51,1.46,1.41,1.14,0.48,1.99,2.84,3.16,3.16,3.01,3.01
marketable securities,0.0,0.0,0.0,0.0,0.0,0.0,0.0,0.0,0.0,0.0,0.0,0.0,0.0,0.0,0.0,0.0,0.0,0.0,0.0,10.0,0.0,0.0,0.0,0.0,0.0,0.0,0.0,0.0,1.5,2.9,0.1,0.1,0.1,0.1,0.1,0.1,0.1,0.1,0.1,0.1,0.1
minority interest,0.0,0.0,0.0,0.0,0.0,0.0,0.0,-0.0,0.0,0.0,0.0,0.0,-0.0,-0.0,-0.0,-0.0,0.0,0.0,0.0,0.0,0.0,-0.0,0.0,-0.0,-0.0,-0.0,-0.0,-0.1,-0.1,-0.1,0.1,-0.2,0.0,0.0,0.5,-0.5,0.0,0.0,0.0,0.0,0.0
minority interest liability,0.0,0.0,0.0,0.0,0.0,0.0,0.0,0.2,0.2,0.5,0.5,0.8,0.5,0.5,0.4,0.4,0.0,0.0,0.5,0.5,0.6,0.5,0.6,0.5,0.5,0.4,0.4,0.3,0.5,0.4,0.4,0.1,0.1,0.1,0.7,0.0,0.0,0.0,0.0,0.0,0.0
net cash from continuing operations,-0.0,-0.0,2.3,2.1,6.1,-1.9,-0.6,3.9,16.4,-2.9,-1.9,-8.3,7.9,-0.8,2.4,6.1,8.8,3.6,11.2,10.0,-2.0,5.8,16.4,28.8,48.0,23.7,18.5,18.9,25.7,14.6,21.7,5.5,3.7,19.5,21.6,48.2,19.9,31.1,26.0,62.7,6.1
net cash from discontinued operations,0.0,0.0,0.0,0.0,0.0,0.0,0.0,0.0,0.0,0.0,0.0,0.0,0.0,0.0,0.0,0.0,0.0,0.0,0.0,0.0,0.0,0.0,0.0,-2.0,-0.0,-2.1,-2.1,0.4,0.0,0.0,0.0,0.0,0.0,0.0,16.7,39.0,0.0,0.0,0.0,0.0,0.0
net fixed assets,0.0,0.0,3.7,4.7,6.1,7.0,7.3,13.7,23.7,25.7,31.4,33.4,38.1,38.2,38.4,42.5,46.4,49.2,57.0,82.6,89.7,99.6,112.5,117.1,154.7,137.1,159.1,177.7,183.4,188.8,201.8,267.9,214.8,216.7,139.2,143.6,142.8,139.6,140.8,133.0,134.3
net income (continuing operations),0.0,-0.0,0.2,0.7,0.2,1.2,1.4,1.2,2.4,2.6,2.8,2.2,4.0,4.8,5.3,5.5,4.4,5.9,4.1,2.3,7.3,4.8,-20.2,18.6,27.8,4.3,11.1,-27.0,5.5,-20.7,3.6,1.7,4.7,5.2,3.0,-7.9,8.3,5.8,7.5,-0.4,10.6
net income (discontinued operations),0.0,0.0,0.0,0.0,0.0,0.0,0.0,0.0,0.0,0.0,0.0,0.0,0.0,0.0,0.0,0.0,0.0,0.0,0.0,0.0,0.0,0.0,0.0,6.5,0.0,3.3,0.0,0.0,0.0,0.0,0.0,0.0,0.0,0.0,-2.0,-4.1,0.0,0.0,0.0,0.0,0.0
net income available for common,0.0,-0.0,0.2,0.7,0.2,1.2,1.4,1.2,2.4,2.6,2.8,2.2,4.0,4.8,5.3,5.5,4.4,5.9,4.1,2.3,7.3,4.8,-20.2,18.6,27.8,4.3,11.1,-27.0,5.5,-20.7,3.6,1.7,4.7,5.2,3.0,-7.9,8.3,5.8,7.5,-0.4,10.6
net income/loss,-0.0,-0.0,0.9,1.8,2.0,1.2,2.6,3.9,6.3,2.6,5.5,7.6,11.6,4.8,10.0,15.6,19.9,5.9,10.1,12.4,7.3,12.1,-8.1,10.6,27.8,32.1,46.5,19.5,5.5,-15.2,-11.6,-9.9,4.7,9.9,12.6,-1.1,8.3,14.1,21.6,21.2,10.6
net profit margin,0.0,0.0,0.0,0.0,10.7,11.1,14.8,15.4,16.7,17.8,18.6,18.5,17.1,17.0,17.6,17.7,16.2,15.9,13.5,10.7,0.0,0.0,0.0,8.8,14.1,15.6,25.5,7.2,-1.1,-12.4,-16.2,-3.8,-4.2,5.6,4.4,-0.4,0.8,1.1,3.4,7.9,8.2
non-current deferred income taxes,0.0,0.0,0.0,0.0,0.0,0.0,0.0,0.0,0.0,0.0,0.0,0.0,0.0,0.0,0.0,0.0,0.0,0.0,0.0,0.0,0.1,0.1,0.1,0.7,0.7,0.7,0.7,3.6,3.6,3.6,3.6,5.5,5.5,5.5,5.5,9.8,9.8,9.8,2.9,2.6,0.7
normalized income,0.0,-0.0,0.2,0.7,0.2,1.2,1.4,1.2,2.4,2.6,2.8,2.2,4.0,4.8,5.3,5.5,4.4,5.9,4.1,2.3,7.3,4.8,-20.2,18.6,27.8,4.3,11.1,-27.0,5.5,-20.7,3.6,3.1,4.7,5.2,4.0,-11.2,8.3,5.8,7.5,-0.4,10.6
normalized income per employee,-18920,None,None,None,4715,None,None,None,14485,None,None,None,26921,None,None,None,1991,None,None,None,None,None,None,3709,None,None,None,4776,None,None,None,-2628,None,None,None,1112,None,None,None,10980,None
normalized net profit margin,0.0,0.0,0.0,0.0,10.7,0.0,0.0,0.0,16.7,17.7,18.6,18.5,17.1,17.0,17.6,17.7,16.2,15.9,13.5,10.7,0.0,0.0,0.0,5.5,11.7,11.8,22.0,6.0,-2.5,-12.4,-16.2,-3.3,-3.6,6.1,5.9,0.8,2.1,2.4,3.7,7.9,8.3
notes payable,0.0,0.0,0.0,0.0,0.5,2.0,0.0,0.0,0.0,0.0,0.0,0.0,0.0,0.0,0.0,0.0,0.0,0.0,8.0,1.6,8.9,16.8,16.5,0.0,13.9,16.9,39.6,0.0,0.0,45.5,2.1,0.4,0.0,1.5,1.6,0.0,0.0,0.0,3.2,8.0,0.0
number of days cost of goods in inventory,None,None,None,None,112,None,None,None,102,77,79,116,70,58,62,83,62,60,56,75,None,None,None,None,112,159,177,152,144,151,174,167,151,145,128,109,103,117,126,96,90
number of employees,None,None,None,None,None,None,None,None,None,None,None,None,None,None,None,None,None,None,None,None,None,None,None,None,None,None,None,None,None,None,None,None,None,None,None,None,None,None,None,None,None
number of months last report period,None,3,3,3,3,3,3,3,3,3,3,3,3,3,3,3,3,3,3,3,6,3,3,3,3,3,3,3,3,3,3,3,3,3,3,3,3,3,3,3,3
number of part-time employees,None,None,None,None,None,None,None,None,None,None,None,None,None,None,None,None,None,None,None,None,None,None,None,None,None,None,None,None,None,None,None,None,None,None,None,None,None,None,None,None,None
operating gains,0.0,0.0,0.0,0.0,0.6,0.0,0.0,-0.0,0.2,0.0,0.6,0.0,-0.0,0.0,0.0,-0.0,0.2,0.2,1.5,5.0,-9.0,-15.7,-7.0,-21.9,4.7,0.8,1.2,1.3,2.8,8.6,9.0,10.3,1.6,2.5,0.1,0.5,0.2,0.7,-0.0,-4.5,-0.0
operating income,0.0,-0.0,-0.3,0.7,0.0,0.9,1.5,1.2,0.9,2.6,2.8,2.4,2.1,4.9,4.3,5.2,3.3,6.5,5.2,8.0,5.1,1.8,-6.1,5.4,32.0,1.1,3.9,-31.9,1.9,-24.0,2.0,-11.3,6.0,5.5,3.2,-3.8,9.7,5.2,5.4,-1.8,9.7
other current assets,0.0,0.0,1.0,0.0,1.2,1.9,0.8,0.8,0.3,0.5,1.0,1.1,1.2,1.7,1.6,1.1,2.7,3.1,2.7,5.6,45.9,46.9,35.7,12.9,38.3,0.0,0.0,0.0,0.0,0.0,1.8,14.4,3.1,2.3,180.4,2.4,2.4,2.4,2.4,2.4,2.4
other current liabilities,0.0,0.0,3.7,0.9,1.7,3.3,4.6,5.4,1.8,1.8,7.6,3.0,1.9,1.5,1.7,1.6,0.9,0.7,0.7,0.7,9.1,10.4,15.4,47.1,42.3,10.5,5.8,10.4,4.7,8.4,23.0,14.2,83.9,62.7,123.2,33.4,30.9,17.7,11.6,2.1,8.5
other equity adjustments,0.0,0.0,0.0,0.0,0.0,0.0,0.0,0.0,0.0,0.0,0.0,0.7,0.0,1.1,1.1,1.8,1.7,2.7,4.1,7.1,22.8,27.3,24.1,35.0,28.4,28.2,27.9,27.4,27.4,28.3,32.1,32.8,36.9,40.1,43.6,44.5,44.4,42.1,45.0,60.7,61.6
"other financing charges, net",0.0,0.0,-0.1,0.4,-0.1,0.0,-0.0,2.0,-0.8,0.0,0.0,0.0,-0.2,0.0,0.0,0.0,0.0,0.0,0.0,0.0,0.0,0.0,0.0,0.0,0.0,0.0,0.0,0.0,0.2,0.2,0.2,-0.5,0.0,-16.1,-40.8,-43.7,-21.1,0.0,0.0,-32.0,0.0
other fixed assets,0.0,0.0,0.0,0.1,0.0,4.2,4.3,6.9,0.0,9.2,16.7,18.2,0.0,39.3,0.0,0.0,0.0,0.0,0.0,0.0,52.9,55.9,75.6,0.0,115.5,91.6,96.8,0.0,154.4,155.7,157.0,54.4,171.3,169.3,94.6,0.0,0.0,0.0,0.0,0.0,0.0
other gains/losses,0.0,0.0,0.0,0.0,0.0,0.0,0.0,0.0,0.0,0.0,0.0,0.0,0.0,0.0,0.0,0.0,0.0,0.0,0.0,0.0,0.0,0.0,0.0,0.0,0.0,0.0,0.0,0.0,0.0,0.0,0.0,0.0,0.0,0.0,0.0,0.0,0.0,0.0,0.0,0.0,0.0
other income net,0.0,0.0,0.5,0.0,0.0,0.0,-0.0,-0.0,1.5,0.0,0.1,0.0,2.2,0.1,1.2,0.5,1.6,0.2,1.0,-1.3,9.2,9.0,-10.6,18.5,1.1,6.2,7.2,1.6,5.9,-2.6,1.4,11.2,2.0,2.4,3.9,-1.6,1.7,4.8,2.2,6.3,5.3
"other investing changes, net",0.0,0.0,0.0,-0.0,-0.1,0.0,0.0,0.3,-12.1,0.5,0.5,-0.8,0.5,-0.7,-0.1,-0.1,-0.7,-0.8,-10.0,-14.8,5.3,0.1,5.5,9.9,0.0,-5.2,-11.4,1.3,0.4,-8.2,-0.6,-2.3,2.8,-15.7,2.6,2.0,-1.7,9.0,4.5,3.3,6.6
other non-cash items,0.0,0.0,0.0,0.0,0.0,0.0,0.0,0.0,0.0,0.0,0.0,1.6,1.3,0.4,0.9,1.3,1.6,0.6,1.1,1.1,5.4,11.1,17.4,23.0,5.2,6.3,5.2,6.7,0.6,2.0,3.6,5.0,0.9,1.4,2.3,9.6,1.1,1.7,2.5,2.8,0.5
other non-current assets,0.0,0.0,0.0,0.0,0.4,0.0,1.0,0.0,0.0,0.0,0.0,0.0,0.0,0.7,0.0,0.0,0.0,0.0,10.1,13.3,61.1,65.8,72.8,86.4,61.1,61.2,77.2,78.7,83.1,83.6,85.9,52.7,103.8,118.3,50.5,87.9,89.1,100.8,103.0,106.0,108.0
other non-current liabilities,0.0,0.0,0.0,0.0,0.3,0.0,0.2,0.0,0.0,0.0,0.0,0.0,0.0,0.0,0.0,0.0,0.0,0.0,0.0,0.0,42.6,40.3,48.9,11.6,15.4,7.4,61.5,75.6,73.9,73.9,74.1,77.4,6.3,22.4,21.0,3.9,4.9,4.8,4.6,4.3,4.3
other receivable,0.0,0.0,0.0,0.6,0.1,0.1,0.5,0.4,0.0,0.0,0.0,3.0,2.5,1.5,1.0,1.0,0.0,0.9,0.7,0.4,5.5,3.4,2.4,36.2,35.3,12.8,12.7,15.4,14.2,13.0,13.0,14.1,21.8,27.7,28.0,95.6,112.4,98.1,100.7,110.0,77.3
other special charges,0.0,0.0,0.0,0.0,0.0,0.0,0.0,0.0,0.0,0.0,0.0,0.0,0.0,0.0,0.0,0.0,0.0,0.0,0.0,0.0,0.0,0.0,0.0,0.0,0.0,0.0,0.0,0.0,0.0,0.0,0.0,-1.4,0.0,0.0,-1.0,3.3,0.0,0.0,0.0,-0.0,0.0
payment of cash dividends,0.0,0.0,0.0,0.0,0.0,0.0,0.0,0.0,0.0,0.0,0.0,0.0,0.0,0.0,0.0,0.0,0.0,0.0,0.0,0.0,0.0,0.0,0.0,0.0,0.0,0.0,0.0,0.0,0.0,0.0,0.0,-0.2,0.0,0.0,0.0,-0.2,0.0,0.0,0.0,0.0,0.0
payout ratio,None,None,None,None,None,None,None,None,None,None,None,None,None,None,None,None,None,None,None,None,None,None,None,None,None,None,None,None,None,None,None,None,None,None,None,None,None,None,None,None,None
post-tax profit margin,0.0,0.0,0.0,0.0,10.7,11.1,14.8,15.4,16.7,17.8,18.6,18.5,17.1,17.0,17.6,17.7,16.2,15.9,13.5,10.7,0.0,0.0,0.0,5.5,11.7,11.8,22.0,6.0,-2.5,-12.4,-16.2,-3.8,-4.2,5.6,5.1,1.6,2.8,3.2,4.9,7.9,8.2
pre-tax profit margin,0.0,0.0,0.0,0.0,12.5,0.0,0.0,0.0,16.0,17.7,18.6,18.5,17.1,17.0,17.6,17.7,16.2,15.9,13.5,10.7,0.0,0.0,0.0,7.3,13.8,14.0,24.0,5.7,-3.8,-14.5,-17.7,-4.0,-4.4,6.1,6.6,5.0,6.4,7.4,8.1,9.4,10.3
pref. securities of subsid. trust,0.0,0.0,0.0,0.0,0.0,0.0,0.0,0.0,0.0,0.0,0.0,0.0,0.0,0.0,0.0,0.0,0.0,0.0,0.0,0.0,0.0,0.0,0.0,0.0,0.0,0.0,0.0,0.0,0.0,0.0,0.0,0.0,0.0,0.0,0.0,0.0,0.0,0.0,0.0,0.0,0.0
preferred dividends,0.0,0.0,0.0,0.0,0.0,0.0,0.0,0.0,0.0,0.0,0.0,0.0,0.0,0.0,0.0,0.0,0.0,0.0,0.0,0.0,0.0,0.0,0.0,0.0,0.0,0.0,0.0,0.0,0.0,0.0,0.0,0.0,0.0,0.0,0.0,0.0,0.0,0.0,0.0,0.0,0.0
preferred equity outside stock equity,0.0,0.0,0.0,0.0,0.0,0.0,0.0,0.0,0.0,0.0,0.0,0.0,0.0,0.0,0.0,0.0,0.0,0.0,0.0,0.0,0.0,0.0,0.0,0.0,0.0,0.0,0.0,0.0,0.0,0.0,0.0,0.0,0.0,0.0,0.0,0.0,0.0,0.0,0.0,0.0,0.0
preferred secur. of subsid. trust,0.0,0.0,0.0,0.0,0.0,0.0,0.0,0.0,0.0,0.0,0.0,0.0,0.0,0.0,0.0,0.0,0.0,0.0,0.0,0.0,0.0,0.0,0.0,0.0,0.0,0.0,0.0,0.0,0.0,0.0,0.0,0.0,0.0,0.0,0.0,0.0,0.0,0.0,0.0,0.0,0.0
preferred shares,0.0,0.0,0.0,0.0,0.0,0.0,0.0,0.0,0.0,0.0,0.0,0.0,0.0,0.0,0.0,0.0,0.0,0.0,0.0,0.0,0.0,0.0,0.0,0.0,0.0,0.0,0.0,0.0,0.0,0.0,0.0,0.0,0.0,0.0,0.0,0.0,0.0,0.0,0.0,0.0,0.0
preferred stock equity,0.0,0.0,0.0,0.0,0.0,0.0,0.0,0.0,0.0,0.0,0.0,0.0,0.0,0.0,0.0,0.0,0.0,0.0,0.0,0.0,0.0,0.0,0.0,0.0,0.0,0.0,0.0,0.0,0.0,0.0,0.0,0.0,0.0,0.0,0.0,0.0,0.0,0.0,0.0,0.0,0.0
prepaid expenses,0.0,0.0,0.3,0.1,1.2,0.9,1.3,0.6,0.6,0.5,0.9,0.8,0.9,0.7,0.3,0.3,0.7,4.9,3.8,2.3,0.2,0.0,0.0,25.0,0.1,32.6,27.2,26.2,20.3,23.7,30.8,0.3,12.6,12.9,6.7,11.9,19.3,21.9,27.5,14.8,13.0
price/cash flow ratio,0.0,0.0,0.0,0.0,27.8,0.0,0.0,0.0,9.9,8.1,9.5,8.8,8.1,13.9,11.0,9.8,14.5,14.2,13.4,17.3,0.0,0.0,0.0,11.3,6.7,14.7,6.9,15.1,53.2,-16.0,-8.0,62.6,45.3,4.6,5.0,8.1,7.7,22.1,6.5,4.3,4.4
price/equity ratio,0.00,0.00,11.54,5.00,10.42,8.62,4.29,4.33,3.99,3.45,3.96,3.62,3.38,5.83,4.34,4.02,5.25,4.89,4.06,3.88,1.67,1.28,2.18,2.24,2.05,4.54,2.96,2.62,2.22,2.07,1.29,1.29,1.00,0.80,0.58,0.29,0.34,0.72,0.60,0.65,0.67
price/free cash flow ratio,0.0,0.0,-18.8,-13.3,0.0,-23.8,-14.3,-12.6,5.8,-13.0,-9.2,-5.5,-13.8,-163.9,1320.0,700.0,-104.2,0.0,-466.5,-10.7,-18.0,-11.3,-8.4,-18.6,8.6,20.3,109.0,-14.0,21.3,-59.1,-69.7,-5.2,-95.7,8.7,2.2,0.5,3.3,4.9,6.2,2.9,-80.6
price/revenue ratio,0.00,0.00,0.00,0.00,3.09,2.78,1.44,1.85,1.72,1.50,1.84,1.74,1.50,2.59,2.13,1.90,2.55,2.48,2.01,2.09,0.00,0.00,0.00,1.34,1.11,2.69,1.93,1.57,1.57,1.26,0.86,0.81,0.67,0.52,0.37,0.17,0.21,0.47,0.43,0.49,0.50
price/tangible book ratio,0.00,0.00,11.54,5.13,10.42,8.62,4.29,4.33,3.99,3.45,3.96,3.62,3.38,5.83,4.34,4.02,5.38,5.01,4.15,4.13,1.71,1.31,2.24,2.29,2.08,4.61,2.99,2.66,2.26,2.11,1.31,1.30,1.00,0.80,0.58,0.29,0.34,0.72,0.60,0.65,0.67
purchase of  short-term investments,0.0,0.0,0.0,0.0,0.0,0.0,0.0,0.0,0.0,0.0,0.0,0.0,0.0,0.0,0.0,0.0,0.0,0.0,0.0,-10.0,0.0,0.0,0.0,0.0,0.0,0.0,0.0,0.0,-1.5,-2.9,0.0,0.0,0.0,0.0,0.0,0.0,0.0,0.0,0.0,0.0,0.0
purchase of long-term investments,0.0,0.0,0.0,0.0,0.0,0.0,0.0,0.0,0.0,0.0,0.0,0.0,0.0,0.0,0.0,0.0,0.0,0.0,0.0,0.0,0.0,0.0,0.0,0.0,0.0,0.0,0.0,0.0,0.0,0.0,0.0,0.0,0.0,0.0,0.0,0.0,0.0,0.0,0.0,0.0,-28.9
quarterly indicator,4,1,2,3,4,1,2,3,4,1,2,3,4,1,2,3,4,1,2,3,1,2,3,4,1,2,3,4,1,2,3,4,1,2,3,4,1,2,3,4,1
quick ratio,1.3,0.4,0.4,0.6,0.4,0.3,0.4,0.3,0.4,0.4,0.5,0.4,0.6,0.7,1.0,0.8,1.3,1.3,3.4,3.5,0.5,0.6,0.4,0.3,0.4,0.4,0.6,0.6,0.6,0.3,0.3,0.2,0.2,0.3,0.2,0.7,0.8,0.7,0.7,0.9,1.0
receivables,0.0,0.0,4.2,4.7,2.1,1.8,3.4,3.9,1.5,4.1,5.4,7.3,6.6,6.2,6.7,7.6,6.6,7.5,8.4,8.6,16.2,27.6,22.8,49.9,44.9,19.8,45.0,43.4,38.7,36.1,30.5,30.1,40.4,46.3,49.3,136.3,126.5,112.7,117.3,134.6,157.2
receivables as % of revenue,0.0,0.0,0.0,0.0,11.1,8.7,13.8,14.5,4.0,9.4,11.1,13.5,9.8,7.6,7.3,6.9,5.4,5.6,5.6,5.5,0.0,0.0,0.0,25.9,16.9,7.6,16.0,16.0,16.2,14.5,12.8,11.7,16.0,17.0,17.2,46.5,42.5,39.1,42.0,50.2,55.2
receivables per day sales,0.00,0.00,0.00,0.00,39.85,31.48,49.70,52.22,14.32,33.70,39.83,48.55,35.14,27.48,26.20,24.73,19.28,20.25,20.31,19.65,0.00,0.00,0.00,93.06,60.85,27.46,57.57,57.58,58.32,52.12,45.93,42.11,57.74,61.21,61.83,167.55,152.82,140.58,151.13,180.87,198.75
receivables turnover,0.0,0.0,0.0,0.0,18.1,22.9,6.5,6.2,20.8,14.7,11.1,9.7,16.7,15.8,15.2,14.8,18.6,19.5,19.7,19.4,0.0,0.0,0.0,0.0,8.7,11.0,8.3,5.8,5.7,8.9,6.3,7.0,6.4,6.6,7.2,3.5,3.6,3.6,3.4,2.0,2.0
repayment of long-term debt,0.0,0.0,0.0,0.0,0.0,-0.1,0.0,-0.6,-1.2,-0.0,-0.0,-0.1,-1.5,-0.0,-3.1,-5.7,-7.5,-2.0,-5.3,-11.9,-0.0,-0.0,-0.1,-19.9,-4.3,-27.4,-76.7,-88.2,-13.1,-28.2,-52.3,-68.5,-1.4,-7.7,-16.8,-70.7,-1.7,-42.7,-47.5,-60.7,-8.0
repurchase of capital stock,0.0,0.0,0.0,0.0,0.0,0.0,0.0,0.0,0.0,0.0,0.0,0.0,0.0,0.0,0.0,0.0,0.0,0.0,0.0,0.0,0.0,0.0,0.0,0.0,0.0,0.0,0.0,0.0,0.0,0.0,0.0,0.0,0.0,0.0,0.0,-32.4,-16.3,-32.7,-32.7,-32.7,0.0
restricted cash,0.0,0.0,0.0,0.0,0.0,0.0,0.0,0.0,0.0,0.0,0.0,0.0,0.0,0.0,0.0,0.0,0.0,0.0,0.0,0.0,0.0,0.0,0.0,0.0,0.0,0.0,0.0,0.0,0.0,9.6,2.8,3.1,0.3,0.5,0.6,1.1,2.8,2.3,6.8,8.1,1.5
retained earnings,-0.3,-0.3,1.3,2.1,2.4,3.6,5.0,6.5,8.6,11.3,14.1,16.3,20.3,25.0,30.3,35.8,40.2,46.1,50.2,52.1,51.2,56.0,35.8,54.1,88.7,96.4,107.5,80.5,86.1,65.5,69.1,69.9,75.6,80.8,81.2,72.0,80.3,86.1,93.6,79.7,90.3
revenue per $  plant (net),0.00,0.00,0.00,0.00,3.12,3.01,3.35,1.95,1.58,1.69,1.56,1.62,1.79,2.12,2.39,2.59,2.65,2.70,2.60,1.90,0.00,0.00,0.00,1.65,1.72,1.89,1.77,1.53,1.30,1.32,1.18,0.96,1.17,1.26,2.06,2.04,2.09,2.07,1.98,2.01,2.12
revenue per $ cash,0.00,0.00,0.00,0.00,6.27,25.62,29.23,18.24,5.63,13.95,6.61,42.89,5.25,6.97,5.68,4.70,3.11,3.52,1.40,2.69,0.00,0.00,0.00,16.39,4.91,6.14,6.47,5.54,4.27,19.67,10.73,14.67,13.20,14.54,20.34,19.08,30.25,111.61,122.81,6.63,19.11
revenue per $ common equity,0.00,0.00,0.00,0.00,3.39,3.10,2.95,2.33,2.31,2.31,2.14,2.09,2.26,2.26,2.04,2.12,2.06,1.98,2.02,1.85,0.00,0.00,0.00,1.67,1.84,1.69,1.53,1.67,1.41,1.65,1.50,1.59,1.48,1.52,1.56,1.67,1.61,1.53,1.40,1.33,1.33
revenue per $ invested capital,0.00,0.00,0.00,0.00,3.39,3.10,2.95,2.30,2.23,2.24,1.87,1.70,1.91,1.96,1.82,2.10,1.60,1.58,0.86,0.84,0.00,0.00,0.00,1.55,1.69,1.50,1.32,1.39,1.18,1.39,1.26,1.35,1.27,1.35,1.48,1.36,1.24,1.15,1.06,1.03,1.04
revenue per share,0.00,0.00,0.00,0.00,1.62,1.80,2.08,2.11,2.76,3.20,3.50,3.86,4.81,5.70,6.21,7.38,7.76,8.38,9.29,9.32,0.00,0.00,0.00,11.20,15.39,14.76,14.68,13.83,12.17,12.70,12.14,13.07,12.82,13.85,14.55,14.86,15.11,14.59,14.12,13.54,14.39
revenue/assets,0.0,0.0,0.0,0.0,1.0,1.2,1.2,1.0,1.0,1.1,0.9,1.0,1.0,1.2,1.2,1.2,1.1,1.1,0.7,0.8,0.0,0.0,0.0,0.5,0.7,0.7,0.7,0.6,0.5,0.6,0.5,0.6,0.5,0.6,0.6,0.7,0.7,0.7,0.6,0.6,0.6
sale of long-term investments,0.0,0.0,0.0,0.0,0.0,0.0,0.0,0.0,0.0,0.0,0.0,0.0,0.0,0.0,0.0,0.0,0.0,0.0,0.0,0.0,0.0,0.0,0.0,0.0,0.0,0.0,0.0,0.0,0.0,0.0,0.0,0.0,0.0,0.0,0.0,0.0,0.0,0.0,0.0,0.0,0.0
sale of short-term investments,0.0,0.0,0.0,0.0,0.0,0.0,0.0,0.0,0.0,0.0,0.0,0.0,0.0,0.0,0.0,0.0,0.0,0.0,0.0,0.0,0.0,0.0,0.0,0.0,1.5,0.0,0.0,0.0,0.2,0.2,0.0,0.0,0.0,0.0,0.0,0.0,0.0,0.0,0.0,0.0,0.0
sales per $ inventory,0.00,0.00,0.00,0.00,3.76,4.33,4.74,3.69,7.42,10.45,8.87,5.33,7.07,8.35,8.48,7.27,8.83,8.73,9.46,6.74,0.00,0.00,0.00,3.69,5.66,3.98,4.27,4.59,4.03,4.28,3.24,3.59,4.04,4.31,5.82,8.79,8.80,7.30,6.24,8.69,9.77
sales per $ receivables,0.00,0.00,0.00,0.00,9.03,11.43,7.24,6.89,25.14,10.68,9.04,7.42,10.25,13.10,13.74,14.56,18.67,17.78,17.72,18.32,0.00,0.00,0.00,3.87,5.92,13.11,6.25,6.25,6.17,6.91,7.84,8.55,6.23,5.88,5.82,2.15,2.36,2.56,2.38,1.99,1.81
sales per employee,None,None,None,None,44119,None,None,None,86612,None,None,None,157463,None,None,None,12280,None,None,None,None,None,None,67858,None,None,None,79472,None,None,None,79869,None,None,None,137917,None,None,None,138639,None
shares out (common class only),7.5,7.5,10.0,11.3,11.8,11.8,11.8,12.7,13.6,13.6,14.0,14.0,14.1,14.2,14.8,14.9,15.8,15.9,16.0,16.8,17.3,17.3,17.3,17.3,17.3,17.6,19.2,19.6,19.6,19.7,19.7,19.7,19.7,19.7,19.7,19.7,19.7,19.8,19.8,19.8,19.8
short-term debt,0.0,0.0,0.2,0.6,0.1,0.7,0.7,0.4,0.4,1.3,7.1,7.2,7.4,7.5,5.6,17.9,18.2,16.4,5.1,0.1,1.5,1.6,1.5,95.6,93.6,80.6,19.5,7.3,7.5,7.5,47.3,78.7,80.6,86.8,69.9,60.8,59.3,52.8,65.1,69.4,68.0
special income charges,0.0,0.0,0.0,0.0,0.0,0.0,0.0,0.0,0.0,0.0,0.0,0.0,0.0,0.0,0.0,0.0,0.0,0.0,0.0,0.0,0.0,0.0,0.0,0.0,0.0,0.0,0.0,0.0,0.0,0.0,0.0,-1.4,0.0,0.0,-1.0,3.3,0.0,0.0,0.0,-0.0,0.0
tangible book value per share,0.00,0.00,0.13,0.39,0.48,0.58,0.70,0.90,1.19,1.39,1.63,1.85,2.13,2.53,3.04,3.48,3.68,4.14,4.50,4.72,5.47,6.01,4.66,6.58,8.22,8.61,9.46,8.15,8.49,7.56,7.99,8.17,8.60,9.04,9.33,8.90,9.37,9.54,10.11,10.20,10.80
total assets per share,0.00,0.00,1.21,1.23,1.63,1.48,1.68,2.18,2.79,2.80,3.69,3.86,4.91,4.84,5.00,6.04,7.02,7.53,12.87,12.42,14.93,16.59,17.23,20.78,23.36,20.56,21.95,22.45,22.85,21.46,23.16,23.60,23.55,24.69,25.15,22.41,22.14,21.82,22.63,24.07,23.48
total capitalization,0.0,-0.0,1.3,4.5,5.6,6.8,8.3,11.7,16.8,19.4,26.2,31.8,35.6,41.4,50.5,52.5,76.7,84.3,171.8,186.6,158.6,173.6,156.5,125.0,157.1,173.0,203.4,194.9,201.5,179.6,188.6,189.8,197.4,200.8,192.7,214.2,240.5,250.9,262.2,261.0,272.9
total debt as % total assets,76.1,237.2,89.5,67.5,70.7,60.8,58.1,58.7,57.2,50.5,55.8,52.0,56.6,47.8,39.1,42.3,46.3,43.7,64.3,59.5,62.5,63.0,72.2,67.7,64.3,57.5,56.3,63.1,62.3,64.2,65.0,65.2,63.3,63.2,62.9,60.3,57.7,56.3,55.3,57.6,54.0
total debt/equity ratio,0.00,0.00,0.19,0.13,0.10,0.39,0.08,0.05,0.06,0.10,0.46,0.50,0.43,0.36,0.25,0.35,0.59,0.50,1.52,1.22,0.75,0.81,1.11,0.90,0.84,0.76,0.48,0.24,0.24,0.54,0.50,0.67,0.64,0.62,0.44,0.57,0.62,0.61,0.65,0.68,0.60
total non-current assets,0.0,0.0,3.7,4.8,6.5,7.0,8.3,13.7,23.8,25.7,31.4,33.4,38.1,38.9,38.4,42.5,47.9,50.9,68.8,101.1,153.1,167.8,187.7,206.6,218.8,201.3,239.3,262.7,272.6,278.5,293.8,327.1,325.2,341.5,195.3,241.3,241.7,250.1,246.7,241.5,243.0
total ordinary shares,0.0,0.0,0.0,0.0,0.0,0.0,0.0,0.0,0.0,0.0,0.0,0.0,0.0,0.0,0.0,0.0,15.8,15.9,0.0,0.0,17.0,17.0,17.0,0.0,17.3,17.6,19.2,19.6,19.6,19.7,19.7,19.7,19.7,19.7,19.7,19.7,19.7,19.8,19.8,19.8,19.8
total revenue,0.0,0.0,6.4,6.6,0.0,8.1,9.6,9.0,10.6,14.1,15.1,14.3,25.6,25.9,26.1,32.6,38.2,36.0,41.5,41.2,41.4,47.6,49.6,54.5,113.8,41.2,72.1,44.0,81.4,52.2,61.1,62.3,76.4,72.6,75.4,87.0,62.9,63.4,66.1,75.5,79.8
treasury shares,0.0,0.0,0.0,0.0,0.0,0.0,0.0,0.0,0.0,0.0,0.0,0.0,0.0,0.0,0.0,0.0,0.0,0.0,0.0,0.0,0.0,0.0,0.0,0.0,0.0,0.0,0.0,0.0,0.0,0.0,0.0,0.0,0.0,0.0,0.0,0.0,0.0,0.0,0.0,0.0,0.0
treasury stock,0.0,0.0,0.0,0.0,0.0,0.0,0.0,0.0,0.0,0.0,0.0,0.0,0.0,0.0,0.0,0.0,0.0,0.0,0.0,0.0,0.0,0.0,0.0,0.0,0.0,0.0,0.0,0.0,0.0,0.0,0.0,0.0,0.0,0.0,0.0,0.0,0.0,0.0,0.0,0.0,0.0
working capital,0.0,-0.0,-2.4,-0.3,-0.6,-0.2,0.2,-1.9,-6.8,-5.8,-4.7,-0.9,-1.9,3.0,12.6,10.4,28.8,33.5,103.5,86.0,50.6,49.1,21.0,-69.5,-41.7,-15.7,41.9,12.9,8.8,-18.9,-24.9,-59.3,-115.7,-112.7,24.9,-8.0,18.6,20.8,31.1,36.1,46.6
working capital as % of price,0.0,0.0,-16.0,-1.5,-1.0,-0.4,0.3,-3.8,-10.5,-9.0,-5.3,-0.9,-1.9,1.4,6.4,5.0,9.2,10.2,34.7,26.2,31.3,36.2,11.7,-26.8,-14.2,-2.2,7.7,3.0,2.3,-6.0,-12.1,-28.4,-68.3,-79.3,23.3,-15.4,29.7,15.4,26.0,27.6,32.6
working capital per share,0.00,0.00,-0.24,-0.03,-0.05,-0.02,0.01,-0.15,-0.50,-0.43,-0.34,-0.06,-0.14,0.21,0.85,0.70,1.82,2.11,6.48,5.11,2.93,2.85,1.22,-4.03,-2.42,-0.89,2.18,0.66,0.45,-0.96,-1.26,-3.02,-5.88,-5.73,1.26,-0.40,0.94,1.05,1.57,1.82,2.36
working captial as % of equity,100.0,100.0,-191.8,-7.3,-11.1,-3.0,2.0,-16.8,-42.0,-31.1,-20.8,-3.4,-6.4,8.3,27.9,20.0,48.2,49.8,140.9,101.6,52.3,46.4,25.4,-59.9,-28.9,-10.2,22.8,7.9,5.2,-12.5,-15.6,-36.7,-68.0,-63.0,13.5,-4.5,10.1,11.0,15.5,17.9,21.8
