,1994/03,1994/06,1994/09,1994/12,1995/03,1995/06,1995/09,1995/12,1996/03,1996/06,1996/09,1996/12,1997/03,1997/06,1997/09,1997/12,1998/03,1998/06,1998/09,1998/12,1999/03,1999/06,1999/09,1999/12,2000/03,2000/06,2000/09,2000/12,2001/03,2001/06,2001/09,2001/12,2002/03,2002/06,2002/09,2002/12,2003/03,2003/06,2003/09,2003/12,2004/03,2004/06,2004/09,2004/12,2005/03,2005/06,2005/09,2005/12,2006/03,2006/06,2006/09,2006/12,2007/03,2007/06,2007/09,2007/12,2008/03,2008/06,2008/09,2008/12,2009/03,2009/06,2009/09,2009/12,2010/03,2010/06,2010/09,2010/12,2011/03,2011/06,2011/09,2011/12,2012/03,2012/06,2012/09
% of EPS-to-Industry,191.9,175.0,-35.5,-46.0,-32.2,-126.8,50.0,45.7,48.2,131.3,132.3,69.8,74.0,73.0,0.0,73.4,76.7,81.3,84.8,156.8,179.0,223.5,253.3,120.7,121.3,111.6,108.7,93.1,86.0,78.6,82.4,77.7,81.7,98.8,96.3,154.1,153.9,127.4,115.1,50.3,53.6,56.3,60.4,100.6,100.8,96.5,96.3,46.0,49.5,60.6,64.9,109.1,111.7,120.5,128.7,137.6,144.1,141.8,148.6,143.8,155.1,157.7,160.8,180.9,133.9,98.5,78.2,61.5,91.6,352.3,0.0,253.4,0.0,0.0,0.0
% of PE-to-Industry,137.9,165.2,0.0,0.0,0.0,0.0,472.2,451.5,380.7,92.5,133.6,112.6,117.2,110.6,0.0,98.0,96.2,82.7,68.4,36.8,26.2,25.4,19.4,32.7,28.3,29.1,29.5,48.5,43.7,48.4,60.3,48.8,61.4,57.9,56.6,40.0,39.9,48.3,59.3,141.9,133.7,123.2,119.8,75.5,80.1,81.3,88.5,189.8,202.0,182.4,151.1,94.2,93.1,99.8,77.3,81.3,61.4,76.4,80.6,85.5,96.8,97.8,90.1,40.2,54.1,82.5,100.2,136.4,102.6,77.0,0.0,105.4,158.1,160.1,168.8
% of ROE-to-Industry,74.3,68.7,0.0,0.0,0.0,0.0,34.6,29.7,28.1,77.9,80.3,86.1,82.4,69.7,0.0,71.8,68.4,74.1,84.9,137.6,116.4,114.1,108.7,86.0,77.6,73.6,74.3,80.0,72.8,69.2,69.8,69.9,73.2,85.5,87.0,123.0,123.6,108.2,101.9,45.2,49.7,55.8,63.7,103.5,77.2,76.4,85.8,46.8,49.1,62.7,67.5,104.1,107.8,111.3,117.4,123.9,137.2,126.6,124.6,129.4,131.0,131.7,128.9,124.4,43.2,43.4,54.6,67.6,93.5,236.7,0.0,162.5,0.0,0.0,0.0
% of current ratio-to-industry,146.2,135.7,128.6,94.1,89.5,78.9,84.2,78.9,83.3,88.9,94.1,83.3,88.9,88.9,0.0,88.2,76.5,82.4,64.7,93.8,82.4,87.5,93.8,87.5,88.2,88.9,88.2,88.2,100.0,100.0,160.0,93.8,93.8,88.9,77.8,180.0,200.0,244.4,209.1,190.0,190.0,211.1,170.0,120.0,144.4,130.0,175.0,257.1,316.7,105.6,77.8,78.9,78.9,88.9,89.5,73.7,84.2,89.5,111.1,78.9,80.0,81.0,77.3,76.9,131.3,125.0,118.8,150.0,137.5,123.8,0.0,72.7,0.0,0.0,0.0
% of debt/equity-to-industry,58.5,57.1,46.1,50.5,88.5,103.5,95.8,90.1,95.7,94.8,93.5,92.0,76.0,43.0,0.0,57.6,58.1,64.2,98.9,52.6,44.6,44.3,42.0,51.0,59.8,77.3,75.8,77.3,80.2,65.0,61.0,55.6,48.6,45.7,38.1,43.5,42.6,42.2,40.5,44.4,51.2,51.7,43.1,24.2,20.8,19.3,18.3,28.7,27.3,26.2,18.1,15.5,15.4,18.3,17.3,16.2,20.9,20.7,20.0,15.2,14.1,13.5,13.7,14.8,79.5,92.1,83.3,133.3,117.6,211.1,0.0,172.2,0.0,0.0,0.0
% of earnings-to-industry,3.3,3.1,0.0,-0.2,-0.1,-1.7,0.8,0.7,0.7,2.0,2.0,2.0,2.2,2.2,0.0,2.0,2.0,2.0,2.0,2.3,2.1,2.0,1.7,1.3,1.3,1.2,1.2,1.1,1.0,0.9,0.9,0.9,0.9,1.1,1.1,1.8,1.8,1.6,1.4,0.6,0.6,0.6,0.7,1.1,1.1,1.1,1.2,0.6,0.7,0.8,0.9,1.5,1.5,1.7,1.7,1.9,1.9,1.8,1.9,1.8,2.0,2.0,2.0,2.2,2.3,2.4,2.8,3.4,5.0,11.7,0.0,8.1,0.0,0.0,0.0
% of gross profit margin-to-industry,104.2,101.6,98.5,88.3,84.3,84.7,83.0,81.4,80.9,80.7,79.0,79.3,80.8,80.5,0.0,81.4,81.7,82.1,80.0,77.2,73.4,72.3,74.5,75.1,74.4,73.2,73.5,76.2,76.1,77.3,78.2,72.6,71.9,70.8,68.4,63.3,62.1,59.9,57.3,63.5,64.0,64.9,67.0,69.3,68.3,67.5,65.9,70.7,74.1,79.8,83.3,72.5,72.1,70.3,70.3,72.6,74.9,81.1,81.6,73.9,70.7,65.2,64.1,67.9,71.3,72.0,73.0,92.1,91.9,110.0,0.0,102.6,0.0,0.0,0.0
% of leverage-to-industry,39.1,38.7,38.3,48.0,62.0,74.0,67.3,67.3,65.4,61.1,60.4,59.6,52.8,43.4,0.0,45.1,47.1,49.1,50.9,43.6,42.1,41.1,42.6,44.4,43.9,49.1,48.1,51.0,51.0,48.0,44.2,43.4,43.4,42.3,40.7,39.0,38.6,39.3,38.6,41.8,44.2,46.0,46.9,47.9,40.7,40.7,42.0,46.2,44.2,45.1,45.1,42.3,42.3,42.3,39.6,40.7,41.1,40.0,38.6,39.3,37.7,37.3,39.3,37.7,90.9,90.9,90.9,100.0,90.5,105.9,0.0,105.9,0.0,0.0,0.0
% of net profit margin-to-industry,109.4,103.7,-1.9,-7.3,-5.3,-71.2,36.1,29.7,29.9,83.6,83.8,84.5,89.9,91.5,0.0,90.4,92.8,93.8,101.3,154.7,124.1,132.9,120.2,104.9,104.9,95.3,92.0,88.9,84.9,81.2,91.8,79.7,84.6,101.8,96.5,128.6,124.4,98.2,81.4,42.5,45.6,46.7,51.7,89.4,88.5,84.9,83.3,38.0,40.9,51.1,54.3,89.8,91.7,97.3,100.9,106.4,111.3,106.0,112.6,109.0,116.3,120.5,117.9,107.4,92.9,71.4,56.3,69.8,104.0,185.5,0.0,126.4,0.0,0.0,0.0
% of post-tax profit margin-to-industry,116.0,101.8,100.0,101.6,90.9,92.6,88.4,86.4,90.5,88.9,89.1,92.3,89.9,91.5,0.0,100.0,101.3,102.7,104.2,122.7,119.7,132.4,131.2,117.8,114.9,101.2,96.4,88.9,84.9,81.2,91.8,89.9,95.4,104.8,100.0,84.4,81.2,76.7,65.5,78.2,78.9,79.1,83.3,88.4,87.5,84.9,83.3,83.0,85.0,89.8,91.0,86.9,87.2,96.4,103.7,106.4,111.3,105.0,105.0,106.8,110.1,112.5,115.6,100.0,89.9,70.5,57.4,69.8,75.8,142.7,0.0,96.7,0.0,0.0,0.0
% of pre-tax profit margin-to-industry,123.8,111.6,111.5,110.0,99.0,98.2,92.8,94.2,99.0,98.0,92.7,101.9,109.6,118.0,0.0,104.4,106.1,106.2,106.4,124.3,121.4,133.3,133.1,117.5,114.7,103.2,96.9,91.8,87.5,86.2,99.0,77.3,79.6,80.7,70.7,80.7,78.9,73.5,62.6,71.4,72.4,72.6,76.4,82.8,82.4,81.3,80.3,76.6,80.1,85.2,89.0,88.0,87.7,87.3,93.8,95.2,100.7,104.5,101.5,108.8,113.3,117.9,129.0,103.3,90.7,65.5,51.0,66.0,69.6,158.4,0.0,100.7,0.0,0.0,0.0
% of pric/free cashlow-to-industry,54.1,15.9,-5.7,-56.9,172.4,29.5,11.2,34.4,-68.3,-4.2,85.7,80.7,68.3,-42.5,0.0,18.8,35.4,236.8,86.2,-2.0,98.2,83.7,65.9,-1.2,19.2,6.4,5.6,9.0,52.4,-266.6,-60.2,-24.1,1998.8,-87.2,-24.7,-28.7,-12.6,-33.5,56.1,16.9,-1182.5,-38.7,-4.7,17.0,60.4,-64.2,5.1,5.8,83.5,733.0,196.3,-39.9,114.0,101.6,-70.2,-16.0,-566.1,82.5,-68.3,-18.7,-192.0,0.0,27.7,38.1,-368.5,3.6,65.5,35.7,4.3,80.2,0.0,-557.1,-426.5,-2455.2,290.6
% of price-to-industry,281.5,286.2,305.1,254.5,266.8,259.4,210.4,199.7,195.8,129.8,189.1,85.0,86.3,80.2,0.0,75.4,77.4,69.5,61.0,57.6,49.0,56.6,49.2,39.5,34.4,32.5,32.1,45.2,37.7,38.1,49.5,37.9,50.0,57.4,54.3,61.7,61.2,61.3,68.3,71.4,71.7,69.0,72.0,76.0,80.5,78.4,85.5,86.8,100.5,109.9,98.1,102.6,103.8,120.0,99.5,111.9,88.4,108.5,119.9,123.0,150.4,154.1,145.3,72.8,72.5,81.2,78.3,83.9,94.0,307.3,317.4,347.6,348.6,386.1,356.0
% of price/book-to-industry,98.1,100.0,121.5,98.0,137.1,166.0,137.7,120.3,116.3,74.3,111.5,100.0,105.6,83.2,0.0,78.4,76.6,70.4,64.6,43.0,35.9,41.5,36.2,29.1,25.7,24.8,24.4,39.0,33.3,34.9,44.2,33.9,43.8,49.6,49.3,50.7,48.2,50.4,57.9,63.8,64.9,65.4,72.2,76.6,72.9,70.3,80.8,87.6,99.7,111.4,98.5,96.8,99.7,110.8,92.4,101.8,98.0,117.6,121.1,103.9,118.8,126.4,110.7,51.7,74.0,81.5,83.8,91.7,91.2,185.3,0.0,175.4,198.6,205.1,212.3
% of price/cashflow-to-industry,146.0,163.0,463.0,617.6,671.2,-1461.5,294.4,208.2,209.8,89.6,127.9,109.2,124.3,116.5,0.0,107.9,112.9,97.1,87.4,39.0,39.1,48.8,39.3,37.5,36.9,36.3,34.8,51.8,46.7,50.2,67.8,49.5,64.8,69.9,65.7,54.5,51.1,55.1,61.7,119.7,115.9,108.3,108.7,83.3,105.5,100.7,103.8,163.3,185.7,176.1,147.4,105.7,106.5,115.4,91.8,98.0,85.9,107.7,113.7,97.5,114.2,123.6,113.5,51.9,191.6,205.5,151.2,129.6,101.5,133.0,0.0,146.3,214.4,220.9,237.2
% of price/sales-to-industry,142.9,150.0,182.6,170.6,168.5,161.8,143.1,122.7,123.9,79.6,115.8,96.6,115.7,108.7,0.0,97.4,103.1,89.5,78.0,48.6,38.0,48.4,40.1,35.1,34.7,32.4,30.3,43.4,38.3,41.2,58.1,38.4,50.0,59.1,54.6,53.1,48.8,45.5,46.7,59.6,59.1,55.7,58.2,66.5,83.4,77.6,78.5,70.1,83.0,91.5,80.2,84.1,84.6,96.9,78.2,87.5,79.9,98.5,108.8,88.2,104.5,116.9,101.7,44.5,159.0,134.6,86.3,94.0,101.0,145.8,0.0,135.0,157.3,165.0,180.3
% of sales-to-industry,3.1,3.0,2.7,2.3,2.5,2.3,2.3,2.3,2.3,2.4,2.4,2.4,2.4,2.4,0.0,2.2,2.1,2.1,2.0,1.5,1.7,1.5,1.4,1.3,1.2,1.3,1.3,1.2,1.2,1.1,1.0,1.1,1.1,1.1,1.1,1.4,1.5,1.6,1.7,1.4,1.4,1.4,1.3,1.2,1.3,1.3,1.4,1.7,1.7,1.6,1.7,1.7,1.7,1.7,1.7,1.8,1.7,1.7,1.7,1.7,1.7,1.7,1.7,2.0,2.5,3.3,4.9,5.0,4.8,6.3,0.0,6.4,0.0,0.0,0.0
(increase) decrease in inventories,-65.8,-105.1,-122.3,-60.4,-32.5,-5.5,37.4,963.5,-16.6,-13.6,-9.3,971.1,-47.7,-39.2,-33.6,958.2,-39.2,-46.3,-21.0,-31.1,-28.5,-33.4,-24.0,-5.2,-49.7,-72.8,-69.1,-51.1,-50.7,-49.7,-12.1,17.3,12.4,58.0,63.5,89.4,-48.4,-17.6,23.4,45.9,-14.3,-25.8,10.7,47.6,-55.9,-69.4,-54.5,-17.6,-58.2,-76.3,-81.5,-43.3,-41.6,-25.2,-11.2,27.3,-59.9,-63.4,-53.6,16.6,25.1,108.8,153.5,175.0,-22.7,-40.2,-61.4,-16.1,-43.7,-57.6,-37.3,6.5,-60.1,-80.5,-62.7
(increase) decrease in other current assets,0.0,0.0,0.0,0.0,0.0,0.0,0.0,171.1,0.0,0.0,0.0,0.0,7.8,0.0,-1.1,186.8,-64.4,0.0,0.0,0.0,0.0,0.0,0.0,0.0,0.0,0.0,0.0,0.0,0.0,0.0,0.0,0.0,13.2,0.0,0.0,0.0,0.0,0.0,0.0,0.0,0.0,0.0,0.0,0.0,0.0,0.0,0.0,0.0,0.0,0.0,0.0,0.0,0.0,0.0,0.0,0.0,0.0,0.0,0.0,0.0,0.0,0.0,0.0,0.0,0.0,0.0,0.0,0.0,0.0,0.0,0.0,0.0,0.0,0.0,0.0
(increase) decrease in prepaid expenses,0.0,0.0,0.0,0.0,0.0,0.0,0.0,0.0,0.0,0.0,0.0,0.0,0.0,0.0,0.0,0.0,0.0,0.0,0.0,0.0,0.0,0.0,0.0,0.0,0.0,0.0,0.0,0.0,0.0,0.0,0.0,0.0,0.0,0.0,0.0,0.0,0.0,0.0,0.0,0.0,0.0,0.0,0.0,0.0,0.0,0.0,0.0,0.0,0.0,0.0,0.0,0.0,0.0,0.0,0.0,0.0,0.0,0.0,0.0,0.0,0.0,0.0,0.0,0.0,0.0,0.0,0.0,0.0,0.0,0.0,0.0,0.0,0.0,0.0,0.0
(increase) decrease in receivables,50.5,-6.4,-12.5,-71.3,7.3,-11.1,13.4,992.7,11.4,-69.7,-21.4,959.4,-66.5,-99.6,-73.5,991.7,-46.0,-122.8,-51.8,1.9,-50.5,-67.1,-91.3,-47.5,-36.5,-81.4,-57.0,-8.0,-21.1,-3.5,-3.1,43.1,0.1,-14.0,-0.3,81.8,-3.2,-40.3,-81.2,-3.2,-43.2,-83.3,-97.2,-56.7,-29.1,-74.9,-114.3,-39.8,-77.2,-100.2,-87.8,-16.1,-93.2,-133.5,-161.9,-66.1,-35.3,-122.2,-123.4,22.7,99.4,128.1,163.4,244.5,-42.6,-109.2,-150.7,-102.6,-78.5,-102.9,-115.5,-56.9,-70.6,-119.1,-113.6
Basic EPS (Continuing),0.31,0.62,0.55,0.63,0.48,0.71,0.65,0.68,0.56,0.82,0.72,0.41,0.36,0.44,0.42,0.47,0.39,0.45,0.30,0.61,0.40,0.47,0.45,0.45,0.45,0.50,0.49,0.48,0.30,0.36,0.40,0.34,0.26,0.40,0.34,0.15,0.31,0.40,0.38,0.40,0.42,0.46,0.49,0.48,0.47,0.53,0.56,0.57,0.59,0.65,0.70,0.71,0.72,1.14,0.94,1.00,0.87,0.93,1.09,0.66,0.49,0.53,0.68,0.76,0.71,0.25,0.86,0.86,0.94,0.98,0.99,1.00,1.01,1.18,1.17
Basic EPS (Cum. Effect of Acct. Change),0.00,0.00,0.00,0.00,0.00,0.00,0.00,0.00,0.00,0.00,0.00,0.00,0.00,0.00,0.00,0.00,0.00,0.00,0.00,0.00,0.00,0.00,0.00,0.00,0.00,0.00,0.00,0.00,0.00,0.00,0.00,0.00,0.00,0.00,0.00,0.00,0.00,0.00,0.00,0.00,0.00,0.00,0.00,0.00,0.00,0.00,0.00,0.00,0.00,0.00,0.00,0.00,0.00,0.00,0.00,0.00,0.00,0.00,0.00,0.00,0.00,0.00,0.00,0.00,0.00,0.00,0.00,0.00,0.00,0.00,0.00,0.00,0.00,0.00,0.00
Basic EPS (Discontinued),0.00,0.00,-2.75,0.00,0.00,-1.60,0.00,0.00,0.00,0.00,0.00,0.00,0.00,0.00,0.00,0.00,0.00,0.00,0.12,0.03,0.00,0.00,0.00,0.00,0.00,0.00,0.00,0.00,0.00,0.00,0.00,-0.16,0.00,0.00,0.00,0.00,0.00,0.00,0.00,-0.68,0.00,0.00,0.00,0.00,0.00,0.00,0.00,-1.23,0.00,0.11,0.00,0.00,0.00,0.00,0.00,0.00,0.00,0.00,0.10,0.00,0.11,0.00,0.04,0.00,0.00,0.00,0.00,0.00,1.16,0.00,0.00,0.01,0.00,0.00,0.00
Basic EPS (Extraordinary Items),0.00,0.00,0.00,0.00,0.00,0.00,0.00,0.00,0.00,0.00,0.00,0.00,0.00,0.00,0.00,0.00,0.00,0.00,0.00,0.00,0.00,0.00,0.00,0.00,0.00,0.00,0.00,0.00,0.00,0.00,0.00,0.00,0.00,0.00,0.00,0.00,0.00,0.00,0.00,0.00,0.00,0.00,0.00,0.00,0.00,0.00,0.00,0.00,0.00,0.00,0.00,0.00,0.00,0.00,0.00,0.00,0.00,0.00,0.00,0.00,0.00,0.00,0.00,0.00,0.00,0.00,0.00,0.00,0.00,0.00,0.00,0.00,0.00,0.00,0.00
Basic EPS (Other Gains/Losses),0.00,0.00,0.00,0.00,0.00,0.00,0.00,0.00,0.00,0.00,0.00,0.00,0.00,0.00,0.00,0.00,0.00,0.00,0.00,0.00,0.00,0.00,0.00,0.00,0.00,0.00,0.00,0.00,0.00,0.00,0.00,0.00,0.00,0.00,0.00,0.00,0.00,0.00,0.00,0.00,0.00,0.00,0.00,0.00,0.00,0.00,0.00,0.00,0.00,0.00,0.00,0.00,0.00,0.00,0.00,0.00,0.00,0.00,0.00,0.00,0.00,0.00,0.00,0.00,0.00,0.00,0.00,0.00,0.00,0.00,0.00,0.00,0.00,0.00,0.00
Basic EPS (Tax Loss Carry Forward),0.00,0.00,0.00,0.00,0.00,0.00,0.00,0.00,0.00,0.00,0.00,0.00,0.00,0.00,0.00,0.00,0.00,0.00,0.00,0.00,0.00,0.00,0.00,0.00,0.00,0.00,0.00,0.00,0.00,0.00,0.00,0.00,0.00,0.00,0.00,0.00,0.00,0.00,0.00,0.00,0.00,0.00,0.00,0.00,0.00,0.00,0.00,0.00,0.00,0.00,0.00,0.00,0.00,0.00,0.00,0.00,0.00,0.00,0.00,0.00,0.00,0.00,0.00,0.00,0.00,0.00,0.00,0.00,0.00,0.00,0.00,0.00,0.00,0.00,0.00
Close PE Ratio,14.2,14.7,0.0,0.0,0.0,0.0,42.5,43.8,41.5,16.0,16.3,15.2,15.0,16.7,17.2,15.0,17.7,16.3,12.1,12.9,11.3,13.7,12.2,11.6,9.7,8.9,9.4,12.1,9.5,12.2,13.6,14.3,17.8,16.1,13.1,16.0,15.1,17.5,19.7,36.7,32.1,31.6,28.4,19.0,19.4,16.7,17.5,42.4,44.3,38.7,31.6,16.9,16.0,17.8,14.8,14.2,10.3,10.7,10.2,8.1,7.7,10.5,15.0,16.3,17.6,18.0,19.0,22.1,16.1,12.6,9.5,10.8,16.2,16.4,17.3
Diluted EPS (Continuing),0.31,0.62,0.55,0.63,0.47,0.68,0.62,0.65,0.56,0.77,0.68,0.38,0.34,0.43,0.42,0.45,0.38,0.44,0.30,0.60,0.40,0.46,0.45,0.45,0.45,0.50,0.49,0.48,0.30,0.36,0.39,0.33,0.26,0.39,0.34,0.15,0.31,0.39,0.38,0.39,0.41,0.45,0.48,0.47,0.46,0.51,0.54,0.55,0.57,0.64,0.69,0.69,0.71,1.12,0.93,0.98,0.86,0.92,1.08,0.66,0.48,0.53,0.68,0.77,0.70,0.25,0.85,0.85,0.93,0.96,0.98,1.00,1.00,1.17,1.16
Diluted EPS (Cum. Effect of Acct. Change),0.00,0.00,0.00,0.00,0.00,0.00,0.00,0.00,0.00,0.00,0.00,0.00,0.00,0.00,0.00,0.00,0.00,0.00,0.00,0.00,0.00,0.00,0.00,0.00,0.00,0.00,0.00,0.00,0.00,0.00,0.00,0.00,0.00,0.00,0.00,0.00,0.00,0.00,0.00,0.00,0.00,0.00,0.00,0.00,0.00,0.00,0.00,0.00,0.00,0.00,0.00,0.00,0.00,0.00,0.00,0.00,0.00,0.00,0.00,0.00,0.00,0.00,0.00,0.00,0.00,0.00,0.00,0.00,0.00,0.00,0.00,0.00,0.00,0.00,0.00
Diluted EPS (Discontinued),0.00,0.00,-2.75,0.00,0.00,-1.57,0.00,0.00,0.00,0.00,0.00,0.00,0.00,0.00,0.00,0.00,0.00,0.00,0.11,0.03,0.00,0.00,0.00,0.00,0.00,0.00,0.00,0.00,0.00,0.00,0.00,-0.16,0.00,0.00,0.00,0.00,0.00,0.00,0.00,-0.67,0.00,0.00,0.00,0.00,0.00,0.00,0.00,-1.20,0.00,0.11,0.00,0.00,0.00,0.00,0.00,0.00,0.00,0.00,0.09,0.00,0.11,0.00,0.04,0.00,0.00,0.00,0.00,0.00,1.14,0.00,0.00,0.01,0.00,0.00,0.00
Diluted EPS (Extraordinary),0.00,0.00,0.00,0.00,0.00,0.00,0.00,0.00,0.00,0.00,0.00,0.00,0.00,0.00,0.00,0.00,0.00,0.00,0.00,0.00,0.00,0.00,0.00,0.00,0.00,0.00,0.00,0.00,0.00,0.00,0.00,0.00,0.00,0.00,0.00,0.00,0.00,0.00,0.00,0.00,0.00,0.00,0.00,0.00,0.00,0.00,0.00,0.00,0.00,0.00,0.00,0.00,0.00,0.00,0.00,0.00,0.00,0.00,0.00,0.00,0.00,0.00,0.00,0.00,0.00,0.00,0.00,0.00,0.00,0.00,0.00,0.00,0.00,0.00,0.00
Diluted EPS (Other Gains/Losses),0.00,0.00,0.00,0.00,0.00,0.00,0.00,0.00,0.00,0.00,0.00,0.00,0.00,0.00,0.00,0.00,0.00,0.00,0.00,0.00,0.00,0.00,0.00,0.00,0.00,0.00,0.00,0.00,0.00,0.00,0.00,0.00,0.00,0.00,0.00,0.00,0.00,0.00,0.00,0.00,0.00,0.00,0.00,0.00,0.00,0.00,0.00,0.00,0.00,0.00,0.00,0.00,0.00,0.00,0.00,0.00,0.00,0.00,0.00,0.00,0.00,0.00,0.00,0.00,0.00,0.00,0.00,0.00,0.00,0.00,0.00,0.00,0.00,0.00,0.00
Diluted EPS (Tax Loss Carry Forward),0.00,0.00,0.00,0.00,0.00,0.00,0.00,0.00,0.00,0.00,0.00,0.00,0.00,0.00,0.00,0.00,0.00,0.00,0.00,0.00,0.00,0.00,0.00,0.00,0.00,0.00,0.00,0.00,0.00,0.00,0.00,0.00,0.00,0.00,0.00,0.00,0.00,0.00,0.00,0.00,0.00,0.00,0.00,0.00,0.00,0.00,0.00,0.00,0.00,0.00,0.00,0.00,0.00,0.00,0.00,0.00,0.00,0.00,0.00,0.00,0.00,0.00,0.00,0.00,0.00,0.00,0.00,0.00,0.00,0.00,0.00,0.00,0.00,0.00,0.00
Dividends Paid Per Share (YTD),0.33,0.66,0.99,1.32,0.33,0.66,0.99,1.65,0.00,0.33,0.66,0.50,0.17,0.33,0.50,0.66,0.17,0.33,0.50,0.66,0.17,0.33,0.50,0.66,0.17,0.34,0.52,0.69,0.18,0.35,0.53,0.70,0.18,0.35,0.53,0.70,0.18,0.35,0.53,0.70,0.18,0.35,0.53,0.70,0.19,0.36,0.55,0.73,0.19,0.37,0.56,0.74,0.19,0.40,0.61,0.82,0.21,0.46,0.71,1.00,0.25,0.50,0.75,1.00,0.27,0.54,0.81,1.08,0.29,0.58,0.87,1.16,0.31,0.62,0.93
EPS from Total Operations (YTD),0.31,0.92,-1.27,-0.64,0.47,-0.42,0.18,0.84,0.56,1.33,2.01,1.39,0.34,0.77,1.19,1.63,0.38,0.82,1.23,1.85,0.40,0.86,1.31,1.75,0.45,0.94,1.43,1.90,0.30,0.66,1.05,1.22,0.26,0.65,0.99,1.14,0.31,0.70,1.07,0.79,0.41,0.85,1.33,1.79,0.46,0.97,1.51,0.87,0.57,1.31,2.00,2.69,0.71,1.83,2.75,3.73,0.86,1.77,2.94,3.60,0.59,1.12,1.84,2.61,0.70,0.95,1.79,2.64,2.07,3.03,4.01,5.02,1.00,2.17,3.33
High PE Ratio,20.7,22.1,0.0,0.0,0.0,0.0,48.8,48.2,43.1,17.2,16.8,16.1,16.2,18.0,18.7,18.3,18.0,20.8,20.9,19.0,18.7,15.3,14.8,16.2,15.8,15.5,13.1,12.4,13.5,14.7,19.9,24.8,25.6,24.8,20.3,20.6,19.9,17.8,21.2,37.2,33.1,31.6,28.7,19.1,19.7,19.0,18.3,44.0,44.8,40.1,35.6,17.9,17.1,18.2,17.1,15.8,15.2,16.0,14.6,14.8,14.9,16.8,16.1,17.2,17.6,21.2,20.1,22.6,16.4,14.8,14.4,13.9,17.7,17.4,17.6
"Income, Restructuring and M&A;",0.0,0.0,0.0,0.0,0.0,0.0,0.0,0.0,0.0,0.0,0.0,0.0,0.0,0.0,0.0,0.0,0.0,0.0,0.0,0.0,0.0,0.0,0.0,0.0,0.0,0.0,0.0,0.0,0.0,0.0,0.0,0.0,0.0,0.0,0.0,0.0,0.0,14.3,0.0,-16.9,0.0,0.0,0.0,0.0,0.0,0.0,0.0,0.0,0.0,0.0,0.0,0.0,0.0,0.0,0.0,0.0,0.0,0.0,0.0,-52.4,-8.8,-10.4,-6.5,-4.2,-3.5,-3.0,-1.5,0.0,0.0,0.0,0.0,-4.0,0.0,0.0,0.0
LT-Debt as % of Invested Capital,35.2,35.5,31.8,33.2,49.9,54.4,53.1,52.1,52.8,52.2,50.2,47.9,43.1,30.2,30.3,33.1,33.5,38.0,48.3,33.1,31.3,30.2,29.7,33.9,39.2,46.0,42.7,40.6,42.3,39.3,37.9,35.4,34.6,34.7,32.6,39.0,38.7,38.4,37.6,38.7,38.9,38.0,34.8,23.4,22.8,22.5,22.1,31.3,30.4,30.5,23.1,22.1,21.7,24.8,25.1,24.3,30.7,29.7,29.1,26.3,26.0,25.0,24.3,23.7,23.5,26.0,23.4,30.7,28.3,27.7,29.2,23.7,22.8,22.2,21.0
LT-Debt as % of Total Debt,37.9,39.0,37.2,37.2,48.5,44.6,45.7,42.9,46.0,46.5,45.0,42.8,41.1,33.0,33.4,36.6,34.9,38.8,55.3,35.0,33.1,32.4,33.7,37.3,42.7,49.9,46.9,45.1,48.8,46.3,46.0,42.8,41.8,43.4,40.3,47.7,50.7,51.3,51.1,46.9,47.4,45.4,40.6,22.9,24.0,24.2,25.2,33.3,33.5,32.7,22.9,24.2,24.0,28.5,29.8,27.6,34.1,34.6,33.9,26.2,27.3,27.5,27.3,30.5,30.8,35.3,31.5,41.0,45.4,48.4,49.5,37.6,37.5,37.3,36.6
LT-Debt to Equity Ratio,0.55,0.56,0.47,0.50,1.00,1.19,1.13,1.09,1.12,1.09,1.01,0.92,0.76,0.43,0.44,0.49,0.50,0.61,0.94,0.50,0.45,0.43,0.42,0.51,0.64,0.85,0.75,0.68,0.73,0.65,0.61,0.55,0.53,0.53,0.48,0.64,0.63,0.62,0.60,0.63,0.64,0.61,0.53,0.31,0.30,0.29,0.28,0.45,0.44,0.44,0.30,0.28,0.28,0.33,0.34,0.32,0.44,0.42,0.41,0.36,0.35,0.33,0.32,0.31,0.31,0.35,0.30,0.44,0.40,0.38,0.41,0.31,0.30,0.28,0.27
Low PE Ratio,13.7,14.2,0.0,0.0,0.0,0.0,38.1,39.1,35.0,12.6,12.4,12.3,12.5,12.1,12.2,12.3,12.3,13.2,12.0,10.0,9.8,9.7,9.6,11.3,8.2,8.0,7.9,7.7,8.8,9.5,10.4,13.0,12.8,12.4,11.7,11.9,11.5,11.5,11.3,21.4,20.0,21.5,23.1,14.3,14.2,14.1,14.9,36.1,31.7,25.9,24.5,13.4,14.2,12.5,12.3,11.5,9.1,9.6,9.0,5.4,5.6,6.4,7.5,7.2,9.1,11.8,14.1,15.5,10.2,8.7,8.5,8.2,10.4,9.9,10.0
Net Income from Total Operations (YTD),48.4,132.0,-105.4,-19.9,55.3,-48.5,20.8,94.0,62.1,150.4,227.7,315.4,77.7,183.2,285.7,394.6,92.0,198.0,291.2,423.0,75.6,163.6,248.0,331.9,83.9,176.8,268.2,357.4,56.4,124.4,198.7,231.3,48.8,123.0,185.9,213.7,56.6,129.0,199.6,148.3,77.7,161.6,250.9,339.8,87.8,185.1,287.1,163.9,107.7,247.8,376.0,504.6,131.9,341.1,513.0,692.3,153.4,315.3,521.1,632.2,100.1,189.4,310.3,439.1,118.6,160.2,301.9,443.8,346.1,507.5,667.7,827.6,160.7,349.7,538.1
Normalized Close PE Ratio,14.2,14.7,17.9,16.2,17.1,17.0,14.7,15.2,15.5,16.0,12.7,11.9,11.9,11.5,14.1,15.0,17.7,19.6,16.7,16.2,12.1,14.6,12.2,11.4,9.7,8.9,9.4,12.1,9.5,12.2,13.6,9.9,12.1,11.2,8.9,13.5,12.8,15.6,17.8,19.7,18.2,17.5,16.4,19.0,19.4,16.7,17.5,17.7,20.0,20.2,17.5,17.5,16.5,17.8,14.8,14.2,10.3,10.7,10.4,7.7,7.4,9.8,13.4,16.2,16.9,17.6,18.5,21.7,22.3,16.6,12.4,13.9,15.8,15.6,16.9
Normalized High PE Ratio,20.7,22.1,24.1,24.9,18.6,18.1,16.9,16.8,16.1,17.2,13.1,12.6,12.9,12.4,15.3,18.3,18.0,25.1,28.8,23.9,20.0,16.3,14.8,16.0,15.8,15.5,13.1,12.4,13.5,14.7,19.9,17.2,17.5,17.2,13.7,17.4,16.9,15.9,19.1,20.0,18.7,17.5,16.6,19.1,19.7,19.0,18.3,18.4,20.2,20.9,19.7,18.6,17.7,18.2,17.1,15.8,15.2,16.0,14.9,14.0,14.2,15.7,14.3,17.0,17.0,20.7,19.6,22.2,22.7,19.4,18.8,18.0,17.3,16.5,17.2
Normalized Low PE Ratio,13.7,14.2,15.5,15.1,13.9,13.6,13.2,13.6,13.1,12.6,9.6,9.6,9.9,8.4,10.0,12.3,12.3,15.9,16.6,12.5,10.5,10.4,9.6,11.2,8.2,8.0,7.9,7.7,8.8,9.5,10.4,9.0,8.7,8.6,7.9,10.1,9.8,10.3,10.2,11.5,11.4,11.9,13.3,14.3,14.2,14.1,14.9,15.1,14.3,13.5,13.5,14.0,14.7,12.5,12.3,11.5,9.1,9.6,9.2,5.1,5.4,5.9,6.7,7.1,8.7,11.5,13.7,15.2,14.1,11.4,11.1,10.6,10.2,9.4,9.8
Normalized ROA,5.0,4.7,5.1,4.6,4.7,5.2,5.1,4.6,4.7,4.7,6.5,6.7,7.0,8.5,7.9,6.5,6.3,5.2,5.0,8.9,10.1,9.4,10.0,8.1,7.7,7.1,7.4,7.5,6.8,6.5,6.2,7.3,7.2,7.3,7.2,5.4,5.7,5.3,5.3,5.6,6.1,6.6,6.9,6.4,6.7,6.9,7.4,7.5,7.8,8.1,8.5,9.0,9.3,10.1,11.1,11.3,11.4,10.5,10.5,10.8,10.0,8.8,7.6,7.4,7.9,6.9,7.4,6.8,7.2,9.1,9.8,9.9,9.9,10.4,10.0
Normalized ROCI,7.9,7.3,7.9,7.1,7.2,8.6,8.3,7.8,7.6,7.6,10.4,11.0,11.4,13.7,12.6,10.3,10.3,8.3,6.9,14.4,16.5,15.4,15.8,12.7,11.8,10.4,10.9,11.2,9.9,9.4,8.9,10.7,10.7,10.6,10.6,7.7,7.9,7.2,7.2,8.0,8.7,9.5,10.4,11.4,11.5,11.8,12.2,12.2,12.5,13.2,15.1,15.2,15.6,16.3,17.7,18.5,18.1,16.4,16.5,18.9,17.0,14.7,12.5,11.4,12.1,10.2,11.2,9.8,9.7,11.7,12.7,13.8,13.7,14.3,13.7
Normalized ROE,12.4,11.4,11.7,10.8,14.4,19.0,17.6,16.3,16.1,15.9,20.9,21.2,20.0,19.7,18.1,15.3,15.4,13.5,13.4,21.5,24.0,22.0,22.5,19.3,19.4,19.2,19.1,18.8,17.1,15.5,14.3,16.6,16.3,16.2,15.7,12.6,12.9,11.7,11.6,13.1,14.2,15.4,15.9,14.9,14.9,15.2,15.7,17.7,17.9,19.0,19.6,19.6,20.0,21.7,23.6,24.4,26.2,23.3,23.2,25.6,23.0,19.6,16.5,15.0,15.9,13.9,14.6,14.1,13.5,16.2,17.9,18.1,17.8,18.3,17.3
Return on Assets (ROA),5.0,4.7,-0.1,-0.3,-0.2,-3.4,1.8,1.6,1.6,4.7,5.0,5.3,5.6,5.9,6.4,6.5,6.3,6.3,6.9,11.2,10.8,10.1,9.9,8.0,7.7,7.1,7.4,7.5,6.8,6.5,6.2,5.0,4.9,5.0,4.8,4.6,4.9,4.8,4.8,3.0,3.4,3.7,4.0,6.4,6.7,6.9,7.4,3.1,3.5,4.2,4.7,9.4,9.6,10.1,11.1,11.3,11.4,10.5,10.8,10.3,9.6,8.3,6.7,7.3,7.6,6.8,7.2,6.7,10.0,11.9,12.8,12.8,9.7,9.9,9.8
Return on Capital Invested (ROCI),7.9,7.3,-0.1,-0.5,-0.3,-5.8,3.0,2.6,2.7,7.6,8.1,8.7,9.0,9.5,10.3,10.3,10.3,10.1,9.5,18.1,17.6,16.4,15.8,12.6,11.8,10.4,10.9,11.2,9.9,9.4,8.9,7.4,7.3,7.3,7.2,6.5,6.7,6.5,6.5,4.3,4.9,5.3,6.1,11.4,11.5,11.8,12.2,5.1,5.6,6.9,8.3,15.9,16.3,16.3,17.7,18.5,18.1,16.4,16.9,17.9,16.3,13.7,11.1,11.3,11.7,10.0,10.9,9.6,13.4,15.4,16.6,17.9,13.3,13.5,13.3
Return on Stock Equity (ROE),12.4,11.4,0.0,0.0,0.0,0.0,6.4,5.5,5.6,15.9,16.3,16.7,15.9,13.6,14.8,15.3,15.4,16.3,18.5,27.1,25.5,23.5,22.4,19.0,19.4,19.2,19.1,18.8,17.1,15.5,14.3,11.4,11.2,11.2,10.7,10.7,11.0,10.5,10.5,7.0,8.1,8.6,9.3,14.9,14.9,15.2,15.7,7.4,8.0,9.9,10.8,20.4,20.8,21.7,23.6,24.4,26.2,23.3,23.8,24.2,22.0,18.3,14.7,14.8,15.3,13.5,14.2,13.8,18.7,21.3,23.4,23.4,17.3,17.4,16.9
Revenue (YTD),"1,316.9","2,790.5","3,348.1","4,588.0","1,123.2","2,391.3","3,597.7","4,885.9","1,314.1","2,694.2","3,977.3","5,283.7","1,318.9","2,703.8","4,000.7","5,288.8","1,343.1","2,772.4","2,769.3","3,651.2",924.7,"1,882.2","2,864.4","3,868.9","1,038.9","2,207.1","3,352.9","4,459.9","1,095.1","2,168.1","3,219.9","4,209.5",975.0,"1,976.0","2,975.5","3,960.5",957.8,"1,968.7","3,017.4","4,061.4","1,064.6","2,173.9","3,314.1","4,462.9","1,144.8","2,334.0","3,544.4","4,730.4","1,240.9","2,528.7","3,843.3","5,184.6","1,394.0","2,857.7","4,359.0","5,903.1","1,546.1","3,270.4","4,998.1","6,521.3","1,256.8","2,526.6","3,813.0","5,069.6","1,228.6","2,565.3","3,806.0","5,065.9","1,277.7","2,646.6","4,036.3","5,409.4","1,403.6","2,873.3","4,370.8"
accounts payable,"1,217.8","1,274.5","1,004.7",655.6,"1,021.8","1,154.1","1,062.4","1,180.5","1,162.9","1,160.8","1,096.0",586.2,504.3,499.1,469.5,574.5,529.2,531.6,358.8,378.7,346.0,350.6,347.4,393.4,397.9,417.6,391.6,470.1,406.3,411.0,379.3,401.4,351.9,378.0,366.7,312.2,342.4,312.5,328.4,329.1,355.9,365.3,339.7,350.7,377.6,408.2,385.1,427.8,478.0,469.6,455.3,471.7,512.6,482.3,544.8,533.1,558.0,573.6,588.7,492.5,451.8,409.8,428.0,384.4,432.6,417.0,417.8,462.6,479.5,491.9,465.4,502.6,557.3,558.3,561.7
accounts receivable,"1,054.8","1,127.7",872.7,904.4,895.6,918.2,0.0,0.0,0.0,0.0,0.0,0.0,0.0,0.0,0.0,0.0,0.0,0.0,0.0,0.0,0.0,0.0,0.0,0.0,809.9,898.1,870.4,828.8,842.9,821.3,824.6,777.1,774.3,798.0,781.8,706.7,712.1,764.6,805.7,738.6,784.8,817.9,836.9,820.9,841.0,879.2,919.2,842.4,930.6,961.6,960.8,896.0,"1,007.4","1,062.8","1,117.3","1,048.6","1,139.2","1,230.9","1,197.6",17.5,913.3,914.9,889.2,810.4,842.5,791.4,847.4,808.9,885.0,916.1,942.3,878.8,961.4,995.4,"1,008.9"
accrued expenses,31.7,15.4,10.5,1.7,20.7,37.1,0.0,0.0,0.0,0.0,0.0,0.0,0.0,0.0,0.0,0.0,0.0,0.0,0.0,0.0,0.0,0.0,0.0,0.0,36.9,15.5,7.1,0.0,0.0,1.9,0.0,0.0,0.0,0.0,0.0,0.0,0.0,0.0,0.0,0.0,0.0,0.0,0.0,0.0,0.0,0.0,0.0,0.0,0.0,0.0,0.0,0.0,0.0,0.0,0.0,0.0,0.0,0.0,0.0,0.0,0.0,0.0,0.0,0.0,0.0,0.0,0.0,0.0,0.0,0.0,0.0,0.0,0.0,0.0,0.0
accrued liabilities,0.0,0.0,0.0,477.5,0.0,0.0,0.0,0.0,0.0,0.0,0.0,0.0,0.0,0.0,0.0,0.0,0.0,0.0,0.0,0.0,0.0,0.0,0.0,0.0,503.1,499.6,482.4,486.3,495.3,481.1,481.8,510.9,489.3,447.0,454.6,489.4,448.3,433.3,430.9,433.7,402.3,439.2,447.7,713.9,650.6,652.3,662.0,518.0,453.2,479.9,526.9,522.3,473.0,494.8,545.7,566.7,529.0,565.4,592.7,618.7,523.8,537.8,541.7,515.2,470.0,460.4,484.2,510.1,451.9,480.8,527.7,615.3,549.3,605.2,651.6
accumulated depreciation,"1,134.0","1,134.0",943.6,938.8,965.3,"1,004.1","1,004.1","1,036.2","1,036.2","1,036.2","1,036.2",168.6,168.6,"1,150.2","1,150.2",154.5,"1,214.8","1,215.6",906.7,919.3,925.8,929.4,947.8,924.6,947.5,961.9,973.6,"1,011.9","1,011.9","1,011.9","1,011.9","1,069.0","1,069.0","1,069.0","1,069.0","1,111.5","1,111.5","1,111.5","1,111.5","1,209.0","1,209.0","1,209.0","1,209.0","1,312.2","1,312.2","1,312.2","1,312.2","1,337.2","1,337.2","1,337.2","1,337.2","1,422.0","1,422.0","1,422.0","1,422.0","1,548.4","1,548.4","1,548.4","1,548.4","1,616.9",0.0,0.0,0.0,"1,590.9",0.0,0.0,0.0,"1,276.4",0.0,0.0,0.0,"1,328.2",0.0,0.0,0.0
acquisitions,-18.6,1.5,1.2,-280.6,0.0,-3.1,0.0,0.0,0.0,0.0,0.0,0.0,0.0,0.0,0.0,0.0,0.0,0.0,0.0,0.0,0.0,0.0,0.0,0.0,-135.2,-562.7,-560.2,-580.4,11.3,11.8,8.4,9.8,0.0,0.0,-1.1,-1.1,0.0,0.0,0.0,0.0,-10.1,-10.1,0.0,-48.6,-2.4,-2.4,-2.4,-7.1,-83.2,-84.2,-279.4,-280.4,-124.3,-170.5,-194.5,-626.2,17.4,-269.6,19.3,-6.9,-16.6,-22.2,-21.8,-61.4,-6.2,-20.6,-56.5,-93.2,-1.8,-9.8,-250.1,-304.7,-57.3,-101.2,-136.9
additional paid-in capital,"1,197.2","1,199.3","1,199.4","1,176.5",512.9,133.3,0.0,0.0,0.0,0.0,0.0,0.0,0.0,0.0,0.0,0.0,0.0,0.0,0.0,0.0,0.0,0.0,672.3,671.7,669.4,667.3,664.0,663.3,661.4,660.9,647.3,646.0,639.9,466.0,437.1,422.7,425.1,435.2,482.0,518.0,434.2,403.1,389.9,446.2,460.5,445.9,390.1,383.2,387.8,306.8,255.4,278.4,277.1,299.2,119.1,85.7,0.0,0.0,0.0,0.0,0.0,0.0,0.0,0.0,0.0,0.0,0.0,0.0,0.0,0.0,0.0,0.0,0.0,0.0,0.0
adjustments to revenue,0.0,0.0,0.0,0.0,0.0,0.0,0.0,0.0,0.0,0.0,0.0,0.0,0.0,0.0,0.0,0.0,0.0,0.0,0.0,0.0,0.0,0.0,0.0,0.0,0.0,0.0,0.0,0.0,0.0,0.0,0.0,0.0,0.0,0.0,0.0,0.0,0.0,0.0,0.0,0.0,0.0,0.0,0.0,0.0,0.0,0.0,0.0,0.0,0.0,0.0,0.0,0.0,0.0,0.0,0.0,0.0,0.0,0.0,0.0,0.0,0.0,0.0,0.0,0.0,0.0,0.0,0.0,0.0,0.0,0.0,0.0,0.0,0.0,0.0,0.0
advertising,0.0,0.0,0.0,0.0,0.0,0.0,0.0,0.0,0.0,0.0,0.0,0.0,0.0,0.0,0.0,0.0,0.0,0.0,0.0,0.0,0.0,0.0,0.0,0.0,0.0,0.0,0.0,0.0,0.0,0.0,0.0,0.0,0.0,0.0,0.0,0.0,0.0,0.0,0.0,0.0,0.0,0.0,0.0,0.0,0.0,0.0,0.0,0.0,0.0,0.0,0.0,0.0,0.0,0.0,0.0,0.0,0.0,0.0,0.0,0.0,0.0,0.0,0.0,0.0,0.0,0.0,0.0,0.0,0.0,0.0,0.0,0.0,0.0,0.0,0.0
amortization,23.3,47.1,0.0,70.8,18.1,0.0,0.0,0.0,0.0,0.0,0.0,0.0,0.0,0.0,0.0,0.0,0.0,0.0,0.0,0.0,0.0,0.0,0.0,0.0,0.0,0.0,0.0,0.0,0.0,0.0,0.0,0.0,0.0,0.0,0.0,0.0,0.0,0.0,0.0,0.0,0.0,0.0,0.0,0.0,0.0,0.0,0.0,0.0,0.0,0.0,0.0,0.0,0.0,0.0,0.0,0.0,0.0,0.0,0.0,0.0,0.0,0.0,0.0,0.0,0.0,0.0,0.0,0.0,0.0,0.0,0.0,0.0,0.0,0.0,0.0
amortization of intangibles,0.0,0.0,0.0,0.0,0.0,0.0,0.0,0.0,0.0,0.0,0.0,0.0,0.0,0.0,0.0,0.0,0.0,0.0,0.0,0.0,0.0,0.0,0.0,0.0,0.0,0.0,0.0,0.0,0.0,0.0,0.0,0.0,0.0,0.0,0.0,0.0,0.0,0.0,0.0,0.0,0.0,0.0,0.0,0.0,0.0,0.0,0.0,0.0,0.0,0.0,0.0,0.0,0.0,0.0,0.0,0.0,0.0,0.0,0.0,0.0,0.0,0.0,0.0,0.0,0.0,0.0,0.0,0.0,0.0,0.0,0.0,0.0,0.0,0.0,0.0
asset turnover,0.8,0.8,0.8,0.7,0.7,0.7,0.8,0.8,0.8,0.9,0.9,0.9,0.9,0.9,0.9,0.9,0.9,0.9,0.9,0.7,0.8,0.7,0.8,1.0,1.0,1.0,1.0,1.0,1.0,0.9,0.9,0.9,0.9,0.9,0.9,0.9,0.9,0.9,0.9,0.8,0.9,0.9,0.9,0.9,0.9,0.9,0.9,0.9,0.9,0.9,1.0,1.0,1.0,1.0,1.0,1.0,1.0,1.0,1.1,1.1,1.0,0.9,0.8,0.8,0.8,0.8,0.8,0.8,0.8,0.8,0.9,0.8,0.8,0.8,0.9
auditor name,None,None,None,None,None,None,None,None,None,None,None,None,None,None,None,None,None,None,None,None,None,None,None,None,None,None,None,None,None,None,None,None,None,None,None,None,None,None,None,None,None,None,None,None,None,None,None,None,None,None,None,None,None,None,None,None,None,None,None,None,None,None,None,None,None,None,None,None,None,None,None,None,None,None,None
auditor report,None,None,None,None,None,None,None,None,None,None,None,None,None,None,None,None,None,None,None,None,None,None,None,None,None,None,None,None,None,None,None,None,None,None,None,None,None,None,None,None,None,None,None,None,None,None,None,None,None,None,None,None,None,None,None,None,None,None,None,None,None,None,None,None,None,None,None,None,None,None,None,None,None,None,None
basic earnings indicator,Y,Y,Y,Y,Y,Y,N,N,Y,Y,Y,Y,Y,Y,Y,Y,Y,Y,Y,Y,Y,Y,Y,Y,Y,Y,Y,Y,Y,Y,Y,Y,Y,Y,Y,Y,Y,Y,Y,Y,Y,Y,Y,Y,Y,Y,Y,Y,Y,Y,Y,Y,Y,Y,Y,Y,Y,Y,Y,Y,Y,Y,Y,Y,Y,Y,Y,Y,Y,Y,Y,Y,Y,Y,Y
book value per share,24.57,25.32,23.05,23.18,17.78,14.68,14.64,15.90,16.62,17.10,17.09,8.75,8.80,10.48,10.43,10.72,10.98,10.81,10.47,8.30,8.43,8.74,9.00,9.25,9.40,9.62,9.87,10.19,10.29,10.51,10.72,10.79,10.78,11.02,11.00,10.74,11.00,11.35,11.67,11.38,11.35,11.47,11.71,12.35,12.63,12.89,13.06,12.04,12.40,12.48,12.91,13.56,13.90,15.00,15.07,15.84,13.40,14.04,14.46,15.60,15.81,16.61,17.21,17.71,17.91,18.20,18.61,19.53,21.73,22.48,21.84,22.34,23.36,24.08,25.58
building and improvements,0.0,0.0,0.0,539.5,0.0,0.0,0.0,0.0,0.0,0.0,0.0,0.0,0.0,0.0,0.0,0.0,0.0,0.0,0.0,0.0,0.0,0.0,0.0,0.0,0.0,0.0,0.0,408.9,0.0,0.0,0.0,428.1,0.0,0.0,0.0,445.1,0.0,0.0,0.0,472.5,0.0,0.0,0.0,478.9,0.0,0.0,0.0,474.5,0.0,0.0,0.0,481.7,0.0,0.0,0.0,506.5,0.0,0.0,0.0,545.9,0.0,0.0,0.0,568.7,0.0,0.0,0.0,448.6,0.0,0.0,0.0,461.2,0.0,0.0,0.0
capital lease obligations,0.0,0.0,0.0,0.0,0.0,0.0,0.0,0.0,0.0,0.0,0.0,0.0,0.0,0.0,0.0,0.0,0.0,0.0,0.0,0.0,0.0,0.0,0.0,0.0,0.0,0.0,0.0,0.0,0.0,0.0,0.0,0.0,0.0,0.0,0.0,0.0,0.0,0.0,0.0,0.0,0.0,0.0,0.0,0.0,0.0,0.0,0.0,0.0,0.0,0.0,0.0,0.0,0.0,0.0,0.0,0.0,0.0,0.0,0.0,0.0,0.0,0.0,0.0,0.0,0.0,0.0,0.0,0.0,0.0,0.0,0.0,0.0,0.0,0.0,0.0
cash as % of revenue,0.2,0.2,0.2,0.6,0.3,0.3,0.2,0.4,0.3,0.3,0.2,0.3,0.2,0.3,0.3,0.6,0.3,0.3,0.4,0.6,0.4,0.4,0.3,0.7,0.6,0.5,0.6,0.6,0.4,0.4,0.4,0.3,0.2,1.7,1.1,7.6,1.8,4.3,7.3,11.4,9.0,10.2,11.4,14.6,11.6,11.6,8.0,9.6,7.1,7.1,4.8,8.2,5.7,11.6,5.4,3.9,2.3,2.4,4.0,4.0,4.9,7.8,12.3,7.5,7.7,8.5,5.8,20.4,19.7,17.6,8.1,12.5,11.1,12.5,16.8
cash at beginning of period,13.0,13.0,13.0,13.0,25.3,25.3,25.3,25.3,17.7,17.7,17.7,17.7,16.1,16.1,16.1,16.1,30.3,30.3,30.3,30.3,20.4,20.4,20.4,20.4,26.9,26.9,26.9,26.9,26.4,26.4,26.4,26.4,11.5,12.0,11.5,11.5,302.0,302.0,302.0,302.0,463.7,463.7,463.7,463.7,652.8,652.8,652.8,652.8,452.8,452.8,452.8,452.8,423.5,423.5,423.5,423.5,232.8,232.8,232.8,232.8,258.8,258.8,258.8,258.8,381.6,381.6,381.6,381.6,"1,035.3","1,035.3","1,035.3","1,035.3",676.6,676.6,676.6
cash end of period,12.1,12.9,13.6,25.3,15.6,13.1,0.0,0.0,0.0,0.0,0.0,0.0,0.0,0.0,0.0,0.0,0.0,0.0,0.0,0.0,0.0,0.0,11.9,26.9,23.4,22.5,24.7,26.4,17.8,16.3,15.9,11.5,7.5,68.0,43.6,302.0,71.3,168.9,293.9,463.7,374.7,433.9,495.6,652.8,524.8,537.0,376.0,452.8,343.6,350.2,243.9,423.5,304.8,640.0,307.4,232.8,139.2,154.7,260.7,258.8,303.9,450.2,658.4,381.6,389.4,432.0,296.0,"1,035.3","1,008.4",905.1,430.6,676.6,616.5,706.2,965.8
cash flow,589.3,554.9,217.8,125.8,129.9,-56.1,252.1,312.8,327.2,523.6,535.9,549.2,560.6,574.7,595.5,614.2,629.5,632.6,555.1,560.5,524.1,483.6,524.6,479.5,491.9,504.8,520.5,531.8,510.4,488.3,473.1,417.7,394.0,384.3,356.7,335.4,344.0,342.5,349.0,269.7,289.5,298.0,318.2,457.4,467.4,480.9,488.9,274.9,292.5,334.7,364.7,616.3,642.4,712.8,756.0,810.5,836.6,797.2,837.7,775.3,723.7,650.3,565.8,584.7,604.6,558.3,575.9,583.9,806.4,920.8,938.7,959.9,777.0,807.3,837.8
cash flow per share,5.09,4.81,1.89,1.08,1.11,-0.52,2.22,2.90,3.05,4.85,4.96,2.54,2.37,2.35,2.46,2.55,2.61,2.72,2.68,2.98,2.78,2.56,2.79,2.55,2.64,2.71,2.79,2.85,2.73,2.61,2.53,2.23,2.12,2.06,1.91,1.80,1.87,1.86,1.87,1.45,1.57,1.63,1.73,2.47,2.52,2.60,2.67,1.50,1.58,1.83,2.01,3.38,3.51,3.88,4.20,4.52,4.11,3.91,4.11,4.64,4.35,3.90,3.39,3.49,3.61,3.35,3.54,3.56,4.89,5.58,5.94,6.06,4.88,5.05,5.18
cash from discontinued financing activities,0.0,0.0,0.0,0.0,0.0,0.0,0.0,0.0,0.0,0.0,0.0,0.0,0.0,0.0,0.0,0.0,0.0,0.0,0.0,0.0,0.0,0.0,0.0,0.0,0.0,0.0,0.0,0.0,0.0,0.0,0.0,0.0,0.0,0.0,0.0,0.0,0.0,0.0,0.0,0.0,0.0,0.0,0.0,0.0,0.0,0.0,0.0,0.0,0.0,0.0,0.0,0.0,0.0,0.0,0.0,0.0,0.0,0.0,0.0,0.0,0.0,0.0,0.0,0.0,0.0,0.0,0.0,0.0,0.0,0.0,0.0,0.0,0.0,0.0,0.0
cash from discontinued investing activities,0.0,0.0,0.0,0.0,0.0,0.0,0.0,0.0,0.0,0.0,0.0,0.0,0.0,0.0,0.0,0.0,0.0,0.0,0.0,0.0,0.0,0.0,0.0,0.0,0.0,0.0,0.0,0.0,0.0,0.0,0.0,0.0,0.0,0.0,0.0,0.0,0.0,0.0,0.0,0.0,0.0,0.0,0.0,0.0,0.0,0.0,0.0,0.0,0.0,0.0,0.0,0.0,0.0,0.0,0.0,0.0,0.0,0.0,0.0,0.0,0.0,0.0,0.0,0.0,0.0,0.0,0.0,0.0,0.0,0.0,0.0,0.0,0.0,0.0,0.0
cash per share,0.10,0.11,0.12,0.22,0.13,0.12,0.07,0.16,0.13,0.15,0.09,0.07,0.05,0.06,0.06,0.13,0.06,0.07,0.09,0.11,0.08,0.08,0.06,0.14,0.13,0.12,0.13,0.14,0.10,0.09,0.08,0.06,0.04,0.36,0.23,1.62,0.39,0.92,1.58,2.49,2.03,2.37,2.70,3.53,2.83,2.90,2.05,2.47,1.86,1.91,1.34,2.32,1.67,3.48,1.71,1.30,0.68,0.76,1.28,1.55,1.83,2.70,3.95,2.28,2.32,2.59,1.82,6.31,6.11,5.49,2.72,4.27,3.88,4.42,5.97
common par,579.6,579.6,579.6,584.6,585.2,537.8,0.0,0.0,0.0,0.0,0.0,0.0,0.0,0.0,0.0,0.0,0.0,0.0,0.0,0.0,0.0,0.0,615.0,615.0,615.0,615.0,615.0,615.0,615.0,615.0,615.0,615.0,615.0,1.0,0.9,0.9,0.9,0.9,0.9,0.9,0.9,0.9,0.9,0.9,0.9,0.9,0.9,0.9,0.9,0.9,0.9,0.9,1.8,1.8,1.8,1.8,1.7,1.7,1.7,1.7,1.7,1.7,1.7,1.7,1.7,1.7,1.7,1.7,1.7,1.7,1.7,1.7,1.7,1.7,1.8
common stock equity,"2,844.8","2,921.4","2,660.8","2,710.5","2,081.5","1,579.2","1,660.4","1,716.4","1,784.7","1,847.4","1,846.5","1,890.2","2,083.8","2,559.7","2,523.7","2,576.6","2,651.6","2,517.5","2,166.0","1,563.6","1,591.9","1,652.1","1,694.2","1,743.1","1,751.8","1,794.5","1,843.2","1,904.2","1,925.8","1,968.2","2,008.4","2,023.2","2,006.1","2,055.0","2,050.2","2,002.4","2,020.7","2,089.9","2,174.4","2,118.2","2,095.5","2,102.9","2,149.2","2,286.5","2,344.6","2,387.3","2,393.4","2,205.2","2,290.9","2,285.3","2,347.7","2,475.3","2,544.9","2,754.9","2,714.5","2,841.9","2,726.8","2,862.9","2,947.2","2,607.4","2,632.2","2,770.1","2,871.8","2,963.3","3,000.3","3,034.0","3,028.1","3,206.1","3,585.9","3,708.5","3,453.0","3,536.0","3,715.7","3,850.3","4,136.9"
construction in progress,0.0,0.0,0.0,113.4,0.0,0.0,0.0,0.0,0.0,0.0,0.0,0.0,0.0,0.0,0.0,0.0,0.0,0.0,0.0,0.0,0.0,0.0,0.0,0.0,0.0,0.0,0.0,124.6,0.0,0.0,0.0,99.2,0.0,0.0,0.0,50.3,0.0,0.0,0.0,44.9,0.0,0.0,0.0,58.6,0.0,0.0,0.0,85.1,0.0,0.0,0.0,65.6,0.0,0.0,0.0,59.3,0.0,0.0,0.0,59.8,0.0,0.0,0.0,65.2,0.0,0.0,0.0,60.4,0.0,0.0,0.0,74.7,0.0,0.0,0.0
cost in excess,0.0,0.0,0.0,0.0,0.0,0.0,0.0,0.0,0.0,0.0,0.0,0.0,0.0,0.0,0.0,0.0,0.0,0.0,0.0,0.0,0.0,0.0,0.0,0.0,"1,764.8","2,016.8","1,996.7","2,013.5","1,987.7","1,969.6","1,976.9",0.0,0.0,0.0,0.0,0.0,0.0,0.0,0.0,0.0,0.0,0.0,0.0,0.0,0.0,0.0,0.0,0.0,"2,154.2","2,181.2","2,315.8","2,336.9","2,387.8","2,414.1","2,463.4","2,540.3","2,736.5","2,741.8","2,654.4","2,567.3","2,554.7","2,645.9","2,635.8","2,643.2","2,604.7","2,285.5","2,323.4","2,356.5","2,388.1","2,401.0","2,513.6","2,513.5","2,569.5","2,559.6","2,624.0"
cost of sales,908.9,995.2,733.0,869.1,748.3,834.7,800.5,849.4,875.8,907.3,870.0,793.2,866.8,898.7,844.4,823.9,874.4,931.3,646.2,558.6,597.4,615.4,639.3,650.8,675.1,765.3,743.2,718.8,737.6,713.3,698.6,668.7,671.4,686.0,679.6,672.6,644.0,685.6,715.0,705.9,712.6,747.1,767.1,775.3,758.3,786.5,801.5,786.5,819.8,842.7,856.8,885.4,916.0,952.4,978.2,"1,001.9",988.7,"1,126.7","1,133.5","1,004.7",849.6,849.0,839.6,800.0,784.5,857.6,787.9,810.5,812.1,875.1,898.1,894.9,888.2,914.6,946.5
cost of sales with depreciation,908.9,995.2,749.7,814.8,748.3,834.7,800.5,849.4,875.8,907.3,870.0,793.2,866.8,898.7,844.4,823.9,874.4,931.3,646.2,558.6,597.4,615.4,639.3,650.8,701.7,794.5,773.1,749.0,768.9,744.7,730.5,699.8,701.4,717.0,710.3,702.6,674.7,716.7,744.8,735.7,742.0,775.2,798.4,804.1,787.6,814.7,828.1,813.4,846.8,870.3,887.2,912.1,944.9,981.3,"1,008.1","1,032.4","1,022.2","1,163.5","1,170.0","1,041.0",884.8,885.0,876.5,837.5,821.1,895.0,821.6,842.9,843.7,907.1,931.2,930.5,922.3,949.3,981.9
cumulative translation adjustments,-59.7,-27.6,-14.6,-49.4,-63.4,-46.1,0.0,0.0,0.0,0.0,0.0,0.0,0.0,0.0,0.0,0.0,0.0,0.0,0.0,0.0,0.0,0.0,0.0,0.0,0.0,0.0,0.0,0.0,0.0,0.0,0.0,0.0,0.0,0.0,0.0,0.0,0.0,0.0,0.0,0.0,0.0,0.0,0.0,0.0,0.0,0.0,0.0,0.0,0.0,0.0,0.0,0.0,0.0,0.0,0.0,-29.8,0.0,0.0,0.0,0.0,0.0,0.0,0.0,0.0,0.0,0.0,0.0,0.0,0.0,0.0,0.0,0.0,0.0,0.0,0.0
current assets per share,22.20,23.08,17.49,17.96,18.02,19.43,17.97,19.71,19.73,20.26,19.73,9.71,9.11,8.74,8.58,8.89,9.35,9.91,6.24,7.52,7.63,7.98,7.49,7.78,8.90,9.59,9.19,9.29,9.57,9.15,8.95,8.81,8.72,8.87,8.27,9.06,8.54,9.13,9.59,10.53,10.36,10.80,10.93,11.99,11.55,11.81,11.16,11.64,11.75,12.11,11.60,12.02,12.13,14.18,13.07,12.83,11.68,12.05,12.44,13.15,12.33,12.72,13.65,11.37,11.78,11.25,11.08,15.17,16.24,15.65,13.34,14.47,14.75,15.69,16.95
current defered income taxes,0.0,0.0,0.0,0.0,0.0,0.0,0.0,0.0,0.0,0.0,0.0,0.0,0.0,0.0,0.0,0.0,0.0,0.0,0.0,0.0,0.0,0.0,0.0,0.0,164.2,139.8,100.9,173.0,193.2,142.1,136.0,191.7,183.9,171.0,109.6,99.8,154.4,136.8,119.5,206.5,181.8,0.0,130.4,221.9,198.5,181.5,174.5,297.2,287.0,273.4,262.4,266.6,235.8,236.3,262.3,284.2,290.6,270.0,168.4,246.5,209.7,196.3,223.9,225.7,0.0,0.0,0.0,0.0,0.0,0.0,0.0,0.0,0.0,0.0,0.0
current deferred income taxes,0.0,0.0,0.0,0.0,0.0,0.0,0.0,0.0,0.0,0.0,0.0,0.0,0.0,0.0,0.0,0.0,0.0,0.0,0.0,0.0,0.0,0.0,0.0,0.0,0.0,0.0,0.0,0.0,0.0,0.0,0.0,0.0,0.0,0.0,0.0,0.0,0.0,0.0,0.0,0.0,0.0,0.0,0.0,0.0,0.0,0.0,0.0,0.0,0.0,0.0,0.0,0.0,0.0,0.0,0.0,0.0,0.0,0.0,0.0,0.0,0.0,0.0,0.0,0.0,0.0,0.0,0.0,0.0,0.0,0.0,0.0,0.0,0.0,0.0,0.0
current liabilities per share,11.85,12.16,9.70,11.40,10.60,12.87,11.28,12.81,12.94,12.75,12.40,6.39,5.65,5.62,5.46,5.76,6.95,6.99,5.82,5.15,5.29,5.54,5.16,5.76,5.91,5.98,6.13,6.28,5.75,5.76,5.57,5.90,5.95,5.65,5.88,5.14,4.35,4.12,4.12,5.49,5.39,5.78,6.41,9.87,9.04,8.95,8.21,6.34,6.20,6.48,8.23,8.22,8.30,8.70,7.76,9.11,7.36,7.09,6.21,8.75,7.93,7.70,7.83,5.71,5.71,5.59,5.86,6.25,7.27,6.05,6.38,9.21,9.10,9.45,9.65
current ratio,1.9,1.9,1.8,1.6,1.7,1.5,1.6,1.5,1.5,1.6,1.6,1.5,1.6,1.6,1.6,1.5,1.3,1.4,1.1,1.5,1.4,1.4,1.5,1.4,1.5,1.6,1.5,1.5,1.7,1.6,1.6,1.5,1.5,1.6,1.4,1.8,2.0,2.2,2.3,1.9,1.9,1.9,1.7,1.2,1.3,1.3,1.4,1.8,1.9,1.9,1.4,1.5,1.5,1.6,1.7,1.4,1.6,1.7,2.0,1.5,1.6,1.7,1.7,2.0,2.1,2.0,1.9,2.4,2.2,2.6,2.1,1.6,1.6,1.7,1.8
decrease (increase) in other current liabilities,-85.6,-102.2,-100.7,-8.0,19.7,37.4,23.9,-201.9,32.0,56.5,68.2,"-1,266.0",29.2,32.9,23.1,"-1,643.9",31.3,9.2,7.6,-7.3,3.9,31.5,39.4,-59.0,30.3,8.4,-1.0,-52.3,0.0,2.3,0.0,0.0,0.0,22.0,42.9,0.0,0.0,0.0,0.0,0.0,0.0,0.0,0.0,0.0,0.0,0.0,0.0,0.0,0.0,0.0,0.0,0.0,0.0,0.0,0.0,0.0,0.0,0.0,0.0,0.0,0.0,0.0,0.0,0.0,0.0,0.0,0.0,0.0,0.0,0.0,0.0,0.0,0.0,0.0,0.0
decrease (increase) in other working capital,15.9,-44.3,6.8,-136.3,42.9,51.2,0.0,0.0,0.0,0.0,0.0,0.0,0.0,0.0,0.0,0.0,0.0,0.0,0.0,0.0,0.0,0.0,11.6,0.0,-23.4,1.4,-1.5,-22.2,-13.0,24.4,26.4,-19.1,0.0,0.0,0.0,68.6,-71.3,-15.1,1.2,-52.2,18.8,67.1,86.2,-15.9,18.8,64.2,85.2,20.9,52.5,97.4,113.0,74.9,59.0,8.7,13.3,0.6,23.2,76.9,98.9,110.6,58.3,79.8,71.9,-50.4,-11.2,2.7,16.7,-7.0,5.2,-245.5,-254.6,-245.3,43.3,46.4,102.8
decrease (increase) in payables,-110.8,-57.8,-107.8,25.6,-53.6,51.6,-9.8,"-1,180.5",-6.4,-9.8,-67.4,-586.2,-46.0,-15.4,-28.1,-574.5,-25.2,-23.8,-48.6,18.8,-15.1,-22.6,-41.1,-25.9,-2.0,-3.1,-38.4,5.6,-52.2,-56.7,-87.3,-31.5,-64.7,-80.0,-56.1,-76.2,-1.3,-50.3,-25.6,-22.4,-18.6,27.7,-4.1,17.8,-40.1,14.0,8.3,86.8,-20.8,-18.0,-0.9,1.3,3.2,-24.7,36.5,36.4,-59.3,-13.1,43.5,-80.4,-139.0,-194.3,-156.9,-211.7,-6.2,62.7,91.2,161.2,-45.3,-0.7,-5.5,55.2,-22.4,40.3,63.6
deferred income taxes,13.6,39.3,33.9,81.4,-3.9,8.5,38.2,0.0,7.0,7.2,15.8,0.0,-2.5,5.5,-4.9,0.0,5.6,15.6,3.0,12.4,10.5,1.4,-4.9,60.0,2.8,10.6,27.0,98.8,0.0,6.1,14.6,-35.1,6.0,18.0,-2.2,3.7,31.8,61.7,61.6,99.3,15.6,18.2,29.0,27.7,9.6,5.3,5.0,21.5,8.5,10.8,12.6,15.4,-4.1,5.9,5.5,12.4,12.3,4.9,1.7,26.0,-6.0,-9.3,-13.7,8.1,10.2,-34.8,-35.6,-24.8,-8.7,31.1,53.1,62.9,-17.1,-10.1,-31.1
deferred revenues,0.0,0.0,0.0,0.0,0.0,0.0,0.0,0.0,0.0,0.0,0.0,0.0,0.0,0.0,0.0,0.0,0.0,0.0,0.0,0.0,0.0,0.0,0.0,0.0,0.0,0.0,0.0,0.0,0.0,0.0,0.0,0.0,0.0,0.0,0.0,0.0,0.0,0.0,0.0,0.0,0.0,0.0,0.0,0.0,0.0,0.0,0.0,0.0,0.0,0.0,0.0,0.0,0.0,0.0,0.0,0.0,0.0,0.0,0.0,0.0,0.0,0.0,0.0,0.0,0.0,0.0,0.0,0.0,0.0,0.0,0.0,0.0,0.0,0.0,0.0
depreciation,44.3,87.0,201.0,128.2,33.4,106.1,161.2,218.8,59.1,118.0,177.4,233.8,54.9,110.7,165.7,219.6,55.9,114.3,101.1,137.5,35.9,71.8,108.4,147.6,40.0,83.9,129.2,174.4,46.1,92.8,140.0,186.4,30.0,61.0,91.7,121.7,30.7,61.8,91.6,121.4,29.4,57.5,88.8,117.6,29.3,57.5,84.1,111.0,27.0,54.6,85.0,111.7,28.9,57.8,87.7,118.2,33.5,70.3,106.8,143.1,35.2,71.2,108.1,145.6,36.6,74.0,107.7,140.1,31.6,63.6,96.7,132.3,34.1,68.8,104.2
depreciation (unrecognized),67.6,66.5,50.2,52.3,51.5,54.6,55.1,57.6,59.1,58.9,59.4,56.4,54.9,55.8,55.0,53.9,55.9,58.4,-13.2,36.4,35.9,35.9,36.6,39.2,0.0,0.0,0.0,0.0,0.0,0.0,0.0,0.0,0.0,0.0,0.0,0.0,0.0,0.0,0.0,0.0,0.0,0.0,0.0,0.0,0.0,0.0,0.0,0.0,0.0,0.0,0.0,0.0,0.0,0.0,0.0,0.0,0.0,0.0,0.0,0.0,0.0,0.0,0.0,0.0,0.0,0.0,0.0,0.0,0.0,0.0,0.0,0.0,0.0,0.0,0.0
domestic sales,0.0,0.0,0.0,0.0,0.0,0.0,0.0,0.0,0.0,0.0,0.0,0.0,0.0,0.0,0.0,0.0,0.0,0.0,0.0,0.0,0.0,0.0,0.0,0.0,0.0,0.0,0.0,0.0,0.0,0.0,0.0,0.0,0.0,0.0,0.0,0.0,0.0,0.0,0.0,0.0,0.0,0.0,0.0,0.0,0.0,0.0,0.0,0.0,0.0,0.0,0.0,0.0,0.0,0.0,0.0,0.0,0.0,0.0,0.0,0.0,0.0,0.0,0.0,0.0,0.0,0.0,0.0,0.0,0.0,0.0,0.0,0.0,0.0,0.0,0.0
earnings from equity interest,0.0,0.0,0.0,0.0,0.0,0.0,0.0,0.0,0.0,0.0,0.0,0.0,0.0,0.0,0.0,0.0,0.0,0.0,0.0,0.0,0.0,0.0,0.0,0.0,0.0,0.0,0.0,0.0,0.0,0.0,0.0,0.0,0.0,0.0,0.0,0.0,0.0,0.0,0.0,0.0,0.0,0.0,0.0,0.0,0.0,0.0,0.0,0.0,0.0,0.0,0.0,0.0,0.0,0.0,0.0,0.0,0.0,0.0,0.0,0.0,0.0,0.0,0.0,0.0,0.0,0.0,0.0,0.0,0.0,0.0,0.0,0.0,0.0,0.0,0.0
earnings period indicator,Q,S,N,F,Q,S,N,F,Q,S,N,F,Q,S,N,F,Q,S,N,F,Q,S,N,F,Q,S,N,F,Q,S,N,F,Q,S,N,F,Q,S,N,F,Q,S,N,F,Q,S,N,F,Q,S,N,F,Q,S,N,F,Q,S,N,F,Q,S,N,F,Q,S,N,F,Q,S,N,F,Q,S,N
effect exchange rate changes,-0.2,-2.1,-2.6,-3.5,-3.3,0.5,-2.6,5.7,-1.1,-1.0,-0.6,1.4,0.2,0.0,-1.5,-1.8,-1.0,-2.0,-1.2,-0.6,-1.0,-2.0,-1.0,0.5,0.1,0.3,0.2,0.2,-0.1,0.2,0.1,-0.1,-0.2,-2.0,-0.3,-3.9,-1.4,7.5,7.9,20.3,1.7,-2.5,0.2,21.0,0.9,-27.9,-25.7,-19.1,3.7,7.7,11.0,16.1,1.3,3.6,11.0,0.4,7.9,4.7,-12.2,-34.1,-0.2,13.5,8.4,13.2,-3.1,-9.1,8.1,8.9,5.5,8.1,-0.7,-4.1,8.2,-7.6,3.0
effective tax rate,41.6,42.1,42.1,42.0,41.9,41.4,41.4,41.3,41.3,41.3,43.8,43.5,40.5,39.7,36.9,37.0,36.8,36.6,36.1,35.8,36.2,35.9,35.9,36.0,35.8,35.5,35.3,35.0,35.0,35.0,34.7,17.4,15.7,9.4,3.5,23.7,20.9,22.6,21.5,20.8,20.8,20.0,20.3,20.7,21.1,21.4,21.5,21.0,22.1,23.2,24.3,25.2,25.7,17.4,17.6,16.2,16.3,24.3,22.8,23.7,21.3,17.6,16.7,14.3,16.2,13.6,15.5,16.3,14.8,17.3,15.9,15.8,16.9,16.6,18.3
excise taxes,0.0,0.0,0.0,0.0,0.0,0.0,0.0,0.0,0.0,0.0,0.0,0.0,0.0,0.0,0.0,0.0,0.0,0.0,0.0,0.0,0.0,0.0,0.0,0.0,0.0,0.0,0.0,0.0,0.0,0.0,0.0,0.0,0.0,0.0,0.0,0.0,0.0,0.0,0.0,0.0,0.0,0.0,0.0,0.0,0.0,0.0,0.0,0.0,0.0,0.0,0.0,0.0,0.0,0.0,0.0,0.0,0.0,0.0,0.0,0.0,0.0,0.0,0.0,0.0,0.0,0.0,0.0,0.0,0.0,0.0,0.0,0.0,0.0,0.0,0.0
extraordinary gains,0.0,0.0,0.0,0.0,0.0,0.0,0.0,0.0,0.0,0.0,0.0,0.0,0.0,0.0,0.0,0.0,0.0,0.0,0.0,-87.1,0.0,0.0,0.0,0.0,0.0,0.0,0.0,0.0,0.0,0.0,0.0,0.0,0.0,0.0,0.0,0.0,0.0,0.0,0.0,0.0,0.0,0.0,0.0,0.0,0.0,0.0,0.0,0.0,0.0,0.0,0.0,0.0,0.0,0.0,0.0,0.0,0.0,0.0,0.0,0.0,0.0,0.0,0.0,0.0,0.0,0.0,0.0,0.0,0.0,0.0,0.0,0.0,0.0,0.0,0.0
extraordinary income/losses,0.0,0.0,0.0,0.0,0.0,0.0,0.0,0.0,0.0,0.0,0.0,0.0,0.0,0.0,0.0,0.0,0.0,0.0,0.0,0.0,0.0,0.0,0.0,0.0,0.0,0.0,0.0,0.0,0.0,0.0,0.0,0.0,0.0,0.0,0.0,0.0,0.0,0.0,0.0,0.0,0.0,0.0,0.0,0.0,0.0,0.0,0.0,0.0,0.0,0.0,0.0,0.0,0.0,0.0,0.0,0.0,0.0,0.0,0.0,0.0,0.0,0.0,0.0,0.0,0.0,0.0,0.0,0.0,0.0,0.0,0.0,0.0,0.0,0.0,0.0
foreign sales,0.0,0.0,0.0,0.0,0.0,0.0,0.0,0.0,0.0,0.0,0.0,0.0,0.0,0.0,0.0,0.0,0.0,0.0,0.0,0.0,0.0,0.0,0.0,0.0,0.0,0.0,0.0,0.0,0.0,0.0,0.0,0.0,0.0,0.0,0.0,0.0,0.0,0.0,0.0,0.0,0.0,0.0,0.0,0.0,0.0,0.0,0.0,0.0,0.0,0.0,0.0,0.0,0.0,0.0,0.0,0.0,0.0,0.0,0.0,0.0,0.0,0.0,0.0,0.0,0.0,0.0,0.0,0.0,0.0,0.0,0.0,0.0,0.0,0.0,0.0
free cash flow,-194.1,-238.2,-239.9,-334.1,-41.3,146.2,135.5,150.2,64.2,60.6,102.0,217.9,-75.7,-52.8,35.5,141.2,-261.1,-59.7,-225.2,-264.2,-35.0,-48.1,-87.7,-322.9,-174.0,-599.1,-531.6,-383.3,-95.5,17.0,95.6,185.8,-1.4,94.0,163.3,275.2,-61.8,19.7,104.6,235.7,3.1,105.1,198.5,191.2,-36.7,61.7,122.5,331.6,-108.9,-17.3,-65.8,98.7,-111.6,-95.2,61.6,-100.7,20.8,-145.0,365.8,582.2,77.8,214.0,420.1,396.4,20.8,114.0,149.9,331.4,-72.4,-173.8,-299.3,-56.1,-85.2,-15.9,150.3
free cash flow per share,-1.68,-2.06,-2.08,-2.86,-0.35,1.36,1.19,1.39,0.60,0.56,0.94,1.01,-0.32,-0.22,0.15,0.59,-1.08,-0.26,-1.09,-1.40,-0.19,-0.25,-0.47,-1.71,-0.93,-3.21,-2.85,-2.05,-0.51,0.09,0.51,0.99,-0.01,0.50,0.88,1.48,-0.34,0.11,0.56,1.27,0.02,0.57,1.08,1.03,-0.20,0.33,0.67,1.81,-0.59,-0.09,-0.36,0.54,-0.61,-0.52,0.34,-0.56,0.10,-0.71,1.79,3.48,0.47,1.28,2.52,2.37,0.12,0.68,0.92,2.02,-0.44,-1.05,-1.89,-0.35,-0.54,-0.10,0.93
gross fixed assets,"2,618.5","2,665.6","2,101.6","2,126.3","2,153.1","2,203.5","2,183.9","2,268.3","2,252.5","2,251.2","2,200.2","1,409.9","1,400.5","2,282.2","2,297.2","1,353.3","2,420.0","2,437.6","1,608.6","1,629.8","1,626.6","1,638.6","1,681.7","1,692.6","1,752.5","1,818.8","1,827.3","1,882.3","1,881.0","1,876.9","1,866.2","1,895.8","1,875.9","1,858.0","1,833.9","1,861.7","1,847.0","1,841.0","1,827.8","1,920.4","1,908.4","1,887.5","1,883.6","2,008.6","2,000.3","1,998.1","1,991.9","2,010.9","2,008.9","2,002.0","2,000.0","2,087.4","2,092.2","2,102.6","2,123.8","2,268.2","2,311.5","2,316.9","2,297.5","2,345.1",715.3,728.9,709.6,"2,322.6",691.9,584.6,589.8,"1,884.7",614.3,611.1,615.7,"1,953.6",640.3,643.3,664.4
gross margin,0.0,0.0,0.0,0.0,0.0,0.0,0.0,0.0,0.0,0.0,0.0,0.0,0.0,0.0,0.0,0.0,0.0,0.0,0.0,0.0,0.0,0.0,0.0,0.0,363.8,402.9,402.6,388.2,357.5,359.7,353.2,320.9,303.6,315.0,319.7,312.4,313.8,325.3,333.7,338.1,352.0,362.2,373.1,373.5,386.5,402.7,408.9,399.5,421.1,445.1,457.8,455.9,478.0,511.3,523.1,542.2,557.4,597.6,594.2,518.5,407.2,420.8,446.8,456.6,444.1,479.1,452.8,449.4,465.6,493.8,491.6,478.2,515.4,555.1,551.0
gross profit margin,32.4,32.2,33.0,34.0,32.7,33.2,32.8,33.8,33.8,33.8,33.9,34.8,35.8,36.0,36.3,35.1,35.2,35.2,34.3,35.5,34.3,34.4,35.7,35.3,35.2,34.9,35.0,34.9,34.3,34.1,33.7,33.1,32.7,32.2,31.8,31.6,32.0,32.2,32.1,32.3,32.4,32.5,32.7,32.7,32.9,33.2,33.5,33.8,33.8,34.0,34.3,34.3,34.4,34.5,34.5,34.7,35.2,35.2,35.0,34.8,34.0,33.6,33.6,34.2,35.1,35.8,36.2,36.0,36.1,36.2,35.9,35.7,35.8,36.2,36.6
income before income taxes,84.8,146.4,127.7,148.2,94.2,140.4,0.0,0.0,0.0,0.0,0.0,0.0,0.0,0.0,0.0,0.0,0.0,0.0,0.0,0.0,0.0,0.0,0.0,0.0,129.1,143.0,140.5,137.3,86.8,104.6,111.9,13.1,71.5,89.0,82.9,36.4,70.7,94.1,88.3,93.4,97.1,104.9,113.2,113.3,111.9,123.9,129.9,129.3,144.5,160.8,172.6,169.8,180.8,200.4,227.7,217.3,207.5,228.1,232.6,139.0,91.1,108.7,136.4,146.5,146.8,37.1,179.1,167.1,181.3,199.4,188.9,187.6,196.9,230.0,240.3
income from cum. effect of acct. change,0.0,0.0,0.0,0.0,0.0,0.0,0.0,0.0,0.0,0.0,0.0,0.0,0.0,0.0,0.0,0.0,0.0,0.0,0.0,0.0,0.0,0.0,0.0,0.0,0.0,0.0,0.0,0.0,0.0,0.0,0.0,0.0,0.0,0.0,0.0,0.0,0.0,0.0,0.0,0.0,0.0,0.0,0.0,0.0,0.0,0.0,0.0,0.0,0.0,0.0,0.0,0.0,0.0,0.0,0.0,0.0,0.0,0.0,0.0,0.0,0.0,0.0,0.0,0.0,0.0,0.0,0.0,0.0,0.0,0.0,0.0,0.0,0.0,0.0,0.0
income from tax loss carryforward,0.0,0.0,0.0,0.0,0.0,0.0,0.0,0.0,0.0,0.0,0.0,0.0,0.0,0.0,0.0,0.0,0.0,0.0,0.0,0.0,0.0,0.0,0.0,0.0,0.0,0.0,0.0,0.0,0.0,0.0,0.0,0.0,0.0,0.0,0.0,0.0,0.0,0.0,0.0,0.0,0.0,0.0,0.0,0.0,0.0,0.0,0.0,0.0,0.0,0.0,0.0,0.0,0.0,0.0,0.0,0.0,0.0,0.0,0.0,0.0,0.0,0.0,0.0,0.0,0.0,0.0,0.0,0.0,0.0,0.0,0.0,0.0,0.0,0.0,0.0
income per employee,None,None,None,-488,None,None,None,2327,None,None,None,7439,None,None,None,9578,None,None,None,15053,None,None,None,11027,None,None,None,10435,None,None,None,7579,None,None,None,7508,None,None,None,5455,None,None,None,12649,None,None,None,5671,None,None,None,16511,None,None,None,21975,None,None,None,20263,None,None,None,15541,None,None,None,17899,None,None,None,32095,None,None,None
income taxes,36.4,62.8,51.9,62.7,38.9,57.6,47.7,53.2,43.6,61.3,76.1,61.6,47.6,64.7,62.9,56.9,54.0,62.3,37.9,71.3,42.6,49.4,47.4,47.3,45.2,50.1,49.1,48.1,30.4,36.6,37.6,-49.5,22.7,16.0,19.7,8.6,14.1,21.7,17.7,18.7,19.4,21.0,23.9,24.4,24.1,26.6,27.9,25.3,36.8,41.0,44.4,41.2,48.9,-8.8,55.8,38.0,54.1,66.2,43.4,27.9,9.9,19.4,22.1,17.7,28.2,-4.5,37.4,25.2,25.5,38.0,28.7,27.7,36.2,41.0,51.9
"income, acquired in process r&a;",0.0,0.0,0.0,0.0,0.0,0.0,0.0,0.0,0.0,0.0,0.0,0.0,0.0,0.0,0.0,0.0,0.0,0.0,0.0,0.0,0.0,0.0,0.0,0.0,0.0,0.0,0.0,0.0,0.0,0.0,0.0,0.0,0.0,0.0,0.0,0.0,0.0,0.0,0.0,0.0,0.0,0.0,0.0,0.0,0.0,0.0,0.0,0.0,0.0,0.0,0.0,0.0,0.0,0.0,0.0,0.0,0.0,0.0,0.0,0.0,0.0,0.0,0.0,0.0,0.0,0.0,0.0,0.0,0.0,0.0,0.0,0.0,0.0,0.0,0.0
intangibles,"2,582.1","2,595.9","1,933.0","2,153.9","2,128.9","2,124.4","2,106.0","2,226.0","2,234.5","2,235.6","2,188.3","2,154.9","2,116.7","2,152.8","2,160.0","2,389.9","2,566.0","2,562.6","1,454.9","1,478.0","1,453.9","1,462.7","1,516.1","1,739.0",0.0,0.0,0.0,0.0,0.0,0.0,0.0,"1,958.7","1,952.4","1,974.0","1,983.8","1,996.2","1,994.1","2,024.6","2,022.4","2,056.6","2,079.9","2,066.8","2,069.1","2,142.3","2,124.6","2,100.5","2,090.0","2,084.0",0.0,0.0,0.0,0.0,0.0,0.0,0.0,0.0,0.0,0.0,0.0,0.0,0.0,0.0,0.0,0.0,301.4,314.4,311.8,333.6,331.9,330.6,372.6,380.4,417.3,417.5,431.8
intangibles as % of book-value,90.8,88.9,72.6,79.5,102.3,134.5,126.8,129.7,125.2,121.0,118.5,114.0,101.6,84.1,85.6,92.8,96.8,101.8,67.2,94.5,91.3,88.5,89.5,99.8,100.7,112.4,108.3,105.7,103.2,100.1,98.4,96.8,97.3,96.1,96.8,99.7,98.7,96.9,93.0,97.1,99.3,98.3,96.3,93.7,90.6,88.0,87.3,94.5,94.0,95.4,98.6,94.4,93.8,87.6,90.7,89.4,100.4,95.8,90.1,98.5,97.1,95.5,91.8,89.2,96.9,85.7,87.0,83.9,75.9,73.7,83.6,81.8,80.4,77.3,73.9
interest as % of invested capital,2.1,1.9,2.1,1.8,2.4,3.4,3.8,4.2,4.0,3.8,3.9,3.9,3.7,3.2,2.8,2.3,2.2,2.3,2.6,4.4,3.9,3.2,2.2,2.1,2.1,2.2,2.8,3.1,3.2,3.2,2.9,2.7,2.5,2.3,2.4,2.3,2.3,2.4,2.3,2.1,2.1,2.0,2.0,2.3,2.3,2.2,2.2,2.0,1.8,1.6,1.7,1.6,1.6,1.4,1.4,1.4,1.3,1.4,1.5,2.0,2.0,1.9,1.8,1.6,1.5,1.3,1.3,1.1,1.1,1.1,1.3,1.4,1.3,1.2,1.1
interest coverage (cont. operations),7.5,7.4,7.5,7.9,6.2,5.3,4.7,4.2,4.3,4.4,4.7,4.9,5.3,6.0,6.9,7.9,8.5,8.0,6.4,6.1,7.6,8.5,12.0,10.4,9.8,8.2,7.1,6.5,5.7,5.6,5.7,4.7,4.9,5.0,4.6,4.8,4.6,4.6,4.7,5.7,6.2,6.6,7.1,7.3,7.4,7.7,8.0,8.6,9.9,11.5,12.8,13.6,14.1,14.7,16.2,17.2,17.1,16.1,15.0,12.5,10.8,9.3,8.1,8.9,10.2,9.7,11.1,11.7,11.6,13.3,12.7,13.0,13.6,14.6,15.9
interest expense,20.9,21.5,18.8,21.4,38.3,39.5,37.0,36.3,37.6,36.8,35.4,32.3,29.6,21.3,19.4,20.1,25.3,27.4,34.8,14.4,13.2,12.2,13.7,16.1,18.3,26.6,28.6,26.8,25.1,22.4,18.8,18.4,16.9,17.0,19.6,20.6,20.1,19.5,18.3,16.2,17.1,17.2,17.0,16.8,17.8,17.7,16.5,12.8,12.1,12.4,14.0,13.0,12.9,12.9,12.3,12.9,14.9,18.3,17.3,19.9,15.2,16.3,15.9,14.0,12.4,11.5,12.3,13.2,16.3,17.1,16.4,13.4,14.6,14.8,14.6
interest income,0.0,0.0,0.0,0.0,0.0,0.0,0.0,0.0,0.0,0.0,0.0,0.0,0.0,0.0,0.0,0.0,0.0,0.0,0.0,0.0,0.0,0.0,0.0,0.0,0.0,0.0,0.0,0.0,0.0,0.0,0.0,0.0,0.0,0.0,0.0,0.0,0.0,0.0,0.0,28.6,0.0,0.0,0.0,0.0,0.0,0.0,0.0,0.0,0.0,0.0,0.0,0.0,0.0,0.0,0.0,0.0,0.0,0.0,0.0,0.0,0.0,0.0,0.0,0.0,0.0,0.0,0.0,0.0,0.0,0.0,0.0,0.0,0.0,0.0,0.0
inventories,"1,315.2","1,364.7","1,017.9",988.5,"1,023.7","1,002.4",959.0,963.5,981.2,983.8,981.2,971.1,986.5,933.4,935.8,958.2,"1,005.6",999.5,522.0,533.3,552.0,534.6,540.7,569.3,661.8,727.5,720.2,706.9,737.3,734.6,700.4,670.9,657.4,616.0,607.5,580.5,630.1,611.3,568.3,552.0,570.0,576.2,543.4,523.0,579.7,590.5,576.1,538.7,609.9,631.1,642.2,607.6,672.4,665.9,665.9,643.7,742.1,749.5,716.1,641.8,610.4,547.2,502.7,483.9,502.9,448.7,477.8,438.9,489.8,505.4,506.3,466.3,534.1,544.4,542.8
"inventories, finished goods",773.0,794.1,567.7,563.7,575.5,551.2,0.0,0.0,0.0,0.0,0.0,0.0,0.0,0.0,0.0,0.0,0.0,0.0,0.0,0.0,0.0,0.0,0.0,0.0,350.9,409.3,405.6,404.5,416.2,412.8,403.7,374.0,374.1,373.0,406.5,389.1,424.0,401.5,349.5,346.3,345.8,350.9,336.8,320.2,340.3,336.5,337.2,303.7,347.2,372.7,383.2,366.3,384.7,375.1,402.2,396.2,454.0,467.4,452.4,405.0,405.5,360.8,328.6,316.7,323.9,292.4,303.3,288.5,310.0,317.4,314.4,295.2,311.5,327.3,317.7
"inventories, other",57.3,59.8,56.9,55.4,56.6,58.0,0.0,0.0,0.0,0.0,0.0,0.0,0.0,0.0,0.0,0.0,0.0,0.0,0.0,0.0,0.0,0.0,0.0,0.0,20.0,20.5,20.7,20.5,19.8,21.6,21.4,21.4,21.0,22.0,21.4,20.8,21.3,21.3,20.6,20.6,21.0,20.8,14.3,13.2,13.4,14.2,14.3,14.4,14.2,14.4,14.1,14.6,15.3,14.8,15.0,15.0,14.9,14.6,14.0,0.0,0.0,0.0,0.0,0.0,0.0,0.0,0.0,0.0,0.0,0.0,0.0,0.0,0.0,0.0,0.0
"inventories, purchased components",0.0,0.0,0.0,0.0,0.0,0.0,0.0,0.0,0.0,0.0,0.0,0.0,0.0,0.0,0.0,0.0,0.0,0.0,0.0,0.0,0.0,0.0,0.0,0.0,0.0,0.0,0.0,0.0,0.0,0.0,0.0,0.0,0.0,0.0,0.0,0.0,0.0,0.0,0.0,0.0,0.0,0.0,0.0,0.0,0.0,0.0,0.0,0.0,0.0,0.0,0.0,0.0,0.0,0.0,0.0,0.0,0.0,0.0,0.0,0.0,0.0,0.0,0.0,0.0,0.0,0.0,0.0,0.0,0.0,0.0,0.0,0.0,0.0,0.0,0.0
"inventories, raw materials",318.1,338.4,281.4,265.1,297.4,294.9,0.0,0.0,0.0,0.0,0.0,0.0,0.0,0.0,0.0,0.0,0.0,0.0,0.0,0.0,0.0,0.0,0.0,0.0,222.1,229.7,234.8,230.1,238.9,237.9,216.2,223.6,211.2,197.0,191.4,184.3,180.1,173.5,183.3,182.8,187.0,193.0,190.3,185.2,213.5,209.6,201.0,206.1,220.5,217.3,213.0,204.2,240.6,238.3,230.8,221.5,252.7,252.3,241.5,253.2,234.1,224.4,210.1,199.1,195.2,178.1,186.6,176.2,192.4,203.2,213.7,201.9,229.1,227.8,233.9
"inventories, work in progress",374.8,379.1,218.8,203.5,205.2,209.5,0.0,0.0,0.0,0.0,0.0,0.0,0.0,0.0,0.0,0.0,0.0,0.0,0.0,0.0,0.0,0.0,0.0,0.0,146.8,145.9,137.0,134.6,140.7,141.2,138.0,132.2,129.2,103.0,103.6,99.5,117.3,125.9,127.3,113.9,126.0,121.1,119.3,118.6,129.0,152.0,147.9,137.9,158.7,162.2,171.4,160.7,178.5,189.8,186.4,178.8,201.0,199.7,191.7,163.2,171.3,160.7,158.9,150.3,154.9,102.0,109.8,97.9,111.0,118.2,118.9,110.1,131.1,128.3,133.6
inventory as % of revenue,21.5,22.8,18.4,21.5,20.6,21.0,19.8,19.7,19.3,19.0,18.5,18.4,18.4,17.4,17.5,18.1,18.9,18.7,10.5,14.6,13.3,14.5,14.4,14.7,16.6,17.3,16.5,15.9,16.3,16.6,16.2,15.9,16.1,15.3,15.3,14.7,16.0,15.5,14.2,13.6,13.7,13.5,12.5,11.7,12.8,12.8,12.3,11.4,12.6,12.8,12.8,11.7,12.6,12.1,11.7,10.9,12.3,11.9,10.9,9.8,9.8,9.5,9.4,9.5,10.0,8.8,9.4,8.7,9.6,9.8,9.6,8.6,9.6,9.7,9.5
inventory turnover,3.0,2.9,3.2,2.7,2.9,2.7,3.3,3.3,3.4,3.5,3.6,3.6,3.5,3.6,3.6,3.6,3.5,3.6,4.5,3.2,3.5,3.2,4.5,4.5,4.3,4.3,4.5,4.5,4.2,4.0,4.0,4.1,3.9,4.0,4.1,4.3,4.2,4.4,4.6,4.9,4.7,4.9,5.3,5.6,5.3,5.3,5.6,5.9,5.4,5.3,5.4,5.9,5.5,5.6,5.7,6.2,5.5,5.8,6.2,6.6,6.1,5.9,5.8,5.9,5.9,6.6,6.6,7.0,6.6,6.9,6.9,7.7,6.9,6.9,6.9
invested capital,"4,438.3","4,582.1","3,948.7","4,103.0","4,153.6","3,465.4","3,542.4","3,581.7","3,778.3","3,864.5","3,704.5","3,627.9","3,663.9","3,668.7","3,622.2","3,848.8","3,986.3","4,059.5","4,191.7","2,338.1","2,315.7","2,365.5","2,411.2","2,637.6","2,881.5","3,322.2","3,218.7","3,205.0","3,339.9","3,244.5","3,233.1","3,130.2","3,065.9","3,149.0","3,041.1","3,283.1","3,296.3","3,391.8","3,482.8","3,454.9","3,432.2","3,392.3","3,296.1","2,985.1","3,038.5","3,082.2","3,073.9","3,208.1","3,293.0","3,286.1","3,051.0","3,178.1","3,251.3","3,661.9","3,624.5","3,751.8","3,934.2","4,070.4","4,154.7","3,539.9","3,556.8","3,694.8","3,794.4","3,886.0","3,923.1","4,102.7","3,951.2","4,626.5","5,004.7","5,127.6","4,873.9","4,632.2","4,812.1","4,946.8","5,233.6"
issuance of capital stock,10.4,14.0,19.8,21.7,7.9,10.5,6.5,0.0,0.0,1.8,1.8,0.0,1.4,7.9,0.0,0.0,24.8,39.0,39.9,0.0,2.3,6.6,29.9,30.7,0.6,1.0,1.4,1.9,1.4,2.1,40.6,41.0,0.5,0.0,2.7,3.2,0.4,2.1,41.4,63.2,0.0,24.1,37.2,78.4,0.0,41.2,54.7,72.7,53.2,69.9,81.1,89.2,21.5,49.5,54.7,68.3,6.0,10.8,17.0,17.1,2.4,3.5,4.5,20.1,13.7,30.7,34.5,81.4,33.4,48.5,54.8,70.7,17.0,47.6,120.2
issuance of debt,383.3,484.5,484.8,722.0,41.4,55.9,254.7,0.0,124.9,306.4,314.1,0.0,104.6,160.0,287.2,212.9,287.9,582.2,"1,216.5","1,220.7",0.0,6.3,6.3,250.9,208.7,628.1,628.7,878.5,135.9,135.9,136.9,136.9,33.3,333.0,333.3,601.8,0.3,4.3,4.3,4.3,1.0,2.0,2.2,94.3,0.0,0.0,1.4,326.4,0.0,0.0,0.0,0.0,0.0,316.7,316.7,557.3,298.1,298.1,298.1,298.1,0.0,0.0,0.0,0.0,0.0,0.7,0.0,494.9,0.0,5.2,-4.6,0.0,0.2,-1.3,-2.0
land and improvements,0.0,0.0,0.0,83.7,0.0,0.0,0.0,0.0,0.0,0.0,0.0,0.0,0.0,0.0,0.0,0.0,0.0,0.0,0.0,0.0,0.0,0.0,0.0,0.0,0.0,0.0,0.0,51.5,0.0,0.0,0.0,53.0,0.0,0.0,0.0,55.8,0.0,0.0,0.0,58.8,0.0,0.0,0.0,69.2,0.0,0.0,0.0,60.6,0.0,0.0,0.0,61.5,0.0,0.0,0.0,83.7,0.0,0.0,0.0,71.6,0.0,0.0,0.0,68.7,0.0,0.0,0.0,58.0,0.0,0.0,0.0,59.0,0.0,0.0,0.0
leverage ratio,2.5,2.4,2.3,2.4,3.1,3.7,3.5,3.5,3.4,3.3,3.2,3.1,2.8,2.3,2.3,2.3,2.4,2.6,2.7,2.4,2.4,2.3,2.3,2.4,2.5,2.7,2.6,2.5,2.5,2.4,2.3,2.3,2.3,2.2,2.2,2.3,2.2,2.2,2.2,2.3,2.3,2.3,2.3,2.3,2.2,2.2,2.1,2.4,2.3,2.3,2.3,2.2,2.2,2.2,2.1,2.2,2.3,2.2,2.2,2.4,2.3,2.2,2.2,2.0,2.0,2.0,2.0,2.1,1.9,1.8,1.8,1.8,1.8,1.8,1.7
loans receivable,0.0,0.0,0.0,0.0,0.0,0.0,0.0,0.0,0.0,0.0,0.0,0.0,0.0,0.0,0.0,0.0,0.0,0.0,0.0,0.0,0.0,0.0,0.0,0.0,0.0,0.0,0.0,0.0,0.0,0.0,0.0,0.0,0.0,0.0,0.0,0.0,0.0,0.0,0.0,0.0,0.0,0.0,0.0,0.0,0.0,0.0,0.0,0.0,0.0,0.0,0.0,0.0,0.0,0.0,0.0,0.0,0.0,0.0,0.0,0.0,0.0,0.0,0.0,0.0,0.0,0.0,0.0,0.0,0.0,0.0,0.0,0.0,0.0,0.0,0.0
long-term debt,"1,560.3","1,627.4","1,254.6","1,361.9","2,072.1","1,886.2","1,882.0","1,865.3","1,993.6","2,017.1","1,858.0","1,737.7","1,580.1","1,109.0","1,098.5","1,272.2","1,334.7","1,542.0","2,025.7",774.5,723.8,713.4,717.0,894.5,"1,129.7","1,527.7","1,375.5","1,300.8","1,414.1","1,276.3","1,224.7","1,107.0","1,059.8","1,094.0",990.9,"1,280.7","1,275.6","1,301.9","1,308.4","1,336.7","1,336.7","1,289.4","1,146.9",698.6,693.9,694.9,680.5,"1,002.9","1,002.1","1,000.8",703.3,702.8,706.4,907.0,910.0,909.9,"1,207.4","1,207.5","1,207.5",932.5,924.6,924.7,922.6,922.7,922.8,"1,068.7",923.1,"1,420.4","1,418.8","1,419.1","1,420.9","1,096.2","1,096.4","1,096.5","1,096.7"
long-term debt per share,13.47,14.10,10.87,11.65,17.70,17.53,16.60,17.28,18.56,18.67,17.20,8.04,6.68,4.54,4.54,5.29,5.53,6.62,9.79,4.11,3.83,3.78,3.81,4.75,6.06,8.19,7.37,6.96,7.55,6.81,6.54,5.90,5.69,5.87,5.31,6.87,6.95,7.07,7.02,7.18,7.24,7.03,6.25,3.77,3.74,3.75,3.71,5.48,5.42,5.47,3.87,3.85,3.86,4.94,5.05,5.07,5.93,5.92,5.92,5.58,5.55,5.55,5.53,5.51,5.51,6.41,5.67,8.65,8.60,8.60,8.99,6.92,6.89,6.86,6.78
marketable securities,0.0,0.0,0.0,0.0,0.0,0.0,0.0,0.0,0.0,0.0,0.0,0.0,0.0,0.0,0.0,0.0,0.0,0.0,0.0,0.0,0.0,0.0,0.0,0.0,0.0,0.0,0.0,0.0,0.0,0.0,0.0,0.0,0.0,0.0,0.0,0.0,0.0,0.0,0.0,0.0,0.0,0.0,0.0,0.0,0.0,0.0,0.0,0.0,0.0,0.0,0.0,0.0,0.0,0.0,0.0,93.7,65.0,51.3,35.6,21.9,15.6,12.6,3.6,0.0,0.0,0.0,0.0,0.0,0.0,0.0,0.0,0.0,0.0,0.0,0.0
minority interest,0.0,0.0,0.0,0.0,0.0,0.0,0.0,0.0,0.0,0.0,0.0,0.0,0.0,0.0,0.0,0.0,0.0,0.0,0.0,0.0,0.0,0.0,0.0,0.0,0.0,0.0,0.0,0.0,0.0,0.0,0.0,0.0,0.0,0.0,0.0,0.0,0.0,0.0,0.0,0.0,0.0,0.0,0.0,0.0,0.0,0.0,0.0,0.0,0.0,0.0,0.0,0.0,0.0,0.0,0.0,0.0,0.0,0.0,0.0,0.0,0.0,0.0,0.0,0.0,0.0,0.0,0.0,0.0,0.0,0.0,0.0,0.0,0.0,0.0,0.0
minority interest liability,0.0,0.0,0.0,0.0,0.0,0.0,0.0,0.0,0.0,0.0,0.0,0.0,0.0,0.0,0.0,0.0,0.0,0.0,0.0,0.0,0.0,0.0,0.0,0.0,0.0,0.0,0.0,0.0,0.0,0.0,0.0,0.0,0.0,0.0,0.0,0.0,0.0,0.0,0.0,0.0,0.0,0.0,0.0,0.0,0.0,0.0,0.0,0.0,0.0,0.0,0.0,0.0,0.0,0.0,0.0,0.0,0.0,0.0,0.0,0.0,0.0,0.0,0.0,0.0,0.0,0.0,0.0,0.0,0.0,0.0,0.0,0.0,0.0,0.0,0.0
net cash from continuing operations,-66.2,-10.4,106.0,320.7,86.7,376.3,443.2,550.3,137.4,218.7,348.7,562.4,6.9,122.4,295.1,494.3,10.0,119.8,190.3,332.9,31.8,135.0,246.1,401.9,45.4,123.8,257.4,502.6,-34.5,140.1,277.2,422.4,45.8,187.0,305.0,479.8,-10.3,118.1,255.6,445.3,62.8,219.3,360.5,473.6,20.2,181.4,300.5,573.5,25.6,176.0,354.4,581.1,73.7,209.3,463.3,795.3,65.2,265.3,586.4,896.4,165.2,376.1,638.4,751.9,83.6,251.8,397.0,700.5,0.0,-22.0,177.0,561.3,51.7,256.2,545.2
net cash from discontinued operations,0.0,0.0,0.0,40.4,-27.7,-47.7,-47.7,-47.7,0.0,0.0,0.0,0.0,0.0,0.0,0.0,0.0,0.0,0.0,72.5,-12.2,0.0,0.0,0.0,0.0,0.0,0.0,0.0,0.0,0.0,0.0,0.0,0.0,0.0,0.0,0.0,0.0,0.0,0.0,0.0,0.0,0.0,0.0,0.0,0.0,0.0,0.0,0.0,0.0,0.0,0.0,20.3,20.3,0.0,0.0,0.0,0.0,0.0,0.0,-16.6,0.0,0.0,0.0,0.0,0.0,0.0,0.0,0.0,0.0,0.0,0.0,0.0,0.0,0.0,0.0,0.0
net fixed assets,"1,484.5","1,531.6","1,158.0","1,187.5","1,187.8","1,199.4","1,179.8","1,232.1","1,216.3","1,215.0","1,164.0","1,241.3","1,231.9","1,132.0","1,147.0","1,198.8","1,205.2","1,222.0",701.9,710.5,700.8,709.2,733.9,768.0,805.0,856.9,853.7,870.4,869.1,865.0,854.3,826.8,806.9,789.0,764.9,750.2,735.5,729.5,716.3,711.4,699.4,678.5,674.6,696.4,688.1,685.9,679.7,673.7,671.7,664.8,662.8,665.4,670.2,680.6,701.8,719.8,763.1,768.5,749.1,728.2,715.3,728.9,709.6,731.7,691.9,584.6,589.8,608.3,614.3,611.1,615.7,625.4,640.3,643.3,664.4
net income (continuing operations),48.4,83.6,75.8,85.5,55.3,82.8,69.3,73.2,62.1,88.3,77.3,87.7,77.7,105.5,102.5,108.9,92.0,106.0,67.3,128.9,75.6,88.0,84.4,83.9,83.9,92.9,91.4,89.2,56.4,68.0,74.3,62.6,48.8,74.0,63.2,27.8,56.6,72.4,70.6,74.7,77.7,83.9,89.3,88.9,87.8,97.3,102.0,104.0,107.7,119.8,128.2,128.6,131.9,209.2,171.9,179.3,153.4,161.9,189.2,111.1,81.2,89.3,114.3,128.8,118.6,41.6,141.7,141.9,155.8,161.4,160.2,159.9,160.7,189.0,188.4
net income (discontinued operations),0.0,0.0,-313.2,0.0,0.0,-186.6,0.0,0.0,0.0,0.0,0.0,0.0,0.0,0.0,0.0,0.0,0.0,0.0,25.9,2.9,0.0,0.0,0.0,0.0,0.0,0.0,0.0,0.0,0.0,0.0,0.0,-30.0,0.0,0.0,0.0,0.0,0.0,0.0,0.0,-126.0,0.0,0.0,0.0,0.0,0.0,0.0,0.0,-227.2,0.0,20.3,0.0,0.0,0.0,0.0,0.0,0.0,0.0,0.0,16.6,0.0,18.9,0.0,6.6,0.0,0.0,0.0,0.0,0.0,190.3,0.0,0.0,0.0,0.0,0.0,0.0
net income available for common,35.1,70.3,62.5,72.1,55.3,82.8,69.3,73.2,62.1,88.3,77.3,87.7,77.7,105.5,102.5,108.9,92.0,106.0,67.3,128.9,75.6,88.0,84.4,83.9,83.9,92.9,91.4,89.2,56.4,68.0,74.3,62.6,48.8,74.0,63.2,27.8,56.6,72.4,70.6,74.7,77.7,83.9,89.3,88.9,87.8,97.3,102.0,104.0,107.7,119.8,128.2,128.6,131.9,209.2,171.9,179.3,153.4,161.9,189.2,111.1,81.2,89.3,114.3,128.8,118.6,41.6,141.7,141.9,155.8,161.4,160.2,159.9,160.7,189.0,188.4
net income/loss,48.4,132.0,-105.4,-19.9,55.3,-48.5,20.8,94.0,62.1,150.4,227.7,315.4,77.7,183.2,285.7,394.6,92.0,198.0,291.2,423.0,75.6,163.6,248.0,331.9,83.9,176.8,268.2,357.4,56.4,124.4,198.7,261.3,48.8,123.0,185.9,213.7,56.6,129.0,199.6,274.3,77.7,161.6,250.9,339.8,87.8,185.1,287.1,391.1,107.7,227.5,335.4,464.0,131.9,341.1,513.0,692.3,153.4,315.3,521.1,632.2,100.1,189.4,310.3,439.1,118.6,160.2,301.9,443.8,346.1,507.5,667.7,827.6,160.7,349.7,538.1
net profit margin,5.8,5.6,-0.1,-0.4,-0.3,-4.2,2.2,1.9,2.0,5.6,5.7,6.0,6.2,6.5,7.0,7.5,7.7,7.6,8.0,11.6,9.8,10.5,10.1,8.6,8.5,8.2,8.1,8.0,7.3,6.9,6.7,5.5,5.5,5.7,5.5,5.4,5.6,5.6,5.7,3.7,4.1,4.2,4.6,7.6,7.7,7.9,8.0,3.5,3.8,4.6,5.0,9.7,9.9,10.8,11.3,11.7,11.8,10.6,10.7,9.7,9.3,8.8,7.9,8.7,9.1,8.0,8.5,8.8,13.1,15.4,15.3,15.3,11.6,11.9,12.2
non-current deferred income taxes,284.0,338.7,308.6,312.7,278.9,396.7,0.0,0.0,0.0,0.0,0.0,0.0,0.0,0.0,0.0,0.0,0.0,0.0,0.0,0.0,0.0,0.0,0.0,0.0,170.6,191.7,207.4,170.3,174.2,174.1,160.4,174.7,160.3,160.0,216.2,252.5,239.9,192.1,211.1,236.5,227.9,216.3,227.0,283.5,283.5,280.6,273.9,326.3,289.0,284.4,334.4,178.8,0.0,235.6,0.0,280.3,0.0,382.0,0.0,496.7,531.2,468.1,456.8,541.3,0.0,0.0,0.0,0.0,0.0,0.0,0.0,0.0,0.0,0.0,0.0
normalized income,48.4,83.6,75.8,85.5,55.3,82.8,69.3,73.2,62.1,88.3,162.6,87.7,77.7,176.0,115.9,25.0,92.0,106.0,67.3,128.9,79.3,88.0,84.4,83.9,83.9,92.9,91.4,89.2,56.4,68.0,74.3,136.7,48.8,74.0,63.2,66.9,56.6,58.1,70.6,91.6,77.7,83.9,89.3,88.9,87.8,97.3,102.0,104.0,107.7,119.8,128.2,128.6,131.9,209.2,171.9,179.3,153.4,161.9,189.2,163.5,90.0,99.7,120.8,133.0,122.1,44.6,143.2,141.9,155.8,161.4,160.2,163.9,175.0,207.1,169.9
normalized income per employee,None,None,None,7176,None,None,None,6946,None,None,None,9450,None,None,None,9578,None,None,None,11954,None,None,None,11150,None,None,None,10435,None,None,None,10990,None,None,None,8882,None,None,None,10185,None,None,None,12649,None,None,None,13531,None,None,None,15847,None,None,None,21975,None,None,None,21410,None,None,None,15696,None,None,None,18221,None,None,None,24870,None,None,None
normalized net profit margin,5.8,5.6,5.6,6.4,6.0,6.3,6.1,5.7,5.7,5.6,7.3,7.6,7.8,9.4,8.6,7.5,7.7,6.3,5.8,9.2,9.2,9.9,10.2,8.7,8.5,8.2,8.1,8.0,7.3,6.9,6.7,8.0,8.0,8.3,8.1,6.4,6.6,6.2,6.3,6.8,7.1,7.6,7.9,7.6,7.7,7.9,8.0,8.3,8.5,8.8,9.1,9.3,9.5,10.8,11.3,11.7,11.8,10.6,10.5,10.2,9.7,9.4,8.9,8.7,9.4,8.2,8.7,8.9,9.5,11.7,11.7,11.9,11.9,12.5,12.5
notes payable,0.0,0.0,0.0,0.0,0.0,0.0,0.0,0.0,0.0,0.0,0.0,0.0,0.0,0.0,0.0,0.0,0.0,0.0,0.0,0.0,0.0,0.0,0.0,0.0,0.0,0.0,0.0,0.0,0.0,0.0,0.0,0.0,210.6,0.0,0.0,0.0,0.0,0.0,0.0,0.0,0.0,0.0,0.0,0.0,0.0,0.0,0.0,0.0,0.0,0.0,0.0,0.0,0.0,0.0,0.0,0.0,0.0,0.0,0.0,0.0,0.0,0.0,0.0,0.0,0.0,0.0,0.0,0.0,0.0,0.0,0.0,0.0,0.0,0.0,0.0
number of days cost of goods in inventory,122,126,112,133,126,134,109,109,107,104,100,101,103,101,101,101,104,100,80,114,103,114,79,79,85,83,80,79,85,90,89,88,91,89,87,83,86,82,78,74,77,74,68,64,68,68,65,61,67,68,66,61,66,65,63,58,65,62,59,54,59,61,62,61,61,55,55,51,55,52,52,47,52,53,52
number of employees,None,None,None,None,None,None,None,None,None,None,None,None,None,None,None,None,None,None,None,None,None,None,None,None,None,None,None,None,None,None,None,None,None,None,None,None,None,None,None,None,None,None,None,None,None,None,None,None,None,None,None,None,None,None,None,None,None,None,None,None,None,None,None,None,None,None,None,None,None,None,None,None,None,None,None
number of months last report period,3,3,3,3,3,3,3,3,3,3,3,3,3,3,3,3,3,3,3,3,3,3,3,3,3,3,3,3,3,3,3,3,3,3,3,3,3,3,3,3,3,3,3,3,3,3,3,3,3,3,3,3,3,3,3,3,3,3,3,3,3,3,3,3,3,3,3,3,3,3,3,3,3,3,3
number of part-time employees,None,None,None,None,None,None,None,None,None,None,None,None,None,None,None,None,None,None,None,None,None,None,None,None,None,None,None,None,None,None,None,None,None,None,None,None,None,None,None,None,None,None,None,None,None,None,None,None,None,None,None,None,None,None,None,None,None,None,None,None,None,None,None,None,None,None,None,None,None,None,None,None,None,None,None
operating gains,0.0,0.0,313.0,310.6,0.0,186.6,186.6,-507.4,-10.9,-20.3,-42.3,-65.1,0.0,-15.0,-38.2,-38.2,0.0,0.0,-84.2,-135.2,0.0,0.0,0.0,0.0,0.0,0.0,0.0,0.0,0.0,0.0,0.0,0.0,0.0,0.0,-20.4,-22.9,-5.2,-11.1,-15.0,-17.8,-2.6,-3.7,-3.8,-4.3,-0.2,-0.4,-0.4,-0.4,-13.9,0.0,0.0,0.0,0.0,0.0,0.0,0.0,0.0,0.0,0.0,0.0,8.8,19.2,25.7,29.9,3.5,141.0,132.0,119.7,-9.1,-16.6,-24.0,-18.4,-9.3,-25.5,-31.5
operating income,0.0,0.0,0.0,0.0,0.0,0.0,0.0,0.0,0.0,0.0,0.0,0.0,0.0,0.0,0.0,0.0,0.0,0.0,0.0,0.0,0.0,0.0,0.0,0.0,0.0,0.0,0.0,0.0,0.0,0.0,0.0,0.0,0.0,0.0,0.0,354.7,90.8,113.6,106.6,81.0,114.2,122.1,130.2,130.1,129.7,141.6,146.4,142.1,156.6,173.2,186.6,182.8,193.7,213.3,216.5,223.9,222.4,246.4,249.9,158.9,106.3,125.0,152.3,160.5,159.2,48.6,191.4,180.3,197.6,216.5,205.3,201.0,211.5,244.8,254.9
other current assets,189.2,158.3,114.2,182.0,174.7,157.4,139.3,153.4,137.4,117.6,114.8,151.5,147.2,177.5,137.2,156.5,200.7,158.5,75.9,237.2,205.4,264.9,119.0,130.1,0.0,0.0,0.0,0.0,0.0,0.0,0.0,0.0,0.0,0.0,0.0,0.0,0.0,0.0,0.0,0.0,0.0,151.9,0.0,0.0,0.0,0.0,0.0,0.0,0.0,0.0,0.0,0.0,0.0,0.0,0.0,0.0,0.0,0.0,158.5,0.0,0.0,0.0,0.0,0.0,238.3,204.2,182.0,207.5,296.2,255.6,229.6,269.7,235.0,263.0,223.2
other current liabilities,0.0,0.0,0.0,0.0,0.0,0.0,23.6,167.6,42.3,107.5,54.1,619.1,648.0,685.5,656.7,613.3,712.7,698.2,500.7,467.6,479.2,507.3,501.2,499.1,0.0,0.0,0.0,0.0,0.0,0.0,0.0,0.0,0.0,0.0,0.0,0.0,0.0,0.0,0.0,252.5,230.5,217.3,199.3,0.0,0.0,0.0,0.0,196.3,198.0,218.7,207.5,199.6,229.5,213.0,191.0,179.1,189.1,191.3,50.7,50.4,50.2,50.2,49.8,43.4,42.7,42.2,41.7,45.4,251.0,9.4,9.4,9.3,9.2,17.1,17.0
other equity adjustments,-245.9,-216.6,-202.0,-154.6,-124.7,-75.6,0.0,0.0,0.0,0.0,0.0,0.0,0.0,0.0,0.0,0.0,0.0,0.0,0.0,0.0,0.0,0.0,-83.5,-92.4,-98.1,-116.2,-126.7,-129.1,-138.8,-132.6,-134.3,-127.8,-132.7,-131.0,-136.4,-165.4,-174.0,-154.9,-155.2,-163.5,-147.2,-160.4,-157.4,-132.2,-141.6,-146.8,-152.5,-176.3,-168.3,-158.1,-138.4,-128.4,-124.2,-106.4,-100.4,-50.9,-60.0,-46.1,-110.1,-329.7,-350.2,-274.3,-265.6,-280.0,-313.6,-245.8,-178.9,-165.7,-129.6,-118.6,-166.0,-215.9,-170.6,-196.7,-48.3
"other financing charges, net",0.0,0.0,0.0,0.0,0.0,0.0,0.0,-5.8,2.4,0.0,-0.8,1.7,0.0,0.0,13.1,15.6,-0.7,0.0,0.0,41.7,0.0,0.0,0.0,0.0,0.0,0.0,0.0,0.0,0.0,0.0,0.0,0.0,0.0,-38.0,-2.1,0.0,0.0,0.0,0.0,0.0,12.2,0.0,-202.9,0.0,25.4,0.0,-166.2,-3.8,-55.4,19.8,21.4,-237.4,-28.9,18.1,16.9,23.1,2.7,2.9,8.0,9.6,-2.2,-2.1,-3.3,0.9,2.6,4.6,4.8,12.9,7.3,9.6,12.3,15.2,6.9,13.8,24.6
other fixed assets,"2,618.5","2,665.6","2,101.6",190.5,"2,153.1","2,203.5",0.0,0.0,0.0,0.0,0.0,0.0,0.0,0.0,0.0,0.0,0.0,0.0,0.0,0.0,0.0,0.0,0.0,0.0,0.0,0.0,0.0,290.2,0.0,0.0,0.0,289.2,"1,875.9",0.0,"1,833.9",302.0,"1,847.0","1,841.0","1,827.8",316.3,"1,908.4","1,887.5","1,883.6",342.7,"2,000.3","1,998.1","1,991.9",323.4,"2,008.9","2,002.0","2,000.0",366.0,"2,092.2","2,102.6","2,123.8",427.0,"2,311.5","2,316.9","2,297.5",747.1,715.3,728.9,709.6,88.4,691.9,584.6,589.8,80.4,614.3,611.1,615.7,81.8,640.3,643.3,664.4
other gains/losses,0.0,0.0,0.0,0.0,0.0,0.0,0.0,0.0,0.0,0.0,0.0,0.0,0.0,0.0,0.0,0.0,0.0,0.0,0.0,0.0,0.0,0.0,0.0,0.0,0.0,0.0,0.0,0.0,0.0,0.0,0.0,0.0,0.0,0.0,0.0,0.0,0.0,0.0,0.0,0.0,0.0,0.0,0.0,0.0,0.0,0.0,0.0,0.0,0.0,0.0,0.0,0.0,0.0,0.0,0.0,0.0,0.0,0.0,0.0,0.0,0.0,0.0,0.0,0.0,0.0,0.0,0.0,0.0,0.0,0.0,0.0,0.0,0.0,0.0,0.0
other income net,0.0,0.0,0.0,0.0,0.0,0.0,0.0,0.0,0.0,0.0,113.4,4.8,-1.5,70.4,23.2,-85.1,0.5,1.8,0.0,81.6,0.0,0.0,0.0,0.0,0.0,0.0,0.0,0.0,0.0,0.0,0.0,0.0,0.0,0.0,0.0,0.0,0.0,0.0,0.0,0.0,0.0,0.0,0.0,0.0,0.0,0.0,0.0,0.0,0.0,0.0,0.0,0.0,0.0,0.0,23.5,6.3,0.0,0.0,0.0,0.0,0.0,0.0,0.0,0.0,0.0,-134.5,10.5,12.3,14.5,14.4,16.0,21.9,28.6,36.2,0.0
"other investing changes, net",0.0,-0.2,0.1,-109.9,0.0,0.0,-12.3,27.9,-207.0,-233.2,-233.6,-227.3,-4.9,125.1,63.1,-378.2,-44.9,-251.4,-42.4,-36.5,0.0,0.0,0.0,0.0,0.0,0.0,0.0,0.0,0.0,0.0,0.0,0.0,-3.0,-3.0,0.0,0.0,0.0,0.0,0.0,0.0,0.0,0.0,0.0,0.0,0.0,0.0,0.0,0.0,0.0,0.0,0.0,0.0,0.0,0.0,0.0,0.0,0.0,290.1,0.0,0.0,0.0,0.0,0.0,0.0,0.0,0.0,-4.6,0.0,0.2,0.0,15.8,0.0,0.0,0.0,0.0
other non-cash items,0.0,0.0,0.0,0.0,0.0,0.0,-28.5,0.0,-0.3,0.0,0.0,0.0,0.0,-40.7,0.0,0.0,0.0,-24.4,-7.0,0.0,0.0,-10.2,0.0,0.0,0.0,0.0,0.0,0.0,0.0,0.0,0.0,0.0,0.0,0.0,0.0,0.0,0.0,0.0,0.0,0.0,0.0,0.0,0.0,0.0,0.0,0.0,0.0,0.0,0.0,-19.8,-21.4,-26.8,-10.4,-20.8,-19.6,-25.8,-2.7,-3.4,-8.6,25.6,-16.7,-16.8,-23.9,-28.2,-2.6,-4.6,-4.8,-13.8,-197.6,-200.9,-203.6,-202.6,-6.9,-13.8,-24.6
other non-current assets,77.6,0.0,646.4,646.4,646.4,0.0,452.3,478.5,545.9,544.4,491.1,456.1,426.1,499.3,431.8,327.1,444.2,402.4,"2,384.7",173.3,179.8,177.5,162.1,169.8,0.0,0.0,0.0,0.0,0.0,0.0,0.0,0.0,0.0,0.0,0.0,0.0,0.0,0.0,0.0,0.0,0.0,0.0,0.0,0.0,0.0,0.0,0.0,0.0,0.0,0.0,0.0,0.0,208.2,0.0,250.1,290.1,392.5,0.0,567.1,174.8,170.1,166.6,166.6,166.6,427.2,"1,003.1",930.7,879.6,699.6,714.7,711.3,636.9,667.4,664.5,674.8
other non-current liabilities,"1,189.1","1,144.7",995.8,964.6,956.7,630.4,626.8,"1,099.8",947.8,941.9,930.6,941.2,931.1,877.7,871.2,818.6,809.3,807.6,436.6,470.3,461.7,444.9,439.9,420.0,416.3,415.9,411.0,410.7,405.4,399.0,392.4,375.1,369.9,372.0,370.7,445.3,442.5,478.2,486.6,488.5,490.7,489.7,504.5,528.1,523.2,514.6,511.2,845.9,846.3,874.4,874.8,697.4,715.3,674.5,746.9,746.6,837.1,833.6,852.4,835.9,"1,147.2","1,151.3","1,146.0","1,143.7","1,118.2","1,029.3","1,054.4","1,015.7",508.8,514.1,438.7,356.8,381.6,336.1,342.1
other receivable,0.0,0.0,0.0,0.0,0.0,0.0,0.0,0.0,0.0,0.0,0.0,0.0,0.0,0.0,0.0,0.0,0.0,0.0,0.0,0.0,0.0,0.0,0.0,0.0,0.0,0.0,0.0,0.0,0.0,0.0,0.0,0.0,0.0,0.0,0.0,0.0,0.0,0.0,0.0,0.0,0.0,0.0,0.0,0.0,0.0,0.0,0.0,0.0,0.0,0.0,0.0,0.0,0.0,0.0,0.0,0.0,0.0,0.0,0.0,"1,011.4",0.0,0.0,0.0,0.0,0.0,0.0,0.0,0.0,0.0,0.0,0.0,0.0,0.0,0.0,0.0
other special charges,0.0,0.0,0.0,0.0,0.0,0.0,0.0,0.0,0.0,0.0,-85.3,0.0,0.0,-70.5,-13.4,83.9,0.0,0.0,0.0,0.0,-3.7,0.0,0.0,0.0,0.0,0.0,0.0,0.0,0.0,0.0,0.0,-74.1,0.0,0.0,0.0,-39.1,0.0,0.0,0.0,0.0,0.0,0.0,0.0,0.0,0.0,0.0,0.0,0.0,0.0,0.0,0.0,0.0,0.0,0.0,0.0,0.0,0.0,0.0,0.0,0.0,0.0,0.0,0.0,0.0,0.0,0.0,0.0,0.0,0.0,0.0,0.0,0.0,-14.3,-18.1,18.5
payment of cash dividends,-51.5,-101.9,-154.4,-205.9,-51.4,-90.0,-125.7,-164.0,-35.1,-71.3,-106.9,-142.6,-37.0,-77.6,-117.7,-157.4,-39.8,-78.7,-115.8,-148.8,-31.1,-62.3,-93.3,-124.4,-32.7,-65.3,-97.9,-130.6,-32.7,-65.5,-98.5,-131.3,-32.7,-65.0,-97.5,-129.7,-32.1,-64.5,-97.1,-129.7,-32.9,-65.1,-97.9,-131.0,-34.6,-69.4,-103.8,-138.1,-34.6,-68.9,-103.0,-137.0,-38.9,-77.9,-116.2,-154.3,-38.2,-82.8,-126.9,-170.3,-42.1,-84.0,-125.7,-167.4,-41.9,-87.0,-132.7,-177.4,-44.8,-93.0,-141.4,-187.7,-45.8,-95.1,-144.6
payout ratio,51,54,None,None,None,None,159,196,140,51,50,36,47,46,43,40,40,40,40,36,36,36,34,38,37,37,36,36,40,43,46,57,59,57,60,61,59,59,57,89,79,74,67,39,39,38,37,85,76,62,55,28,26,24,23,22,22,24,23,28,30,34,40,38,38,43,41,41,27,24,23,23,30,29,28
post-tax profit margin,5.8,5.6,5.6,6.4,6.0,6.3,6.1,5.7,5.7,5.6,5.7,6.0,6.2,6.5,7.0,7.5,7.7,7.6,7.5,9.2,9.1,9.8,10.1,8.6,8.5,8.2,8.1,8.0,7.3,6.9,6.7,6.2,6.2,6.5,6.3,5.4,5.6,5.6,5.7,6.8,7.1,7.2,7.5,7.6,7.7,7.9,8.0,8.3,8.5,8.8,9.1,9.3,9.5,10.8,11.3,11.7,11.8,10.6,10.5,9.4,8.7,8.1,7.4,8.2,8.9,7.9,8.5,8.8,9.4,11.7,11.7,11.8,11.6,11.9,12.2
pre-tax profit margin,9.9,9.6,9.7,11.0,10.4,10.7,10.3,9.8,9.6,9.6,10.1,10.6,11.4,11.8,12.0,11.8,12.2,12.0,11.7,14.3,14.2,15.2,15.7,13.4,13.3,12.8,12.5,12.3,11.2,10.6,10.2,7.5,7.4,7.1,6.5,7.1,7.1,7.2,7.2,8.5,8.9,9.0,9.4,9.6,9.8,10.0,10.2,10.5,10.9,11.5,12.1,12.5,12.8,13.1,13.7,14.0,14.1,13.9,13.5,12.4,11.1,9.9,8.9,9.5,10.7,9.1,10.1,10.5,11.0,14.1,13.9,14.0,14.0,14.3,14.9
pref. securities of subsid. trust,0.0,0.0,0.0,0.0,0.0,0.0,0.0,0.0,0.0,0.0,0.0,0.0,0.0,0.0,0.0,0.0,0.0,0.0,0.0,0.0,0.0,0.0,0.0,0.0,0.0,0.0,0.0,0.0,0.0,0.0,0.0,0.0,0.0,0.0,0.0,0.0,0.0,0.0,0.0,0.0,0.0,0.0,0.0,0.0,0.0,0.0,0.0,0.0,0.0,0.0,0.0,0.0,0.0,0.0,0.0,0.0,0.0,0.0,0.0,0.0,0.0,0.0,0.0,0.0,0.0,0.0,0.0,0.0,0.0,0.0,0.0,0.0,0.0,0.0,0.0
preferred dividends,13.3,13.3,13.3,13.4,0.0,0.0,0.0,0.0,0.0,0.0,0.0,0.0,0.0,0.0,0.0,0.0,0.0,0.0,0.0,0.0,0.0,0.0,0.0,0.0,0.0,0.0,0.0,0.0,0.0,0.0,0.0,0.0,0.0,0.0,0.0,0.0,0.0,0.0,0.0,0.0,0.0,0.0,0.0,0.0,0.0,0.0,0.0,0.0,0.0,0.0,0.0,0.0,0.0,0.0,0.0,0.0,0.0,0.0,0.0,0.0,0.0,0.0,0.0,0.0,0.0,0.0,0.0,0.0,0.0,0.0,0.0,0.0,0.0,0.0,0.0
preferred equity outside stock equity,0.0,0.0,0.0,0.0,0.0,0.0,0.0,0.0,0.0,0.0,0.0,0.0,0.0,0.0,0.0,0.0,0.0,0.0,0.0,0.0,0.0,0.0,0.0,0.0,0.0,0.0,0.0,0.0,0.0,0.0,0.0,0.0,0.0,0.0,0.0,0.0,0.0,0.0,0.0,0.0,0.0,0.0,0.0,0.0,0.0,0.0,0.0,0.0,0.0,0.0,0.0,0.0,0.0,0.0,0.0,0.0,0.0,0.0,0.0,0.0,0.0,0.0,0.0,0.0,0.0,0.0,0.0,0.0,0.0,0.0,0.0,0.0,0.0,0.0,0.0
preferred secur. of subsid. trust,0.0,0.0,0.0,0.0,0.0,0.0,0.0,0.0,0.0,0.0,0.0,0.0,0.0,0.0,0.0,0.0,0.0,0.0,0.0,0.0,0.0,0.0,0.0,0.0,0.0,0.0,0.0,0.0,0.0,0.0,0.0,0.0,0.0,0.0,0.0,0.0,0.0,0.0,0.0,0.0,0.0,0.0,0.0,0.0,0.0,0.0,0.0,0.0,0.0,0.0,0.0,0.0,0.0,0.0,0.0,0.0,0.0,0.0,0.0,0.0,0.0,0.0,0.0,0.0,0.0,0.0,0.0,0.0,0.0,0.0,0.0,0.0,0.0,0.0,0.0
preferred shares,33.4,33.4,33.4,30.6,0.0,0.0,0.0,0.0,0.0,0.0,0.0,0.0,0.0,0.0,0.0,0.0,0.0,0.0,0.0,0.0,0.0,0.0,0.0,0.0,0.0,0.0,0.0,0.0,0.0,0.0,0.0,0.0,0.0,0.0,0.0,0.0,0.0,0.0,0.0,0.0,0.0,0.0,0.0,0.0,0.0,0.0,0.0,0.0,0.0,0.0,0.0,0.0,0.0,0.0,0.0,0.0,0.0,0.0,0.0,0.0,0.0,0.0,0.0,0.0,0.0,0.0,0.0,0.0,0.0,0.0,0.0,0.0,0.0,0.0,0.0
preferred stock equity,33.2,33.3,33.3,30.6,0.0,0.0,0.0,0.0,0.0,0.0,0.0,0.0,0.0,0.0,0.0,0.0,0.0,0.0,0.0,0.0,0.0,0.0,0.0,0.0,0.0,0.0,0.0,0.0,0.0,0.0,0.0,0.0,0.0,0.0,0.0,0.0,0.0,0.0,0.0,0.0,0.0,0.0,0.0,0.0,0.0,0.0,0.0,0.0,0.0,0.0,0.0,0.0,0.0,0.0,0.0,0.0,0.0,0.0,0.0,0.0,0.0,0.0,0.0,0.0,0.0,0.0,0.0,0.0,0.0,0.0,0.0,0.0,0.0,0.0,0.0
prepaid expenses,0.0,0.0,0.0,0.0,0.0,0.0,0.0,0.0,0.0,0.0,0.0,0.0,0.0,0.0,0.0,0.0,0.0,0.0,0.0,0.0,0.0,0.0,0.0,0.0,0.0,0.0,0.0,0.0,0.0,0.0,0.0,0.0,0.0,0.0,0.0,0.0,0.0,0.0,0.0,0.0,0.0,0.0,0.0,0.0,0.0,0.0,0.0,0.0,0.0,0.0,0.0,0.0,0.0,0.0,0.0,0.0,0.0,0.0,0.0,0.0,0.0,0.0,0.0,0.0,0.0,0.0,0.0,0.0,0.0,0.0,0.0,0.0,0.0,0.0,0.0
price/cash flow ratio,7.3,7.5,21.3,31.5,34.9,-76.0,15.9,12.7,12.8,8.6,8.7,8.3,9.2,10.6,11.0,9.6,11.4,10.1,7.6,8.0,7.7,10.2,8.4,7.9,6.6,6.0,6.3,8.1,6.1,7.6,8.2,7.8,9.9,9.5,7.9,10.1,9.5,11.1,12.8,20.0,18.2,18.2,17.1,13.7,14.2,12.3,12.9,24.3,27.5,25.4,21.2,13.4,12.8,14.7,12.2,11.7,9.8,10.1,9.7,6.3,5.9,8.0,11.1,12.2,13.3,13.1,13.8,16.4,13.3,10.7,7.8,8.9,13.1,13.5,14.5
price/equity ratio,1.51,1.42,1.75,1.47,2.18,2.69,2.41,2.31,2.35,2.43,2.53,2.41,2.46,2.37,2.59,2.29,2.71,2.54,1.95,2.87,2.53,2.97,2.60,2.19,1.86,1.70,1.79,2.25,1.63,1.88,1.93,1.62,1.95,1.78,1.38,1.70,1.62,1.82,2.06,2.55,2.52,2.59,2.52,2.75,2.83,2.48,2.65,3.03,3.50,3.72,3.30,3.33,3.24,3.81,3.39,3.34,3.00,2.81,2.76,1.87,1.64,1.87,2.18,2.41,2.68,2.42,2.63,2.98,2.99,2.65,2.11,2.42,2.74,2.83,2.93
price/free cash flow ratio,-22.0,-17.5,-19.4,-11.9,-110.7,29.0,29.6,26.4,65.0,74.1,46.0,20.9,-67.8,-113.1,180.2,41.5,-27.5,-105.6,-18.7,-17.0,-112.2,-104.0,-49.7,-11.8,-18.8,-5.1,-6.2,-11.2,-32.8,219.9,40.7,17.6,-2097.5,39.3,17.2,12.3,-52.5,187.7,42.9,22.8,1429.5,52.1,27.3,33.0,-178.8,96.8,51.6,20.2,-73.6,-516.2,-118.4,83.7,-73.8,-109.8,150.3,-94.4,401.5,-55.6,22.3,8.4,55.0,24.3,14.9,18.0,399.5,64.7,53.2,28.9,-147.5,-56.8,-24.4,-154.7,-118.4,-681.8,80.7
price/revenue ratio,0.70,0.69,0.84,0.87,0.91,0.89,0.83,0.81,0.83,0.86,0.88,0.86,0.96,1.13,1.23,1.11,1.35,1.19,0.85,1.23,0.97,1.33,1.18,0.98,0.82,0.73,0.76,0.96,0.69,0.84,0.90,0.78,0.95,0.91,0.71,0.86,0.83,0.96,1.12,1.33,1.27,1.28,1.24,1.41,1.46,1.28,1.35,1.41,1.66,1.73,1.54,1.59,1.54,1.90,1.61,1.61,1.35,1.28,1.24,0.75,0.69,0.90,1.17,1.41,1.59,1.44,1.57,1.89,2.09,1.91,1.38,1.58,1.84,1.93,2.11
price/tangible book ratio,16.30,12.77,6.38,7.14,-96.88,-7.79,-8.97,-7.79,-9.31,-11.56,-13.69,-17.12,-154.91,14.90,18.02,31.41,84.91,-144.57,5.92,52.99,29.20,26.00,24.61,1010.95,-250.00,-13.71,-21.49,-38.93,-50.68,-1979.50,121.97,51.35,72.33,45.70,42.15,607.50,127.54,59.00,29.29,87.77,357.38,148.53,67.05,43.52,30.31,20.61,20.83,55.30,58.72,81.51,236.72,59.49,52.31,30.69,36.76,31.48,-803.00,66.95,27.74,121.79,55.02,41.96,26.65,22.32,85.61,16.92,20.30,18.56,12.36,10.08,12.85,13.34,13.96,12.49,11.22
purchase of  short-term investments,0.0,0.0,0.0,0.0,0.0,0.0,0.0,0.0,0.0,0.0,0.0,0.0,0.0,0.0,0.0,0.0,0.0,0.0,0.0,0.0,0.0,0.0,0.0,0.0,0.0,0.0,0.0,0.0,0.0,0.0,0.0,0.0,0.0,0.0,0.0,0.0,0.0,0.0,0.0,0.0,0.0,0.0,0.0,0.0,0.0,0.0,0.0,0.0,0.0,0.0,0.0,0.0,0.0,0.0,0.0,-93.7,0.0,0.0,0.0,0.0,0.0,0.0,0.0,0.0,0.0,0.0,0.0,0.0,0.0,0.0,0.0,0.0,0.0,0.0,0.0
purchase of long-term investments,0.0,0.0,0.0,0.0,0.0,0.0,0.0,0.0,0.0,0.0,0.0,0.0,0.0,0.0,0.0,0.0,0.0,0.0,0.0,0.0,0.0,0.0,0.0,0.0,0.0,0.0,0.0,0.0,0.0,0.0,0.0,0.0,0.0,0.0,0.0,0.0,0.0,0.0,0.0,0.0,0.0,0.0,-10.1,0.0,0.0,0.0,0.0,0.0,0.0,0.0,0.0,0.0,0.0,0.0,0.0,0.0,0.0,0.0,0.0,0.0,0.0,0.0,0.0,0.0,0.0,0.0,0.0,0.0,0.0,0.0,0.0,0.0,0.0,0.0,0.0
quarterly indicator,1,2,3,4,1,2,3,4,1,2,3,4,1,2,3,4,1,2,3,4,1,2,3,4,1,2,3,4,1,2,3,4,1,2,3,4,1,2,3,4,1,2,3,4,1,2,3,4,1,2,3,4,1,2,3,4,1,2,3,4,1,2,3,4,1,2,3,4,1,2,3,4,1,2,3
quick ratio,0.8,0.8,0.8,0.7,0.7,0.7,0.7,0.7,0.7,0.8,0.8,0.7,0.8,0.7,0.8,0.7,0.6,0.7,0.6,0.7,0.7,0.7,0.8,0.7,0.8,0.8,0.8,0.7,0.8,0.8,0.8,0.7,0.7,0.8,0.8,1.1,1.0,1.2,1.4,1.2,1.2,1.2,1.1,0.8,0.8,0.9,0.9,1.1,1.1,1.1,0.8,0.9,0.9,1.1,1.0,0.8,0.9,1.0,1.2,0.9,0.9,1.1,1.2,1.2,1.3,1.3,1.2,1.8,1.6,1.8,1.4,1.1,1.1,1.1,1.3
receivables,"1,054.8","1,127.7",872.7,904.4,895.6,918.2,931.3,992.7,986.0,"1,070.7","1,025.7",959.4,"1,011.0","1,010.2",988.2,991.7,"1,036.0","1,131.9",673.5,626.4,668.9,692.9,738.5,740.3,809.9,898.1,870.4,828.8,842.9,821.3,824.6,777.1,774.3,798.0,781.8,706.7,712.1,764.6,805.7,738.6,784.8,817.9,836.9,820.9,841.0,879.2,919.2,842.4,930.6,961.6,960.8,896.0,"1,007.4","1,062.8","1,117.3","1,048.6","1,139.2","1,230.9","1,197.6","1,028.9",913.3,914.9,889.2,810.4,842.5,791.4,847.4,808.9,885.0,916.1,942.3,878.8,961.4,995.4,"1,008.9"
receivables as % of revenue,17.2,18.9,15.8,19.7,18.0,19.3,19.3,20.3,19.4,20.6,19.4,18.2,18.9,18.9,18.5,18.8,19.5,21.1,13.5,17.2,16.1,18.8,19.7,19.1,20.3,21.4,20.0,18.6,18.7,18.6,19.1,18.5,18.9,19.9,19.7,17.8,18.1,19.3,20.1,18.2,18.8,19.2,19.2,18.4,18.5,19.0,19.6,17.8,19.3,19.5,19.1,17.3,18.9,19.3,19.6,17.8,18.8,19.5,18.3,15.8,14.7,15.8,16.7,16.0,16.7,15.5,16.7,16.0,17.3,17.8,17.8,16.2,17.4,17.7,17.6
receivables per day sales,62.05,67.87,56.86,70.96,64.83,69.33,69.30,73.14,69.92,74.29,69.70,65.37,67.99,67.88,66.63,67.50,70.20,76.06,48.64,61.76,57.89,67.63,70.97,68.88,73.20,77.09,71.91,66.90,67.19,66.88,68.61,66.46,68.16,71.51,70.98,64.24,65.01,69.63,72.47,65.47,67.78,69.01,69.13,66.22,66.64,68.46,70.51,64.11,69.41,70.29,68.77,62.22,67.94,69.39,70.56,63.95,67.73,70.16,65.90,56.80,52.76,57.01,59.99,57.55,60.16,55.77,60.26,57.48,62.29,64.07,64.05,58.48,62.53,63.58,63.23
receivables turnover,5.6,5.2,4.9,4.6,5.1,4.7,5.4,5.2,5.4,5.2,5.4,5.4,5.4,5.1,5.3,5.4,5.2,5.0,6.0,4.5,4.9,4.0,5.3,5.7,5.4,5.3,5.4,5.7,5.5,5.1,5.1,5.2,5.1,5.0,4.9,5.3,5.3,5.1,5.0,5.6,5.6,5.4,5.3,5.7,5.6,5.4,5.3,5.7,5.4,5.4,5.4,6.0,5.5,5.4,5.5,6.1,5.6,5.5,5.7,6.3,6.1,5.4,5.1,5.5,5.7,6.0,5.8,6.3,5.9,6.0,5.9,6.4,6.0,5.9,5.9
repayment of long-term debt,-212.7,-256.9,-267.8,-307.1,-28.0,-232.7,-429.3,-185.6,0.0,-170.1,-415.2,-226.7,-31.8,-207.4,-263.6,0.0,-22.7,-115.0,-270.9,"-1,567.8",-3.9,-4.1,-68.8,-69.0,-2.5,-2.9,-72.6,-474.9,-51.1,-168.9,-244.6,-343.2,-0.4,-334.0,-396.6,-513.5,-166.7,-167.2,-170.8,-174.4,-0.8,-1.5,-1.7,-4.7,-90.1,-117.9,-270.1,-710.4,-2.0,-2.1,-13.3,-14.8,-1.0,-3.0,-303.0,-303.3,-192.8,-299.1,-380.0,-397.2,-13.9,-21.9,-24.6,-299.6,0.0,0.0,-2.3,-4.3,7.0,0.0,0.0,-5.0,-0.1,-0.2,-0.4
repurchase of capital stock,0.0,-19.9,-19.9,-19.9,0.0,0.0,0.0,0.0,0.0,0.0,0.0,0.0,0.0,-38.0,-141.4,-191.5,-2.4,-214.2,-733.2,"-1,348.1",0.0,0.0,-44.0,-44.0,-39.3,-39.3,-39.3,-39.3,0.0,0.0,-42.0,-42.0,-34.5,0.0,-73.3,-94.3,-5.4,-5.4,-5.4,-5.5,-109.5,-164.9,0.0,-202.9,-28.0,-77.2,0.0,-211.0,0.0,-185.4,-261.7,0.0,0.0,-74.0,-274.8,-343.9,-266.4,-282.9,-325.2,-517.2,-25.9,-26.0,-26.0,-38.5,-27.1,-91.4,-276.0,-276.1,-7.9,-40.5,-383.0,-395.5,-7.4,-7.4,-7.4
restricted cash,0.0,0.0,0.0,0.0,0.0,0.0,0.0,0.0,0.0,0.0,0.0,0.0,0.0,0.0,0.0,0.0,0.0,0.0,0.0,0.0,0.0,0.0,0.0,0.0,0.0,0.0,0.0,0.0,0.0,0.0,0.0,0.0,0.0,0.0,0.0,0.0,0.0,0.0,0.0,0.0,0.0,0.0,0.0,0.0,0.0,0.0,0.0,0.0,0.0,0.0,0.0,0.0,0.0,0.0,0.0,0.0,0.0,0.0,0.0,0.0,0.0,0.0,0.0,0.0,0.0,0.0,0.0,0.0,0.0,0.0,0.0,0.0,0.0,0.0,0.0
retained earnings,"1,373.6","1,405.8","1,116.9","1,153.4","1,171.5","1,029.8","1,063.0","1,100.3","1,127.9","1,180.7","1,222.9","1,275.3","1,316.5","1,382.0","1,444.9","1,514.5","1,567.1","1,634.6","1,691.0","1,790.0","1,834.7","1,891.6","1,945.0","1,998.1","2,049.4","2,109.8","2,168.5","2,225.0","2,248.7","2,283.9","2,325.2","2,325.0","2,341.1","1,718.0","1,748.6","1,744.2","1,768.7","1,808.7","1,846.7","1,762.8","1,807.6","1,859.3","1,915.8","1,971.6","2,024.8","2,087.3","2,154.9","1,997.4","2,070.5","2,135.7","2,229.8","2,324.4","2,390.2","2,560.3","2,694.0","2,835.1","2,785.1","2,907.3","3,055.6","2,935.4","2,980.7","3,042.7","3,135.7","3,254.1","3,351.8","3,382.0","3,493.8","3,658.7","4,010.3","4,154.5","4,288.9","4,421.8","4,556.2","4,716.9","4,855.0"
revenue per $  plant (net),4.12,3.91,4.77,3.86,4.19,3.97,4.10,3.97,4.17,4.27,4.55,4.26,4.35,4.73,4.65,4.41,4.41,4.38,7.10,5.14,5.94,5.20,5.10,5.04,4.95,4.89,5.10,5.12,5.20,5.11,5.06,5.09,5.07,5.09,5.18,5.28,5.36,5.42,5.59,5.71,5.96,6.29,6.46,6.41,6.60,6.74,6.90,7.02,7.19,7.41,7.59,7.79,7.96,8.10,8.12,8.20,7.94,8.22,8.73,8.96,8.71,7.93,7.52,6.93,7.29,8.74,8.58,8.33,8.33,8.42,8.60,8.65,8.64,8.76,8.65
revenue per $ cash,505.74,463.67,406.28,181.34,318.79,363.94,575.90,276.04,352.56,320.30,540.60,328.18,438.75,352.47,363.20,174.55,345.00,322.73,259.61,178.98,282.99,250.89,314.82,143.83,170.22,186.39,176.41,168.94,253.71,271.22,272.13,366.04,545.25,59.08,90.94,13.11,55.30,23.40,13.62,8.76,11.12,9.83,8.79,6.84,8.66,8.61,12.48,10.45,14.05,14.06,20.62,12.24,17.51,8.62,18.54,25.36,43.50,40.83,25.09,25.20,20.51,12.83,8.10,13.29,12.95,11.82,17.10,4.89,5.07,5.69,12.30,7.99,8.98,7.98,5.95
revenue per $ common equity,2.15,2.05,2.08,1.69,2.39,3.02,2.91,2.85,2.84,2.81,2.87,2.80,2.57,2.09,2.12,2.05,2.00,2.13,2.30,2.34,2.61,2.23,2.21,2.22,2.27,2.34,2.36,2.34,2.35,2.25,2.15,2.08,2.04,1.95,1.93,1.98,1.95,1.89,1.84,1.92,1.99,2.03,2.03,1.95,1.94,1.94,1.96,2.15,2.11,2.16,2.14,2.09,2.10,2.00,2.10,2.08,2.22,2.21,2.22,2.50,2.37,2.09,1.86,1.71,1.68,1.68,1.67,1.58,1.43,1.39,1.53,1.53,1.49,1.46,1.39
revenue per $ invested capital,1.38,1.31,1.40,1.12,1.20,1.38,1.37,1.36,1.34,1.34,1.43,1.46,1.46,1.46,1.47,1.37,1.33,1.32,1.19,1.56,1.80,1.56,1.55,1.47,1.38,1.26,1.35,1.39,1.35,1.36,1.34,1.34,1.33,1.28,1.30,1.21,1.20,1.17,1.15,1.18,1.21,1.26,1.32,1.50,1.50,1.50,1.53,1.47,1.47,1.50,1.65,1.63,1.64,1.51,1.57,1.57,1.54,1.55,1.57,1.84,1.75,1.56,1.41,1.30,1.29,1.25,1.28,1.09,1.02,1.00,1.09,1.17,1.15,1.14,1.10
revenue per share,52.84,51.83,47.87,39.24,42.49,44.31,42.66,45.27,47.27,48.03,49.04,24.46,22.62,21.93,22.06,22.00,22.00,23.01,24.09,19.38,22.03,19.52,19.89,20.54,21.37,22.49,23.34,23.87,24.12,23.60,23.10,22.45,21.97,21.55,21.27,21.24,21.47,21.47,21.48,21.82,22.58,23.27,23.74,24.11,24.46,24.96,25.61,25.83,26.12,26.90,27.66,28.41,29.16,30.02,31.66,32.89,29.76,30.98,32.09,39.02,37.43,34.65,31.99,30.30,30.09,30.64,31.12,30.87,31.00,31.20,33.50,34.17,34.80,35.25,35.52
revenue/assets,0.9,0.8,0.9,0.7,0.8,0.8,0.8,0.8,0.8,0.8,0.9,0.9,0.9,0.9,0.9,0.9,0.8,0.8,0.9,1.0,1.1,1.0,1.0,0.9,0.9,0.9,0.9,0.9,0.9,0.9,0.9,0.9,0.9,0.9,0.9,0.8,0.9,0.9,0.8,0.8,0.8,0.9,0.9,0.8,0.9,0.9,0.9,0.9,0.9,0.9,0.9,1.0,1.0,0.9,1.0,1.0,1.0,1.0,1.0,1.1,1.0,0.9,0.9,0.8,0.8,0.8,0.8,0.8,0.8,0.8,0.8,0.8,0.8,0.8,0.8
sale of long-term investments,0.0,0.0,0.0,0.0,0.0,0.0,0.0,0.0,0.0,0.0,0.0,0.0,0.0,0.0,0.0,0.0,0.0,0.0,0.0,0.0,0.0,0.0,0.0,0.0,0.0,0.0,0.0,0.0,0.0,0.0,0.0,0.0,0.0,0.0,0.0,0.0,0.0,0.0,0.0,0.0,0.0,0.0,0.0,0.0,0.0,0.0,0.0,0.0,0.0,0.0,0.0,0.0,0.0,0.0,0.0,0.0,0.0,0.0,0.0,0.0,0.0,0.0,0.0,0.0,0.0,0.0,0.0,0.0,0.0,0.0,0.0,0.0,0.0,0.0,0.0
sale of short-term investments,0.0,0.0,0.0,0.0,0.0,0.0,9.9,0.0,13.3,24.7,204.0,231.4,0.0,0.0,0.0,0.0,0.0,0.0,0.0,44.9,0.0,0.0,0.0,0.0,0.0,0.0,0.0,0.0,0.0,0.0,0.0,0.0,0.0,0.0,0.0,0.0,0.0,0.0,0.0,0.0,0.0,0.0,0.0,0.0,0.0,0.0,0.0,0.0,0.0,0.0,0.0,0.0,0.0,0.0,0.0,0.0,29.8,41.3,56.4,65.7,6.3,9.3,19.1,22.9,0.0,0.0,0.0,0.0,0.0,0.0,0.0,0.0,0.0,0.0,0.0
sales per $ inventory,4.65,4.38,5.43,4.64,4.86,4.76,5.04,5.07,5.17,5.27,5.40,5.44,5.43,5.74,5.71,5.52,5.28,5.36,9.55,6.85,7.54,6.90,6.93,6.80,6.02,5.76,6.05,6.31,6.13,6.02,6.18,6.27,6.22,6.52,6.53,6.82,6.26,6.47,7.04,7.36,7.31,7.40,8.02,8.53,7.84,7.83,8.15,8.78,7.91,7.80,7.83,8.53,7.94,8.28,8.56,9.17,8.16,8.43,9.14,10.16,10.21,10.56,10.62,10.48,10.02,11.38,10.60,11.54,10.44,10.18,10.46,11.60,10.36,10.35,10.58
sales per $ receivables,5.80,5.30,6.33,5.07,5.55,5.19,5.19,4.92,5.15,4.85,5.17,5.51,5.29,5.30,5.40,5.33,5.13,4.73,7.40,5.83,6.22,5.32,5.07,5.23,4.92,4.67,5.01,5.38,5.36,5.38,5.25,5.42,5.28,5.03,5.07,5.60,5.54,5.17,4.97,5.50,5.31,5.22,5.21,5.44,5.40,5.26,5.11,5.62,5.19,5.12,5.23,5.79,5.30,5.19,5.10,5.63,5.32,5.13,5.46,6.34,6.82,6.31,6.00,6.26,5.98,6.45,5.97,6.26,5.78,5.62,5.62,6.16,5.76,5.66,5.69
sales per employee,None,None,None,112451,None,None,None,120938,None,None,None,124616,None,None,None,128369,None,None,None,129936,None,None,None,128535,None,None,None,130216,None,None,None,137926,None,None,None,139150,None,None,None,149382,None,None,None,166136,None,None,None,163665,None,None,None,169648,None,None,None,187376,None,None,None,209016,None,None,None,179423,None,None,None,204311,None,None,None,209781,None,None,None
shares out (common class only),115.8,115.4,115.4,116.9,117.1,107.6,113.4,107.9,107.4,108.0,108.0,216.0,236.7,244.3,242.0,240.4,241.4,232.8,206.9,188.4,188.8,189.0,188.3,188.4,186.4,186.4,186.7,186.8,187.2,187.3,187.3,187.5,186.1,186.5,186.5,186.5,183.7,184.1,186.3,186.2,184.6,183.4,183.6,185.1,185.7,185.2,183.2,183.1,184.8,183.1,181.8,182.5,183.0,183.7,180.1,179.5,203.5,203.9,203.9,167.1,166.5,166.7,166.8,167.3,167.5,166.7,162.7,164.1,165.0,165.0,158.1,158.3,159.1,159.9,161.7
short-term debt,122.6,113.1,104.7,198.3,198.8,193.2,193.7,34.3,184.4,108.6,189.7,176.0,184.3,189.4,195.1,197.3,435.6,396.6,344.3,124.4,172.9,188.2,122.5,193.3,164.0,182.5,263.2,217.2,175.3,185.5,181.9,193.8,55.1,228.0,274.3,157.9,7.9,12.0,8.5,6.6,6.9,37.7,189.7,763.0,650.3,597.9,457.2,19.0,17.5,18.0,306.8,305.7,304.9,408.8,115.3,356.2,220.8,114.4,32.9,300.6,294.4,286.8,286.7,11.7,11.7,12.3,9.6,8.3,17.4,15.8,6.9,331.4,332.0,330.4,329.7
special income charges,0.0,0.0,0.0,0.0,0.0,0.0,0.0,0.0,0.0,0.0,-85.3,0.0,0.0,-70.5,-13.4,83.9,0.0,0.0,0.0,0.0,-3.7,0.0,0.0,0.0,0.0,0.0,0.0,0.0,0.0,0.0,0.0,-74.1,0.0,0.0,0.0,-39.1,0.0,14.3,0.0,-16.9,0.0,0.0,0.0,0.0,0.0,0.0,0.0,0.0,0.0,0.0,0.0,0.0,0.0,0.0,0.0,0.0,0.0,0.0,0.0,-52.4,-8.8,-10.4,-6.5,-4.2,-3.5,-3.0,-1.5,0.0,0.0,0.0,0.0,-4.0,-14.3,-18.1,18.5
tangible book value per share,2.27,2.82,6.31,4.76,-0.40,-5.07,-3.93,-4.72,-4.19,-3.59,-3.16,-1.23,-0.14,1.67,1.50,0.78,0.35,-0.19,3.44,0.45,0.73,1.00,0.95,0.02,-0.07,-1.19,-0.82,-0.59,-0.33,-0.01,0.17,0.34,0.29,0.43,0.36,0.03,0.14,0.35,0.82,0.33,0.08,0.20,0.44,0.78,1.18,1.55,1.66,0.66,0.74,0.57,0.18,0.76,0.86,1.86,1.39,1.68,-0.05,0.59,1.44,0.24,0.47,0.74,1.41,1.91,0.56,2.60,2.41,3.14,5.25,5.92,3.59,4.06,4.58,5.46,6.69
total assets per share,60.44,61.78,52.54,54.74,54.26,54.01,50.94,56.18,56.95,57.24,55.30,27.55,25.06,24.23,24.03,25.18,26.81,27.89,28.19,20.06,20.00,20.41,20.30,21.99,23.61,26.03,25.58,25.64,25.76,25.22,24.92,24.59,24.41,24.53,24.17,25.14,24.71,25.14,25.43,26.67,26.65,26.95,27.11,28.86,28.22,28.37,27.77,28.48,28.60,29.21,29.82,29.45,29.97,32.31,32.03,34.18,30.80,31.14,31.92,36.89,36.19,36.77,37.44,35.77,35.81,36.37,36.62,40.63,40.68,40.24,39.99,40.73,41.75,42.50,44.13
total capitalization,"4,438.3","4,582.1","3,948.7","4,103.0","4,153.6","3,465.4",0.0,0.0,0.0,0.0,0.0,0.0,0.0,0.0,0.0,0.0,0.0,0.0,0.0,0.0,0.0,0.0,"2,411.2","2,637.6","2,881.5","3,322.2","3,218.7","3,205.0","3,339.9","3,244.5","3,233.1","3,130.2","3,065.9","3,149.0","3,041.1","3,283.1","3,296.3","3,391.8","3,482.8","3,454.9","3,432.2","3,392.3","3,296.1","2,985.1","3,038.5","3,082.2","3,073.9","3,208.1","3,293.0","3,286.1","3,051.0","3,178.1","3,251.3","3,661.9","3,624.5","3,751.8","3,934.2","4,070.4","4,154.7","3,539.9","3,556.8","3,694.8","3,794.4","3,886.0","3,923.1","4,102.7","3,951.2","4,626.5","5,004.7","5,127.6","4,873.9","4,632.2","4,812.1","4,946.8","5,233.6"
total debt as % total assets,58.9,58.6,55.6,57.2,67.2,72.8,71.3,71.7,70.8,70.1,69.1,68.2,64.9,56.8,56.6,57.4,59.0,61.2,62.9,58.6,57.8,57.2,55.7,57.9,60.2,63.0,61.4,60.2,60.1,58.3,57.0,56.1,55.8,55.1,54.5,57.3,55.5,54.8,54.1,57.3,57.4,57.4,56.8,57.2,55.3,54.6,53.0,57.7,56.7,57.3,56.7,53.9,53.6,53.6,52.9,53.7,56.5,54.9,54.7,57.7,56.3,54.8,54.0,50.5,50.0,50.0,49.2,51.9,46.6,44.1,45.4,45.2,44.1,43.3,42.0
total debt/equity ratio,0.59,0.60,0.51,0.58,1.09,1.32,1.25,1.11,1.22,1.15,1.11,1.01,0.85,0.51,0.51,0.57,0.67,0.77,1.09,0.57,0.56,0.55,0.50,0.62,0.74,0.95,0.89,0.80,0.83,0.74,0.70,0.64,0.66,0.64,0.62,0.72,0.64,0.63,0.61,0.63,0.64,0.63,0.62,0.64,0.57,0.54,0.48,0.46,0.45,0.45,0.43,0.41,0.40,0.48,0.38,0.45,0.52,0.46,0.42,0.47,0.46,0.44,0.42,0.32,0.31,0.36,0.31,0.45,0.40,0.39,0.41,0.40,0.38,0.37,0.34
total non-current assets,"4,428.2","4,466.2","4,046.0","4,300.5","4,242.0","3,720.5","3,738.1","3,936.6","3,996.7","3,995.0","3,843.4","3,852.3","3,774.7","3,784.1","3,738.8","3,915.8","4,215.4","4,187.0","4,541.5","2,361.8","2,334.5","2,349.4","2,412.1","2,676.8","2,740.4","3,065.4","3,057.8","3,054.2","3,031.0","3,008.7","2,991.6","2,960.2","2,919.6","2,923.0","2,964.9","2,998.9","2,969.5","2,946.2","2,949.8","3,004.5","3,007.2","2,961.6","2,970.7","3,122.2","3,096.2","3,067.0","3,043.6","3,084.0","3,114.9","3,130.4","3,313.0","3,181.1","3,266.2","3,330.3","3,415.3","3,830.5","3,892.1","3,892.3","3,970.6","3,967.0","3,971.3","4,009.5","3,968.8","4,082.8","4,025.2","4,187.6","4,155.7","4,178.0","4,033.9","4,057.4","4,213.2","4,156.2","4,294.5","4,284.9","4,395.0"
total ordinary shares,0.0,0.0,0.0,0.0,0.0,0.0,0.0,0.0,0.0,0.0,0.0,0.0,0.0,0.0,0.0,0.0,0.0,0.0,0.0,0.0,0.0,0.0,0.0,0.0,0.0,0.0,0.0,0.0,0.0,0.0,0.0,0.0,0.0,0.0,0.0,0.0,0.0,0.0,0.0,0.0,0.0,0.0,0.0,0.0,0.0,0.0,0.0,0.0,0.0,0.0,0.0,0.0,0.0,0.0,0.0,0.0,0.0,0.0,0.0,0.0,0.0,0.0,0.0,0.0,0.0,0.0,0.0,0.0,0.0,0.0,0.0,0.0,0.0,0.0,0.0
total revenue,"1,316.9","1,473.6","1,136.4","1,239.9","1,123.2","1,268.1","1,206.4","1,288.2","1,314.1","1,380.1","1,315.5","1,338.3","1,318.9","1,384.9","1,296.9","1,288.1","1,343.1","1,429.3",924.0,881.9,924.7,957.5,982.2,"1,004.5","1,038.9","1,168.2","1,145.8","1,107.0","1,095.1","1,073.0","1,051.8",989.6,975.0,"1,001.0",999.3,985.0,957.8,"1,010.9","1,048.7","1,044.0","1,064.6","1,109.3","1,140.2","1,148.8","1,144.8","1,189.2","1,210.4","1,186.0","1,240.9","1,287.8","1,314.6","1,341.3","1,394.0","1,463.7","1,501.3","1,544.1","1,546.1","1,724.3","1,727.7","1,523.2","1,256.8","1,269.8","1,286.4","1,256.6","1,228.6","1,336.7","1,240.7","1,259.9","1,277.7","1,368.9","1,389.7","1,373.1","1,403.6","1,469.7","1,497.5"
treasury shares,0.0,0.0,0.0,0.0,0.0,0.0,0.0,0.0,0.0,0.0,0.0,0.0,0.0,0.0,0.0,0.0,0.0,0.0,0.0,0.0,0.0,0.0,0.0,1.6,59.6,59.6,59.3,59.2,58.8,58.7,58.7,58.5,58.5,0.0,0.0,0.0,0.0,0.0,0.0,0.0,0.0,0.0,0.0,0.0,0.0,0.0,0.0,0.0,0.0,0.0,0.0,0.0,0.0,0.0,0.0,0.0,0.0,0.0,0.0,0.0,0.0,0.0,0.0,0.0,0.0,0.0,0.0,0.0,6.7,7.2,14.3,14.3,14.3,14.3,14.3
treasury stock,0.0,-19.1,-18.5,0.0,0.0,0.0,0.0,0.0,0.0,0.0,0.0,0.0,0.0,0.0,0.0,0.0,0.0,0.0,0.0,0.0,0.0,0.0,"-1,454.6","-1,449.3","-1,483.9","-1,481.4","-1,477.6","-1,470.0","-1,460.5","-1,459.0","-1,444.8","-1,435.0","-1,457.2",0.0,0.0,0.0,0.0,0.0,0.0,0.0,0.0,0.0,0.0,0.0,0.0,0.0,0.0,0.0,0.0,0.0,0.0,0.0,0.0,0.0,0.0,0.0,0.0,0.0,0.0,0.0,0.0,0.0,0.0,-12.5,-39.6,-103.9,-288.5,-288.6,-296.5,-329.1,-671.6,-671.6,-671.6,-671.6,-671.6
working capital,"1,199.2","1,260.6",898.5,767.1,868.3,706.7,758.3,744.9,729.4,811.4,791.7,716.8,820.3,762.3,754.6,751.6,580.2,680.1,86.8,446.6,442.9,461.0,439.0,380.8,557.4,672.7,571.9,561.5,714.3,634.8,633.9,545.1,516.2,600.0,446.9,729.5,769.3,923.8,"1,019.6",938.9,915.7,920.4,829.9,391.0,465.5,529.8,541.5,970.0,"1,024.4","1,030.1",612.8,694.4,700.4,"1,006.1",956.1,667.9,879.2,"1,011.7","1,271.9",735.7,732.7,836.6,971.6,946.9,"1,016.1",944.4,849.9,"1,464.2","1,479.6","1,584.3","1,099.4",832.8,899.2,998.0,"1,180.7"
working capital as % of price,28.0,30.3,19.3,19.3,19.1,16.6,19.0,18.8,17.4,18.1,16.9,15.8,16.0,12.5,11.5,12.8,8.1,10.6,2.1,9.9,11.0,9.4,10.0,10.0,17.1,22.1,17.4,13.1,22.8,17.1,16.3,16.7,13.2,16.4,15.8,21.5,23.5,24.3,22.8,17.4,17.3,16.9,15.3,6.2,7.0,9.0,8.6,14.5,12.8,12.1,7.9,8.4,8.5,9.6,10.4,7.0,10.8,12.6,15.6,15.1,17.0,16.2,15.5,13.3,12.7,12.9,10.7,15.3,13.8,16.1,15.1,9.7,8.8,9.2,9.7
working capital per share,10.36,10.92,7.78,6.56,7.42,6.57,6.69,6.90,6.79,7.51,7.33,3.32,3.47,3.12,3.12,3.13,2.40,2.92,0.42,2.37,2.35,2.44,2.33,2.02,2.99,3.61,3.06,3.01,3.82,3.39,3.38,2.91,2.77,3.22,2.40,3.91,4.19,5.02,5.47,5.04,4.96,5.02,4.52,2.11,2.51,2.86,2.96,5.30,5.54,5.63,3.37,3.81,3.83,5.48,5.31,3.72,4.32,4.96,6.24,4.40,4.40,5.02,5.82,5.66,6.07,5.66,5.22,8.92,8.97,9.60,6.95,5.26,5.65,6.24,7.30
working captial as % of equity,42.2,43.2,33.8,28.3,41.7,44.8,45.7,43.4,40.9,43.9,42.9,37.9,39.4,29.8,29.9,29.2,21.9,27.0,4.0,28.6,27.8,27.9,25.9,21.8,31.8,37.5,31.0,29.5,37.1,32.3,31.6,26.9,25.7,29.2,21.8,36.4,38.1,44.2,46.9,44.3,43.7,43.8,38.6,17.1,19.9,22.2,22.6,44.0,44.7,45.1,26.1,28.1,27.5,36.5,35.2,23.5,32.2,35.3,43.2,28.2,27.8,30.2,33.8,32.0,33.9,31.1,28.1,45.7,41.3,42.7,31.8,23.6,24.2,25.9,28.5
