,1998/12,1999/03,1999/06,1999/09,1999/12,2000/03,2000/06,2000/09,2000/12,2001/03,2001/06,2001/09,2001/12,2002/03,2002/06,2002/09,2002/12,2003/03,2003/06,2003/09,2003/12,2004/03,2004/06,2004/09,2004/12,2005/03,2005/06,2005/09,2005/12,2006/03,2006/06,2006/09,2006/12,2007/03,2007/06,2007/09,2007/12,2008/03,2008/06,2008/09,2008/12,2009/03,2009/06,2009/09,2009/12,2010/03,2010/06,2010/09,2010/12,2011/03,2011/06,2011/09,2011/12,2012/03,2012/06,2012/09,2012/12,2013/03
% of EPS-to-Industry,122.5,0.0,193.8,0.0,0.0,154.3,103.8,88.2,74.7,142.1,204.4,302.9,0.9,0.0,0.0,-12.5,750.0,283.3,8.3,9.2,-11.4,81.5,84.7,69.0,118.5,101.2,111.3,324.7,267.5,298.2,281.8,145.9,111.1,101.9,117.1,106.1,65.0,54.6,40.9,59.4,275.8,464.4,737.4,1258.2,205.4,156.1,140.4,101.3,55.2,62.5,55.9,67.9,82.8,70.9,93.8,78.7,276.2,331.3
% of PE-to-Industry,0.0,0.0,30.9,0.0,0.0,33.3,57.8,64.1,124.2,114.3,48.1,24.5,0.0,0.0,0.0,0.0,0.0,26.1,1006.2,726.9,0.0,86.5,117.4,119.0,72.2,88.8,94.0,36.9,40.5,39.7,49.4,77.8,93.7,110.4,103.7,101.8,278.2,347.2,557.1,281.4,56.5,28.8,19.8,12.1,61.7,60.4,92.3,86.8,168.3,156.7,167.6,163.7,138.5,149.6,112.0,137.2,36.6,36.1
% of ROE-to-Industry,0.0,0.0,872.2,0.0,0.0,977.8,421.0,257.6,246.5,334.8,621.4,502.9,4.8,0.0,0.0,0.0,2400.0,827.3,104.0,44.1,0.0,21.7,42.4,31.7,141.4,71.3,61.2,108.9,200.0,86.8,125.8,62.3,120.0,56.1,63.6,65.1,81.9,34.9,58.8,37.8,240.6,294.4,724.0,537.9,256.5,70.0,147.9,59.1,53.0,62.0,56.0,35.1,119.9,62.3,188.1,108.6,0.0,0.0
% of current ratio-to-industry,29.4,33.3,50.0,46.7,53.8,46.2,46.2,40.0,33.3,50.0,46.2,46.7,69.2,60.0,53.3,53.3,66.7,53.3,41.2,44.4,40.0,31.6,40.0,36.8,46.7,40.0,33.3,63.6,75.0,61.9,50.0,48.0,66.7,48.1,53.6,33.3,43.8,33.3,43.8,28.6,50.0,50.0,36.8,36.8,38.9,78.3,31.6,27.3,36.8,36.4,41.2,71.4,82.4,61.9,86.7,59.1,73.3,73.3
% of debt/equity-to-industry,0.0,0.0,267.4,254.9,283.7,293.0,240.8,239.6,244.0,163.5,126.9,133.3,334.6,342.6,312.9,335.9,567.9,480.0,526.8,228.3,460.6,186.4,184.2,164.2,182.0,143.6,115.9,69.7,74.1,55.3,63.6,59.6,109.5,82.7,84.4,90.7,105.3,91.1,200.0,73.3,58.2,57.1,56.5,58.1,51.1,26.2,273.7,245.2,308.6,340.0,282.9,202.2,231.6,195.3,264.5,171.4,160.0,156.9
% of earnings-to-industry,23.3,0.0,21.7,0.0,0.0,24.1,5.1,4.5,3.9,7.2,10.1,10.6,0.1,0.0,0.0,-8.2,14.0,9.1,0.9,0.9,-0.5,0.5,0.9,0.7,1.7,2.3,2.5,7.3,6.0,6.4,6.4,3.4,2.5,2.4,2.6,2.3,1.5,1.3,1.0,1.5,9.9,12.4,15.3,19.7,3.5,2.6,2.3,1.6,0.7,0.8,0.7,0.8,1.7,1.5,2.6,2.7,-9.8,-4.9
% of gross profit margin-to-industry,136.5,0.0,130.9,0.0,0.0,0.0,154.7,166.2,163.1,169.1,139.5,134.5,114.2,0.0,0.0,105.5,74.1,72.3,69.6,72.4,86.2,91.7,91.8,84.7,70.7,73.3,72.3,93.5,66.1,71.4,76.7,59.2,75.9,76.7,76.3,73.6,59.2,54.9,53.3,62.6,104.9,118.0,124.2,134.5,80.7,75.3,70.6,70.6,65.0,64.7,71.0,73.6,67.2,70.7,66.4,64.5,76.2,66.9
% of leverage-to-industry,0.0,0.0,608.0,544.8,520.7,578.6,563.0,571.4,557.1,413.8,411.1,458.6,585.2,589.7,590.3,635.5,1019.2,856.3,1033.3,467.9,596.0,414.8,381.5,360.0,342.3,285.7,271.4,180.0,192.3,162.1,183.3,172.0,240.9,212.5,204.5,213.0,242.9,230.4,252.4,209.1,192.3,176.0,190.9,186.4,195.5,123.8,185.7,181.0,205.0,205.3,181.0,159.1,166.7,157.1,165.0,150.0,139.1,139.1
% of net profit margin-to-industry,164.4,0.0,300.0,0.0,0.0,216.7,87.7,79.7,66.7,125.4,145.5,151.1,1.8,0.0,0.0,-128.6,250.0,175.0,15.6,17.8,-9.7,9.9,18.1,13.0,41.7,52.9,52.3,131.7,110.3,114.0,118.5,72.6,52.8,52.5,58.3,52.2,36.8,31.3,23.2,32.2,121.3,146.1,176.9,218.8,105.1,80.8,70.2,52.3,28.1,32.1,29.7,36.0,74.6,68.2,118.4,127.9,-443.8,-229.2
% of post-tax profit margin-to-industry,172.1,0.0,300.0,0.0,0.0,216.7,87.7,79.7,66.7,125.4,145.5,147.9,1.8,0.0,0.0,-128.6,250.0,233.3,15.9,18.2,-10.0,10.0,18.1,13.0,41.7,52.9,52.8,131.7,111.0,114.7,118.5,73.1,53.0,52.8,58.6,52.4,36.4,31.0,23.0,31.9,121.3,146.1,179.2,225.8,106.0,80.8,70.2,52.3,28.0,32.0,29.5,35.8,74.6,68.2,118.4,125.8,-473.3,-239.1
% of pre-tax profit margin-to-industry,160.7,0.0,200.0,0.0,0.0,0.0,61.3,59.5,57.8,135.5,156.7,156.7,-28.4,0.0,0.0,153.8,-172.7,-227.3,-26.2,-9.2,-20.0,6.1,9.2,8.4,20.8,32.4,35.8,103.2,97.0,105.9,113.7,81.0,54.0,51.9,58.7,52.9,43.2,38.9,30.6,40.0,128.6,167.9,205.3,274.3,93.4,72.4,61.6,46.0,27.1,31.1,28.3,34.2,40.6,35.5,49.6,39.5,116.5,97.3
% of pric/free cashlow-to-industry,0.0,0.0,435.3,-45.0,-20.0,-38.8,-49.2,-48.0,726.2,-460.4,5.0,118.7,-4.0,18.6,2.0,15.1,-3.5,263.3,-19.6,-26.0,-5.6,-5.9,43.2,93.8,31.5,-198.9,105.2,41.0,-37.3,78.9,0.0,21.0,-37.2,-71.6,-39.6,47.3,-17.9,105.3,-7056.6,38.4,274.2,-52.8,366.5,-1191.9,-301.3,-9.8,1.0,2.0,-3.8,146.7,14.1,-92.0,-57.4,6.9,64.6,8.7,41.7,271.3
% of price-to-industry,0.0,0.0,59.8,78.7,53.7,51.4,60.5,56.9,92.7,162.5,97.9,74.2,96.1,90.9,78.9,59.5,69.5,69.7,87.5,63.7,69.4,70.5,99.5,82.1,85.6,89.8,105.2,119.8,108.4,118.4,139.2,113.5,104.1,112.5,121.4,107.9,180.9,189.5,227.6,167.2,155.9,133.9,145.1,151.4,126.3,94.3,129.5,87.7,92.9,97.8,93.7,110.9,114.8,106.1,104.9,108.0,100.4,120.6
% of price/book-to-industry,0.0,0.0,459.8,630.3,438.9,418.1,249.7,445.8,763.6,973.3,304.2,414.1,377.9,628.9,503.6,399.1,395.8,577.6,740.0,264.2,237.8,236.0,318.7,235.3,178.0,167.4,124.5,69.8,82.5,59.8,119.2,88.8,112.9,99.2,101.1,98.4,208.1,175.4,303.3,144.4,127.0,100.0,142.3,123.6,147.7,48.5,111.1,59.0,92.1,99.2,98.0,81.5,101.8,73.6,95.2,71.4,77.1,88.2
% of price/cashflow-to-industry,0.0,0.0,84.1,0.0,0.0,0.0,42.0,113.6,185.4,273.9,53.8,97.1,182.6,0.0,0.0,66.5,32.2,99.2,136.0,126.2,62.6,140.1,179.7,141.0,63.1,144.3,128.3,68.0,40.5,68.3,94.3,113.1,71.1,131.7,124.3,110.7,152.2,267.9,241.5,197.1,50.9,36.4,24.9,33.1,56.7,60.0,66.0,67.8,89.0,95.6,93.9,137.2,64.2,75.3,47.9,62.0,22.5,44.0
% of price/sales-to-industry,0.0,0.0,152.6,0.0,0.0,92.9,51.4,137.2,208.0,367.6,71.0,122.4,150.0,0.0,0.0,102.2,41.6,122.0,115.3,105.5,44.4,101.9,135.3,96.2,52.1,125.0,107.2,83.9,45.7,78.4,111.8,103.5,49.8,93.2,92.6,78.7,94.1,158.6,118.3,122.7,64.2,49.5,34.3,49.7,60.6,55.9,53.0,52.1,49.4,51.6,52.3,83.9,63.6,81.5,60.1,84.2,56.5,69.0
% of sales-to-industry,14.2,0.0,7.3,0.0,0.0,11.3,5.9,5.7,5.8,5.7,6.9,7.1,3.2,0.0,0.0,6.5,5.3,5.3,5.2,5.2,5.2,5.2,5.3,5.2,4.2,4.4,4.7,5.5,5.4,5.6,5.4,4.7,4.7,4.5,4.5,4.5,4.1,4.1,4.3,4.5,8.1,8.5,8.7,9.1,3.3,3.2,3.3,3.1,2.4,2.4,2.4,2.3,2.3,2.2,2.2,2.1,2.1,2.1
(increase) decrease in inventories,-15.7,-41.8,-36.4,37.2,45.1,42.4,50.1,36.1,57.4,58.1,61.8,-0.6,-10.7,-69.7,-87.8,-27.1,-21.7,3.0,1.1,19.9,27.0,-6.6,-8.5,-7.1,-18.5,-22.6,-13.8,-10.3,-13.4,-17.2,-43.1,-40.9,-7.4,-24.2,-15.0,10.5,13.4,-21.2,-11.5,-12.8,-54.0,-49.9,-96.8,-82.7,-79.8,-22.5,13.6,45.1,48.9,-29.4,-1.7,16.3,-0.4,-26.7,-46.7,-8.2,10.6,30.7
(increase) decrease in other current assets,16.1,-4.7,-9.3,6.4,31.8,14.9,56.5,5.9,4.3,17.2,-22.0,9.3,64.5,3.1,2.9,4.8,8.5,-1.0,3.6,5.8,17.2,13.0,4.9,9.1,17.0,3.9,0.8,5.8,-6.5,0.0,0.0,0.0,0.0,0.0,0.0,0.0,0.0,0.0,0.0,0.0,0.0,0.0,0.0,0.0,0.0,0.0,0.0,0.0,0.0,0.0,0.0,0.0,0.0,0.0,0.0,0.0,0.0,0.0
(increase) decrease in prepaid expenses,0.0,0.0,0.0,0.0,0.0,0.0,0.0,0.0,0.0,-7.0,-4.2,-8.1,-14.1,-14.8,-2.1,6.7,13.9,-5.5,-4.8,-10.3,-8.2,-19.9,-33.3,-3.8,-2.7,-7.1,-8.0,-17.4,-28.1,-5.4,-4.1,-25.1,-9.0,7.2,11.5,-9.2,-9.1,3.1,19.3,-8.1,-5.0,2.3,18.5,-9.8,10.7,0.8,4.7,-26.2,-21.0,7.6,23.7,-0.6,4.4,6.2,19.7,-1.4,8.1,7.9
(increase) decrease in receivables,33.3,8.9,26.6,-27.2,-9.8,-18.4,-25.8,44.5,20.4,-85.8,-91.5,27.5,58.7,-9.7,4.8,7.4,12.1,-15.2,80.4,151.9,148.7,-16.9,10.4,7.1,9.0,-67.5,-130.1,-172.8,-156.9,-33.6,-8.2,-5.5,-52.9,-35.7,14.1,148.2,139.5,-70.2,-81.0,-35.9,-40.1,-30.5,100.6,115.2,-30.4,-152.8,-77.0,-66.8,-96.2,-26.9,-51.1,-50.2,-83.8,-18.0,40.0,13.4,-20.2,27.1
Basic EPS (Continuing),0.00,0.22,0.10,0.07,0.23,0.15,0.24,0.03,0.19,0.64,0.32,-0.08,0.08,0.04,0.06,-0.05,0.03,0.05,0.07,-0.04,-0.13,0.64,0.15,-0.07,0.38,0.42,0.23,2.05,0.47,0.68,0.58,0.28,0.70,0.62,0.84,-0.03,0.04,0.41,0.55,0.49,0.97,1.08,0.63,0.48,0.79,0.55,0.30,0.33,0.46,0.85,0.34,0.74,0.86,0.43,0.67,-0.05,0.66,-0.01
Basic EPS (Cum. Effect of Acct. Change),0.00,0.00,0.00,0.00,0.00,0.00,0.00,0.00,0.00,0.00,0.00,0.00,0.00,0.00,0.00,0.00,0.00,0.03,0.00,0.00,0.00,0.00,0.00,0.00,0.00,0.00,0.00,0.00,0.00,0.00,0.00,0.00,0.00,0.00,0.00,0.00,0.00,0.00,0.00,0.00,0.00,0.00,0.00,0.00,0.00,0.00,0.00,0.00,0.00,0.00,0.00,0.00,0.00,0.00,0.00,0.00,0.00,0.00
Basic EPS (Discontinued),0.00,0.00,0.00,0.00,0.00,0.00,0.00,0.00,0.00,0.00,0.00,0.00,0.00,0.00,0.00,0.00,0.00,0.00,0.00,0.00,0.00,0.00,0.00,0.00,0.00,0.00,0.00,0.00,0.00,0.00,0.00,0.00,0.00,0.00,0.00,0.00,0.00,0.00,0.00,0.00,0.00,0.00,0.00,0.00,0.00,0.00,0.00,0.00,0.00,0.00,0.00,0.00,0.00,0.00,0.00,0.00,0.00,0.00
Basic EPS (Extraordinary Items),0.00,0.00,0.00,0.00,0.00,0.00,0.00,0.00,0.00,0.00,0.00,0.00,0.00,0.00,0.00,0.00,0.00,0.00,0.00,0.00,0.00,0.00,0.00,0.00,0.00,0.00,0.00,0.00,0.00,0.00,0.00,0.00,0.00,0.00,0.00,0.00,0.00,0.00,0.00,0.00,0.00,0.00,0.00,0.00,0.00,0.00,0.00,0.00,0.00,0.00,0.00,0.00,0.00,0.00,0.00,0.00,0.00,0.00
Basic EPS (Other Gains/Losses),0.00,0.00,0.00,0.00,0.00,0.00,0.00,0.00,0.00,0.00,0.00,0.00,0.00,0.00,0.00,0.00,0.00,0.00,0.00,0.00,0.00,0.00,0.00,0.00,0.00,0.00,0.00,0.00,0.00,0.00,0.00,0.00,0.00,0.00,0.00,0.00,0.00,0.00,0.00,0.00,0.00,0.00,0.00,0.00,0.00,0.00,0.00,0.00,0.00,0.00,0.00,0.00,0.00,0.00,0.00,0.00,0.00,0.00
Basic EPS (Tax Loss Carry Forward),0.00,0.00,0.00,0.00,0.00,0.00,0.00,0.00,0.00,0.00,0.00,0.00,0.00,0.00,0.00,0.00,0.00,0.00,0.00,0.00,0.00,0.00,0.00,0.00,0.00,0.00,0.00,0.00,0.00,0.00,0.00,0.00,0.00,0.00,0.00,0.00,0.00,0.00,0.00,0.00,0.00,0.00,0.00,0.00,0.00,0.00,0.00,0.00,0.00,0.00,0.00,0.00,0.00,0.00,0.00,0.00,0.00,0.00
Close PE Ratio,0.0,0.0,19.4,0.0,0.0,9.8,11.1,12.5,23.7,16.0,10.9,10.1,0.0,0.0,0.0,52.8,108.0,103.3,113.7,92.9,0.0,25.3,29.5,30.1,18.8,27.3,28.5,12.6,10.4,11.0,12.6,16.1,14.6,18.3,19.2,22.2,49.3,55.4,117.1,31.0,11.9,8.2,10.8,14.4,16.9,17.6,16.2,19.1,30.5,27.8,24.5,14.3,13.3,14.6,11.3,15.9,18.9,26.5
Diluted EPS (Continuing),0.00,0.22,0.10,0.07,0.23,0.15,0.24,0.03,0.19,0.64,0.32,-0.08,0.08,0.04,0.06,-0.05,0.03,0.05,0.07,-0.04,-0.13,0.63,0.15,-0.07,0.37,0.41,0.22,2.02,0.47,0.67,0.57,0.27,0.69,0.61,0.83,-0.03,0.04,0.41,0.54,0.49,0.96,1.08,0.62,0.48,0.78,0.54,0.29,0.33,0.47,0.84,0.34,0.73,0.85,0.42,0.67,-0.05,0.66,-0.01
Diluted EPS (Cum. Effect of Acct. Change),0.00,0.00,0.00,0.00,0.00,0.00,0.00,0.00,0.00,0.00,0.00,0.00,0.00,0.00,0.00,0.00,0.00,0.03,0.00,0.00,0.00,0.00,0.00,0.00,0.00,0.00,0.00,0.00,0.00,0.00,0.00,0.00,0.00,0.00,0.00,0.00,0.00,0.00,0.00,0.00,0.00,0.00,0.00,0.00,0.00,0.00,0.00,0.00,0.00,0.00,0.00,0.00,0.00,0.00,0.00,0.00,0.00,0.00
Diluted EPS (Discontinued),0.00,0.00,0.00,0.00,0.00,0.00,0.00,0.00,0.00,0.00,0.00,0.00,0.00,0.00,0.00,0.00,0.00,0.00,0.00,0.00,0.00,0.00,0.00,0.00,0.00,0.00,0.00,0.00,0.00,0.00,0.00,0.00,0.00,0.00,0.00,0.00,0.00,0.00,0.00,0.00,0.00,0.00,0.00,0.00,0.00,0.00,0.00,0.00,0.00,0.00,0.00,0.00,0.00,0.00,0.00,0.00,0.00,0.00
Diluted EPS (Extraordinary),0.00,0.00,0.00,0.00,0.00,0.00,0.00,0.00,0.00,0.00,0.00,0.00,0.00,0.00,0.00,0.00,0.00,0.00,0.00,0.00,0.00,0.00,0.00,0.00,0.00,0.00,0.00,0.00,0.00,0.00,0.00,0.00,0.00,0.00,0.00,0.00,0.00,0.00,0.00,0.00,0.00,0.00,0.00,0.00,0.00,0.00,0.00,0.00,0.00,0.00,0.00,0.00,0.00,0.00,0.00,0.00,0.00,0.00
Diluted EPS (Other Gains/Losses),0.00,0.00,0.00,0.00,0.00,0.00,0.00,0.00,0.00,0.00,0.00,0.00,0.00,0.00,0.00,0.00,0.00,0.00,0.00,0.00,0.00,0.00,0.00,0.00,0.00,0.00,0.00,0.00,0.00,0.00,0.00,0.00,0.00,0.00,0.00,0.00,0.00,0.00,0.00,0.00,0.00,0.00,0.00,0.00,0.00,0.00,0.00,0.00,0.00,0.00,0.00,0.00,0.00,0.00,0.00,0.00,0.00,0.00
Diluted EPS (Tax Loss Carry Forward),0.00,0.00,0.00,0.00,0.00,0.00,0.00,0.00,0.00,0.00,0.00,0.00,0.00,0.00,0.00,0.00,0.00,0.00,0.00,0.00,0.00,0.00,0.00,0.00,0.00,0.00,0.00,0.00,0.00,0.00,0.00,0.00,0.00,0.00,0.00,0.00,0.00,0.00,0.00,0.00,0.00,0.00,0.00,0.00,0.00,0.00,0.00,0.00,0.00,0.00,0.00,0.00,0.00,0.00,0.00,0.00,0.00,0.00
Dividends Paid Per Share (YTD),0.00,0.00,0.00,0.14,0.28,0.42,0.56,0.14,0.28,0.42,0.56,0.14,0.28,0.14,0.28,0.35,0.42,0.07,0.14,0.21,0.28,0.07,0.14,0.21,0.28,0.07,0.14,0.21,0.28,0.07,0.14,0.21,0.28,0.07,0.14,0.21,0.31,0.10,0.20,0.30,0.40,0.10,0.20,0.30,0.40,0.10,0.20,0.30,0.40,0.10,0.20,0.30,0.43,0.13,0.25,0.38,0.63,0.00
EPS from Total Operations (YTD),0.87,0.22,0.31,0.07,0.30,0.44,0.68,0.03,0.22,0.85,1.17,-0.08,0.01,0.04,0.09,0.05,0.08,0.05,0.12,0.08,-0.05,0.63,0.79,0.72,1.09,0.41,0.64,2.67,3.13,0.67,1.24,1.51,2.20,0.61,1.44,1.41,1.45,0.41,0.95,1.44,2.40,1.08,1.69,2.17,2.95,0.54,0.81,1.13,1.60,0.84,1.18,1.91,2.76,0.42,1.09,1.04,1.70,-0.01
High PE Ratio,0.0,0.0,25.8,0.0,0.0,14.8,12.6,16.5,23.7,17.4,18.3,20.0,0.0,0.0,0.0,118.5,177.0,177.0,123.1,123.1,0.0,28.3,30.1,33.8,20.1,28.6,29.3,12.8,12.7,11.8,13.2,24.9,22.3,22.9,20.8,23.9,51.2,67.3,124.1,80.5,49.6,38.8,35.6,15.9,18.1,24.0,27.8,29.9,36.3,29.2,28.4,23.7,20.4,23.6,20.6,24.8,23.2,29.4
"Income, Restructuring and M&A;",0.0,0.0,0.0,0.0,0.0,0.0,0.0,0.0,0.0,0.0,0.0,0.0,0.0,0.0,0.0,0.0,0.0,0.0,0.0,0.0,-3.6,0.0,0.0,0.0,0.0,0.0,0.0,0.0,0.0,0.0,0.0,0.0,0.0,0.0,0.0,0.0,0.0,0.0,0.0,0.0,0.0,0.0,0.0,0.0,0.0,0.0,-17.5,-0.3,-0.9,0.0,0.0,0.0,0.0,0.0,0.0,0.0,0.0,0.0
LT-Debt as % of Invested Capital,148.7,132.9,55.1,56.4,55.0,55.7,54.2,55.9,55.0,45.9,39.6,41.9,63.5,64.9,66.0,68.3,75.1,75.7,74.7,57.7,60.3,52.3,51.1,52.4,47.6,44.2,42.3,31.7,29.9,29.7,25.8,25.3,31.6,30.0,27.5,28.3,28.7,29.1,28.7,25.1,24.3,21.7,20.9,20.2,19.1,10.1,51.1,50.7,52.0,50.5,49.7,48.1,46.8,45.7,45.1,45.6,44.5,44.4
LT-Debt as % of Total Debt,7.9,8.0,8.6,8.7,8.7,8.3,8.3,8.5,8.4,7.7,6.5,5.9,11.7,11.5,11.3,11.5,11.8,11.8,11.0,11.3,11.0,10.8,11.2,11.2,11.4,11.3,11.1,10.6,10.8,11.5,10.4,10.4,10.7,10.5,10.7,10.1,9.8,9.6,9.3,9.2,7.9,8.1,8.2,8.2,7.1,6.9,36.6,37.1,34.9,35.0,35.4,36.4,35.6,36.0,36.4,36.3,36.4,36.8
LT-Debt to Equity Ratio,0.00,0.00,1.23,1.30,1.22,1.26,1.18,1.27,1.22,0.85,0.66,0.72,1.74,1.85,1.94,2.15,3.01,3.12,2.95,1.37,1.52,1.10,1.05,1.10,0.91,0.79,0.73,0.46,0.43,0.42,0.35,0.34,0.46,0.43,0.38,0.39,0.40,0.41,0.40,0.33,0.32,0.28,0.26,0.25,0.24,0.11,1.04,1.03,1.08,1.02,0.99,0.93,0.88,0.84,0.82,0.84,0.80,0.80
Low PE Ratio,0.0,0.0,17.5,0.0,0.0,8.9,7.1,7.5,8.4,4.6,6.5,7.6,0.0,0.0,0.0,40.9,61.4,61.4,49.1,53.3,0.0,14.8,14.9,16.1,9.3,14.4,15.9,5.3,5.9,6.2,7.2,13.6,12.8,13.1,11.7,13.7,20.1,27.5,35.8,21.3,7.7,6.0,5.9,5.9,7.6,9.9,13.7,16.0,19.4,16.1,15.7,14.0,11.1,12.8,9.9,14.0,15.5,20.8
Net Income from Total Operations (YTD),174.6,25.6,40.0,10.7,47.2,70.2,107.0,4.1,33.5,134.3,183.7,-11.5,1.1,5.5,14.5,7.5,11.7,8.2,13.9,8.1,-12.6,30.7,59.1,47.5,115.2,75.2,116.3,493.3,580.9,124.4,230.4,281.0,408.9,113.3,266.4,261.0,267.8,75.1,176.1,266.1,485.7,205.0,323.8,417.1,567.1,107.9,178.8,254.2,358.6,192.1,269.5,436.9,632.5,97.2,249.9,238.4,388.1,-1.8
Normalized Close PE Ratio,0.0,0.0,19.4,0.0,0.0,0.0,10.1,11.5,21.2,35.9,33.3,39.7,414.0,0.0,0.0,42.2,123.4,165.3,189.5,116.1,0.0,21.6,26.9,26.8,18.8,27.3,28.5,12.6,10.4,11.0,12.6,16.1,14.6,18.3,19.2,22.2,49.3,55.4,117.1,31.0,11.9,8.2,10.8,14.4,16.9,17.6,15.5,18.2,25.8,26.7,18.9,11.5,11.2,11.7,11.3,15.9,18.9,26.5
Normalized High PE Ratio,0.0,0.0,25.8,0.0,0.0,0.0,11.4,15.1,21.2,39.1,55.9,78.7,708.0,0.0,0.0,94.8,202.3,283.2,205.1,153.8,0.0,24.2,27.4,30.2,20.1,28.6,29.3,12.8,12.7,11.8,13.2,24.9,22.3,22.9,20.8,23.9,51.2,67.3,124.1,80.5,49.6,38.8,35.6,15.9,18.1,24.0,26.6,28.6,30.7,28.0,21.9,19.0,17.2,19.0,20.6,24.8,23.2,29.4
Normalized Low PE Ratio,0.0,0.0,17.5,0.0,0.0,0.0,6.4,6.9,7.5,10.4,19.7,29.9,305.0,0.0,0.0,32.7,70.1,98.2,81.8,66.6,0.0,12.6,13.6,14.4,9.3,14.4,15.9,5.3,5.9,6.2,7.2,13.6,12.8,13.1,11.7,13.7,20.1,27.5,35.8,21.3,7.7,6.0,5.9,5.9,7.6,9.9,13.1,15.3,16.4,15.5,12.1,11.2,9.3,10.3,9.9,14.0,15.5,20.8
Normalized ROA,4.5,0.0,1.0,0.0,0.0,0.0,3.1,2.9,2.7,2.0,1.5,1.0,0.2,0.0,0.0,0.5,0.2,0.2,0.2,0.3,-0.2,0.4,0.8,0.7,2.7,3.7,3.9,11.3,11.4,12.1,13.1,7.0,7.2,6.9,7.5,6.4,4.3,3.6,2.7,4.1,6.6,8.3,8.6,8.7,7.3,4.8,3.8,3.6,3.5,3.8,4.8,5.5,6.0,5.3,4.9,3.5,3.1,2.3
Normalized ROCI,82.4,0.0,7.0,0.0,0.0,0.0,21.5,20.7,19.1,12.8,10.3,7.9,0.9,0.0,0.0,3.4,1.6,1.3,1.8,1.6,-1.3,2.1,4.0,3.4,12.9,16.4,17.1,41.8,39.7,39.8,42.3,22.2,26.2,24.4,24.8,22.5,15.7,13.4,10.2,14.2,25.2,28.8,28.6,28.3,25.7,11.3,7.1,6.7,6.9,7.3,9.1,10.2,11.0,9.6,8.7,6.2,5.4,4.0
Normalized ROE,0.0,0.0,15.7,0.0,0.0,0.0,46.9,46.9,42.5,23.7,17.1,13.7,2.4,0.0,0.0,10.6,6.6,5.4,7.0,3.7,0.0,4.4,8.2,7.2,24.6,29.3,29.7,61.1,56.6,56.6,57.0,29.8,38.4,34.8,34.2,31.3,22.1,18.9,14.3,18.9,33.2,36.8,36.2,35.5,31.8,12.6,14.5,13.6,14.4,14.8,18.1,19.7,20.7,17.7,15.8,11.4,9.8,7.3
Return on Assets (ROA),4.5,0.0,1.0,0.0,0.0,2.2,2.8,2.7,2.4,4.4,4.7,4.0,0.0,0.0,0.0,0.5,0.3,0.3,0.4,0.4,-0.3,0.3,0.7,0.6,2.7,3.7,3.9,11.3,11.4,12.1,13.1,7.0,7.2,6.9,7.5,6.4,4.3,3.6,2.7,4.1,6.6,8.3,8.6,8.7,7.3,4.8,3.6,3.4,3.0,3.6,3.7,4.5,5.0,4.3,4.9,3.5,3.1,2.3
Return on Capital Invested (ROCI),82.4,0.0,7.0,0.0,0.0,15.6,19.3,18.7,17.2,28.6,31.5,30.7,0.1,0.0,0.0,2.8,1.8,2.2,2.7,2.2,-1.7,1.8,3.7,3.1,12.9,16.4,17.1,41.8,39.7,39.8,42.3,22.2,26.2,24.4,24.8,22.5,15.7,13.4,10.2,14.2,25.2,28.8,28.6,28.3,25.7,11.3,6.8,6.4,5.8,7.0,7.0,8.2,9.3,7.7,8.7,6.2,5.4,4.0
Return on Stock Equity (ROE),0.0,0.0,15.7,0.0,0.0,35.2,42.1,42.5,38.2,52.9,52.2,52.8,0.4,0.0,0.0,8.9,7.2,9.1,10.5,5.2,0.0,3.8,7.5,6.4,24.6,29.3,29.7,61.1,56.6,56.6,57.0,29.8,38.4,34.8,34.2,31.3,22.1,18.9,14.3,18.9,33.2,36.8,36.2,35.5,31.8,12.6,13.9,13.0,12.2,14.2,14.0,15.8,17.5,14.2,15.8,11.4,9.8,7.3
Revenue (YTD),"2,350.0",567.5,"1,110.5",556.4,"1,104.7","1,593.3","2,159.2",504.4,"1,031.1","1,566.3","2,298.0",529.1,"1,050.0",543.6,"1,064.4","1,597.4","2,137.8",540.5,"1,077.3","1,616.2","2,157.4",621.9,"1,275.7","1,914.6","2,690.4",792.7,"1,587.9","2,777.7","3,377.5",944.4,"1,829.0","2,637.7","3,544.3",890.1,"1,828.9","2,676.6","3,565.5",951.1,"2,150.6","3,288.0","4,486.3","1,195.3","2,289.3","3,383.8","4,621.9","1,240.1","2,529.4","3,878.7","5,236.0","1,465.4","3,053.3","4,575.0","6,117.2","1,426.8","2,881.3","4,041.3","5,430.3","1,289.6"
accounts payable,226.3,188.6,194.6,192.6,166.7,138.1,143.8,137.8,127.2,130.9,144.2,182.7,171.7,142.5,139.7,135.3,151.4,118.8,110.0,114.1,134.8,142.2,123.7,141.5,166.1,161.4,149.6,179.8,197.4,179.4,147.6,174.7,225.1,200.0,173.2,239.6,238.3,218.5,268.0,324.6,385.2,274.7,232.1,238.8,269.6,305.3,265.1,312.9,354.0,335.9,351.4,448.7,522.0,471.9,472.8,497.6,508.0,463.9
accounts receivable,0.0,0.0,0.0,0.0,0.0,0.0,0.0,0.0,0.0,252.5,221.6,226.7,220.4,221.0,205.4,210.5,205.9,219.7,170.4,90.9,90.0,112.1,97.0,115.0,111.6,167.7,233.0,275.8,276.3,312.8,278.1,285.0,303.2,390.7,293.6,191.0,180.5,224.0,335.1,234.6,221.7,259.9,180.8,169.0,317.5,523.4,445.8,425.2,452.5,503.2,503.6,503.1,462.8,463.3,416.8,457.1,466.2,438.5
accrued expenses,0.0,0.0,0.0,0.0,0.0,0.0,0.0,0.0,0.0,0.0,0.0,0.0,0.0,0.0,0.0,0.0,0.0,0.0,0.0,0.0,0.0,0.0,0.0,0.0,0.0,0.0,0.0,0.0,0.0,0.0,0.0,0.0,0.0,0.0,0.0,0.0,0.0,0.0,0.0,0.0,0.0,0.0,0.0,0.0,0.0,0.0,0.0,0.0,0.0,0.0,0.0,0.0,0.0,0.0,0.0,0.0,0.0,0.0
accrued liabilities,0.0,0.0,0.0,0.0,0.0,0.0,0.0,0.0,0.0,310.0,357.2,362.8,0.0,385.5,0.0,0.0,449.9,495.8,540.5,588.8,567.7,568.3,566.5,545.4,530.5,559.3,565.3,554.8,601.9,582.8,610.1,575.6,455.5,472.3,491.0,501.7,512.3,602.8,733.9,564.6,546.4,511.8,554.2,528.0,612.8,609.5,738.2,797.1,802.0,854.7,836.9,833.9,719.2,856.9,744.2,814.0,768.5,839.3
accumulated depreciation,"2,157.0","2,134.8","2,188.9","2,241.6","2,294.5","2,295.0","2,277.6","2,300.3","2,345.1","2,394.3","2,412.7","2,517.8","2,498.7","2,626.8","2,687.7","2,749.0","2,793.7","2,830.6","2,859.7","2,781.2","2,808.6","2,754.3","3,187.6","3,250.1","3,331.4","3,393.3","3,438.3","3,507.6","3,561.9","3,629.4","3,691.4","3,749.7","3,809.6","3,849.5","3,901.8","3,980.8","3,980.3","4,011.1","4,101.6","4,188.4","4,214.3","4,270.0","4,362.6","4,471.1","4,557.7","4,535.2","4,667.3","4,747.4","4,822.1","9,745.4","4,826.4","4,766.2","4,760.9","4,915.8","5,065.5","5,215.7","5,354.2","5,516.3"
acquisitions,0.0,0.0,0.0,0.0,0.0,-160.0,-163.5,0.0,-37.5,-38.3,-39.1,0.0,0.0,0.0,-2.7,-3.3,0.0,0.0,0.0,0.0,0.0,0.0,0.0,0.0,0.0,0.0,0.0,0.0,0.0,-24.8,-24.8,-24.8,-24.8,0.0,0.0,-296.7,-306.7,0.0,0.0,0.0,-67.3,0.0,0.0,0.0,0.0,0.0,"-4,461.6","-4,465.2","-3,470.2",0.0,0.0,0.0,0.0,0.0,0.0,0.0,0.0,0.0
additional paid-in capital,0.0,0.0,642.9,642.9,642.9,642.9,642.9,643.0,643.1,643.2,643.5,643.5,643.6,643.7,643.7,643.8,643.8,643.8,643.9,833.4,833.7,834.2,836.8,839.2,846.6,852.2,866.3,880.3,884.2,906.5,905.1,910.3,921.9,933.6,941.7,946.3,966.5,981.0,997.3,996.5,993.5,"1,002.7","1,013.8","1,022.8","1,033.6","2,874.9","2,145.5","2,159.2","2,178.6","2,194.4","2,207.4","2,219.8","2,234.8","2,250.5","2,262.2","2,275.3","2,296.9","2,320.2"
adjustments to revenue,0.0,56.4,0.0,40.6,46.1,45.9,41.7,37.7,40.1,37.2,43.1,42.1,39.6,50.7,42.9,37.8,41.1,43.1,42.4,38.8,36.5,48.0,48.5,46.8,55.0,59.6,56.2,54.4,58.4,72.0,66.2,57.1,57.2,68.3,62.5,60.1,92.7,71.6,73.3,69.7,19.6,77.5,70.5,66.1,74.8,81.3,79.1,83.4,84.6,90.7,88.6,85.8,79.3,91.6,84.3,80.6,80.1,82.8
advertising,0.0,0.0,0.0,0.0,0.0,0.0,0.0,0.0,0.0,0.0,0.0,0.0,0.0,0.0,0.0,0.0,0.0,0.0,0.0,0.0,0.0,0.0,0.0,0.0,0.0,0.0,0.0,0.0,0.0,0.0,0.0,0.0,0.0,0.0,0.0,0.0,0.0,0.0,0.0,0.0,0.0,0.0,0.0,0.0,0.0,0.0,0.0,0.0,0.0,0.0,0.0,0.0,0.0,0.0,0.0,0.0,0.0,0.0
amortization,0.0,0.0,0.0,0.0,0.0,0.0,0.0,0.0,0.0,12.9,17.2,0.0,5.6,4.1,4.9,7.2,9.9,1.0,1.4,0.0,7.0,3.1,3.5,0.0,4.9,2.5,3.7,0.0,4.5,0.0,3.4,4.1,3.8,1.5,3.5,3.5,4.5,2.1,3.2,0.0,4.9,1.7,2.4,3.4,4.0,2.2,4.0,3.9,4.2,2.5,3.6,4.1,7.6,1.9,3.6,3.8,4.7,0.5
amortization of intangibles,0.0,0.0,0.0,0.0,0.0,0.0,0.0,0.0,0.0,0.0,0.0,0.0,0.0,0.0,0.0,0.0,0.0,0.0,0.0,3.8,0.0,0.0,0.0,4.3,0.0,0.0,0.0,4.0,0.0,1.3,0.0,0.0,0.0,0.0,0.0,0.0,0.0,0.0,0.0,0.0,0.0,0.0,0.0,0.0,0.0,0.0,0.0,0.0,0.0,0.0,0.0,0.0,0.0,0.0,0.0,0.0,0.0,0.0
asset turnover,0.0,0.0,0.0,0.0,0.0,0.6,0.6,0.6,0.6,0.6,0.6,0.6,0.3,0.0,0.0,0.5,0.5,0.5,0.5,0.5,0.5,0.5,0.6,0.6,0.6,0.7,0.7,0.8,0.7,0.7,0.7,0.6,0.7,0.6,0.6,0.6,0.6,0.6,0.6,0.7,0.7,0.7,0.7,0.7,0.6,0.5,0.5,0.5,0.5,0.5,0.5,0.5,0.5,0.5,0.5,0.5,0.4,0.4
auditor name,None,None,None,None,None,None,None,None,None,None,None,None,None,None,None,None,None,None,None,None,None,None,None,None,None,None,None,None,None,None,None,None,None,None,None,None,None,None,None,None,None,None,None,None,None,None,None,None,None,None,None,None,None,None,None,None,None,None
auditor report,None,None,None,None,None,None,None,None,None,None,None,None,None,None,None,None,None,None,None,None,None,None,None,None,None,None,None,None,None,None,None,None,None,None,None,None,None,None,None,None,None,None,None,None,None,None,None,None,None,None,None,None,None,None,None,None,None,None
basic earnings indicator,N,Y,Y,Y,Y,Y,Y,Y,Y,Y,Y,Y,Y,Y,Y,Y,Y,Y,Y,Y,Y,Y,Y,Y,Y,Y,Y,Y,Y,Y,Y,Y,Y,Y,Y,Y,Y,Y,Y,Y,Y,Y,Y,Y,Y,Y,Y,Y,Y,Y,Y,Y,Y,Y,Y,Y,Y,Y
book value per share,0.00,0.00,1.59,1.50,1.58,1.53,1.62,1.50,1.55,2.06,2.19,2.02,1.73,1.63,1.54,1.43,1.03,1.00,0.96,1.82,1.62,2.15,2.25,2.13,2.59,2.94,3.16,4.96,5.54,6.08,6.65,6.78,5.84,6.28,7.14,6.85,6.66,6.64,6.76,7.92,8.10,9.27,9.69,9.92,9.86,16.55,13.43,13.76,13.02,13.80,14.20,15.11,15.90,16.59,17.00,16.68,17.33,17.38
building and improvements,0.0,0.0,0.0,0.0,0.0,0.0,0.0,0.0,0.0,0.0,0.0,0.0,0.0,0.0,0.0,0.0,0.0,0.0,0.0,0.0,0.0,0.0,0.0,0.0,0.0,0.0,0.0,0.0,0.0,0.0,0.0,0.0,0.0,0.0,0.0,0.0,0.0,0.0,0.0,0.0,502.5,510.9,510.9,504.3,504.5,503.5,503.6,504.3,536.6,536.5,539.9,540.1,540.8,541.6,540.5,540.9,529.8,529.7
capital lease obligations,0.0,0.0,0.0,0.0,0.0,0.0,0.0,0.0,0.0,11.6,10.6,9.5,8.5,7.5,6.5,4.3,2.9,2.4,1.9,2.8,0.0,0.0,0.0,0.0,0.0,0.0,0.0,0.0,0.0,37.0,30.5,27.1,100.8,96.5,95.9,91.5,90.8,86.6,85.6,71.6,75.0,71.0,69.7,64.6,59.2,58.3,57.9,57.3,57.4,56.7,56.2,55.3,55.2,54.5,53.0,51.7,50.1,48.3
cash as % of revenue,1.3,0.0,2.1,0.0,0.0,0.7,0.4,0.5,0.5,0.7,0.7,0.6,1.5,0.0,0.0,0.6,0.5,0.9,0.6,7.9,0.3,1.2,2.6,0.5,0.2,0.7,0.2,9.9,10.1,8.6,9.5,6.7,6.3,6.2,8.6,2.2,1.2,1.7,1.4,0.2,3.1,1.5,2.4,0.7,1.4,40.5,0.7,0.3,0.6,2.3,0.5,8.0,6.1,4.7,3.4,4.1,0.4,0.5
cash at beginning of period,18.8,31.3,31.3,23.6,23.6,23.6,23.6,8.2,8.2,8.2,8.2,16.6,16.6,15.6,15.6,15.6,15.6,11.5,11.5,11.5,11.5,6.5,6.5,6.5,6.5,6.4,6.4,6.4,6.4,340.6,340.6,340.6,340.6,223.9,223.9,223.9,223.9,41.7,41.7,41.7,41.7,138.5,138.5,138.5,138.5,65.6,65.6,65.6,65.6,32.8,32.8,32.8,32.8,375.7,375.7,375.7,375.7,21.9
cash end of period,0.0,0.0,23.6,21.5,13.6,14.8,8.2,10.7,10.6,15.3,16.6,13.0,15.6,24.3,10.2,12.0,11.5,19.9,14.0,170.1,6.5,27.6,60.1,12.6,6.4,21.3,4.7,353.2,340.6,303.0,345.3,215.6,223.9,218.1,306.5,78.7,41.7,62.8,55.2,10.3,138.5,71.6,108.3,32.4,65.6,"1,879.0",34.3,15.6,32.8,127.7,26.5,472.5,375.7,287.3,200.2,231.0,21.9,25.1
cash flow,430.1,0.0,167.3,0.0,0.0,0.0,373.4,368.4,353.0,422.5,444.1,417.1,126.7,0.0,0.0,291.8,284.5,278.3,275.9,272.9,236.6,264.8,279.9,274.6,400.5,446.2,466.8,856.0,847.2,903.7,977.1,659.8,708.9,702.8,751.2,704.2,597.0,575.4,542.5,648.5,880.2,"1,023.1","1,052.2","1,073.4","1,008.5",924.9,903.3,935.8,930.4,"1,044.9","1,075.7","1,166.6","1,258.5","1,169.3","1,241.2","1,056.2","1,015.5",921.1
cash flow per share,3.73,0.00,1.04,0.00,0.00,0.00,2.38,2.34,2.25,2.69,2.77,2.65,0.80,0.00,0.00,1.85,1.81,1.77,1.75,1.52,1.32,1.47,1.55,1.52,2.21,2.44,2.55,4.63,4.58,4.94,5.33,3.61,3.88,3.86,4.12,3.89,3.28,3.15,2.96,3.56,4.87,5.66,5.82,5.94,5.57,4.10,4.00,4.14,4.11,4.61,4.75,5.14,5.54,5.14,5.45,4.64,4.45,4.03
cash from discontinued financing activities,0.0,0.0,0.0,0.0,0.0,0.0,0.0,0.0,0.0,0.0,0.0,0.0,0.0,0.0,0.0,0.0,0.0,0.0,0.0,0.0,0.0,0.0,0.0,0.0,0.0,0.0,0.0,0.0,0.0,0.0,0.0,0.0,0.0,0.0,0.0,0.0,0.0,0.0,0.0,0.0,0.0,0.0,0.0,0.0,0.0,0.0,0.0,0.0,0.0,0.0,0.0,0.0,0.0,0.0,0.0,0.0,0.0,0.0
cash from discontinued investing activities,0.0,0.0,0.0,0.0,0.0,0.0,0.0,0.0,0.0,0.0,0.0,0.0,0.0,0.0,0.0,0.0,0.0,0.0,0.0,0.0,0.0,0.0,0.0,0.0,0.0,0.0,0.0,0.0,0.0,0.0,0.0,0.0,0.0,0.0,0.0,0.0,0.0,0.0,0.0,0.0,0.0,0.0,0.0,0.0,0.0,0.0,0.0,0.0,0.0,0.0,0.0,0.0,0.0,0.0,0.0,0.0,0.0,0.0
cash per share,0.27,0.23,0.15,0.13,0.09,0.09,0.05,0.07,0.07,0.10,0.10,0.08,0.10,0.15,0.06,0.08,0.07,0.13,0.09,0.95,0.04,0.15,0.33,0.07,0.04,0.12,0.03,1.91,1.84,1.66,1.88,1.18,1.23,1.20,1.68,0.43,0.23,0.34,0.30,0.06,0.77,0.40,0.60,0.18,0.36,8.33,0.15,0.07,0.15,0.56,0.12,2.08,1.65,1.26,0.88,1.01,0.10,0.11
common par,0.0,0.0,0.8,0.8,0.8,0.8,0.8,0.8,0.8,0.8,0.8,0.8,0.8,0.8,0.8,0.8,0.8,0.8,0.8,0.9,0.9,0.9,0.9,0.9,0.9,0.9,0.9,0.9,0.9,0.9,1.9,1.9,1.9,1.9,1.9,1.9,1.9,1.9,1.9,1.8,1.8,1.8,1.8,1.8,1.8,2.3,2.3,2.3,2.3,2.3,2.3,2.3,2.3,2.3,2.3,2.3,2.3,2.3
common stock equity,-103.2,-78.0,254.7,241.1,248.8,240.5,254.2,236.3,244.0,323.2,351.6,318.1,271.6,256.0,243.2,225.0,162.0,157.1,150.6,327.4,290.6,387.2,406.0,385.1,469.0,537.1,579.6,917.5,"1,025.4","1,113.0","1,219.1","1,238.0","1,066.2","1,142.3","1,302.0","1,241.5","1,214.4","1,213.0","1,237.7","1,442.8","1,462.2","1,674.1","1,750.3","1,793.9","1,785.5","3,734.6","3,032.6","3,106.3","2,944.5","3,125.9","3,219.2","3,426.7","3,610.9","3,774.1","3,870.0","3,796.7","3,953.8","3,972.5"
construction in progress,0.0,0.0,0.0,0.0,0.0,0.0,0.0,0.0,0.0,0.0,0.0,0.0,0.0,0.0,0.0,0.0,0.0,0.0,0.0,0.0,0.0,0.0,0.0,0.0,0.0,0.0,0.0,0.0,0.0,0.0,0.0,0.0,0.0,0.0,0.0,0.0,0.0,0.0,0.0,0.0,0.0,0.0,0.0,0.0,0.0,0.0,0.0,0.0,0.0,0.0,0.0,0.0,0.0,0.0,0.0,0.0,0.0,0.0
cost in excess,0.0,0.0,0.0,0.0,0.0,0.0,0.0,0.0,0.0,0.0,0.0,0.0,0.0,0.0,0.0,0.0,0.0,0.0,0.0,0.0,0.0,0.0,0.0,0.0,0.0,0.0,0.0,0.0,0.0,0.0,0.0,0.0,0.0,0.0,0.0,0.0,0.0,0.0,0.0,0.0,0.0,0.0,0.0,0.0,0.0,0.0,0.0,0.0,0.0,0.0,0.0,0.0,0.0,0.0,0.0,0.0,0.0,0.0
cost of sales,0.0,394.7,0.0,417.2,371.3,364.7,335.2,367.6,360.9,416.8,415.5,432.7,338.0,397.3,399.5,456.4,420.1,406.9,408.9,440.1,328.6,445.8,512.1,543.2,465.9,578.5,616.3,670.0,688.0,621.5,599.8,609.8,664.4,573.1,646.8,688.5,672.6,698.9,826.9,826.5,785.2,709.3,676.1,749.7,806.0,810.4,857.9,907.9,871.0,865.4,926.3,954.4,966.3,902.2,912.6,866.1,859.9,959.3
cost of sales with depreciation,0.0,394.7,0.0,417.2,371.3,364.7,335.2,367.6,360.9,416.8,419.8,432.7,343.6,401.3,400.3,458.6,422.9,407.9,409.3,442.4,331.9,448.9,512.6,544.0,466.5,581.0,617.5,670.3,688.5,622.8,601.8,610.5,664.1,574.5,648.8,688.6,673.6,701.0,828.1,823.2,790.1,711.0,676.8,750.8,806.6,812.6,859.7,907.8,871.3,867.9,927.4,954.9,969.8,904.0,914.4,866.2,860.8,959.8
cumulative translation adjustments,0.0,0.0,0.0,0.0,0.0,0.0,0.0,0.0,0.0,0.0,0.0,0.0,0.0,0.0,0.0,0.0,0.0,0.0,0.0,0.0,0.0,0.0,0.0,0.0,0.0,0.0,0.0,0.0,0.0,0.0,0.0,0.0,0.0,0.0,0.0,0.0,0.0,0.0,0.0,0.0,0.0,0.0,0.0,0.0,0.0,0.0,0.0,0.0,0.0,0.0,0.0,0.0,0.0,0.0,0.0,0.0,0.0,0.0
current assets per share,5.33,5.65,3.88,3.81,3.65,3.72,3.68,3.19,3.15,3.89,3.52,3.63,3.62,4.30,4.19,4.43,3.95,3.99,3.36,3.38,2.62,3.02,3.12,2.77,2.59,3.13,3.32,5.59,5.40,5.53,5.75,5.14,5.01,5.33,5.41,3.85,3.75,4.40,4.66,4.13,5.45,5.53,5.13,4.59,5.20,13.26,4.62,4.43,4.93,5.44,5.08,8.39,8.36,8.21,7.38,7.51,6.75,6.30
current defered income taxes,0.0,0.0,0.0,0.0,0.0,0.0,0.0,0.0,0.0,92.5,46.3,46.8,54.7,54.8,55.5,57.9,92.2,90.0,89.1,78.3,125.9,130.7,136.7,136.4,145.9,152.6,152.0,172.9,152.7,143.8,144.9,142.3,117.2,126.5,123.3,123.6,130.8,158.5,204.7,113.1,60.6,48.8,63.1,86.1,73.4,63.9,86.2,86.5,174.2,177.7,174.6,157.2,141.1,128.9,149.0,172.2,148.1,160.8
current deferred income taxes,0.0,0.0,0.0,0.0,0.0,0.0,0.0,0.0,0.0,14.6,0.0,58.9,0.0,0.0,0.0,0.0,0.0,0.0,0.0,0.0,0.0,0.0,0.0,0.0,0.0,0.0,0.2,0.0,0.0,0.0,0.0,0.0,0.0,0.0,0.0,0.0,0.0,0.0,0.0,0.0,0.0,0.0,0.0,0.0,0.0,0.0,0.0,0.0,0.0,0.0,0.0,0.0,0.0,0.0,0.0,0.0,0.0,0.0
current liabilities per share,10.56,10.36,5.51,5.20,5.01,6.08,6.06,5.66,5.90,5.70,5.82,5.56,4.07,4.80,5.40,5.63,5.17,4.93,4.64,4.22,4.59,4.78,3.85,4.07,3.89,3.97,3.92,4.01,4.34,4.23,4.44,4.42,4.05,4.02,3.72,5.18,5.58,6.13,6.71,6.48,8.37,7.52,7.00,6.63,7.89,7.17,7.12,6.82,7.36,7.22,6.81,5.75,6.11,6.15,5.59,5.86,6.08,5.89
current ratio,0.5,0.5,0.7,0.7,0.7,0.6,0.6,0.6,0.5,0.7,0.6,0.7,0.9,0.9,0.8,0.8,0.8,0.8,0.7,0.8,0.6,0.6,0.8,0.7,0.7,0.8,0.8,1.4,1.2,1.3,1.3,1.2,1.2,1.3,1.5,0.7,0.7,0.7,0.7,0.6,0.7,0.7,0.7,0.7,0.7,1.8,0.6,0.6,0.7,0.8,0.7,1.5,1.4,1.3,1.3,1.3,1.1,1.1
decrease (increase) in other current liabilities,-15.0,23.3,-17.8,4.7,-12.5,1.0,-61.4,-11.9,-19.2,29.9,51.5,-28.9,-105.8,76.7,73.5,-30.3,102.7,57.5,82.4,8.9,7.7,19.4,42.1,-41.2,-40.7,55.8,87.5,32.8,76.4,6.5,6.5,-27.6,0.0,0.0,0.0,0.0,0.0,0.0,11.3,0.0,0.0,0.0,0.0,0.0,0.0,0.0,0.0,0.0,0.0,0.0,0.0,0.0,0.0,0.0,0.0,0.0,0.0,0.0
decrease (increase) in other working capital,0.0,0.0,-2.9,0.0,2.1,0.0,0.0,0.0,0.1,0.0,0.0,-1.2,-2.7,-2.4,0.0,0.0,-0.7,-1.6,0.0,0.0,-9.1,0.0,0.0,0.0,0.0,-0.5,0.0,0.0,0.0,17.4,30.1,16.5,-30.1,29.9,82.5,-53.3,-44.2,55.7,52.3,83.5,57.4,37.5,29.4,-15.0,33.9,47.4,86.1,147.2,157.0,102.3,75.2,112.5,147.6,66.5,-19.0,-4.5,2.4,49.5
decrease (increase) in payables,-19.4,-43.1,-17.1,-2.0,-27.9,-51.2,-46.1,-5.5,-16.7,-12.4,0.8,15.7,5.0,-29.2,-41.2,-36.6,-20.6,-26.8,-30.6,-26.5,-5.8,27.4,10.2,28.0,54.5,-4.7,-16.4,5.3,22.7,-19.3,-51.1,-24.0,-4.8,-17.1,-39.2,11.8,-2.4,-13.8,21.1,14.4,64.9,-43.7,-65.0,-80.5,-70.5,45.2,25.4,63.2,78.8,7.3,21.2,98.3,144.7,-39.3,-41.3,5.2,-20.1,-26.5
deferred income taxes,-26.4,-3.0,-19.3,-1.2,-10.8,-25.9,-23.2,-0.6,-4.8,9.1,28.6,9.5,-20.9,0.7,-19.8,44.9,-45.6,-23.6,-15.6,-8.8,-18.5,3.5,6.3,2.0,-26.9,0.7,-0.8,-10.6,-4.6,-3.4,14.7,8.6,19.0,17.6,57.0,63.6,59.6,14.4,69.0,56.3,135.6,16.5,34.5,51.5,47.4,3.2,7.7,3.4,17.0,23.1,7.6,0.1,-53.0,-2.3,30.6,-5.2,-6.6,0.3
deferred revenues,0.0,0.0,0.0,0.0,0.0,0.0,0.0,0.0,0.0,0.0,0.0,0.0,0.0,0.0,0.0,0.0,0.0,0.0,0.0,0.0,0.0,0.0,0.0,0.0,0.0,0.0,0.0,0.0,0.0,0.0,0.0,0.0,0.0,0.0,0.0,0.0,0.0,0.0,0.0,0.0,0.0,0.0,0.0,0.0,0.0,0.0,0.0,0.0,0.0,0.0,0.0,0.0,0.0,0.0,0.0,0.0,0.0,0.0
depreciation,255.5,65.3,127.3,61.1,132.1,201.0,266.3,62.8,125.5,180.4,243.3,58.6,120.0,66.5,132.3,197.5,262.9,60.7,123.0,184.1,242.2,59.5,121.2,184.2,280.4,63.4,130.2,194.3,261.9,71.8,146.3,219.1,296.2,76.8,152.5,234.9,324.7,92.7,188.5,284.8,389.6,106.2,213.7,323.7,437.4,119.2,252.0,413.4,567.7,149.1,306.9,466.6,618.4,155.3,309.2,463.0,622.8,161.3
depreciation (unrecognized),0.0,65.3,0.0,61.1,71.0,68.9,65.3,62.8,62.7,60.6,62.9,58.6,61.4,66.5,65.8,65.2,65.4,60.7,62.3,61.1,58.0,59.5,61.7,63.0,96.2,63.4,66.8,64.1,67.6,71.8,74.4,72.8,77.1,76.8,75.7,82.4,89.8,92.7,95.8,96.3,104.8,106.2,107.5,110.0,113.8,119.2,132.8,161.4,154.3,149.1,157.8,159.8,151.8,155.3,153.8,153.9,159.7,161.3
domestic sales,0.0,0.0,0.0,0.0,0.0,0.0,0.0,0.0,0.0,0.0,0.0,0.0,0.0,0.0,0.0,0.0,0.0,0.0,0.0,0.0,0.0,0.0,0.0,0.0,0.0,0.0,0.0,0.0,0.0,0.0,0.0,0.0,0.0,0.0,0.0,0.0,0.0,0.0,0.0,0.0,0.0,0.0,0.0,0.0,0.0,0.0,0.0,0.0,0.0,0.0,0.0,0.0,0.0,0.0,0.0,0.0,0.0,0.0
earnings from equity interest,0.0,0.0,0.0,0.0,0.0,0.0,0.0,0.0,0.0,0.0,0.0,0.0,0.0,0.0,0.0,0.0,0.0,0.0,0.0,0.0,0.0,0.0,0.0,0.0,0.0,0.0,0.0,0.0,0.0,0.0,0.0,0.0,0.0,0.0,0.0,0.0,0.0,0.0,0.0,0.0,0.0,0.0,0.0,0.0,0.0,0.0,0.0,0.0,0.0,0.0,0.0,0.0,0.0,0.0,0.0,0.0,0.0,0.0
earnings period indicator,F,Q,F,Q,S,N,F,Q,S,N,F,Q,F,Q,S,N,F,Q,S,N,F,Q,S,N,F,Q,S,N,F,Q,S,N,F,Q,S,N,F,Q,S,N,F,Q,S,N,F,Q,S,N,F,Q,S,N,F,Q,S,N,F,Q
effect exchange rate changes,0.0,0.0,0.0,0.0,0.0,0.0,0.0,0.0,0.0,0.0,0.0,0.0,0.0,0.0,0.0,0.0,0.0,0.0,0.0,0.0,0.0,0.0,0.0,0.0,0.0,0.0,0.0,0.0,0.0,0.0,0.0,0.0,0.0,0.0,0.0,0.0,0.0,0.0,0.0,0.0,0.0,0.0,0.0,0.0,0.0,0.0,0.0,0.0,0.0,0.0,0.0,0.0,0.0,0.0,0.0,0.0,0.0,0.0
effective tax rate,17.8,0.0,0.2,0.0,0.0,0.0,0.0,0.2,7.6,23.3,23.6,24.4,0.0,0.0,0.0,0.0,0.0,0.0,0.0,0.0,0.0,0.0,0.0,0.0,0.0,0.0,0.0,0.1,9.8,14.5,17.2,28.3,20.4,18.3,21.0,21.8,31.7,33.3,34.6,32.1,33.1,31.9,31.1,31.0,28.1,27.2,25.8,23.9,23.4,23.2,22.4,21.4,19.7,18.0,20.2,19.1,22.0,23.4
excise taxes,0.0,0.0,0.0,0.0,0.0,0.0,0.0,0.0,0.0,0.0,0.0,0.0,0.0,0.0,0.0,0.0,0.0,0.0,0.0,0.0,0.0,0.0,0.0,0.0,0.0,0.0,0.0,0.0,0.0,0.0,0.0,0.0,0.0,0.0,0.0,0.0,0.0,0.0,0.0,0.0,0.0,0.0,0.0,0.0,0.0,0.0,0.0,0.0,0.0,0.0,0.0,0.0,0.0,0.0,0.0,0.0,0.0,0.0
extraordinary gains,0.0,0.0,0.0,0.0,0.0,0.0,0.0,0.0,0.0,0.0,0.0,0.0,0.0,0.0,0.0,0.0,0.0,0.0,0.0,0.0,0.0,0.0,0.0,0.0,0.0,0.0,0.0,0.0,0.0,0.0,0.0,0.0,0.0,0.0,0.0,0.0,0.0,0.0,0.0,0.0,0.0,0.0,0.0,0.0,0.0,0.0,0.0,0.0,0.0,0.0,0.0,0.0,0.0,0.0,0.0,0.0,0.0,0.0
extraordinary income/losses,0.0,0.0,0.0,0.0,0.0,0.0,0.0,0.0,0.0,0.0,0.0,0.0,0.0,0.0,0.0,0.0,0.0,0.0,0.0,0.0,0.0,0.0,0.0,0.0,0.0,0.0,0.0,0.0,0.0,0.0,0.0,0.0,0.0,0.0,0.0,0.0,0.0,0.0,0.0,0.0,0.0,0.0,0.0,0.0,0.0,0.0,0.0,0.0,0.0,0.0,0.0,0.0,0.0,0.0,0.0,0.0,0.0,0.0
foreign sales,0.0,0.0,0.0,0.0,0.0,0.0,0.0,0.0,0.0,0.0,0.0,0.0,0.0,0.0,0.0,0.0,0.0,0.0,0.0,0.0,0.0,0.0,0.0,0.0,0.0,0.0,0.0,0.0,0.0,0.0,0.0,0.0,0.0,0.0,0.0,0.0,0.0,0.0,0.0,0.0,0.0,0.0,0.0,0.0,0.0,0.0,0.0,0.0,0.0,0.0,0.0,0.0,0.0,0.0,0.0,0.0,0.0,0.0
free cash flow,-39.6,7.2,-42.6,44.9,80.8,-103.0,-100.1,50.7,-9.0,47.6,94.6,-8.2,-113.9,-61.5,-121.0,-117.5,-31.8,-14.4,106.2,97.2,44.9,-21.3,-42.1,-141.6,-103.0,26.1,-37.6,-135.3,-165.7,-33.3,-0.0,-99.2,-77.4,20.4,84.3,-264.6,-422.3,-48.5,-2.8,-111.6,-172.4,-67.8,33.7,-15.1,-46.9,-109.4,"-4,574.1","-4,471.5","-3,578.8",157.8,164.7,187.0,48.9,-105.3,-403.3,-707.1,-989.4,-137.7
free cash flow per share,-0.34,0.06,-0.27,0.28,0.51,-0.65,-0.64,0.32,-0.06,0.30,0.59,-0.05,-0.72,-0.39,-0.77,-0.75,-0.20,-0.09,0.67,0.54,0.25,-0.12,-0.23,-0.78,-0.57,0.14,-0.20,-0.73,-0.90,-0.18,0.00,-0.54,-0.42,0.11,0.46,-1.46,-2.32,-0.27,-0.02,-0.61,-0.95,-0.38,0.19,-0.08,-0.26,-0.48,-20.26,-19.80,-15.82,0.70,0.73,0.82,0.22,-0.46,-1.77,-3.11,-4.34,-0.60
gross fixed assets,"4,844.0","4,786.5","4,863.2","4,877.3","4,903.7","4,878.4","4,852.0","4,871.9","4,904.3","4,938.9","4,944.0","5,393.2","5,414.0","5,520.0","5,598.8","5,676.9","5,697.7","5,766.5","5,799.0","5,440.9","5,495.1","5,470.6","6,322.5","6,411.4","6,514.0","6,570.9","6,713.0","6,865.6","7,096.7","7,274.1","7,417.8","7,577.3","7,849.9","7,954.4","8,152.7","8,782.2","8,945.3","9,062.1","9,352.0","9,650.7","9,980.3","10,110.6","10,265.7","10,452.7","10,682.0","10,744.2","14,589.6","14,737.8","14,951.4","19,944.7","15,070.9","13,837.3","14,087.3","14,357.2","14,736.3","15,143.7","15,545.2","15,749.5"
gross margin,0.0,0.0,0.0,0.0,0.0,146.3,230.6,136.8,168.0,155.5,316.1,96.3,182.9,146.4,121.3,82.3,120.2,133.7,128.0,98.8,212.6,176.1,141.6,95.8,309.9,214.2,178.9,519.7,-88.1,323.0,284.8,198.9,242.2,317.0,292.0,159.2,216.3,252.2,372.6,311.0,413.1,485.9,394.5,344.8,432.0,429.7,431.4,441.4,486.3,600.0,661.6,567.4,575.9,524.6,541.9,294.0,529.0,330.4
gross profit margin,32.9,0.0,29.2,0.0,0.0,0.0,31.1,32.4,32.3,31.8,32.5,31.2,26.6,0.0,0.0,25.1,22.0,21.4,21.5,22.3,25.0,27.5,26.7,25.5,25.8,26.6,26.6,34.4,24.4,26.4,28.7,22.2,29.6,29.9,29.6,28.2,27.6,25.4,25.7,27.6,30.1,33.5,34.9,35.9,36.4,34.5,33.7,33.9,34.2,35.9,38.0,39.0,38.1,38.3,37.2,34.7,33.7,32.0
income before income taxes,0.0,0.0,0.0,0.0,0.0,0.0,0.0,0.0,0.0,142.4,60.6,-13.6,-6.0,6.7,-0.8,-42.0,-4.4,-11.1,15.3,-18.4,-19.3,35.3,26.2,18.4,37.0,89.7,50.7,387.6,126.7,193.3,161.6,72.1,123.8,162.3,240.3,4.9,21.4,119.8,174.6,143.4,287.8,284.7,173.3,128.5,201.9,142.2,96.1,91.1,138.5,251.1,98.8,200.4,237.7,118.6,211.7,-31.4,198.4,-1.3
income from cum. effect of acct. change,0.0,0.0,0.0,0.0,0.0,0.0,0.0,0.0,0.0,0.0,0.0,0.0,0.0,0.0,0.0,0.0,0.0,0.0,0.0,0.0,0.0,83.4,0.0,0.0,-83.4,0.0,0.0,0.0,0.0,0.0,0.0,0.0,0.0,0.0,0.0,0.0,0.0,0.0,0.0,0.0,0.0,0.0,0.0,0.0,0.0,0.0,0.0,0.0,0.0,0.0,0.0,0.0,0.0,0.0,0.0,0.0,0.0,0.0
income from tax loss carryforward,0.0,0.0,0.0,0.0,0.0,0.0,0.0,0.0,0.0,0.0,0.0,0.0,0.0,0.0,0.0,0.0,0.0,0.0,0.0,0.0,0.0,0.0,0.0,0.0,0.0,0.0,0.0,0.0,0.0,0.0,0.0,0.0,0.0,0.0,0.0,0.0,0.0,0.0,0.0,0.0,0.0,0.0,0.0,0.0,0.0,0.0,0.0,0.0,0.0,0.0,0.0,0.0,0.0,0.0,0.0,0.0,0.0,0.0
income per employee,20354,None,5223,None,None,None,16657,None,None,None,25401,None,146,None,None,None,1922,None,None,None,-1926,None,None,None,16501,None,None,None,80041,None,None,None,56374,None,None,None,34651,None,None,None,59401,None,None,None,70787,None,None,None,41556,None,None,None,69073,None,None,None,43623,None
income taxes,0.0,6.7,0.0,-0.2,-4.1,-2.9,6.7,0.5,3.4,41.6,11.3,-2.1,-18.6,1.2,-9.8,-35.0,-8.5,-14.4,4.7,-12.5,1.3,4.5,0.0,-6.8,-30.7,14.5,9.6,7.2,33.1,60.4,48.6,14.6,-11.2,42.9,79.5,4.5,9.2,35.6,61.8,41.0,101.6,79.7,54.4,35.2,51.8,34.3,25.2,15.8,34.0,58.9,21.4,33.1,42.0,21.4,58.9,-19.9,48.8,0.5
"income, acquired in process r&a;",0.0,0.0,0.0,0.0,0.0,0.0,0.0,0.0,0.0,0.0,0.0,0.0,0.0,0.0,0.0,0.0,0.0,0.0,0.0,0.0,0.0,0.0,0.0,0.0,0.0,0.0,0.0,0.0,0.0,0.0,0.0,0.0,0.0,0.0,0.0,0.0,0.0,0.0,0.0,0.0,0.0,0.0,0.0,0.0,0.0,0.0,0.0,0.0,0.0,0.0,0.0,0.0,0.0,0.0,0.0,0.0,0.0,0.0
intangibles,0.0,0.0,0.0,0.0,0.0,0.0,0.0,0.0,0.0,0.0,0.0,0.0,0.0,0.0,0.0,0.0,0.0,0.0,0.0,389.8,375.0,372.6,0.0,0.0,0.0,0.0,0.0,0.0,0.0,0.0,0.0,0.0,0.0,0.0,0.0,0.0,0.0,0.0,0.0,0.0,0.0,0.0,0.0,0.0,0.0,0.0,0.0,0.0,0.0,0.0,0.0,0.0,0.0,0.0,0.0,0.0,0.0,0.0
intangibles as % of book-value,0.0,0.0,0.0,0.0,0.0,0.0,0.0,0.0,0.0,0.0,0.0,0.0,0.0,0.0,0.0,0.0,0.0,0.0,0.0,119.1,129.0,96.2,0.0,0.0,0.0,0.0,0.0,0.0,0.0,0.0,0.0,0.0,0.0,0.0,0.0,0.0,0.0,0.0,0.0,0.0,0.0,0.0,0.0,0.0,0.0,0.0,0.0,0.0,0.0,0.0,0.0,0.0,0.0,0.0,0.0,0.0,0.0,0.0
interest as % of invested capital,22.7,0.0,5.4,0.0,0.0,0.0,10.0,10.8,11.2,10.2,9.9,9.2,2.2,0.0,0.0,5.9,7.1,7.0,7.1,5.0,4.7,4.2,4.1,4.0,3.5,3.0,2.8,2.1,1.9,1.7,1.5,1.5,1.6,1.6,1.5,1.5,1.8,2.0,2.1,2.0,1.9,1.6,1.5,1.4,1.4,0.7,1.4,2.3,3.3,4.2,4.1,3.9,3.7,3.5,3.3,3.3,3.1,3.0
interest coverage (cont. operations),5.4,0.0,2.3,0.0,0.0,0.0,2.9,2.7,2.7,4.7,5.2,5.4,0.0,0.0,0.0,0.0,0.1,0.0,0.1,0.6,0.0,1.4,1.7,1.7,3.6,5.6,6.6,20.6,24.6,29.2,34.4,22.7,21.8,19.6,22.6,20.0,14.1,11.6,9.0,11.7,21.1,27.1,28.6,29.9,26.1,21.8,7.4,4.6,3.3,3.2,3.2,3.7,4.2,3.7,4.3,3.4,3.3,2.8
interest expense,0.0,16.5,0.0,12.8,12.5,14.6,15.3,15.3,15.5,14.7,12.1,8.1,8.4,10.1,11.8,11.6,12.6,9.5,8.5,8.0,8.4,9.1,8.3,6.3,7.8,6.9,7.2,6.8,6.4,5.9,6.3,5.7,7.3,7.3,6.2,5.8,11.6,10.2,8.5,9.1,8.4,8.5,6.9,7.5,8.5,8.1,65.0,66.4,65.4,66.5,64.6,58.9,58.4,58.1,56.6,54.1,51.3,53.4
interest income,0.0,0.0,0.0,0.0,0.0,0.0,0.0,0.0,0.0,0.0,0.0,0.0,0.0,0.0,0.0,0.0,0.0,0.0,0.0,0.0,0.0,0.0,0.0,0.0,0.0,0.0,0.0,0.0,0.0,0.0,0.0,0.0,0.0,0.0,0.0,0.0,0.0,0.0,0.0,0.0,0.0,0.0,0.0,0.0,0.0,0.0,0.0,0.0,0.0,0.0,0.0,0.0,0.0,0.0,0.0,0.0,0.0,0.0
inventories,170.6,212.3,207.0,169.8,161.9,164.6,156.9,120.8,99.5,98.8,95.0,103.8,113.9,183.6,201.7,141.0,135.6,127.4,129.3,110.5,103.4,109.9,111.9,110.4,121.9,144.5,135.6,137.9,141.0,159.1,185.0,182.8,149.3,173.5,164.3,165.5,163.2,184.4,174.7,176.0,227.8,277.7,324.7,310.5,307.6,327.4,293.9,262.3,258.5,287.8,259.7,241.7,258.3,285.0,305.1,266.5,247.8,217.0
"inventories, finished goods",0.0,0.0,0.0,0.0,0.0,0.0,0.0,0.0,0.0,0.0,0.0,0.0,0.0,0.0,0.0,0.0,18.9,18.9,20.5,21.2,21.4,23.6,28.0,24.8,20.6,21.1,20.0,20.1,17.0,18.3,18.1,16.7,18.3,0.0,16.5,25.6,25.4,0.0,22.5,24.7,43.1,59.2,58.3,50.6,44.8,43.1,44.6,49.1,50.1,50.8,50.3,42.1,43.6,43.1,38.8,37.0,35.4,35.1
"inventories, other",0.0,0.0,0.0,0.0,0.0,0.0,0.0,0.0,0.0,69.2,95.0,103.8,80.0,78.3,201.7,141.0,49.6,49.0,51.5,53.9,53.6,54.7,57.5,56.7,58.4,61.1,66.1,70.1,71.1,66.5,77.7,76.1,79.8,100.5,87.6,89.0,92.2,184.4,91.7,90.7,0.0,0.0,0.0,0.0,0.0,0.0,0.0,0.0,0.0,0.0,0.0,0.0,0.0,0.0,0.0,0.0,0.0,0.0
"inventories, purchased components",0.0,0.0,0.0,0.0,0.0,0.0,0.0,0.0,0.0,0.0,0.0,0.0,0.0,0.0,0.0,0.0,0.0,0.0,0.0,0.0,0.0,0.0,0.0,0.0,0.0,0.0,0.0,0.0,0.0,0.0,0.0,0.0,0.0,0.0,0.0,0.0,0.0,0.0,0.0,0.0,90.9,90.8,90.1,86.5,89.0,90.9,0.0,0.0,0.0,0.0,0.0,0.0,0.0,0.0,0.0,0.0,0.0,0.0
"inventories, raw materials",0.0,0.0,0.0,0.0,0.0,0.0,0.0,0.0,0.0,29.6,0.0,0.0,33.9,105.3,0.0,0.0,67.1,59.5,57.3,35.4,28.4,31.6,26.4,29.0,43.0,62.2,49.5,47.7,52.9,74.3,89.2,90.0,51.2,73.0,60.2,50.9,45.6,0.0,60.4,60.6,93.9,127.6,176.2,173.4,173.7,193.4,249.2,213.2,208.4,237.0,209.4,199.6,214.7,241.9,266.3,229.5,212.4,181.9
"inventories, work in progress",0.0,0.0,0.0,0.0,0.0,0.0,0.0,0.0,0.0,0.0,0.0,0.0,0.0,0.0,0.0,0.0,0.0,0.0,0.0,0.0,0.0,0.0,0.0,0.0,0.0,0.0,0.0,0.0,0.0,0.0,0.0,0.0,0.0,0.0,0.0,0.0,0.0,0.0,0.0,0.0,0.0,0.0,0.0,0.0,0.0,0.0,0.0,0.0,0.0,0.0,0.0,0.0,0.0,0.0,0.0,0.0,0.0,0.0
inventory as % of revenue,7.3,0.0,18.6,0.0,0.0,7.7,7.3,5.7,4.7,4.6,4.1,4.4,10.8,0.0,0.0,6.6,6.3,6.0,6.0,5.1,4.8,4.9,4.7,4.5,4.5,5.0,4.5,3.9,4.2,4.5,5.1,5.6,4.2,5.0,4.6,4.6,4.6,5.1,4.5,4.2,5.1,5.9,7.1,6.8,6.7,7.1,6.0,5.1,4.9,5.3,4.5,4.1,4.2,4.7,5.1,4.8,4.6,4.1
inventory turnover,0.0,0.0,0.0,0.0,0.0,0.0,8.2,9.9,10.9,11.2,12.3,14.5,7.4,0.0,0.0,13.3,13.4,14.6,10.2,13.3,13.5,13.7,14.3,16.6,17.7,16.5,17.8,18.8,19.4,17.1,16.1,15.7,17.2,14.7,14.3,14.8,16.5,15.1,17.0,17.7,16.0,13.6,12.0,12.0,11.0,10.1,10.4,11.8,12.2,11.4,12.9,14.4,14.7,13.1,13.2,14.4,14.2,14.3
invested capital,211.9,236.9,567.4,553.4,552.3,543.0,554.8,535.9,542.7,598.0,582.7,548.0,744.2,729.6,715.9,709.6,650.5,647.3,595.3,774.7,732.5,812.1,831.0,809.7,894.8,962.9,"1,005.3","1,343.1","1,463.7","1,582.6","1,643.2","1,658.4","1,558.9","1,630.7","1,795.2","1,731.2","1,703.3","1,710.8","1,735.2","1,925.2","1,930.5","2,138.1","2,211.9","2,248.6","2,208.5","4,155.2","6,201.5","6,304.3","6,130.6","6,309.8","6,401.4","6,605.5","6,788.3","6,950.8","7,045.3","6,975.7","7,128.4","7,145.1"
issuance of capital stock,0.0,0.0,340.7,0.0,0.0,0.0,0.0,0.0,0.1,0.5,1.6,0.0,0.0,0.1,0.4,0.6,1.9,0.0,0.3,190.2,191.2,1.8,6.0,10.5,14.9,12.5,21.4,35.4,39.2,4.4,13.1,14.1,14.7,1.1,5.2,7.2,19.2,5.3,14.2,15.1,15.2,0.1,0.6,1.1,2.5,"1,830.1","1,831.0","1,831.5","1,834.9",3.7,5.0,6.2,9.0,0.2,0.6,1.3,8.3,0.9
issuance of debt,494.4,88.8,0.0,0.0,0.0,105.9,117.3,0.0,0.0,0.0,0.0,0.0,0.0,246.3,246.3,260.2,261.8,1.6,1.0,1.9,66.8,35.0,0.0,0.0,0.0,0.0,0.0,2.2,14.0,0.0,0.0,0.0,0.0,0.0,0.3,181.0,247.5,37.5,6.3,24.0,310.2,0.0,0.0,0.0,0.0,93.3,"2,900.0","2,900.0","2,750.0",250.0,250.0,250.0,250.0,0.0,0.0,0.0,0.0,0.0
land and improvements,0.0,0.0,0.0,0.0,0.0,0.0,0.0,0.0,0.0,"4,938.9","1,446.5",0.0,0.0,0.0,0.0,0.0,"1,440.3",0.0,0.0,0.0,"1,006.3",0.0,"1,451.5","1,453.0","1,045.4",0.0,0.0,"1,055.6","2,722.8","1,967.1","1,997.1","2,023.9","2,058.5","2,088.2","2,176.1","2,437.8","2,467.3","1,246.9","2,861.1","3,519.4",0.0,0.0,0.0,0.0,0.0,0.0,0.0,0.0,0.0,0.0,0.0,0.0,0.0,0.0,0.0,0.0,0.0,"1,351.3"
leverage ratio,0.0,0.0,15.2,15.8,15.1,16.2,15.2,16.0,15.6,12.0,11.1,13.3,15.8,17.1,18.3,19.7,26.5,27.4,27.9,13.1,14.9,11.2,10.3,10.8,8.9,8.0,7.6,5.4,5.0,4.7,4.4,4.3,5.3,5.1,4.5,4.9,5.1,5.3,5.3,4.6,5.0,4.4,4.2,4.1,4.3,2.6,3.9,3.8,4.1,3.9,3.8,3.5,3.5,3.3,3.3,3.3,3.2,3.2
loans receivable,0.0,0.0,0.0,0.0,0.0,0.0,0.0,0.0,0.0,0.0,0.0,0.0,0.0,0.0,0.0,0.0,0.0,0.0,0.0,0.0,0.0,0.0,0.0,0.0,0.0,0.0,0.0,0.0,0.0,0.0,0.0,0.0,0.0,0.0,0.0,0.0,0.0,0.0,0.0,0.0,0.0,0.0,0.0,0.0,0.0,0.0,0.0,0.0,21.6,0.0,0.0,0.0,315.0,314.5,314.6,314.4,318.4,322.4
long-term debt,315.1,314.9,312.7,312.3,303.5,302.5,300.6,299.6,298.7,263.1,220.4,220.4,464.2,466.2,466.2,480.2,485.5,487.8,442.8,444.5,441.9,425.0,425.0,424.7,425.8,425.7,425.7,425.6,438.4,432.6,393.7,393.2,392.0,391.9,397.4,398.2,398.1,411.3,411.9,410.9,393.3,393.0,391.9,390.1,363.7,362.2,"3,111.1","3,140.8","3,128.7","3,127.2","3,126.1","3,123.4","3,122.2","3,122.2","3,122.2","3,127.3","3,124.5","3,124.2"
long-term debt per share,2.73,2.73,1.95,1.95,1.92,1.92,1.91,1.91,1.90,1.75,1.44,1.46,3.00,3.01,3.00,3.08,3.10,3.11,2.82,2.49,2.46,2.36,2.36,2.35,2.35,2.33,2.32,2.30,2.37,2.57,2.31,2.30,2.70,2.68,2.71,2.70,2.68,2.72,2.72,2.65,2.59,2.57,2.55,2.52,2.34,1.86,14.04,14.16,14.09,14.05,14.04,14.02,13.99,13.96,13.95,13.97,13.92,13.88
marketable securities,0.0,0.0,0.0,0.0,0.0,0.0,0.0,0.0,0.0,0.0,0.0,0.0,0.0,0.0,0.0,0.0,0.0,0.0,0.0,0.0,0.0,0.0,0.0,0.0,0.0,0.0,0.0,0.0,0.0,0.0,0.0,0.0,0.0,0.0,0.0,0.0,0.0,0.0,0.0,0.0,0.0,0.0,0.0,0.0,0.0,0.0,0.0,0.0,0.0,0.0,0.0,0.0,0.0,0.0,0.0,0.0,0.0,0.0
minority interest,0.0,0.0,0.0,0.0,0.0,0.0,0.0,0.0,0.0,0.0,0.0,0.0,0.0,0.0,0.0,0.0,0.0,0.0,0.0,0.0,0.0,0.0,0.0,0.0,0.0,0.0,0.0,3.5,6.0,8.5,7.1,7.0,7.1,6.1,7.7,5.8,5.5,9.1,11.8,12.4,9.9,9.2,5.5,5.9,6.9,7.6,4.2,0.0,0.0,0.0,0.0,0.0,0.0,0.0,-0.0,-0.1,-0.3,-0.3
minority interest liability,0.0,0.0,0.0,0.0,0.0,0.0,0.0,0.0,0.0,0.0,0.0,0.0,0.0,0.0,0.0,0.0,0.0,0.0,0.0,0.0,0.0,0.0,0.0,0.0,0.0,0.0,0.0,93.6,93.4,108.4,116.9,126.5,135.7,140.4,151.0,157.1,163.1,164.2,158.2,210.0,0.0,225.5,236.5,233.4,238.9,252.3,-8.5,-8.7,-8.5,-4.5,-5.1,0.0,0.0,0.0,0.3,0.2,-0.0,-0.3
net cash from continuing operations,395.3,30.1,85.0,91.1,192.4,216.8,295.0,130.7,181.6,311.1,435.7,72.5,93.0,30.9,75.5,179.0,329.6,43.4,239.1,317.0,381.1,95.5,187.6,195.3,358.1,95.7,157.4,190.4,409.1,152.5,349.1,439.3,664.5,183.4,454.5,596.0,684.0,146.1,470.0,683.2,"1,029.5",249.8,566.2,728.2,945.5,174.1,505.8,878.9,"1,131.3",435.2,795.5,"1,252.4","1,527.6",229.5,367.9,530.2,728.1,268.3
net cash from discontinued operations,0.0,0.0,0.0,0.0,0.0,0.0,0.0,0.0,0.0,0.0,0.0,0.0,0.0,0.0,0.0,0.0,0.0,0.0,0.0,0.0,0.0,0.0,0.0,0.0,0.0,0.0,0.0,0.0,0.0,0.0,0.0,0.0,0.0,0.0,0.0,0.0,0.0,0.0,0.0,0.0,0.0,0.0,0.0,0.0,0.0,0.0,0.0,0.0,0.0,0.0,0.0,0.0,0.0,0.0,0.0,0.0,0.0,0.0
net fixed assets,"2,687.0","2,651.7","2,674.3","2,635.7","2,609.2","2,583.4","2,574.4","2,571.6","2,559.2","2,544.6","2,531.3","2,875.4","2,915.3","2,893.2","2,911.1","2,927.9","2,904.0","2,936.0","2,939.4","2,659.7","2,686.5","2,716.2","3,134.9","3,161.3","3,182.6","3,177.6","3,274.7","3,358.0","3,534.8","3,644.7","3,726.4","3,827.6","4,040.3","4,105.0","4,250.9","4,801.5","4,965.0","5,051.1","5,250.4","5,462.3","5,766.0","5,840.7","5,903.1","5,981.6","6,124.3","6,209.1","9,922.3","9,990.4","10,129.3","10,199.3","10,244.5","9,071.1","9,326.4","9,441.4","9,670.9","9,928.0","10,191.0","10,233.2"
net income (continuing operations),0.0,25.6,14.4,10.7,36.5,23.0,36.8,4.1,29.4,100.8,49.3,-11.5,12.6,5.5,9.0,-7.0,4.1,8.2,10.6,-5.9,-20.6,30.7,26.2,-11.6,67.7,75.2,41.1,377.0,87.6,124.4,105.9,50.6,127.9,113.3,153.1,-5.4,6.8,75.1,101.0,90.1,219.5,205.0,118.8,93.3,150.0,107.9,70.9,75.4,104.5,192.1,77.4,167.3,195.6,97.2,152.7,-11.5,149.6,-1.8
net income (discontinued operations),0.0,0.0,0.0,0.0,0.0,0.0,0.0,0.0,0.0,0.0,0.0,0.0,0.0,0.0,0.0,0.0,0.0,0.0,0.0,0.0,0.0,0.0,0.0,0.0,0.0,0.0,0.0,0.0,0.0,0.0,0.0,0.0,0.0,0.0,0.0,0.0,0.0,0.0,0.0,0.0,0.0,0.0,0.0,0.0,0.0,0.0,0.0,0.0,0.0,0.0,0.0,0.0,0.0,0.0,0.0,0.0,0.0,0.0
net income available for common,0.0,25.6,0.0,10.7,36.5,23.0,36.8,4.1,29.4,100.8,49.3,-11.5,12.6,5.5,9.0,-7.0,4.1,8.2,10.6,-5.9,-20.6,30.7,26.2,-11.6,67.7,75.2,41.1,377.0,87.6,124.4,105.9,50.6,127.9,113.3,153.1,-5.4,6.8,75.1,101.0,90.1,219.5,205.0,118.8,93.3,150.0,107.9,70.9,75.4,104.5,192.1,77.4,167.3,195.6,97.2,152.7,-11.5,149.6,-1.8
net income/loss,174.6,25.6,40.0,10.7,47.2,70.2,107.0,4.1,33.5,134.3,183.7,-11.5,1.1,5.5,14.5,7.5,11.7,8.2,18.7,12.8,-7.8,114.1,142.5,130.9,198.6,75.2,116.3,493.3,580.9,124.4,230.4,281.0,408.9,113.3,266.4,261.0,267.8,75.1,176.1,266.1,442.5,205.0,323.8,417.1,567.1,107.9,178.8,254.2,358.6,192.1,269.5,436.9,632.5,97.2,249.9,238.6,388.1,-1.8
net profit margin,7.4,0.0,3.6,0.0,0.0,3.9,5.0,4.7,4.4,7.9,8.0,7.1,0.1,0.0,0.0,0.9,0.5,0.7,0.7,0.8,-0.6,0.7,1.3,1.0,4.3,5.5,5.7,15.8,17.2,17.9,19.2,11.4,11.5,11.4,12.6,10.9,7.5,6.3,4.6,6.5,10.8,13.0,13.8,14.0,12.3,10.1,8.7,7.9,6.8,8.1,7.8,9.1,10.3,8.8,10.3,7.8,7.1,5.5
non-current deferred income taxes,0.0,0.0,0.0,0.0,0.0,0.0,0.0,0.0,0.0,283.0,309.2,449.9,520.9,519.6,539.4,472.6,420.7,444.9,442.6,444.2,409.1,352.3,344.8,350.4,355.0,352.3,352.1,366.5,367.2,358.0,336.1,338.7,508.0,529.5,487.3,379.4,374.8,387.2,343.8,317.7,333.5,310.6,301.5,294.0,425.3,408.4,402.1,396.3,484.8,458.9,461.6,458.9,507.7,467.8,439.7,446.5,444.6,425.1
normalized income,0.0,25.6,0.0,10.7,36.5,32.6,37.6,4.1,29.4,5.5,21.1,-12.6,18.0,5.5,8.0,-7.7,4.8,3.4,9.9,-5.9,-17.6,30.7,26.2,-11.6,67.7,75.2,41.1,377.0,87.6,124.4,105.9,50.6,127.9,113.3,153.1,-5.4,6.8,75.1,101.0,90.1,219.5,205.0,118.8,93.3,150.0,107.9,88.4,75.7,105.4,192.1,209.0,167.7,195.6,97.2,152.7,-11.5,149.6,-1.8
normalized income per employee,20354,None,5223,None,None,None,18537,None,None,None,8316,None,894,None,None,None,1752,None,None,None,-1468,None,None,None,16501,None,None,None,80041,None,None,None,56374,None,None,None,34651,None,None,None,59401,None,None,None,70787,None,None,None,49130,None,None,None,81720,None,None,None,43623,None
normalized net profit margin,7.4,0.0,3.6,0.0,0.0,0.0,5.5,5.2,4.9,3.5,2.6,1.8,0.6,0.0,0.0,1.1,0.5,0.4,0.5,0.6,-0.4,0.8,1.4,1.1,4.3,5.5,5.7,15.8,17.2,17.9,19.2,11.4,11.5,11.4,12.6,10.9,7.5,6.3,4.6,6.5,10.8,13.0,13.8,14.0,12.3,10.1,9.0,8.2,8.1,8.5,10.1,11.4,12.2,11.0,10.3,7.8,7.1,5.5
notes payable,0.0,0.0,0.0,0.0,0.0,0.0,0.0,0.0,0.0,29.6,0.0,197.8,77.9,178.3,291.2,297.0,0.0,0.0,28.4,3.4,68.8,100.0,0.0,45.0,5.1,0.0,0.0,2.2,0.0,0.0,0.0,0.0,0.0,0.0,0.0,181.0,247.5,280.0,207.0,270.5,557.7,520.4,452.0,410.0,472.9,566.2,358.6,213.9,284.0,170.5,260.8,0.0,0.0,0.0,0.0,0.0,25.1,0.0
number of days cost of goods in inventory,None,None,None,None,None,None,44,36,33,32,29,25,49,None,None,27,27,25,35,27,27,26,25,22,20,22,20,19,19,21,22,23,21,24,25,24,22,24,21,20,22,26,30,30,33,36,35,30,30,32,28,25,25,28,27,25,25,25
number of employees,None,None,None,None,None,None,None,None,None,None,None,None,None,None,None,None,None,None,None,None,None,None,None,None,None,None,None,None,None,None,None,None,None,None,None,None,None,None,None,None,None,None,None,None,None,None,None,None,None,None,None,None,None,None,None,None,None,None
number of months last report period,None,3,3,3,3,3,3,3,3,3,3,3,3,3,3,3,3,3,3,3,3,3,3,3,3,3,3,3,3,3,3,3,3,3,3,3,3,3,3,3,3,3,3,3,3,3,3,3,3,3,3,3,3,3,3,3,3,3
number of part-time employees,None,None,None,None,None,None,None,None,None,None,None,None,None,None,None,None,None,None,None,None,None,None,None,None,None,None,None,None,None,None,None,None,None,None,None,None,None,None,None,None,None,None,None,None,None,None,None,None,None,None,None,None,None,None,None,None,None,None
operating gains,-7.7,-0.5,-6.2,1.1,-5.1,-21.5,-28.5,-4.7,-19.0,-26.8,-34.7,2.1,-7.7,0.3,0.5,0.1,-3.5,-13.3,-17.1,-19.2,-19.3,-101.1,-110.0,-117.6,-118.7,-3.5,-10.7,-336.0,-332.2,10.1,11.7,22.7,18.0,2.5,-95.5,-95.6,-93.9,2.6,9.2,11.4,-34.5,-5.2,-16.6,-25.5,-30.8,-2.4,-9.6,-24.1,-31.3,-5.8,-0.4,6.1,-55.1,-27.6,-205.1,-212.9,-309.3,-7.0
operating income,0.0,0.0,0.0,0.0,0.0,0.0,0.0,0.0,0.0,0.0,0.0,0.0,0.0,0.0,0.0,0.0,0.0,0.0,0.0,0.0,0.0,0.0,0.0,0.0,0.0,0.0,0.0,0.0,0.0,0.0,0.0,0.0,0.0,0.0,0.0,0.0,0.0,0.0,0.0,0.0,559.5,261.2,173.3,128.5,201.9,142.2,96.1,91.1,138.5,251.1,98.8,200.4,237.7,118.6,211.7,-31.4,198.4,-1.3
other current assets,124.0,132.7,129.3,128.8,128.2,122.5,124.9,127.5,118.8,0.0,0.0,0.0,0.0,3.9,9.7,113.9,21.9,12.3,14.5,35.1,20.3,19.6,12.6,24.4,14.6,1.3,0.0,0.0,0.0,0.0,0.0,0.0,0.0,0.0,0.0,0.0,0.0,0.0,0.0,10.6,0.0,0.0,0.0,0.0,0.0,0.0,0.0,0.0,0.0,0.0,0.0,0.0,0.0,0.0,0.0,0.0,157.4,115.2
other current liabilities,323.9,349.6,330.2,328.0,343.2,361.0,337.9,334.1,331.6,0.0,0.0,0.0,318.4,0.0,412.0,447.0,0.0,0.0,0.0,0.0,0.0,0.0,0.0,0.0,0.0,0.0,0.0,0.0,0.0,0.0,0.0,0.0,0.0,0.0,0.0,0.0,0.0,0.0,0.0,0.0,0.0,28.9,4.9,0.0,27.9,42.1,0.0,0.0,0.0,0.0,0.0,0.0,126.5,50.3,35.1,0.0,72.1,30.1
other equity adjustments,0.0,0.0,-1.0,-1.1,-1.2,-1.3,-0.3,-0.3,-0.3,-0.3,-0.3,-0.3,-37.7,-36.9,-36.9,-37.3,-93.4,-95.5,-101.9,-98.0,-102.6,-109.5,-111.7,-113.4,-94.1,-101.1,-101.1,-141.2,-111.9,-87.8,-84.4,-76.7,-375.7,-384.0,-376.9,-371.4,-419.3,-459.6,-542.8,-370.8,-461.9,-436.5,-467.2,-501.1,-640.5,-609.5,-626.9,-619.8,-874.3,-875.7,-850.6,-800.9,-801.6,-713.8,-753.4,-799.8,-747.3,-742.9
"other financing charges, net",0.0,0.0,0.0,0.0,0.0,0.0,0.0,0.0,0.0,0.0,0.0,0.0,0.0,0.7,0.4,0.3,-1.1,0.0,0.0,-0.9,-190.9,0.0,190.0,190.9,190.9,0.0,0.0,0.0,0.0,31.2,35.8,37.9,38.5,0.9,4.6,6.4,23.7,9.5,20.0,23.1,22.0,-0.1,0.2,-2.1,0.8,3.1,-76.4,-82.9,-68.9,-318.4,-414.1,-219.8,-219.0,-1.6,1.5,2.4,52.4,-26.7
other fixed assets,0.0,0.0,0.0,0.0,0.0,0.0,0.0,0.0,0.0,0.0,641.8,"5,393.2","5,414.0","5,520.0","5,598.8","5,676.9",867.6,0.0,0.0,"5,440.9","1,001.5","5,470.6","1,840.0","1,845.0","1,885.5","6,570.9","6,713.0","1,959.1",353.0,"1,171.6","1,199.5","1,220.0",358.3,"5,866.3","5,976.6","6,344.5","5,549.6","2,352.8",880.6,375.0,"3,588.1","3,685.6","3,744.7","3,809.2","3,876.3","3,942.1","7,561.3","6,153.1","6,141.7","11,032.1","6,011.8","4,932.6","4,996.2","5,042.2","5,048.1","5,102.0","8,993.0","3,967.7"
other gains/losses,0.0,0.0,0.0,0.0,0.0,0.0,0.0,0.0,0.0,0.0,0.0,0.0,0.0,0.0,0.0,0.0,0.0,0.0,0.0,0.0,0.0,0.0,0.0,0.0,0.0,0.0,0.0,0.0,0.0,0.0,0.0,0.0,0.0,0.0,0.0,0.0,0.0,0.0,0.0,0.0,0.0,0.0,0.0,0.0,0.0,0.0,0.0,0.0,0.0,0.0,0.0,0.0,0.0,0.0,0.0,0.0,0.0,0.0
other income net,0.0,10.9,0.0,0.0,0.0,26.5,-48.8,0.0,0.0,18.4,14.9,12.5,18.7,8.4,15.5,7.7,14.2,19.3,19.7,13.3,12.8,28.9,20.8,20.9,15.6,24.3,21.9,17.5,369.2,41.5,47.7,34.7,47.0,25.1,121.2,20.7,29.7,74.6,11.4,35.7,44.4,23.5,0.0,0.0,0.0,-46.6,0.0,0.0,0.0,0.0,0.0,0.0,0.0,0.0,0.0,0.0,0.0,0.0
"other investing changes, net",-5.8,-2.3,-3.6,-1.6,0.0,-5.2,-6.0,-1.3,0.4,4.5,7.0,175.9,145.8,-9.2,-34.7,-51.3,-72.9,-3.4,-7.7,-12.4,-22.9,-3.7,-6.0,-7.1,-14.7,-24.3,-13.2,414.2,-5.3,0.0,0.0,0.0,0.0,0.0,0.0,-10.0,0.0,0.0,-0.8,0.0,28.2,0.0,0.0,70.4,69.9,0.2,2.5,6.9,11.5,1.5,3.9,0.0,0.0,-10.3,230.4,565.2,-71.7,186.9
other non-cash items,0.0,0.0,0.0,0.3,0.0,4.2,0.0,0.0,0.0,1.2,1.2,0.0,0.0,0.0,-7.0,-3.3,0.0,0.0,-3.4,-5.5,0.0,0.0,-1.5,-0.7,1.4,0.0,-1.2,2.1,4.5,-0.2,12.5,10.3,22.8,11.5,16.7,20.6,24.2,5.7,12.4,23.7,68.4,9.9,21.8,30.9,56.3,25.9,20.0,65.8,47.6,13.4,141.1,162.3,164.7,16.3,26.9,38.4,47.8,26.1
other non-current assets,561.2,560.9,578.1,572.6,559.7,730.8,714.1,705.4,757.2,449.9,488.6,324.7,291.1,294.8,329.7,339.2,345.6,296.7,289.8,200.0,377.5,335.8,154.3,154.8,187.9,213.2,188.7,186.6,187.2,182.8,190.3,189.4,200.6,189.8,189.0,197.2,185.1,145.3,143.2,173.6,287.1,257.0,226.5,213.4,234.8,264.4,319.9,334.2,341.5,331.9,344.1,731.2,793.6,819.7,806.7,471.5,496.3,495.7
other non-current liabilities,"2,433.9","2,432.5","2,423.5","2,431.1","2,403.4","2,399.1","2,358.7","2,352.5","2,341.1","2,393.9","2,378.3","2,798.3","2,912.6","2,899.0","2,874.9","2,840.9","2,828.2","2,881.7","2,874.2","2,769.3","2,761.8","2,648.6","2,671.8","2,622.1","2,595.3","2,627.7","2,699.5","2,767.1","2,726.6","2,731.9","2,732.3","2,702.2","3,228.7","3,290.3","3,287.4","3,248.9","3,325.2","3,392.7","3,468.3","3,390.0","3,928.2","3,685.8","3,643.5","3,637.5","3,849.4","3,848.3","3,886.9","3,886.2","4,283.7","3,535.6","3,662.8","3,814.1","4,349.0","3,519.0","4,279.4","4,246.9","4,155.5","4,101.8"
other receivable,0.0,0.0,0.0,0.0,0.0,0.0,0.0,0.0,0.0,121.5,158.4,144.9,123.4,132.5,133.6,127.3,127.2,128.3,82.0,87.3,91.4,89.9,77.8,65.0,30.3,41.6,38.9,39.8,23.3,22.9,32.3,22.7,53.2,0.0,47.4,58.5,88.9,111.6,37.2,55.5,113.4,72.0,20.9,21.4,16.0,13.1,51.0,47.4,32.5,5.0,68.2,343.1,105.7,126.9,99.6,98.4,131.1,160.3
other special charges,0.0,0.0,0.0,0.0,0.0,-9.6,-0.8,0.0,0.0,95.3,28.2,1.1,-5.4,0.0,1.0,0.7,-0.7,4.8,0.6,0.0,0.6,0.0,0.0,0.0,0.0,0.0,0.0,0.0,0.0,0.0,0.0,0.0,0.0,0.0,0.0,0.0,0.0,0.0,0.0,0.0,0.0,0.0,0.0,0.0,0.0,0.0,0.0,0.0,0.0,0.0,-131.6,-0.3,0.0,0.0,0.0,0.0,0.0,0.0
payment of cash dividends,-80.0,0.0,-22.5,-22.5,-44.9,-67.1,-89.1,-22.0,-44.0,-66.0,-88.0,-22.0,-44.1,-22.0,-44.1,-55.1,-66.1,-11.0,-22.0,-33.1,-45.6,-12.6,-25.2,-37.8,-50.5,-12.7,-25.5,-38.4,-51.3,-12.9,-25.8,-38.6,-51.4,-12.8,-25.5,-38.3,-56.5,-18.3,-36.5,-54.9,-73.0,-18.1,-36.1,-54.2,-72.3,-18.1,-40.7,-63.3,-85.9,-22.6,-45.3,-68.0,-96.4,-28.4,-56.8,-85.3,-142.3,0.0
payout ratio,None,None,None,None,None,78,82,88,95,52,48,53,None,None,None,408,525,438,280,280,None,53,46,48,26,33,30,9,9,8,8,14,13,13,12,13,21,27,39,27,17,13,13,13,14,17,19,21,25,21,20,17,15,19,18,26,37,39
post-tax profit margin,7.4,0.0,3.6,0.0,0.0,3.9,5.0,4.7,4.4,7.9,8.0,7.1,0.1,0.0,0.0,0.9,0.5,0.7,0.7,0.8,-0.6,0.7,1.3,1.0,4.3,5.5,5.7,15.8,17.2,17.9,19.2,11.4,11.5,11.4,12.6,10.9,7.5,6.3,4.6,6.5,10.8,13.0,13.8,14.0,12.3,10.1,8.7,7.9,6.8,8.1,7.8,9.1,10.3,8.8,10.3,7.8,7.1,5.5
pre-tax profit margin,9.0,0.0,3.6,0.0,0.0,0.0,4.9,4.7,4.8,10.3,10.5,9.4,-1.9,0.0,0.0,-2.0,-1.9,-2.5,-1.7,-0.6,-1.6,0.6,1.0,1.0,3.1,4.7,5.3,15.9,19.4,21.5,24.0,17.1,15.5,14.9,16.9,14.8,12.0,10.7,8.3,11.0,16.2,18.8,19.3,19.2,17.1,13.9,11.7,10.4,8.9,10.6,10.1,11.6,12.9,10.8,12.9,9.6,9.2,7.1
pref. securities of subsid. trust,0.0,0.0,0.0,0.0,0.0,0.0,0.0,0.0,0.0,0.0,0.0,0.0,0.0,0.0,0.0,0.0,0.0,0.0,0.0,0.0,0.0,0.0,0.0,0.0,0.0,0.0,0.0,0.0,0.0,0.0,0.0,0.0,0.0,0.0,0.0,0.0,0.0,0.0,0.0,0.0,0.0,0.0,0.0,0.0,0.0,0.0,0.0,0.0,0.0,0.0,0.0,0.0,0.0,0.0,0.0,0.0,0.0,0.0
preferred dividends,0.0,0.0,0.0,0.0,0.0,0.0,0.0,0.0,0.0,0.0,0.0,0.0,0.0,0.0,0.0,0.0,0.0,0.0,0.0,0.0,0.0,0.0,0.0,0.0,0.0,0.0,0.0,0.0,0.0,0.0,0.0,0.0,0.0,0.0,0.0,0.0,0.0,0.0,0.0,0.0,0.0,0.0,0.0,0.0,0.0,0.0,0.0,0.0,0.0,0.0,0.0,0.0,0.0,0.0,0.0,0.0,0.0,0.0
preferred equity outside stock equity,0.0,0.0,0.0,0.0,0.0,0.0,0.0,0.0,0.0,0.0,0.0,0.0,0.0,0.0,0.0,0.0,0.0,0.0,0.0,0.0,0.0,0.0,0.0,0.0,0.0,0.0,0.0,0.0,0.0,0.0,0.0,0.0,0.0,0.0,0.0,0.0,0.0,0.0,0.0,0.0,0.0,0.0,0.0,0.0,0.0,0.0,0.0,0.0,0.0,0.0,0.0,0.0,0.0,0.0,0.0,0.0,0.0,0.0
preferred secur. of subsid. trust,0.0,0.0,0.0,0.0,0.0,0.0,0.0,0.0,0.0,0.0,0.0,0.0,0.0,0.0,0.0,0.0,0.0,0.0,0.0,0.0,0.0,0.0,0.0,0.0,0.0,0.0,0.0,0.0,0.0,0.0,0.0,0.0,0.0,0.0,0.0,0.0,0.0,0.0,0.0,0.0,0.0,0.0,0.0,0.0,0.0,0.0,0.0,0.0,0.0,0.0,0.0,0.0,0.0,0.0,0.0,0.0,0.0,0.0
preferred shares,0.0,0.0,0.0,0.0,0.0,0.0,0.0,0.0,0.0,0.0,0.0,0.0,0.0,0.0,0.0,0.0,0.0,0.0,0.0,0.0,0.0,0.0,0.0,0.0,0.0,0.0,0.0,0.0,0.0,0.0,0.0,0.0,0.0,0.0,0.0,0.0,0.0,0.0,0.0,0.0,0.0,0.0,0.0,0.0,0.0,0.0,0.0,0.0,0.0,0.0,0.0,0.0,0.0,0.0,0.0,0.0,0.0,0.0
preferred stock equity,0.0,0.0,0.0,0.0,0.0,0.0,0.0,0.0,0.0,0.0,0.0,0.0,0.0,0.0,0.0,0.0,0.0,0.0,0.0,0.0,0.0,0.0,0.0,0.0,0.0,0.0,0.0,0.0,0.0,0.0,0.0,0.0,0.0,0.0,0.0,0.0,0.0,0.0,0.0,0.0,0.0,0.0,0.0,0.0,0.0,0.0,0.0,0.0,0.0,0.0,0.0,0.0,0.0,0.0,0.0,0.0,0.0,0.0
prepaid expenses,0.0,0.0,0.0,0.0,0.0,0.0,0.0,0.0,0.0,30.6,27.9,36.0,42.3,57.1,44.4,35.5,28.4,30.7,30.0,35.5,33.4,53.3,66.7,37.2,39.5,43.2,44.2,53.8,64.5,69.2,68.7,90.4,67.7,60.5,50.4,81.1,78.1,62.9,46.9,152.1,221.8,269.1,228.5,210.4,161.0,185.9,132.7,163.7,142.9,132.2,118.2,184.3,239.4,260.8,195.3,170.9,0.0,0.0
price/cash flow ratio,0.0,0.0,5.8,0.0,0.0,0.0,3.2,3.4,6.2,6.4,4.6,4.0,15.5,0.0,0.0,3.4,4.8,4.7,6.5,6.1,9.8,9.1,11.6,11.5,9.3,9.6,10.5,8.2,7.1,7.5,8.8,8.8,8.3,10.1,11.2,12.0,21.8,22.0,38.0,12.9,5.9,4.5,5.8,7.6,8.9,10.4,8.4,8.9,11.9,11.6,10.2,6.6,6.6,6.6,5.5,6.5,7.2,8.3
price/equity ratio,0.00,0.00,3.77,4.79,3.16,3.47,4.67,5.35,9.01,8.37,5.78,5.30,7.18,8.05,6.90,4.43,8.39,8.27,11.84,5.10,7.99,6.23,8.00,8.19,7.92,8.00,8.48,7.69,5.88,6.10,7.03,4.68,5.50,6.23,6.46,6.80,10.74,10.42,16.62,5.79,3.53,2.72,3.50,4.55,5.05,2.58,2.51,2.69,3.74,3.89,3.41,2.25,2.31,2.06,1.78,1.80,1.85,1.94
price/free cash flow ratio,0.0,0.0,-22.2,25.7,9.8,-8.2,-11.8,25.1,-232.8,57.5,21.4,-214.3,-17.3,-33.7,-13.8,-8.4,-43.2,-91.8,17.0,17.2,51.8,-111.7,-78.3,-22.4,-36.0,167.9,-134.0,-52.2,-36.2,-206.0,0.0,-58.8,-76.5,355.7,100.2,-31.9,-30.8,-256.3,-5618.5,-75.2,-30.1,-66.4,178.7,-563.9,-191.5,-88.9,-1.7,-1.9,-3.1,76.6,66.4,41.4,166.8,-74.1,-17.1,-9.7,-7.4,-56.1
price/revenue ratio,0.00,0.00,0.87,0.00,0.00,0.39,0.55,0.59,1.04,1.25,0.88,0.71,1.86,0.00,0.00,0.47,0.64,0.61,0.83,0.77,1.08,1.08,1.38,1.28,1.38,1.50,1.64,1.98,1.79,1.92,2.37,1.79,1.66,2.04,2.37,2.36,3.66,3.49,5.30,2.00,1.15,0.96,1.33,1.79,1.95,2.07,1.57,1.63,2.11,2.23,1.91,1.30,1.36,1.28,1.16,1.23,1.35,1.45
price/tangible book ratio,0.00,0.00,3.77,4.79,3.16,3.47,4.67,5.35,9.01,8.37,5.78,5.30,7.18,8.05,6.90,4.43,8.39,8.27,11.84,-26.54,-27.55,167.50,8.00,8.19,7.92,8.00,8.48,7.69,5.88,6.10,7.03,4.68,5.50,6.23,6.46,6.80,10.74,10.42,16.62,5.79,3.53,2.72,3.50,4.55,5.05,2.58,2.51,2.69,3.74,3.89,3.41,2.25,2.31,2.06,1.78,1.80,1.85,1.94
purchase of  short-term investments,0.0,0.0,0.0,0.0,0.0,0.0,-2.3,0.0,0.0,0.0,0.0,-10.4,0.0,0.0,0.0,0.0,0.0,0.0,0.0,0.0,0.0,0.0,0.0,0.0,0.0,0.0,0.0,0.0,0.0,0.0,0.0,0.0,0.0,0.0,0.0,0.0,0.0,0.0,0.0,-0.6,0.0,0.0,0.0,0.0,0.0,0.0,0.0,0.0,0.0,0.0,0.0,0.0,0.0,0.0,0.0,0.0,0.0,0.0
purchase of long-term investments,0.0,0.0,0.0,0.0,0.0,0.0,0.0,0.0,0.0,0.0,0.0,0.0,0.0,0.0,0.0,0.0,0.0,0.0,0.0,0.0,0.0,0.0,0.0,0.0,0.0,0.0,0.0,0.0,0.0,0.0,0.0,-1.4,-31.0,-1.8,-2.2,-3.0,-7.1,0.0,0.0,0.0,0.0,0.0,0.0,0.0,0.0,-0.5,0.0,0.0,-991.0,0.0,0.0,0.0,0.0,0.0,0.0,0.0,0.0,-12.5
quarterly indicator,4,1,4,1,2,3,4,1,2,3,4,1,4,1,2,3,4,1,2,3,4,1,2,3,4,1,2,3,4,1,2,3,4,1,2,3,4,1,2,3,4,1,2,3,4,1,2,3,4,1,2,3,4,1,2,3,4,1
quick ratio,0.3,0.3,0.3,0.4,0.4,0.3,0.3,0.3,0.3,0.4,0.4,0.4,0.6,0.5,0.4,0.4,0.4,0.5,0.4,0.5,0.2,0.3,0.3,0.3,0.2,0.3,0.4,0.9,0.8,0.8,0.8,0.6,0.8,0.8,1.0,0.3,0.3,0.4,0.3,0.3,0.3,0.3,0.2,0.2,0.3,1.5,0.3,0.3,0.3,0.4,0.4,1.0,0.9,0.9,0.8,0.8,0.7,0.7
receivables,289.3,280.5,262.8,290.0,272.7,283.5,287.8,242.8,266.9,374.1,380.0,371.7,343.8,353.5,339.0,337.8,333.1,348.0,252.4,178.2,181.4,202.0,174.8,180.0,141.8,209.3,271.9,315.5,299.6,335.8,310.3,307.7,356.3,390.7,341.0,249.4,269.4,335.6,372.3,290.1,335.1,331.9,201.7,190.5,333.4,536.5,496.8,472.7,506.6,508.3,571.9,846.2,883.5,904.7,831.1,869.9,915.7,921.2
receivables as % of revenue,12.3,0.0,23.7,0.0,0.0,13.2,13.3,11.4,12.6,17.2,16.5,15.7,32.7,0.0,0.0,15.9,15.6,16.3,11.7,8.3,8.4,9.0,7.4,7.3,5.3,7.3,9.1,8.9,8.9,9.5,8.6,9.5,10.1,11.2,9.6,7.0,7.6,9.3,9.6,6.9,7.5,7.0,4.4,4.2,7.2,11.6,10.2,9.2,9.7,9.3,9.9,14.3,14.4,14.9,14.0,15.6,16.9,17.4
receivables per day sales,44.32,0.00,85.19,0.00,0.00,47.52,47.98,41.05,45.53,62.02,59.53,56.65,117.88,0.00,0.00,57.25,56.10,58.53,42.13,29.74,30.26,32.48,26.70,26.39,18.98,26.34,32.60,31.97,31.94,34.25,30.87,34.21,36.19,40.31,34.64,25.06,27.20,33.32,34.48,25.00,26.89,25.26,15.78,15.04,25.97,41.60,36.79,33.25,34.83,33.50,35.74,51.35,51.99,53.58,50.32,56.09,60.71,62.65
receivables turnover,0.0,0.0,0.0,0.0,0.0,7.6,7.8,8.0,7.8,6.6,6.9,7.7,2.9,0.0,0.0,6.0,6.3,5.9,7.3,8.4,8.4,8.1,11.0,13.7,16.6,13.9,13.4,14.3,15.3,12.9,12.4,10.4,10.8,9.6,10.9,12.9,11.4,10.0,10.9,15.5,14.8,14.2,16.0,19.0,13.8,10.7,13.9,15.4,12.5,10.5,10.8,9.0,8.8,8.6,8.5,6.5,6.0,5.8
repayment of long-term debt,-61.3,-100.0,-310.2,-46.8,-90.2,-17.6,-19.7,-53.2,-4.5,-54.4,-107.7,-162.8,-38.5,-168.7,-100.1,-95.9,-190.3,-52.3,-178.0,-203.0,-203.0,-4.2,-114.3,-69.5,-113.0,-1.7,-1.9,-2.0,-2.3,-0.2,-0.1,-4.1,-5.1,-4.5,-45.0,-46.3,-47.9,0.0,-40.5,0.0,-10.4,-43.7,-115.0,-164.2,-104.0,-3.5,-114.3,-259.0,-50.3,0.0,-23.3,-549.8,-549.8,0.0,-4.7,-6.6,0.0,-7.7
repurchase of capital stock,-500.0,0.0,0.0,-1.7,-8.3,-17.2,-19.4,0.0,0.0,0.0,0.0,0.0,0.0,0.0,0.0,0.0,0.0,0.0,0.0,0.0,0.0,0.0,0.0,0.0,0.0,0.0,0.0,0.0,0.0,-77.1,-83.6,-116.5,-116.5,-25.6,-25.6,-80.1,-80.2,-0.0,-0.0,-0.1,-97.8,0.0,0.0,0.0,0.0,0.0,0.0,0.0,0.0,0.0,0.0,0.0,0.0,0.0,0.0,0.0,0.0,0.0
restricted cash,0.0,0.0,0.0,0.0,0.0,0.0,0.0,0.0,0.0,0.0,0.0,0.0,0.0,0.0,0.0,0.0,0.0,0.0,0.0,0.0,0.0,0.0,0.0,0.0,0.0,0.0,0.0,0.0,0.0,0.0,0.0,0.0,0.0,0.0,0.0,0.0,0.0,0.0,0.0,0.0,0.0,0.0,0.0,0.0,0.0,0.0,0.0,0.0,0.0,0.0,0.0,0.0,0.0,0.0,0.0,0.0,48.3,0.0
retained earnings,-405.6,-380.0,-388.1,-399.8,-385.8,-385.0,-370.2,-388.1,-380.7,-301.9,-274.6,-308.1,-317.6,-334.1,-347.1,-365.1,-372.0,-374.9,-375.4,-392.3,-425.5,-323.9,-308.2,-332.4,-277.4,-214.9,-186.6,177.5,252.1,363.6,454.9,486.5,600.5,695.7,829.9,803.3,766.5,775.7,852.1,882.2,"1,010.9","1,186.3","1,280.0","1,345.1","1,456.9","1,525.0","1,566.9","1,617.8","1,680.6","1,832.4","1,883.6","2,025.8","2,184.7","2,235.8","2,359.6","2,319.5","2,402.6","2,393.5"
revenue per $  plant (net),0.87,0.00,0.42,0.00,0.00,0.83,0.84,0.83,0.82,0.85,0.91,0.82,0.36,0.00,0.00,0.73,0.74,0.73,0.73,0.81,0.80,0.82,0.75,0.78,0.85,0.90,0.92,1.06,0.96,0.97,0.97,0.85,0.88,0.85,0.83,0.75,0.72,0.72,0.74,0.76,0.78,0.81,0.78,0.76,0.75,0.75,0.49,0.51,0.52,0.54,0.56,0.65,0.66,0.64,0.61,0.56,0.53,0.52
revenue per $ cash,75.08,0.00,47.06,0.00,0.00,144.86,263.93,199.90,199.63,141.97,138.22,181.77,67.38,0.00,0.00,176.40,185.62,107.31,154.39,12.68,331.25,81.04,39.18,194.46,418.94,134.59,639.96,10.06,9.92,11.65,10.48,15.02,15.83,16.00,11.56,45.53,85.60,57.77,70.43,405.45,32.39,66.11,42.48,140.69,70.45,2.47,141.69,328.38,159.66,42.77,217.20,12.55,16.28,21.16,29.70,24.18,248.21,211.24
revenue per $ common equity,-22.77,0.00,4.36,0.00,0.00,8.93,8.49,9.01,8.65,6.72,6.53,7.42,3.87,0.00,0.00,9.44,13.19,13.62,14.32,6.59,7.42,5.78,5.80,6.38,5.74,5.33,5.18,3.87,3.29,3.17,2.97,2.62,3.32,3.06,2.72,2.89,2.94,2.99,3.14,2.90,3.07,2.83,2.63,2.54,2.59,1.24,1.60,1.65,1.78,1.75,1.79,1.73,1.69,1.61,1.54,1.47,1.37,1.33
revenue per $ invested capital,11.09,0.00,1.96,0.00,0.00,3.96,3.89,3.97,3.89,3.63,3.94,4.31,1.41,0.00,0.00,2.99,3.29,3.31,3.62,2.78,2.95,2.76,2.83,3.03,3.01,2.97,2.99,2.65,2.31,2.23,2.20,1.95,2.27,2.14,1.97,2.07,2.09,2.12,2.24,2.17,2.32,2.21,2.08,2.03,2.09,1.12,0.78,0.81,0.85,0.87,0.90,0.90,0.90,0.87,0.84,0.80,0.76,0.74
revenue per share,20.38,0.00,6.92,0.00,0.00,13.63,13.74,13.55,13.42,13.81,14.31,15.01,6.67,0.00,0.00,13.49,13.57,13.59,13.69,12.01,12.00,12.44,13.06,13.58,14.84,15.67,16.38,19.23,18.25,19.29,19.74,17.73,19.40,19.17,19.44,19.77,19.56,19.85,21.22,22.94,24.84,26.19,25.47,25.22,25.52,20.58,21.54,22.66,23.15,24.10,25.41,26.16,26.94,26.72,26.12,24.53,23.81,23.16
revenue/assets,0.6,0.0,0.3,0.0,0.0,0.6,0.6,0.6,0.6,0.6,0.6,0.6,0.2,0.0,0.0,0.5,0.5,0.5,0.5,0.5,0.5,0.5,0.6,0.6,0.6,0.7,0.7,0.7,0.7,0.7,0.7,0.6,0.6,0.6,0.6,0.6,0.6,0.6,0.6,0.6,0.6,0.6,0.6,0.6,0.6,0.5,0.4,0.4,0.4,0.4,0.5,0.5,0.5,0.5,0.5,0.4,0.4,0.4
sale of long-term investments,0.0,0.0,0.0,0.0,0.0,0.0,0.0,0.0,0.0,0.0,0.0,0.0,0.0,0.0,0.0,0.0,0.0,0.0,0.0,0.0,0.0,0.0,0.0,0.0,0.0,0.0,0.0,0.0,0.0,0.2,0.1,0.0,0.0,0.0,0.0,0.0,0.0,1.5,0.0,0.0,1.9,0.7,2.1,3.8,4.9,0.0,0.0,0.0,0.0,0.0,0.0,70.9,55.9,0.0,0.0,0.0,0.0,0.0
sale of short-term investments,114.8,0.0,0.0,0.0,0.0,0.0,0.0,3.8,0.0,0.0,0.0,0.0,0.0,0.0,0.0,0.0,0.0,0.0,0.0,0.0,0.0,0.0,0.0,0.0,0.0,0.0,0.0,0.0,0.0,0.0,0.0,0.0,0.0,0.0,0.0,0.0,0.0,0.0,0.0,0.0,0.0,0.0,0.0,0.0,0.0,0.0,0.0,0.0,0.0,0.0,0.0,0.0,0.0,0.0,0.0,0.0,0.0,0.0
sales per $ inventory,13.77,0.00,5.36,0.00,0.00,13.05,13.77,17.63,21.21,21.98,24.18,22.75,9.22,0.00,0.00,15.07,15.76,16.80,16.68,19.51,20.87,20.37,21.06,22.24,22.07,19.80,22.14,25.76,23.96,22.18,19.56,17.71,23.74,20.12,21.57,21.65,21.85,19.67,22.26,23.74,19.69,17.04,14.17,14.68,15.03,14.18,16.55,19.50,20.25,18.98,22.18,24.55,23.68,21.33,19.49,20.95,21.92,24.39
sales per $ receivables,8.12,0.00,4.23,0.00,0.00,7.58,7.50,8.77,7.91,5.80,6.05,6.35,3.05,0.00,0.00,6.29,6.42,6.15,8.54,12.10,11.90,11.08,13.48,13.64,18.97,13.67,11.04,11.26,11.27,10.51,11.66,10.52,9.95,8.93,10.39,14.37,13.23,10.81,10.44,14.40,13.39,14.25,22.82,23.93,13.86,8.65,9.79,10.83,10.33,10.75,10.07,7.01,6.92,6.72,7.15,6.42,5.93,5.75
sales per employee,273957,None,145012,None,None,None,336011,None,None,None,317837,None,145225,None,None,None,351953,None,None,None,330742,None,None,None,385338,None,None,None,465418,None,None,None,488668,None,None,None,461370,None,None,None,548716,None,None,None,576869,None,None,None,606723,None,None,None,668040,None,None,None,610421,None
shares out (common class only),115.3,115.3,160.5,160.3,157.7,157.6,157.2,157.2,157.2,157.3,160.5,157.4,157.4,157.4,157.5,157.5,157.5,157.5,157.5,179.6,179.7,180.0,180.4,180.9,181.3,182.5,183.4,184.8,185.1,182.9,183.3,182.6,182.7,182.0,182.3,181.2,182.3,182.7,183.2,182.1,180.6,180.6,180.7,180.8,181.1,225.7,225.8,225.8,226.2,226.6,226.7,226.8,227.1,227.5,227.6,227.6,228.1,228.6
short-term debt,667.5,656.9,359.3,313.1,279.6,458.4,471.1,418.3,469.4,411.7,432.6,72.9,72.8,49.9,7.0,8.1,213.2,162.1,52.7,51.0,53.3,48.9,3.8,3.8,3.9,3.9,3.9,3.9,4.6,11.6,56.8,57.0,59.5,59.9,14.9,17.0,18.3,18.8,20.7,20.8,22.4,22.0,22.2,22.6,45.4,95.7,246.3,215.9,224.8,275.0,95.3,20.3,20.7,20.9,20.9,22.1,13.5,13.4
special income charges,0.0,0.0,0.0,0.0,0.0,-9.6,-0.8,0.0,0.0,95.3,28.2,1.1,-5.4,0.0,1.0,0.7,-0.7,4.8,0.6,0.0,-3.0,0.0,0.0,0.0,0.0,0.0,0.0,0.0,0.0,0.0,0.0,0.0,0.0,0.0,0.0,0.0,0.0,0.0,0.0,0.0,0.0,0.0,0.0,0.0,0.0,0.0,-17.5,-0.3,-0.9,0.0,-131.6,-0.3,0.0,0.0,0.0,0.0,0.0,0.0
tangible book value per share,-0.89,-0.68,1.59,1.50,1.58,1.53,1.62,1.50,1.55,2.06,2.19,2.02,1.73,1.63,1.54,1.43,1.03,1.00,0.96,-0.35,-0.47,0.08,2.25,2.13,2.59,2.94,3.16,4.96,5.54,6.08,6.65,6.78,5.84,6.28,7.14,6.85,6.66,6.64,6.76,7.92,8.10,9.27,9.69,9.92,9.86,16.55,13.43,13.76,13.02,13.80,14.20,15.11,15.90,16.59,17.00,16.68,17.33,17.38
total assets per share,33.50,33.51,24.14,23.82,23.75,24.75,24.60,24.04,24.25,24.73,24.26,26.82,27.30,27.85,28.20,28.18,27.26,27.34,26.67,23.95,24.03,24.01,23.26,23.04,23.14,23.64,24.13,26.75,27.49,28.41,28.95,28.99,31.01,31.83,32.43,33.53,34.06,34.96,35.99,36.83,40.81,41.01,40.72,40.49,42.66,43.76,51.77,51.91,53.37,53.95,53.82,53.63,55.17,55.36,55.35,55.16,55.55,55.09
total capitalization,0.0,0.0,567.4,553.4,552.3,543.0,554.8,535.9,542.7,586.4,572.0,538.5,735.7,722.1,709.4,705.2,647.6,644.9,593.4,771.9,732.5,812.1,831.0,809.7,894.8,962.9,"1,005.3","1,343.1","1,463.7","1,545.6","1,612.7","1,631.2","1,458.1","1,534.1","1,699.4","1,639.7","1,612.5","1,624.2","1,649.6","1,853.7","1,855.5","2,067.1","2,142.1","2,184.1","2,149.3","4,096.8","6,143.7","6,247.0","6,073.2","6,253.0","6,345.2","6,550.2","6,733.1","6,896.3","6,992.2","6,924.0","7,078.3","7,096.8"
total debt as % total assets,102.7,102.0,93.4,93.7,93.4,93.8,93.4,93.7,93.6,91.7,91.0,92.5,93.7,94.2,94.5,94.9,96.2,96.4,96.4,92.4,93.3,91.0,90.3,90.8,88.8,87.6,86.9,81.4,79.8,78.6,77.0,76.6,81.2,80.3,78.0,79.6,80.4,81.0,81.2,78.5,80.2,77.4,76.2,75.5,76.9,62.2,74.1,73.5,75.6,74.4,73.6,71.8,71.2,70.0,69.3,69.8,68.8,68.5
total debt/equity ratio,0.00,0.00,2.64,2.59,2.34,3.16,3.04,3.04,3.15,2.22,1.89,1.57,2.30,2.74,3.17,3.51,4.33,4.15,3.49,1.53,1.94,1.48,1.06,1.23,0.93,0.80,0.74,0.47,0.43,0.43,0.39,0.39,0.52,0.48,0.39,0.55,0.62,0.66,0.59,0.54,0.72,0.60,0.53,0.49,0.53,0.29,1.24,1.17,1.25,1.16,1.10,0.93,0.89,0.85,0.83,0.84,0.81,0.80
total non-current assets,"3,248.2","3,212.6","3,252.4","3,208.3","3,168.9","3,314.2","3,288.6","3,276.9","3,316.4","3,277.5","3,329.1","3,649.9","3,727.3","3,707.7","3,780.2","3,739.8","3,670.3","3,677.5","3,671.8","3,693.7","3,848.1","3,777.0","3,634.0","3,666.5","3,725.4","3,743.1","3,815.5","3,911.2","4,089.2","4,185.6","4,252.8","4,355.7","4,748.8","4,824.3","4,927.2","5,378.1","5,524.9","5,583.6","5,737.5","5,953.6","6,386.6","6,408.3","6,431.1","6,489.0","6,784.4","6,881.8","10,644.2","10,721.0","10,955.6","10,990.1","11,050.3","10,261.1","10,627.7","10,728.9","10,917.3","10,846.1","11,131.8","11,154.0"
total ordinary shares,0.0,0.0,0.0,0.0,0.0,0.0,0.0,0.0,0.0,0.0,0.0,0.0,0.0,0.0,0.0,0.0,0.0,0.0,0.0,0.0,0.0,0.0,0.0,0.0,0.0,0.0,0.0,0.0,0.0,0.0,0.0,0.0,0.0,0.0,0.0,0.0,0.0,0.0,0.0,0.0,0.0,0.0,0.0,0.0,0.0,0.0,0.0,0.0,0.0,0.0,0.0,0.0,0.0,0.0,0.0,0.0,0.0,0.0
total revenue,0.0,567.5,0.0,556.4,548.3,511.0,565.9,504.4,528.8,590.7,746.6,541.6,539.6,543.6,536.3,546.4,554.6,559.8,556.5,552.2,554.0,650.9,674.6,659.9,791.4,817.0,817.1,"1,207.3",969.1,985.9,932.3,843.4,953.7,890.1,938.8,847.7,"1,085.6","1,025.7","1,199.5","1,137.4","1,198.3","1,195.3","1,070.6","1,094.5","1,238.0","1,240.1","1,289.3","1,349.3","1,357.3","1,465.4","1,587.9","1,521.7","1,542.2","1,426.8","1,454.5","1,160.1","1,389.0","1,289.6"
treasury shares,0.0,0.0,0.0,0.0,1.4,3.0,3.4,3.4,3.3,3.4,3.1,3.1,3.1,3.1,3.1,3.0,3.0,3.0,3.0,3.0,2.8,2.6,2.1,1.6,1.2,0.0,0.0,0.0,0.0,2.2,1.8,2.5,2.5,3.1,2.8,3.9,2.8,2.4,2.0,1.9,2.5,2.4,2.3,2.2,1.9,1.6,1.5,1.5,1.1,0.7,0.6,0.5,0.2,0.0,0.0,0.0,0.0,0.0
treasury stock,0.0,0.0,0.0,-1.7,-8.0,-16.9,-19.1,-19.1,-18.9,-18.5,-17.8,-17.7,-17.6,-17.6,-17.4,-17.2,-17.2,-17.2,-16.9,-16.7,-15.9,-14.5,-11.9,-9.3,-7.1,0.0,0.0,0.0,0.0,-70.3,-58.5,-84.1,-82.4,-104.8,-94.6,-138.6,-101.2,-86.0,-70.8,-67.0,-82.1,-80.2,-78.2,-74.7,-66.3,-58.1,-55.2,-53.2,-42.7,-27.5,-23.6,-20.2,-9.3,-0.6,-0.6,-0.6,-0.6,-0.6
working capital,-602.5,-543.2,-261.5,-223.6,-213.2,-372.1,-375.1,-388.5,-432.5,-285.6,-368.1,-303.7,-70.5,-79.1,-189.4,-189.3,-191.6,-148.5,-202.3,-149.7,-353.8,-316.2,-131.2,-234.7,-235.3,-152.5,-110.7,292.7,194.6,237.3,239.7,131.3,174.4,237.1,306.4,-240.9,-333.2,-315.9,-375.8,-428.4,-527.9,-358.9,-339.2,-369.4,-487.6,"1,374.0",-564.3,-539.1,-549.8,-402.4,-393.4,599.0,509.6,466.8,407.7,376.8,152.0,92.5
working capital as % of price,0.0,0.0,-27.2,-19.5,-27.0,-44.4,-31.6,-30.8,-19.7,-10.6,-18.1,-18.0,-3.6,-3.8,-11.3,-19.0,-14.1,-11.4,-11.3,-8.9,-15.2,-13.1,-4.1,-7.5,-6.3,-3.6,-2.2,4.1,3.2,3.5,2.8,2.3,3.0,3.3,3.6,-2.9,-2.6,-2.5,-1.8,-5.1,-10.2,-7.9,-5.5,-4.5,-5.4,14.3,-7.4,-6.5,-5.0,-3.3,-3.6,7.8,6.1,6.0,5.9,5.5,2.1,1.2
working capital per share,-5.22,-4.71,-1.63,-1.40,-1.35,-2.36,-2.39,-2.47,-2.75,-1.82,-2.29,-1.93,-0.45,-0.50,-1.20,-1.20,-1.22,-0.94,-1.28,-0.83,-1.97,-1.76,-0.73,-1.30,-1.30,-0.84,-0.60,1.58,1.05,1.30,1.31,0.72,0.95,1.30,1.68,-1.33,-1.83,-1.73,-2.05,-2.35,-2.92,-1.99,-1.88,-2.04,-2.69,6.09,-2.50,-2.39,-2.43,-1.78,-1.74,2.64,2.24,2.05,1.79,1.66,0.67,0.40
working captial as % of equity,583.8,696.4,-102.7,-92.7,-85.7,-154.7,-147.6,-164.4,-177.2,-88.4,-104.7,-95.5,-26.0,-30.9,-77.9,-84.1,-118.2,-94.5,-134.3,-45.7,-121.7,-81.7,-32.3,-60.9,-50.2,-28.4,-19.1,31.9,19.0,21.3,19.7,10.6,16.4,20.8,23.5,-19.4,-27.4,-26.0,-30.4,-29.7,-36.1,-21.4,-19.4,-20.6,-27.3,36.8,-18.6,-17.4,-18.7,-12.9,-12.2,17.5,14.1,12.4,10.5,9.9,3.8,2.3
