,2000/06,2000/09,2000/12,2001/03,2001/06,2001/09,2001/12,2002/03,2002/06,2002/09,2002/12,2003/03,2003/06,2003/09,2003/12,2004/03,2004/06,2004/09,2004/12,2005/03,2005/06,2005/09,2005/12,2006/03,2006/06,2006/09,2006/12,2007/03,2007/06,2007/09,2007/12,2008/03,2008/06,2008/09,2008/12,2009/03,2009/06,2009/09,2009/12,2010/03,2010/06,2010/09,2010/12,2011/03,2011/06,2011/09,2011/12,2012/03,2012/06,2012/09,2012/12,2013/03
% of EPS-to-Industry,6.5,0.0,0.0,0.0,13.1,13.3,14.7,14.9,16.5,17.7,19.5,23.1,30.6,33.7,40.7,43.4,45.3,46.9,50.0,55.8,66.2,72.4,86.0,88.4,71.8,74.2,78.2,78.4,87.1,87.6,89.2,100.9,117.3,140.0,164.3,149.3,119.8,100.9,92.9,94.6,102.1,110.8,127.9,142.7,160.2,171.9,180.0,186.1,170.9,163.1,0.0,0.0
% of PE-to-Industry,0.0,0.0,0.0,0.0,138.6,85.9,117.1,191.8,173.4,139.6,147.3,142.9,135.8,126.8,157.4,155.0,136.7,131.5,159.2,149.0,151.8,131.9,129.8,118.8,108.5,113.0,129.7,149.0,145.5,147.1,103.0,87.2,93.9,78.6,44.6,32.2,57.1,73.9,101.0,94.9,73.1,82.9,154.3,138.3,147.7,97.5,140.9,162.7,84.2,76.7,74.9,66.2
% of ROE-to-Industry,132.1,0.0,0.0,0.0,369.2,255.8,320.2,180.3,201.2,235.9,203.0,215.2,197.1,197.7,195.4,171.8,170.9,192.1,173.7,203.6,174.1,174.9,160.6,152.7,193.5,220.5,192.6,173.3,169.3,164.3,217.2,267.9,259.8,345.2,370.6,322.3,237.4,180.6,168.6,195.3,239.2,252.6,255.8,286.3,290.4,266.8,278.1,285.5,259.2,232.9,0.0,0.0
% of current ratio-to-industry,68.0,72.7,46.2,60.9,60.0,53.8,69.2,66.7,72.0,59.3,73.1,82.1,103.7,100.0,100.0,123.3,134.5,100.0,87.1,116.7,87.1,93.8,121.4,148.3,100.0,74.3,94.1,126.5,130.3,146.9,120.7,125.0,110.7,81.3,77.4,87.9,96.8,85.7,90.9,84.4,78.1,75.8,96.4,96.6,82.8,87.1,79.3,96.6,80.6,70.6,0.0,0.0
% of debt/equity-to-industry,10.5,11.1,16.7,14.3,11.8,11.1,10.0,10.0,5.3,5.6,6.3,6.7,6.7,6.3,6.7,8.3,0.0,0.0,0.0,0.0,0.0,0.0,0.0,0.0,0.0,0.0,0.0,0.0,0.0,0.0,0.0,0.0,0.0,0.0,28.6,28.6,14.3,25.0,25.0,33.3,50.0,66.7,20.0,20.0,20.0,25.0,20.0,20.0,0.0,0.0,0.0,0.0
% of earnings-to-industry,2.6,0.0,0.0,0.0,4.8,5.1,5.5,5.4,6.8,7.3,8.6,9.6,10.1,10.6,12.0,13.0,15.2,15.8,17.2,17.4,17.4,18.0,19.5,20.2,19.3,19.8,20.7,20.4,22.9,23.2,23.7,26.8,28.0,32.0,35.3,31.0,25.5,21.3,19.7,20.1,22.1,23.6,25.2,25.6,24.2,23.8,25.1,27.0,23.4,20.6,0.0,0.0
% of gross profit margin-to-industry,146.5,0.0,0.0,0.0,160.2,159.3,160.2,159.3,168.3,167.2,168.8,168.3,171.0,171.5,171.9,171.6,169.6,168.2,167.3,166.9,167.7,167.4,169.1,168.8,167.4,167.5,165.6,164.4,165.0,164.3,162.1,165.2,160.5,160.7,159.3,157.9,152.6,149.4,147.4,148.7,150.9,152.7,154.7,155.8,158.0,158.5,160.3,161.5,160.2,158.8,0.0,0.0
% of leverage-to-industry,82.4,94.4,129.4,105.6,100.0,117.6,100.0,100.0,100.0,105.9,100.0,88.2,87.5,87.5,93.8,87.5,81.3,87.5,87.5,93.3,86.7,86.7,86.7,80.0,93.3,100.0,86.7,86.7,86.7,86.7,93.8,93.8,93.8,106.7,106.7,100.0,100.0,107.1,100.0,106.7,106.7,106.7,106.7,106.7,100.0,106.7,113.3,100.0,100.0,100.0,0.0,0.0
% of net profit margin-to-industry,114.8,0.0,0.0,0.0,200.0,209.6,221.6,207.3,205.2,206.6,214.1,223.9,248.4,250.8,265.7,262.0,260.5,251.9,250.6,243.3,255.1,253.3,264.0,267.0,246.3,249.5,243.4,233.3,259.2,253.1,252.6,281.2,276.4,301.3,325.7,274.4,250.6,214.6,197.9,201.0,206.1,214.4,225.3,235.2,240.9,242.5,255.4,269.6,237.0,207.8,0.0,0.0
% of post-tax profit margin-to-industry,114.8,0.0,0.0,0.0,200.0,209.6,221.6,207.3,205.2,206.6,214.1,223.9,248.4,250.8,265.7,262.0,260.5,251.9,250.6,243.3,255.1,253.3,264.0,267.0,246.3,249.5,245.9,234.6,254.2,254.6,253.1,284.5,276.4,301.3,325.7,274.4,250.6,214.6,197.9,203.1,206.1,214.4,225.3,235.2,238.2,242.5,255.4,269.6,237.0,216.2,0.0,0.0
% of pre-tax profit margin-to-industry,107.4,0.0,0.0,0.0,206.4,213.9,231.2,216.9,207.9,212.8,224.2,237.9,267.7,271.3,286.7,289.1,284.9,276.2,275.0,268.8,272.3,267.6,273.2,275.0,258.9,261.2,257.2,259.5,273.1,275.3,288.4,305.5,293.8,332.1,340.6,292.7,272.1,228.5,212.9,216.9,226.2,237.5,242.5,239.4,233.6,230.4,234.1,243.1,243.1,244.9,0.0,0.0
% of pric/free cashlow-to-industry,0.0,0.0,-18.4,-40.2,-2.8,-23.9,80.8,10.6,328.6,-24.5,67.1,3.8,106.6,454.3,111.7,9.7,89.9,294.9,109.5,-13.1,145.6,486.1,164.1,-12.1,72.2,244.5,118.6,-17.4,87.4,409.1,78.4,-5.0,54.5,173.2,186.4,24.1,56.0,161.3,127.0,-4.4,64.4,84.5,77.0,-35.5,81.3,147.9,93.2,1.5,13.0,2295.9,77.4,59.2
% of price-to-industry,0.0,0.0,15.0,16.4,18.2,11.3,17.6,29.1,29.3,24.5,28.9,33.0,42.1,42.3,63.5,67.2,62.0,61.2,79.6,83.1,100.5,95.1,111.7,105.1,77.8,83.8,101.5,116.8,126.7,128.9,91.9,88.1,110.1,110.2,73.1,48.3,68.7,143.8,181.1,173.2,144.0,177.3,197.0,197.0,237.0,167.9,254.1,301.9,143.5,124.8,114.0,102.6
% of price/book-to-industry,0.0,0.0,519.3,394.5,544.7,225.8,365.8,394.7,358.8,333.7,298.0,256.5,272.6,268.2,352.5,319.8,236.4,260.9,286.6,263.0,264.5,253.3,254.5,220.1,205.1,241.6,245.7,259.7,247.1,247.6,219.0,223.4,236.9,270.5,170.0,111.0,135.8,144.9,179.3,189.0,170.4,207.0,319.0,336.9,426.9,285.6,424.9,491.4,228.7,196.8,184.7,154.6
% of price/cashflow-to-industry,0.0,0.0,0.0,0.0,162.0,97.5,132.3,253.9,191.9,151.4,155.6,128.2,153.5,148.7,197.4,199.8,154.1,147.8,180.9,141.0,162.8,156.5,169.6,156.5,112.9,113.6,134.2,157.1,154.6,161.0,108.4,80.5,100.4,89.3,54.6,38.4,62.8,84.6,110.2,100.0,74.5,86.9,132.9,130.5,158.9,118.5,170.1,189.7,95.7,92.4,89.7,79.6
% of price/sales-to-industry,0.0,0.0,0.0,0.0,293.5,183.8,249.5,449.3,366.7,292.1,308.7,267.6,343.9,341.4,475.0,488.5,358.6,340.7,414.7,312.9,389.0,367.0,415.1,386.0,263.3,272.7,312.8,352.9,379.8,380.1,253.8,235.7,252.9,236.8,149.3,94.8,144.0,172.3,209.1,195.5,145.4,176.0,281.0,277.0,352.4,260.0,392.0,465.0,208.3,176.2,170.8,151.4
% of sales-to-industry,2.2,0.0,0.0,0.0,2.4,2.4,2.5,2.6,3.3,3.6,4.0,4.3,4.1,4.2,4.5,4.9,5.9,6.3,6.9,7.2,6.8,7.1,7.4,7.5,7.8,8.0,8.4,8.7,8.8,9.2,9.4,9.5,10.1,10.6,10.9,11.3,10.1,9.9,10.0,9.9,10.8,11.0,11.2,10.9,10.1,9.9,9.8,10.0,9.9,9.9,0.0,0.0
(increase) decrease in inventories,-0.7,-17.3,0.7,-2.1,-3.1,-16.4,0.7,-12.0,-16.6,-16.3,0.5,0.4,-7.4,-33.0,-13.4,-10.0,-18.1,-42.6,-28.9,-18.9,-22.5,-30.8,-20.6,-26.0,-49.1,-67.4,-16.1,-16.3,-57.7,-71.9,1.6,6.2,-32.1,-78.4,-54.3,-33.6,4.1,-6.3,59.5,21.7,-33.9,-97.7,-0.7,-31.9,-64.7,-102.0,-16.0,-64.3,-71.7,-71.5,26.3,-9.4
(increase) decrease in other current assets,-0.1,0.5,1.6,1.5,0.0,-1.7,-4.8,-9.4,0.0,2.1,1.5,-5.6,0.0,5.0,-11.8,-7.4,0.0,-6.9,-18.8,-25.0,-14.9,-15.2,-11.6,0.0,0.0,0.0,0.0,0.0,0.0,0.0,0.0,0.0,0.0,0.0,0.0,0.0,0.0,0.0,0.0,0.0,0.0,0.0,0.0,0.0,0.0,0.0,0.0,0.0,0.0,0.0,0.0,0.0
(increase) decrease in prepaid expenses,0.0,0.0,0.0,0.0,0.0,0.0,0.0,0.0,0.0,0.0,0.0,0.0,0.0,0.0,0.0,0.0,0.0,0.0,0.0,0.0,0.0,0.0,0.0,0.0,0.0,0.0,0.0,0.0,0.0,0.0,0.0,0.0,0.0,0.0,0.0,0.0,0.0,0.0,0.0,0.0,0.0,0.0,0.0,0.0,0.0,0.0,0.0,0.0,0.0,0.0,0.0,0.0
(increase) decrease in receivables,18.7,-5.1,-1.8,-5.1,26.4,-8.6,-4.1,-0.5,-5.9,-14.1,-36.4,-15.8,-4.5,-24.4,-59.0,-43.2,-20.3,-29.9,-66.0,-27.9,-9.7,-39.5,-57.6,-45.0,-19.0,-33.7,-40.7,-43.0,-25.3,-43.1,-30.6,-29.5,8.2,-51.0,-77.6,-17.8,3.3,5.2,-69.6,-9.0,4.3,-23.7,-70.0,-24.1,-31.8,-10.8,-70.8,-26.2,-26.6,-4.3,-53.2,-10.5
Basic EPS (Continuing),0.00,0.02,0.11,0.02,0.03,0.04,0.13,0.03,0.05,0.06,0.18,0.09,0.08,0.12,0.26,0.16,0.18,0.18,0.36,0.24,0.26,0.25,0.46,0.28,0.31,0.34,0.62,0.40,0.43,0.42,0.70,0.47,0.62,0.44,0.67,0.36,0.46,0.44,0.76,0.51,0.65,0.64,1.02,0.63,0.70,0.74,1.20,0.78,0.87,0.78,1.25,0.85
Basic EPS (Cum. Effect of Acct. Change),0.00,0.00,0.00,0.00,0.00,0.00,0.00,0.00,0.00,0.00,0.00,0.00,0.00,0.00,0.00,0.00,0.00,0.00,0.00,0.00,0.00,0.00,0.00,0.00,0.00,0.00,0.00,0.00,0.00,0.00,0.00,0.00,0.00,0.00,0.00,0.00,0.00,0.00,0.00,0.00,0.00,0.00,0.00,0.00,0.00,0.00,0.00,0.00,0.00,0.00,0.00,0.00
Basic EPS (Discontinued),0.00,0.00,0.00,0.00,0.00,0.00,0.00,0.00,0.00,0.00,0.00,0.00,0.00,0.00,0.00,0.00,0.00,0.00,0.00,0.00,0.00,0.00,0.00,0.00,0.00,0.00,0.00,0.01,0.00,0.00,0.00,0.00,0.00,0.00,0.00,0.00,0.00,0.00,0.00,0.00,0.00,0.00,0.00,0.00,0.00,0.00,0.00,0.00,0.00,0.00,0.00,0.00
Basic EPS (Extraordinary Items),0.00,0.00,0.00,0.00,0.00,0.00,0.00,0.00,0.00,0.00,0.00,0.00,0.00,0.00,0.00,0.00,0.00,0.00,0.00,0.00,0.00,0.00,0.00,0.00,0.00,0.00,0.00,0.00,0.00,0.00,0.00,0.00,0.00,0.00,0.00,0.00,0.00,0.00,0.00,0.00,0.00,0.00,0.00,0.00,0.00,0.00,0.00,0.00,0.00,0.00,0.00,0.00
Basic EPS (Other Gains/Losses),0.00,0.00,0.00,0.00,0.00,0.00,0.00,0.00,0.00,0.00,0.00,0.00,0.00,0.00,0.00,0.00,0.00,0.00,0.00,0.00,0.00,0.00,0.00,0.00,0.00,0.00,0.00,0.00,0.00,0.00,0.00,0.00,0.00,0.00,0.00,0.00,0.00,0.00,0.00,0.00,0.00,0.00,0.00,0.00,0.00,0.00,0.00,0.00,0.00,0.00,0.00,0.00
Basic EPS (Tax Loss Carry Forward),0.00,0.00,0.00,0.00,0.00,0.00,0.00,0.00,0.00,0.00,0.00,0.00,0.00,0.00,0.00,0.00,0.00,0.00,0.00,0.00,0.00,0.00,0.00,0.00,0.00,0.00,0.00,0.00,0.00,0.00,0.00,0.00,0.00,0.00,0.00,0.00,0.00,0.00,0.00,0.00,0.00,0.00,0.00,0.00,0.00,0.00,0.00,0.00,0.00,0.00,0.00,0.00
Close PE Ratio,0.0,0.0,0.0,0.0,25.0,17.4,23.2,28.8,28.6,24.6,26.5,26.6,31.1,31.0,36.3,34.7,33.2,28.7,33.6,30.8,33.6,29.6,28.5,28.3,23.5,25.5,28.5,30.7,26.9,25.7,15.9,15.2,13.3,11.4,9.5,8.0,14.1,17.1,18.3,18.5,15.7,17.0,20.0,18.0,21.9,17.1,19.0,23.0,16.6,15.6,15.3,13.5
Diluted EPS (Continuing),0.00,0.02,0.11,0.02,0.03,0.04,0.12,0.03,0.05,0.06,0.17,0.09,0.08,0.11,0.25,0.15,0.17,0.18,0.35,0.23,0.25,0.24,0.45,0.28,0.28,0.34,0.61,0.39,0.42,0.41,0.69,0.46,0.61,0.44,0.67,0.36,0.45,0.44,0.75,0.50,0.64,0.63,1.00,0.62,0.68,0.73,1.18,0.77,0.86,0.77,1.23,0.84
Diluted EPS (Cum. Effect of Acct. Change),0.00,0.00,0.00,0.00,0.00,0.00,0.00,0.00,0.00,0.00,0.00,0.00,0.00,0.00,0.00,0.00,0.00,0.00,0.00,0.00,0.00,0.00,0.00,0.00,0.00,0.00,0.00,0.00,0.00,0.00,0.00,0.00,0.00,0.00,0.00,0.00,0.00,0.00,0.00,0.00,0.00,0.00,0.00,0.00,0.00,0.00,0.00,0.00,0.00,0.00,0.00,0.00
Diluted EPS (Discontinued),0.00,0.00,0.00,0.00,0.00,0.00,0.00,0.00,0.00,0.00,0.00,0.00,0.00,0.00,0.00,0.00,0.00,0.00,0.00,0.00,0.00,0.00,0.00,0.00,0.00,0.00,0.00,0.01,0.00,0.00,0.00,0.00,0.00,0.00,0.00,0.00,0.00,0.00,0.00,0.00,0.00,0.00,0.00,0.00,0.00,0.00,0.00,0.00,0.00,0.00,0.00,0.00
Diluted EPS (Extraordinary),0.00,0.00,0.00,0.00,0.00,0.00,0.00,0.00,0.00,0.00,0.00,0.00,0.00,0.00,0.00,0.00,0.00,0.00,0.00,0.00,0.00,0.00,0.00,0.00,0.00,0.00,0.00,0.00,0.00,0.00,0.00,0.00,0.00,0.00,0.00,0.00,0.00,0.00,0.00,0.00,0.00,0.00,0.00,0.00,0.00,0.00,0.00,0.00,0.00,0.00,0.00,0.00
Diluted EPS (Other Gains/Losses),0.00,0.00,0.00,0.00,0.00,0.00,0.00,0.00,0.00,0.00,0.00,0.00,0.00,0.00,0.00,0.00,0.00,0.00,0.00,0.00,0.00,0.00,0.00,0.00,0.00,0.00,0.00,0.00,0.00,0.00,0.00,0.00,0.00,0.00,0.00,0.00,0.00,0.00,0.00,0.00,0.00,0.00,0.00,0.00,0.00,0.00,0.00,0.00,0.00,0.00,0.00,0.00
Diluted EPS (Tax Loss Carry Forward),0.00,0.00,0.00,0.00,0.00,0.00,0.00,0.00,0.00,0.00,0.00,0.00,0.00,0.00,0.00,0.00,0.00,0.00,0.00,0.00,0.00,0.00,0.00,0.00,0.00,0.00,0.00,0.00,0.00,0.00,0.00,0.00,0.00,0.00,0.00,0.00,0.00,0.00,0.00,0.00,0.00,0.00,0.00,0.00,0.00,0.00,0.00,0.00,0.00,0.00,0.00,0.00
Dividends Paid Per Share (YTD),0.00,0.00,0.00,0.00,0.00,0.00,0.00,0.00,0.00,0.00,0.00,0.00,0.00,0.00,0.00,0.00,0.00,0.00,0.00,0.00,0.00,0.00,0.00,0.00,0.00,0.00,0.00,0.00,0.00,0.00,0.00,0.00,0.00,0.00,0.00,0.00,0.08,0.08,0.15,0.23,0.38,0.15,0.30,0.45,0.68,0.23,0.45,0.68,0.98,0.30,0.60,0.90
EPS from Total Operations (YTD),0.11,0.02,0.15,0.17,0.19,0.04,0.16,0.19,0.24,0.06,0.23,0.32,0.40,0.11,0.36,0.51,0.68,0.18,0.52,0.75,1.00,0.24,0.69,0.99,1.27,0.34,0.94,1.34,1.76,0.41,1.09,1.56,2.17,0.44,1.11,1.46,1.91,0.44,1.19,1.69,2.33,0.63,1.62,2.24,2.92,0.73,1.90,2.67,3.53,0.77,2.00,2.84
High PE Ratio,0.0,0.0,0.0,0.0,26.1,28.1,25.4,30.3,31.4,28.9,28.8,27.8,33.5,33.9,39.0,37.6,33.9,32.1,34.3,32.6,34.2,34.4,31.5,30.7,29.4,27.7,29.8,31.8,30.7,29.3,28.1,27.3,23.5,21.8,17.3,18.1,17.3,17.6,18.7,19.0,19.0,17.6,21.1,20.3,22.1,22.8,21.6,23.7,22.6,22.3,22.0,21.4
"Income, Restructuring and M&A;",0.0,0.0,0.0,0.0,0.0,0.0,0.0,-4.5,1.1,0.0,0.0,0.0,0.0,0.0,0.0,0.0,0.0,0.0,0.0,0.0,0.0,0.0,0.0,0.0,0.0,0.0,0.0,0.0,0.0,0.0,0.0,0.0,0.0,0.0,0.0,0.0,0.0,0.0,0.0,0.0,0.0,0.0,0.0,0.0,0.0,0.0,0.0,0.0,0.0,0.0,0.0,0.0
LT-Debt as % of Invested Capital,1.7,2.3,2.8,2.6,2.4,2.3,1.7,1.6,1.4,1.5,1.0,0.9,0.8,0.7,0.6,0.5,0.4,0.4,0.3,0.4,0.3,0.3,0.2,0.2,0.3,0.2,0.2,0.2,0.1,0.1,0.2,0.2,0.2,0.2,1.7,1.6,1.5,1.3,1.3,1.4,1.6,1.5,1.3,1.3,1.4,1.3,1.2,1.2,0.0,0.0,0.0,0.0
LT-Debt as % of Total Debt,4.5,3.6,2.4,3.2,3.3,2.2,2.3,2.1,2.0,1.9,1.5,1.8,1.9,1.6,1.3,1.4,1.4,1.0,0.8,0.9,1.0,0.9,0.8,0.9,0.7,0.6,0.6,0.7,0.5,0.4,0.4,0.4,0.3,0.3,2.9,3.2,2.9,2.6,2.4,2.5,2.5,2.3,2.2,2.4,2.3,2.2,1.9,2.2,0.1,0.1,0.0,0.0
LT-Debt to Equity Ratio,0.02,0.02,0.03,0.03,0.02,0.02,0.02,0.02,0.01,0.01,0.01,0.01,0.01,0.01,0.01,0.01,0.00,0.00,0.00,0.00,0.00,0.00,0.00,0.00,0.00,0.00,0.00,0.00,0.00,0.00,0.00,0.00,0.00,0.00,0.02,0.02,0.01,0.01,0.01,0.01,0.02,0.02,0.01,0.01,0.01,0.01,0.01,0.01,0.00,0.00,0.00,0.00
Low PE Ratio,0.0,0.0,0.0,0.0,10.5,10.5,11.9,11.4,10.4,10.7,14.0,12.0,10.8,12.8,14.0,15.6,18.0,18.4,20.1,19.6,18.0,18.4,20.9,20.1,21.7,18.7,16.7,15.4,14.3,18.6,15.2,11.7,10.7,10.3,6.1,5.5,6.0,5.9,5.7,7.6,9.8,12.3,11.9,11.7,11.6,14.0,14.2,13.6,12.9,13.5,13.3,12.4
Net Income from Total Operations (YTD),38.6,7.6,46.8,54.8,64.0,12.5,56.7,68.5,85.8,22.5,84.9,116.8,146.6,42.3,137.8,196.1,261.7,67.7,201.8,291.1,388.7,93.6,267.8,376.6,494.3,125.6,353.1,503.1,663.7,154.8,407.1,569.5,783.1,145.8,362.7,477.6,623.4,140.8,381.8,539.4,734.9,188.9,492.3,678.3,880.8,215.0,562.5,787.5,"1,038.9",221.4,574.1,813.1
Normalized Close PE Ratio,0.0,0.0,0.0,0.0,23.8,17.4,23.2,27.6,28.6,23.7,25.7,26.6,31.1,31.0,36.3,34.7,33.2,28.7,33.6,30.8,33.6,29.6,28.5,28.3,23.5,25.5,28.5,30.9,28.0,25.8,16.0,15.2,13.3,11.4,9.5,8.0,14.1,17.1,18.3,18.5,15.7,17.0,20.0,18.0,21.9,17.1,19.0,23.0,16.6,15.6,15.3,13.5
Normalized High PE Ratio,0.0,0.0,0.0,0.0,24.8,28.1,25.4,29.0,31.4,27.9,27.9,27.8,33.5,33.9,39.0,37.6,33.9,32.1,34.3,32.6,34.2,34.4,31.5,30.7,29.4,27.7,29.8,32.0,32.0,29.5,28.3,27.3,23.5,21.8,17.3,18.1,17.3,17.6,18.7,19.0,19.0,17.6,21.1,20.3,22.1,22.8,21.6,23.7,22.6,22.3,22.0,21.4
Normalized Low PE Ratio,0.0,0.0,0.0,0.0,10.0,10.5,11.9,10.9,10.4,10.3,13.5,12.0,10.8,12.8,14.0,15.6,18.0,18.4,20.1,19.6,18.0,18.4,20.9,20.1,21.7,18.7,16.7,15.5,14.9,18.7,15.3,11.7,10.7,10.3,6.1,5.5,6.0,5.9,5.7,7.6,9.8,12.3,11.9,11.7,11.6,14.0,14.2,13.6,12.9,13.5,13.3,12.4
Normalized ROA,13.0,0.0,0.0,0.0,26.5,21.4,19.9,20.6,20.2,23.3,20.7,23.0,23.7,23.6,23.2,24.8,25.4,26.0,23.2,27.9,28.9,27.6,25.8,25.3,30.4,31.4,29.0,28.8,26.0,25.7,30.9,33.8,34.4,36.7,31.6,29.8,24.3,22.1,22.4,25.9,29.8,30.0,30.3,32.1,33.4,31.5,30.7,33.2,33.5,33.2,32.0,32.5
Normalized ROCI,17.8,0.0,0.0,0.0,45.1,42.7,34.2,35.3,33.8,40.9,34.6,34.9,34.1,33.5,33.6,33.4,33.3,36.2,32.9,38.9,37.5,35.4,33.4,31.2,41.5,44.0,39.0,36.2,33.3,34.3,45.1,49.9,51.6,57.2,49.5,44.1,36.2,33.2,34.0,40.6,48.1,48.7,48.0,49.5,53.8,49.3,50.3,50.5,52.1,52.4,50.4,47.4
Normalized ROE,18.1,0.0,0.0,0.0,46.3,43.7,34.8,35.8,34.3,41.5,34.9,35.2,34.3,33.8,33.8,33.5,33.5,36.3,33.0,39.1,37.6,35.5,33.4,31.3,41.6,44.1,39.1,36.2,33.3,34.4,45.1,50.0,51.7,57.3,50.4,44.8,36.8,33.6,34.4,41.2,48.8,49.5,48.6,50.1,54.6,49.9,50.9,51.1,52.1,52.4,50.5,47.4
Return on Assets (ROA),13.0,0.0,0.0,0.0,24.7,21.5,20.0,19.5,19.5,22.5,20.1,23.1,23.7,23.6,23.2,24.8,25.4,26.0,23.2,27.9,28.9,27.6,25.8,25.3,30.4,31.4,29.0,29.0,27.1,25.9,31.1,33.9,34.4,36.7,31.6,29.8,24.3,22.1,22.4,25.9,29.8,30.0,30.3,32.1,33.4,31.5,30.7,33.2,33.5,33.2,32.0,32.5
Return on Capital Invested (ROCI),17.8,0.0,0.0,0.0,42.1,43.0,34.4,33.4,32.5,39.5,33.6,35.2,34.1,33.5,33.6,33.4,33.3,36.2,32.9,38.9,37.5,35.4,33.4,31.2,41.5,44.0,39.0,36.3,34.7,34.5,45.3,50.0,51.6,57.2,49.5,44.1,36.2,33.2,34.0,40.6,48.1,48.7,48.0,49.5,53.8,49.3,50.3,50.5,52.1,52.4,50.4,47.4
Return on Stock Equity (ROE),18.1,0.0,0.0,0.0,43.2,44.0,34.9,33.9,33.0,40.1,33.9,35.5,34.3,33.8,33.8,33.5,33.5,36.3,33.0,39.1,37.6,35.5,33.4,31.3,41.6,44.1,39.1,36.4,34.7,34.5,45.4,50.1,51.7,57.3,50.4,44.8,36.8,33.6,34.4,41.2,48.8,49.5,48.6,50.1,54.6,49.9,50.9,51.1,52.1,52.4,50.5,47.4
Revenue (YTD),548.9,134.6,348.7,479.3,616.1,150.7,386.5,548.0,719.4,192.8,501.3,721.7,953.2,258.4,669.9,983.0,"1,321.1",344.1,875.8,"1,291.8","1,710.4",449.0,"1,099.3","1,597.1","2,111.5",553.9,"1,390.2","1,960.3","2,612.5",676.7,"1,654.7","2,399.3","3,180.8",752.5,"1,712.8","2,452.7","3,230.5",761.4,"1,826.4","2,657.1","3,607.6",911.7,"2,176.1","3,126.8","4,158.5","1,050.4","2,499.0","3,608.0","4,763.2","1,161.4","2,665.1","3,852.7"
accounts payable,2.9,5.0,0.8,4.6,14.3,16.9,22.0,26.2,25.8,32.5,34.2,29.7,26.6,41.5,55.2,39.7,44.8,60.5,68.5,50.0,65.0,70.3,87.7,54.8,79.8,86.2,82.1,62.1,109.3,95.4,77.4,63.7,134.7,129.5,125.7,67.6,103.0,94.2,120.2,111.2,105.6,105.4,103.9,92.6,118.6,144.2,136.7,107.4,155.4,133.0,152.6,137.1
accounts receivable,0.0,24.9,28.7,20.6,20.6,33.7,29.1,25.6,30.9,45.0,67.3,46.7,35.5,59.9,94.5,78.7,55.7,85.6,121.7,83.6,65.4,104.9,123.0,110.4,84.4,118.1,125.1,124.9,107.8,148.9,142.1,148.1,106.7,156.5,192.0,127.1,108.7,105.1,178.8,118.1,109.1,133.2,180.6,131.7,142.9,153.1,212.0,169.5,174.5,178.3,223.0,177.1
accrued expenses,0.0,0.0,0.0,0.0,0.0,0.0,0.0,0.0,0.0,0.0,0.0,0.0,0.0,0.0,0.0,0.0,0.0,0.0,0.0,0.0,0.0,0.0,0.0,0.0,0.0,0.0,0.0,0.0,0.0,0.0,0.0,0.0,0.0,0.0,0.0,0.0,0.0,0.0,0.0,0.0,0.0,0.0,0.0,0.0,0.0,0.0,0.0,0.0,0.0,0.0,0.0,0.0
accrued liabilities,0.0,0.0,0.0,78.3,82.4,85.4,97.7,86.2,99.4,96.8,128.7,112.3,108.3,108.2,143.1,141.1,135.4,161.3,218.9,169.8,185.5,210.3,246.5,239.3,261.8,301.2,328.0,275.9,298.5,306.4,335.2,289.6,315.9,331.1,391.3,348.2,348.6,437.3,457.6,439.3,422.7,463.5,461.5,456.6,408.4,486.3,673.5,515.0,454.6,575.6,594.1,455.2
accumulated depreciation,116.8,115.1,116.8,116.8,130.1,130.1,130.1,130.1,147.0,147.0,147.0,147.0,173.3,173.3,173.3,173.3,207.6,207.6,207.6,207.6,217.2,217.2,217.2,217.2,216.8,216.8,216.8,216.8,231.1,231.1,231.1,231.1,290.5,290.5,290.5,0.0,385.0,0.0,0.0,0.0,485.1,0.0,0.0,0.0,583.5,0.0,0.0,0.0,687.4,0.0,0.0,0.0
acquisitions,0.0,0.0,0.0,0.0,0.0,-9.0,-9.0,-14.8,-14.8,0.0,0.0,0.0,0.0,0.0,0.0,0.0,0.0,0.0,0.0,0.0,-228.4,0.0,0.0,0.0,0.0,0.0,0.0,0.0,0.0,0.0,0.0,0.0,0.0,-8.5,-14.5,0.0,0.0,0.0,-1.2,-1.2,-1.2,-0.8,0.0,0.0,0.0,-7.6,-7.6,-53.2,-53.2,-45.4,-45.4,-53.3
additional paid-in capital,0.0,0.0,0.0,0.0,125.4,123.2,135.2,142.1,155.4,148.7,182.9,194.7,215.4,241.6,288.2,312.7,357.0,384.6,446.5,441.4,465.0,629.6,717.8,762.7,775.2,793.1,855.1,928.6,978.7,"1,080.7","1,071.0","1,088.7","1,115.0","1,129.9","1,150.5","1,167.5","1,189.1","1,207.4","1,314.3","1,374.2","1,503.0","1,567.4","1,846.2","1,899.6","2,000.4","2,106.8","2,172.2","2,276.1","2,327.1","2,358.7","2,425.2","2,459.3"
adjustments to revenue,0.0,0.0,0.0,0.0,0.0,0.0,0.0,0.0,0.0,0.0,0.0,0.0,0.0,0.0,0.0,0.0,0.0,0.0,0.0,0.0,0.0,0.0,0.0,0.0,0.0,0.0,0.0,0.0,0.0,0.0,0.0,0.0,0.0,0.0,0.0,0.0,0.0,0.0,0.0,0.0,0.0,0.0,0.0,0.0,0.0,0.0,0.0,0.0,0.0,0.0,0.0,0.0
advertising,0.0,0.0,0.0,0.0,0.0,0.0,0.0,0.0,0.0,0.0,0.0,0.0,0.0,0.0,0.0,0.0,0.0,0.0,0.0,0.0,0.0,0.0,0.0,0.0,0.0,0.0,0.0,0.0,0.0,0.0,0.0,0.0,0.0,0.0,0.0,0.0,0.0,0.0,0.0,0.0,0.0,0.0,0.0,0.0,0.0,0.0,0.0,0.0,0.0,0.0,0.0,0.0
amortization,0.0,0.0,0.0,0.0,0.0,0.0,0.0,0.0,0.0,0.0,0.0,0.0,0.0,0.0,0.0,0.0,0.0,0.0,0.0,0.0,0.0,0.0,0.0,0.0,0.0,0.0,0.0,0.0,0.0,0.0,0.0,0.0,0.0,0.0,0.0,0.0,0.0,0.0,0.0,0.0,0.0,0.0,0.0,0.0,0.0,0.0,0.0,0.0,0.0,0.0,0.0,0.0
amortization of intangibles,0.0,0.0,0.0,0.7,0.9,0.2,0.7,0.6,0.0,0.0,0.0,0.0,0.0,0.0,0.0,0.0,0.0,0.0,0.0,0.0,0.0,0.0,0.0,0.0,0.0,0.0,0.0,0.0,0.0,0.0,0.0,0.0,0.0,0.0,0.0,0.0,0.0,0.0,0.0,0.0,0.0,0.0,0.0,0.0,0.0,0.0,0.0,0.0,0.0,0.0,0.0,0.0
asset turnover,0.0,0.0,0.0,0.0,2.2,2.2,2.0,2.1,2.1,2.0,1.8,1.8,1.8,1.8,1.6,1.6,1.6,1.6,1.3,1.5,1.4,1.4,1.2,1.3,1.4,1.4,1.3,1.3,1.3,1.3,1.4,1.4,1.3,1.4,1.4,1.4,1.3,1.3,1.3,1.4,1.4,1.4,1.4,1.5,1.6,1.6,1.5,1.6,1.7,1.6,1.5,1.6
auditor name,None,None,None,None,None,None,None,None,None,None,None,None,None,None,None,None,None,None,None,None,None,None,None,None,None,None,None,None,None,None,None,None,None,None,None,None,None,None,None,None,None,None,None,None,None,None,None,None,None,None,None,None
auditor report,None,None,None,None,None,None,None,None,None,None,None,None,None,None,None,None,None,None,None,None,None,None,None,None,None,None,None,None,None,None,None,None,None,None,None,None,None,None,None,None,None,None,None,None,None,None,None,None,None,None,None,None
basic earnings indicator,N,Y,Y,Y,Y,Y,Y,Y,Y,Y,Y,Y,Y,Y,Y,Y,Y,Y,Y,Y,Y,Y,Y,Y,Y,Y,Y,Y,Y,Y,Y,Y,Y,Y,Y,Y,Y,Y,Y,Y,Y,Y,Y,Y,Y,Y,Y,Y,Y,Y,Y,Y
book value per share,0.63,0.45,0.37,0.39,0.42,0.45,0.60,0.65,0.73,0.68,0.93,1.04,1.17,1.34,1.58,1.79,2.06,2.09,2.59,2.43,2.73,3.07,3.55,3.94,3.21,3.25,4.02,4.60,5.13,5.38,4.49,4.27,4.50,4.13,4.57,4.86,5.33,5.77,5.94,5.47,5.07,5.35,5.88,5.94,5.59,6.24,6.50,6.75,6.99,7.03,7.42,7.99
building and improvements,0.0,0.0,0.0,0.0,0.0,0.0,0.0,0.0,123.3,0.0,0.0,0.0,153.4,0.0,0.0,0.0,196.2,0.0,0.0,0.0,243.8,0.0,0.0,0.0,270.2,0.0,0.0,0.0,267.9,0.0,0.0,0.0,373.3,0.0,0.0,0.0,461.4,0.0,0.0,0.0,499.1,0.0,0.0,0.0,552.9,0.0,0.0,0.0,618.6,0.0,0.0,0.0
capital lease obligations,0.0,0.0,0.0,0.0,0.0,0.0,0.0,0.0,0.0,0.0,0.0,0.0,0.0,0.0,0.0,0.0,0.0,0.0,0.0,0.0,0.0,0.0,0.0,0.0,0.0,0.0,0.0,0.0,0.0,0.0,0.0,0.0,0.0,0.0,0.0,0.0,0.0,0.0,0.0,0.0,0.0,0.0,0.0,0.0,0.0,0.0,0.0,0.0,0.0,0.0,0.0,0.0
cash as % of revenue,0.0,0.0,0.0,0.0,0.6,0.7,10.2,11.1,13.1,5.8,20.5,21.5,24.0,25.1,33.2,36.7,19.9,16.0,19.4,13.3,9.0,6.0,9.6,9.1,6.8,4.3,11.0,8.8,21.3,28.2,29.7,19.9,22.0,12.6,13.1,17.0,24.8,30.7,33.0,20.5,16.5,16.5,19.8,19.9,16.8,19.7,24.2,20.0,19.3,15.6,17.4,17.5
cash at beginning of period,0.1,0.2,0.2,0.2,0.2,3.7,3.7,3.7,3.7,94.0,94.0,94.0,94.0,229.2,229.2,229.2,229.2,262.7,262.7,262.7,262.7,154.6,154.6,154.6,154.6,143.4,143.4,143.4,143.4,557.0,557.0,557.0,557.0,698.9,698.9,698.9,698.9,800.4,800.4,800.4,800.4,596.5,596.5,596.5,596.5,699.8,699.8,699.8,699.8,917.2,917.2,917.2
cash end of period,0.2,0.2,5.3,7.2,3.7,4.7,66.5,76.3,94.0,44.0,171.1,192.3,229.2,255.4,372.8,445.3,262.7,224.8,296.7,216.9,154.6,108.3,185.1,184.4,143.4,95.6,265.3,222.3,557.0,786.6,870.3,608.2,698.9,409.5,424.2,551.3,800.4,994.7,"1,103.2",702.8,596.5,621.4,784.2,812.7,699.8,845.7,"1,085.6",929.7,917.2,760.8,858.7,876.4
cash flow,61.2,0.0,0.0,0.0,88.2,93.0,98.7,103.6,111.3,121.8,140.7,161.8,176.9,199.1,234.7,265.8,304.6,334.6,377.9,412.2,445.7,472.1,515.5,536.1,559.4,596.2,652.0,697.3,744.6,779.6,808.8,826.4,883.8,880.7,851.3,808.7,746.4,744.1,765.8,810.4,861.7,908.6,974.3,"1,000.4","1,005.9","1,031.8","1,077.7","1,120.0","1,171.8","1,182.3","1,195.3","1,214.3"
cash flow per share,0.18,0.00,0.00,0.00,0.25,0.27,0.28,0.29,0.31,0.35,0.39,0.45,0.48,0.54,0.63,0.71,0.80,0.89,0.99,1.09,1.18,1.24,1.35,1.39,1.51,1.63,1.77,1.88,2.00,2.09,2.30,2.42,2.62,2.69,2.65,2.55,2.35,2.33,2.44,2.66,2.90,3.07,3.29,3.41,3.49,3.54,3.75,3.90,4.11,4.17,4.26,4.32
cash from discontinued financing activities,0.0,0.0,0.0,0.0,0.0,0.0,0.0,0.0,0.0,0.0,0.0,0.0,0.0,0.0,0.0,0.0,0.0,0.0,0.0,0.0,0.0,0.0,57.3,0.0,0.0,0.0,0.0,0.0,0.0,0.0,0.0,0.0,0.0,0.0,0.0,0.0,0.0,0.0,0.0,0.0,0.0,0.0,0.0,0.0,0.0,0.0,0.0,0.0,0.0,0.0,0.0,0.0
cash from discontinued investing activities,0.0,0.0,0.0,0.0,0.0,0.0,0.0,0.0,0.0,0.0,0.0,0.0,0.0,0.0,0.0,0.0,0.0,0.0,0.0,0.0,0.0,0.0,0.0,0.0,0.0,0.0,0.0,0.0,0.0,0.0,0.0,0.0,0.0,0.0,0.0,0.0,0.0,0.0,0.0,0.0,0.0,0.0,0.0,0.0,0.0,0.0,0.0,0.0,0.0,0.0,0.0,0.0
cash per share,0.00,0.00,0.02,0.02,0.01,0.01,0.19,0.22,0.26,0.13,0.48,0.53,0.63,0.69,1.00,1.19,0.69,0.60,0.78,0.58,0.41,0.28,0.48,0.48,0.39,0.26,0.72,0.60,1.50,2.11,2.47,1.78,2.08,1.25,1.32,1.74,2.52,3.12,3.51,2.31,2.01,2.10,2.65,2.77,2.43,2.90,3.78,3.24,3.22,2.68,3.06,3.12
common par,0.0,0.0,128.1,136.1,0.4,0.4,0.4,0.4,0.9,0.9,0.9,0.9,0.9,1.8,1.9,1.9,1.9,1.9,1.9,3.8,3.8,3.8,3.8,3.8,3.7,3.7,3.7,3.7,3.7,3.7,3.5,3.4,3.4,3.3,3.2,3.2,3.2,3.2,3.1,3.0,3.0,3.0,3.0,2.9,2.9,2.9,2.9,2.9,2.9,2.8,2.8,2.8
common stock equity,212.8,156.5,127.9,136.0,148.3,156.9,211.6,229.4,260.4,238.9,336.1,377.6,426.9,493.1,589.7,673.6,782.3,790.1,987.5,913.5,"1,032.8","1,166.8","1,360.0","1,514.8","1,188.7","1,192.1","1,482.9","1,705.4","1,910.4","2,005.8","1,581.9","1,458.5","1,515.8","1,351.0","1,466.0","1,541.9","1,696.0","1,841.0","1,865.6","1,663.4","1,505.3","1,582.7","1,738.5","1,742.7","1,612.6","1,816.5","1,868.7","1,938.9","1,992.9","1,994.1","2,082.3","2,244.0"
construction in progress,0.0,0.0,0.0,0.0,10.1,0.0,0.0,0.0,22.9,0.0,0.0,0.0,26.5,0.0,0.0,0.0,11.5,0.0,0.0,0.0,21.4,0.0,0.0,0.0,66.2,0.0,0.0,0.0,148.2,0.0,0.0,0.0,65.5,0.0,0.0,0.0,22.7,0.0,0.0,0.0,15.7,0.0,0.0,0.0,17.6,0.0,0.0,0.0,19.8,0.0,0.0,0.0
cost in excess,0.0,0.0,0.0,0.0,0.0,0.0,0.0,0.0,0.0,22.2,22.4,0.0,0.0,0.0,0.0,0.0,0.0,0.0,0.0,0.0,0.0,0.0,0.0,223.7,227.8,222.8,221.2,222.9,213.8,228.5,232.8,263.2,258.9,262.5,303.5,271.4,283.4,299.2,293.9,291.0,305.9,321.7,330.0,319.0,331.0,352.0,352.0,364.7,376.0,416.5,386.7,359.7
cost of sales,0.0,44.2,68.5,40.0,42.4,48.2,67.8,44.1,50.5,55.1,84.7,53.2,52.7,61.6,96.7,63.5,66.3,72.5,114.5,75.8,79.8,93.6,128.0,91.7,94.2,110.3,171.8,118.3,121.5,133.8,216.3,160.4,162.5,163.6,237.8,184.1,199.2,177.9,266.0,182.5,220.8,203.2,318.1,228.7,259.9,253.7,370.4,257.3,282.9,280.1,377.6,268.6
cost of sales with depreciation,0.0,44.2,68.5,40.0,65.8,54.1,74.1,50.5,57.3,61.6,91.7,60.6,62.0,70.5,106.4,75.6,78.6,85.9,128.8,91.3,93.7,107.6,145.7,108.1,111.3,129.2,191.9,138.9,142.9,158.5,240.7,186.2,188.2,194.3,268.2,214.9,230.4,211.3,294.1,215.1,253.5,235.5,349.3,259.1,291.1,285.7,403.4,290.9,317.0,316.2,418.4,307.4
cumulative translation adjustments,0.0,-0.4,0.0,0.0,0.0,0.0,0.0,0.0,0.0,0.0,0.0,0.0,0.0,0.0,0.0,0.0,0.0,0.0,0.0,0.0,0.0,0.0,0.0,0.0,0.0,0.0,0.0,-6.3,-12.5,2.3,9.9,37.6,0.0,11.5,0.0,0.0,0.0,0.0,0.0,0.0,0.0,0.0,0.0,0.0,0.0,0.0,0.0,0.0,0.0,0.0,0.0,0.0
current assets per share,0.39,0.46,0.53,0.44,0.43,0.56,0.69,0.74,0.80,0.76,1.11,1.12,1.23,1.44,1.81,1.93,1.86,2.11,2.38,2.23,1.87,2.27,3.09,3.32,2.63,2.79,3.63,3.95,4.67,5.06,4.20,3.73,4.12,3.70,3.80,3.88,4.39,5.05,5.46,4.96,4.39,4.82,5.49,5.33,5.03,5.80,6.59,6.12,6.33,6.24,6.59,6.74
current defered income taxes,0.0,0.0,0.0,0.0,13.9,13.9,0.0,0.0,14.1,0.0,0.0,0.0,21.3,0.0,0.0,0.0,34.5,0.0,0.0,0.0,50.8,0.0,0.0,0.0,78.0,0.0,0.0,0.0,68.3,0.0,0.0,0.0,69.6,0.0,0.0,0.0,49.5,0.0,66.2,76.9,77.4,0.0,0.0,0.0,93.9,0.0,0.0,0.0,95.4,0.0,0.0,0.0
current deferred income taxes,0.0,0.0,0.0,0.0,0.0,0.0,0.0,0.0,0.0,0.0,0.0,0.0,0.0,0.0,0.0,0.0,0.0,0.0,0.0,0.0,2.9,0.0,0.0,0.0,0.0,0.0,0.0,0.0,0.0,0.0,0.0,0.0,0.0,0.0,0.0,0.0,0.0,0.0,0.0,0.0,0.0,0.0,0.0,0.0,0.0,0.0,0.0,0.0,0.0,0.0,0.0,0.0
current liabilities per share,0.23,0.28,0.43,0.32,0.30,0.41,0.38,0.42,0.45,0.47,0.57,0.48,0.44,0.48,0.62,0.52,0.48,0.65,0.88,0.64,0.70,0.75,0.91,0.77,0.92,1.08,1.15,0.91,1.10,1.08,1.21,1.07,1.34,1.41,1.62,1.32,1.45,1.67,1.84,1.81,1.78,1.93,2.01,1.88,2.06,2.17,2.82,2.17,2.52,2.58,2.74,2.19
current ratio,1.7,1.6,1.2,1.4,1.5,1.4,1.8,1.8,1.8,1.6,1.9,2.3,2.8,3.0,2.9,3.7,3.9,3.2,2.7,3.5,2.7,3.0,3.4,4.3,2.9,2.6,3.2,4.3,4.3,4.7,3.5,3.5,3.1,2.6,2.4,2.9,3.0,3.0,3.0,2.7,2.5,2.5,2.7,2.8,2.4,2.7,2.3,2.8,2.5,2.4,2.4,3.1
decrease (increase) in other current liabilities,11.2,3.0,17.1,34.1,6.8,-1.9,10.9,-5.1,9.4,-2.6,29.4,13.0,8.9,-0.0,34.8,32.9,27.1,25.9,85.0,48.1,85.7,41.2,113.2,115.3,145.1,46.6,96.9,58.0,96.4,67.7,111.8,60.3,75.1,37.7,30.6,23.8,-32.1,69.6,129.7,118.0,68.1,15.1,36.8,52.7,53.7,1.2,200.2,92.7,84.2,21.9,151.0,39.9
decrease (increase) in other working capital,0.0,0.0,0.0,0.0,-0.4,0.0,0.0,0.0,-12.8,0.0,0.0,0.0,-9.9,0.0,0.0,0.0,-2.4,0.0,0.0,0.0,0.0,0.0,0.0,-12.9,13.2,-12.8,-5.1,-12.0,-3.1,1.0,17.1,-15.6,-66.0,1.8,2.9,9.5,31.4,3.5,24.9,29.1,64.1,37.3,51.1,11.9,-28.8,16.5,10.2,24.9,-40.4,-11.7,-1.7,17.4
decrease (increase) in payables,-7.2,2.1,-2.2,1.6,6.4,-0.3,4.8,9.0,8.7,6.7,8.4,3.8,0.8,14.9,28.5,13.0,18.1,15.7,23.7,5.2,20.2,5.3,22.7,-10.1,14.8,6.4,2.3,-17.7,29.5,-13.9,-34.8,-53.8,20.4,-11.1,-16.0,-70.6,-37.0,-10.9,17.4,8.6,1.0,-1.9,-4.7,-15.3,9.7,24.6,17.0,-10.7,36.5,-23.0,-0.7,-14.6
deferred income taxes,2.7,-1.7,0.5,0.5,-5.8,0.3,-0.0,0.1,-5.0,-0.1,-0.1,-0.1,8.8,-0.1,-0.2,-0.2,11.6,-5.2,-4.5,9.0,-56.2,-2.6,-7.3,8.8,-22.9,-6.7,-7.5,-6.0,6.6,2.2,-28.7,-36.9,-16.9,-10.8,-15.7,0.7,13.7,-9.0,-14.5,-30.1,-17.1,9.9,15.3,11.8,39.7,34.3,24.2,-0.8,27.6,7.9,4.7,-7.4
deferred revenues,0.0,0.0,0.0,0.0,0.0,0.0,0.0,0.0,0.0,0.0,0.0,0.0,0.0,0.0,0.0,0.0,0.0,0.0,0.0,0.0,0.0,0.0,0.0,0.0,0.0,0.0,0.0,0.0,0.0,0.0,0.0,0.0,0.0,0.0,0.0,0.0,0.0,0.0,0.0,0.0,0.0,0.0,0.0,0.0,0.0,0.0,0.0,0.0,0.0,0.0,0.0,0.0
depreciation,22.6,5.6,11.4,16.3,23.2,5.7,11.6,18.0,25.5,6.5,13.5,20.9,30.2,8.8,18.5,30.5,42.9,13.4,27.7,43.2,57.0,14.0,31.6,48.0,65.1,18.8,38.9,59.6,80.9,24.7,49.1,74.9,100.7,30.7,61.1,91.8,123.0,33.4,61.4,94.0,126.7,32.3,63.5,93.8,125.1,32.1,65.1,98.7,132.9,36.1,76.9,115.7
depreciation (unrecognized),0.0,5.4,5.6,5.3,-16.3,0.0,0.0,0.0,0.0,0.0,0.0,0.0,0.0,0.0,0.0,0.0,0.0,0.0,0.0,0.0,0.0,0.0,0.0,0.0,0.0,0.0,0.0,0.0,0.0,0.0,0.0,0.0,0.0,0.0,0.0,0.0,0.0,0.0,0.0,0.0,0.0,0.0,0.0,0.0,0.0,0.0,0.0,0.0,0.0,0.0,0.0,0.0
domestic sales,0.0,0.0,0.0,0.0,0.0,0.0,0.0,0.0,0.0,0.0,0.0,0.0,0.0,0.0,0.0,0.0,0.0,0.0,0.0,0.0,0.0,0.0,0.0,0.0,0.0,0.0,0.0,0.0,0.0,0.0,0.0,0.0,0.0,0.0,0.0,0.0,0.0,0.0,0.0,0.0,0.0,0.0,0.0,0.0,0.0,0.0,0.0,0.0,0.0,0.0,0.0,0.0
earnings from equity interest,0.0,0.0,0.0,0.0,0.0,0.0,0.0,0.0,0.0,0.0,0.0,0.0,0.0,0.0,0.0,0.0,0.0,0.0,0.0,0.0,0.0,0.0,0.0,0.0,0.0,0.0,0.0,0.0,0.0,0.0,0.0,0.0,0.0,0.0,0.0,0.0,0.0,0.0,0.0,0.0,0.0,0.0,0.0,0.0,0.0,0.0,0.0,0.0,0.0,0.0,0.0,0.0
earnings period indicator,F,Q,S,N,F,Q,S,N,F,Q,S,N,F,Q,S,N,F,Q,S,N,F,Q,S,N,F,Q,S,N,F,Q,S,N,F,Q,S,N,F,Q,S,N,F,Q,S,N,F,Q,S,N,F,Q,S,N
effect exchange rate changes,0.0,0.0,0.0,0.0,0.0,0.0,0.0,0.0,0.0,0.0,0.0,0.0,0.0,0.0,0.0,0.0,0.0,0.0,0.0,0.0,0.0,0.0,0.0,0.0,0.0,0.0,0.0,0.0,0.0,0.0,2.8,5.3,3.4,0.1,-5.4,-8.0,-2.9,6.2,6.0,4.1,7.4,2.3,2.9,2.7,4.8,2.0,1.6,-5.6,-2.9,0.8,-3.1,-8.3
effective tax rate,30.6,0.0,0.0,0.0,35.6,35.7,35.9,35.9,35.5,35.9,36.6,36.8,37.0,37.1,37.3,37.4,37.5,37.6,37.8,37.9,36.9,37.0,37.0,37.1,38.0,38.1,38.3,38.4,38.5,38.6,38.8,38.9,34.5,34.3,33.6,33.0,36.2,35.8,35.5,35.3,36.2,35.5,34.2,32.2,32.3,32.2,31.3,32.5,31.0,31.0,31.8,31.4
excise taxes,0.0,0.0,0.0,0.0,0.0,0.0,0.0,0.0,0.0,0.0,0.0,0.0,0.0,0.0,0.0,0.0,0.0,0.0,0.0,0.0,0.0,0.0,0.0,0.0,0.0,0.0,0.0,0.0,0.0,0.0,0.0,0.0,0.0,0.0,0.0,0.0,0.0,0.0,0.0,0.0,0.0,0.0,0.0,0.0,0.0,0.0,0.0,0.0,0.0,0.0,0.0,0.0
extraordinary gains,0.0,0.0,0.0,0.0,0.0,0.0,0.0,0.0,0.0,0.0,0.0,0.0,0.0,0.0,0.0,0.0,0.0,0.0,0.0,0.0,0.0,0.0,0.0,0.0,0.0,0.0,0.0,0.0,0.0,0.0,0.0,0.0,0.0,0.0,0.0,0.0,0.0,0.0,0.0,0.0,0.0,0.0,0.0,0.0,0.0,0.0,0.0,0.0,0.0,0.0,0.0,0.0
extraordinary income/losses,0.0,0.0,0.0,0.0,0.0,0.0,0.0,0.0,0.0,0.0,0.0,0.0,0.0,0.0,0.0,0.0,0.0,0.0,0.0,0.0,0.0,0.0,0.0,0.0,0.0,0.0,0.0,0.0,0.0,0.0,0.0,0.0,0.0,0.0,0.0,0.0,0.0,0.0,0.0,0.0,0.0,0.0,0.0,0.0,0.0,0.0,0.0,0.0,0.0,0.0,0.0,0.0
foreign sales,0.0,0.0,0.0,0.0,0.0,0.0,0.0,0.0,0.0,0.0,0.0,0.0,0.0,0.0,0.0,0.0,0.0,0.0,0.0,0.0,0.0,0.0,0.0,0.0,0.0,0.0,0.0,0.0,0.0,0.0,0.0,0.0,0.0,0.0,0.0,0.0,0.0,0.0,0.0,0.0,0.0,0.0,0.0,0.0,0.0,0.0,0.0,0.0,0.0,0.0,0.0,0.0
free cash flow,58.0,-6.3,62.1,83.9,92.5,-27.9,51.3,37.4,50.4,-5.4,99.6,125.5,164.5,14.2,172.6,260.6,380.9,41.1,246.1,334.6,221.2,32.7,252.8,301.8,462.7,44.5,351.8,424.0,638.2,86.5,428.4,480.5,748.6,22.4,129.3,324.2,568.8,196.7,518.4,685.1,814.2,108.8,447.0,587.8,707.4,121.2,627.7,578.5,723.9,14.7,412.0,486.4
free cash flow per share,0.17,-0.02,0.18,0.24,0.26,-0.08,0.15,0.11,0.14,-0.02,0.28,0.35,0.45,0.04,0.46,0.69,1.00,0.11,0.64,0.89,0.58,0.09,0.66,0.78,1.25,0.12,0.95,1.14,1.71,0.23,1.22,1.41,2.22,0.07,0.40,1.02,1.79,0.62,1.65,2.25,2.74,0.37,1.51,2.00,2.45,0.42,2.18,2.01,2.54,0.05,1.47,1.73
gross fixed assets,181.9,181.4,186.1,187.4,202.4,206.7,211.8,214.4,237.6,244.1,251.4,256.3,291.8,298.4,305.6,307.8,356.1,360.4,379.5,397.4,421.1,431.4,446.8,486.8,515.3,537.8,546.1,561.5,599.5,631.9,638.7,652.0,754.8,755.4,891.0,587.1,978.0,582.2,564.5,544.4,"1,033.6",546.2,541.5,552.8,"1,165.9",586.9,595.8,602.7,"1,331.9",687.5,701.3,686.6
gross margin,0.0,90.4,145.6,90.6,94.4,102.5,168.0,117.5,120.9,137.7,223.9,167.2,178.9,196.8,314.8,249.5,271.8,271.6,417.3,340.1,338.8,355.4,522.3,406.2,420.2,443.5,664.6,507.1,530.6,542.9,761.7,584.1,619.0,588.9,722.4,555.8,578.5,583.6,799.0,648.2,729.7,708.4,946.4,722.0,771.8,796.7,"1,078.2",851.7,872.3,881.3,"1,126.2",919.0
gross profit margin,64.0,0.0,0.0,0.0,68.4,68.5,69.7,70.4,70.7,71.4,71.9,72.7,74.2,75.3,76.5,77.4,78.2,78.7,79.3,79.8,80.0,80.0,80.5,80.5,80.7,80.9,80.5,80.4,80.5,80.5,79.9,79.3,78.8,78.4,77.6,76.9,75.7,75.3,75.3,76.0,76.5,76.8,76.6,76.2,75.7,75.3,75.2,75.4,75.6,75.6,75.7,75.9
income before income taxes,0.0,0.0,0.0,12.3,15.1,19.3,69.7,19.4,25.2,37.8,102.7,53.1,51.2,72.0,161.2,101.6,112.8,113.9,226.6,150.8,146.2,151.0,280.9,175.6,189.7,204.3,369.9,239.6,259.2,253.8,413.6,266.2,261.3,236.1,348.9,185.3,206.8,222.7,380.9,249.2,299.1,285.1,452.4,253.0,310.7,320.6,499.1,335.8,350.1,329.7,525.3,347.8
income from cum. effect of acct. change,0.0,0.0,0.0,0.0,0.0,0.0,0.0,0.0,0.0,0.0,0.0,0.0,0.0,0.0,0.0,0.0,0.0,0.0,0.0,0.0,0.0,0.0,0.0,0.0,0.0,0.0,0.0,0.0,0.0,0.0,0.0,0.0,0.0,0.0,0.0,0.0,0.0,0.0,0.0,0.0,0.0,0.0,0.0,0.0,0.0,0.0,0.0,0.0,0.0,0.0,0.0,0.0
income from tax loss carryforward,0.0,0.0,0.0,0.0,0.0,0.0,0.0,0.0,0.0,0.0,0.0,0.0,0.0,0.0,0.0,0.0,0.0,0.0,0.0,0.0,0.0,0.0,0.0,0.0,0.0,0.0,0.0,0.0,0.0,0.0,0.0,0.0,0.0,0.0,0.0,0.0,0.0,0.0,0.0,0.0,0.0,0.0,0.0,0.0,0.0,0.0,0.0,0.0,0.0,0.0,0.0,0.0
income per employee,10723,None,None,None,23715,None,None,None,29596,None,None,None,45821,None,None,None,62321,None,None,None,68185,None,None,None,214903,None,None,None,65709,None,None,None,65255,None,None,None,51947,None,None,None,56534,None,None,None,58720,None,None,None,57717,None,None,None
income taxes,0.0,4.1,21.1,4.3,5.9,6.8,24.8,6.9,8.9,14.0,38.0,19.6,19.0,27.0,60.4,38.1,42.3,43.3,86.1,57.3,48.6,57.4,106.8,66.7,72.1,78.6,142.4,92.2,99.8,99.0,161.3,103.8,47.8,90.3,132.0,70.4,61.0,81.8,140.0,91.6,103.6,96.2,149.0,67.0,108.2,105.6,151.6,110.8,98.7,108.3,172.6,108.8
"income, acquired in process r&a;",0.0,0.0,0.0,0.0,0.0,0.0,0.0,0.0,0.0,0.0,0.0,0.0,0.0,0.0,0.0,0.0,0.0,0.0,0.0,0.0,0.0,0.0,0.0,0.0,0.0,0.0,0.0,0.0,0.0,0.0,0.0,0.0,0.0,0.0,0.0,0.0,0.0,0.0,0.0,0.0,0.0,0.0,0.0,0.0,0.0,0.0,0.0,0.0,0.0,0.0,0.0,0.0
intangibles,5.2,33.7,28.6,28.3,15.7,28.8,25.5,14.0,22.4,0.0,0.0,22.4,22.4,22.8,23.0,23.1,23.4,23.3,23.7,23.5,248.5,244.8,233.0,9.8,12.0,12.0,11.9,12.0,11.9,12.0,12.1,12.4,0.0,0.0,0.0,11.3,9.8,9.8,0.0,0.0,9.8,0.0,9.8,9.8,9.8,9.8,9.8,9.8,9.8,9.8,9.8,0.0
intangibles as % of book-value,2.5,21.5,22.3,20.8,10.6,18.3,12.1,6.1,8.6,9.3,6.7,5.9,5.2,4.6,3.9,3.4,3.0,2.9,2.4,2.6,24.1,21.0,17.1,15.4,20.2,19.7,15.7,13.8,11.8,12.0,15.5,18.9,17.1,19.4,20.7,18.3,17.3,16.8,15.8,17.5,21.0,20.3,19.5,18.9,21.1,19.9,19.4,19.3,19.4,21.4,19.0,16.0
interest as % of invested capital,0.2,0.0,0.0,0.0,1.5,1.6,0.7,0.4,0.4,0.3,0.2,0.2,0.2,0.1,0.1,0.1,0.1,0.1,0.1,0.1,0.0,0.0,0.0,0.0,0.0,0.0,0.0,0.0,0.0,0.0,0.0,0.0,0.0,0.0,0.0,0.0,0.0,0.0,0.0,0.0,0.0,0.0,0.0,0.0,0.0,0.0,0.0,0.0,0.0,0.0,0.0,0.0
interest coverage (cont. operations),133.5,0.0,0.0,0.0,45.0,42.3,82.8,125.0,119.5,187.5,311.8,367.9,342.3,389.6,469.4,534.1,532.7,584.3,663.9,726.0,0.0,0.0,0.0,0.0,0.0,0.0,0.0,0.0,0.0,0.0,0.0,0.0,0.0,0.0,0.0,8526.7,0.0,1344.9,1389.6,1778.9,0.0,0.0,0.0,0.0,0.0,0.0,86464.4,91640.9,0.0,94672.3,0.0,0.0
interest expense,0.0,0.1,1.4,0.4,0.3,0.4,0.2,0.0,0.6,0.0,0.0,0.0,0.7,0.0,0.0,0.0,0.8,0.0,0.0,0.0,0.0,0.0,0.0,0.0,0.0,0.0,0.0,0.0,0.0,0.0,0.0,0.0,0.0,0.0,0.0,0.1,0.0,0.6,0.0,0.0,-0.4,0.0,0.0,0.0,0.0,0.0,0.0,0.0,0.0,0.0,0.0,0.0
interest income,0.0,0.0,0.0,0.0,0.0,0.0,0.0,0.1,0.8,0.2,0.1,0.3,1.1,0.4,0.5,0.8,2.4,2.5,3.5,4.9,4.8,5.9,7.0,10.1,9.6,6.6,7.9,13.0,13.8,15.0,10.6,9.5,12.7,2.6,0.5,0.0,2.1,0.0,0.1,0.1,1.8,0.2,0.2,0.3,0.3,0.1,0.0,0.3,0.4,0.0,0.3,1.0
inventories,102.1,119.4,101.4,104.2,105.2,132.5,115.4,131.8,136.4,152.7,135.9,136.0,143.8,176.8,157.2,153.8,161.9,204.5,190.9,180.8,184.4,215.3,205.0,210.5,233.5,300.9,249.6,249.8,291.2,363.0,300.7,319.7,345.5,401.8,383.1,357.7,326.1,337.5,269.2,306.7,363.3,458.9,367.4,391.4,421.8,519.6,429.0,475.4,504.5,598.1,493.7,515.9
"inventories, finished goods",0.0,0.0,0.0,102.8,104.3,131.6,114.8,131.1,136.2,0.0,0.0,135.2,0.0,0.0,0.0,0.0,0.0,0.0,0.0,0.0,0.0,0.0,0.0,0.0,0.0,0.0,0.0,0.0,0.0,0.0,0.0,0.0,0.0,0.0,0.0,0.0,0.0,0.0,0.0,0.0,0.0,0.0,0.0,0.0,0.0,0.0,0.0,0.0,0.0,0.0,0.0,0.0
"inventories, other",0.0,119.4,101.4,0.0,0.0,0.0,0.0,0.0,0.0,152.7,135.9,0.0,143.8,176.8,157.2,153.8,161.9,204.5,190.9,180.8,184.4,215.3,205.0,210.5,233.5,300.9,249.6,249.8,291.2,363.0,300.7,319.7,345.5,401.8,383.1,357.7,326.1,337.5,269.2,306.7,363.3,458.9,367.4,391.4,421.8,519.6,429.0,475.4,504.5,598.1,493.7,515.9
"inventories, purchased components",0.0,0.0,0.0,0.0,0.0,0.0,0.0,0.0,0.0,0.0,0.0,0.0,0.0,0.0,0.0,0.0,0.0,0.0,0.0,0.0,0.0,0.0,0.0,0.0,0.0,0.0,0.0,0.0,0.0,0.0,0.0,0.0,0.0,0.0,0.0,0.0,0.0,0.0,0.0,0.0,0.0,0.0,0.0,0.0,0.0,0.0,0.0,0.0,0.0,0.0,0.0,0.0
"inventories, raw materials",0.0,0.0,0.0,0.8,0.6,0.6,0.4,0.6,0.2,0.0,0.0,0.8,0.0,0.0,0.0,0.0,0.0,0.0,0.0,0.0,0.0,0.0,0.0,0.0,0.0,0.0,0.0,0.0,0.0,0.0,0.0,0.0,0.0,0.0,0.0,0.0,0.0,0.0,0.0,0.0,0.0,0.0,0.0,0.0,0.0,0.0,0.0,0.0,0.0,0.0,0.0,0.0
"inventories, work in progress",0.0,0.0,0.0,0.6,0.3,0.3,0.3,0.0,0.0,0.0,0.0,0.0,0.0,0.0,0.0,0.0,0.0,0.0,0.0,0.0,0.0,0.0,0.0,0.0,0.0,0.0,0.0,0.0,0.0,0.0,0.0,0.0,0.0,0.0,0.0,0.0,0.0,0.0,0.0,0.0,0.0,0.0,0.0,0.0,0.0,0.0,0.0,0.0,0.0,0.0,0.0,0.0
inventory as % of revenue,18.6,0.0,0.0,0.0,17.1,21.0,17.7,19.2,19.0,20.1,16.3,15.2,15.1,17.4,14.0,12.7,12.3,14.5,12.5,11.1,10.8,11.9,10.6,10.4,11.1,13.6,10.4,9.9,11.1,13.0,10.3,10.5,10.9,12.3,11.8,11.1,10.1,10.4,8.0,8.9,10.1,12.2,9.3,9.6,10.1,12.1,9.6,10.2,10.6,12.3,10.0,10.3
inventory turnover,0.0,0.0,0.0,0.0,1.9,1.6,1.8,1.7,1.7,1.5,1.9,1.8,1.8,1.5,1.8,1.9,1.9,1.6,1.8,2.0,2.0,1.7,1.9,2.0,2.0,1.6,2.1,2.1,1.9,1.6,2.1,2.2,2.1,1.8,2.1,2.2,2.3,2.2,2.5,2.5,2.5,2.2,2.9,2.8,2.6,2.2,2.8,2.6,2.5,2.1,2.6,2.4
invested capital,216.5,160.3,131.6,139.7,152.0,160.5,215.2,233.0,264.0,242.4,339.6,381.2,430.5,496.5,593.1,677.0,785.7,793.3,990.7,916.8,"1,036.0","1,169.9","1,363.1","1,517.9","1,191.8","1,195.0","1,485.8","1,708.3","1,913.2","2,008.4","1,584.4","1,461.0","1,518.4","1,353.3","1,491.1","1,566.9","1,721.1","1,865.4","1,889.9","1,687.6","1,529.5","1,606.7","1,762.0","1,766.1","1,635.9","1,839.8","1,891.9","1,961.5","1,993.9","1,995.1","2,082.8","2,244.5"
issuance of capital stock,0.0,0.0,122.0,122.0,124.0,2.5,11.9,16.0,20.8,4.6,19.3,24.0,28.4,10.3,18.1,23.8,34.1,17.5,37.4,40.7,46.8,38.2,53.3,78.6,86.6,26.4,61.4,96.9,112.1,74.6,79.5,81.0,83.3,0.0,2.1,0.0,0.0,0.0,0.0,0.0,205.0,39.5,257.9,285.0,343.6,66.9,98.6,144.4,185.1,0.0,0.0,59.5
issuance of debt,542.0,139.8,326.5,494.4,519.8,75.9,152.3,185.2,200.0,14.9,32.4,39.8,63.2,68.5,133.3,166.9,168.9,92.1,344.7,350.5,359.5,11.6,45.0,55.6,58.5,16.8,57.2,57.0,57.0,0.0,13.6,9.6,0.0,0.0,1.9,1.9,7.5,0.0,0.0,0.0,0.0,0.0,0.0,0.0,0.0,0.0,0.0,0.0,0.0,0.0,0.0,0.0
land and improvements,0.0,0.0,0.0,0.0,108.1,0.0,0.0,0.0,0.0,0.0,0.0,0.0,0.0,0.0,0.0,0.0,0.0,0.0,0.0,0.0,0.0,0.0,0.0,0.0,28.0,0.0,0.0,0.0,28.0,0.0,0.0,0.0,28.0,0.0,0.0,0.0,154.9,0.0,0.0,0.0,154.9,0.0,0.0,0.0,168.6,0.0,0.0,0.0,168.6,0.0,0.0,0.0
leverage ratio,1.4,1.7,2.2,1.9,1.7,2.0,1.7,1.7,1.7,1.8,1.7,1.5,1.4,1.4,1.5,1.4,1.3,1.4,1.4,1.4,1.3,1.3,1.3,1.2,1.4,1.4,1.3,1.3,1.3,1.3,1.5,1.5,1.5,1.6,1.6,1.5,1.5,1.5,1.5,1.6,1.6,1.6,1.6,1.6,1.6,1.6,1.7,1.5,1.6,1.6,1.6,1.5
loans receivable,0.0,0.0,0.0,0.0,0.0,0.0,0.0,0.0,0.0,0.0,0.0,0.0,0.0,0.0,0.0,0.0,0.0,0.0,0.0,0.0,0.0,0.0,0.0,0.0,0.0,0.0,0.0,0.0,0.0,0.0,0.0,0.0,0.0,0.0,0.0,0.0,0.0,0.0,0.0,0.0,0.0,0.0,0.0,0.0,0.0,0.0,0.0,0.0,0.0,0.0,0.0,0.0
long-term debt,3.7,3.7,3.7,3.7,3.7,3.6,3.6,3.6,3.6,3.5,3.5,3.5,3.5,3.4,3.4,3.4,3.4,3.3,3.3,3.3,3.3,3.1,3.1,3.1,3.1,2.9,2.9,2.9,2.9,2.6,2.6,2.6,2.6,2.2,25.1,25.0,25.1,24.4,24.3,24.2,24.2,24.1,23.6,23.5,23.4,23.3,23.2,22.6,1.0,1.0,0.5,0.5
long-term debt per share,0.01,0.01,0.01,0.01,0.01,0.01,0.01,0.01,0.01,0.01,0.01,0.01,0.01,0.01,0.01,0.01,0.01,0.01,0.01,0.01,0.01,0.01,0.01,0.01,0.01,0.01,0.01,0.01,0.01,0.01,0.01,0.01,0.01,0.01,0.08,0.08,0.08,0.08,0.08,0.08,0.08,0.08,0.08,0.08,0.08,0.08,0.08,0.08,0.00,0.00,0.00,0.00
marketable securities,0.0,0.0,31.9,0.0,0.0,0.0,0.0,0.0,0.0,0.0,0.0,0.0,0.0,0.0,0.0,0.0,171.7,217.1,229.9,278.8,228.5,339.3,560.9,653.9,394.2,360.8,554.6,713.9,628.9,448.8,21.0,8.0,0.0,0.0,0.0,0.0,0.0,0.0,0.0,204.9,99.9,90.6,155.6,73.4,2.3,2.3,0.0,0.0,0.0,0.0,0.0,52.1
minority interest,0.0,0.0,0.0,0.0,0.0,-0.3,0.8,0.7,-1.0,1.3,2.3,1.6,2.4,2.7,5.3,5.2,4.9,2.9,6.4,4.2,0.1,0.0,0.0,0.0,0.0,0.0,0.0,0.0,0.0,0.0,0.0,0.0,0.0,0.0,0.0,0.0,0.0,0.0,0.0,0.0,0.0,0.0,0.0,0.0,0.0,0.0,0.0,0.0,0.0,0.0,0.0,0.0
minority interest liability,0.0,0.0,0.0,0.0,0.0,14.1,14.9,15.6,14.5,15.9,18.1,19.7,22.2,24.8,30.1,35.3,40.2,43.1,49.5,53.7,0.0,0.0,0.0,0.0,0.0,0.0,0.0,0.0,0.0,0.0,0.0,0.0,0.0,0.0,0.0,0.0,0.0,0.0,0.0,0.0,0.0,0.0,0.0,0.0,0.0,0.0,0.0,0.0,0.0,0.0,0.0,0.0
net cash from continuing operations,84.0,1.2,79.1,107.1,124.3,-9.2,81.6,81.4,107.9,7.6,126.5,164.6,221.6,28.4,202.6,302.2,448.6,57.9,292.5,398.4,544.3,54.6,303.6,401.4,596.6,80.7,425.6,522.3,779.1,125.2,514.9,600.3,923.4,76.5,332.0,539.0,809.2,240.5,604.2,809.4,990.9,177.5,585.2,812.6,"1,033.3",225.0,836.1,938.9,"1,221.7",202.2,830.0,"1,039.4"
net cash from discontinued operations,0.0,0.0,0.0,0.0,0.0,0.0,0.0,0.0,0.0,0.0,0.0,0.0,0.0,0.0,0.0,0.0,0.0,0.0,0.0,0.0,0.0,0.0,0.0,0.0,0.0,0.0,0.0,0.0,0.0,0.0,0.0,0.0,0.0,0.0,0.0,0.0,0.0,0.0,0.0,0.0,0.0,0.0,0.0,0.0,0.0,0.0,0.0,0.0,0.0,0.0,0.0,0.0
net fixed assets,65.2,66.3,69.4,70.6,72.4,76.6,81.8,84.3,90.6,97.1,104.4,109.4,118.5,125.1,132.4,134.5,148.5,152.8,172.0,189.8,203.9,214.2,229.6,269.6,298.5,321.0,329.3,344.7,368.5,400.8,407.6,420.9,464.2,464.9,600.4,587.1,593.0,582.2,564.5,544.4,548.5,546.2,541.5,552.8,582.3,586.9,595.8,602.7,644.4,687.5,701.3,686.6
net income (continuing operations),0.0,7.6,39.2,8.0,9.2,12.5,44.2,11.8,17.3,22.5,62.4,31.9,29.9,42.3,95.4,58.3,65.7,67.7,134.1,89.2,97.6,93.6,174.2,108.8,117.6,125.6,227.5,147.4,159.4,154.8,252.3,162.4,213.5,145.8,216.9,114.9,145.8,140.8,241.0,157.6,195.5,188.9,303.4,186.0,202.5,215.0,347.5,225.0,251.4,221.4,352.8,238.9
net income (discontinued operations),0.0,0.0,0.0,0.0,0.0,0.0,0.0,0.0,0.0,0.0,0.0,0.0,0.0,0.0,0.0,0.0,0.0,0.0,0.0,0.0,0.0,0.0,0.0,0.0,0.0,0.0,0.0,2.6,1.2,0.0,0.0,-0.0,0.0,0.0,0.0,0.0,0.0,0.0,0.0,0.0,0.0,0.0,0.0,0.0,0.0,0.0,0.0,0.0,0.0,0.0,0.0,0.0
net income available for common,0.0,7.6,39.2,8.0,9.2,12.5,44.2,11.8,17.3,22.5,62.4,31.9,29.9,42.3,95.4,58.3,65.7,67.7,134.1,89.2,97.6,93.6,174.2,108.8,117.6,125.6,227.5,147.4,159.4,154.8,252.3,162.4,213.5,145.8,216.9,114.9,145.8,140.8,241.0,157.6,195.5,188.9,303.4,186.0,202.5,215.0,347.5,225.0,251.4,221.4,352.8,238.9
net income/loss,38.6,7.6,46.8,54.8,64.0,12.5,56.7,68.5,85.8,22.5,84.9,116.8,146.6,42.3,137.8,196.1,261.7,67.7,201.8,291.1,388.7,93.6,267.8,376.6,494.3,125.6,353.1,503.1,663.7,154.8,407.1,569.5,783.1,145.8,362.7,477.6,623.4,140.8,381.8,539.4,734.9,188.9,492.3,678.3,880.8,215.0,562.5,787.5,"1,038.9",221.4,574.1,813.1
net profit margin,7.0,0.0,0.0,0.0,10.4,10.9,11.3,11.4,11.9,12.6,13.7,15.0,15.4,16.3,17.8,18.6,19.8,20.4,21.3,21.9,22.7,22.8,23.5,23.5,23.4,23.7,24.1,24.5,25.4,24.8,24.5,23.9,24.6,23.8,22.8,21.4,19.3,19.1,19.2,19.9,20.4,20.8,21.4,21.4,21.2,21.1,21.2,21.3,21.8,21.4,21.3,21.3
non-current deferred income taxes,0.0,0.0,0.0,0.0,19.1,19.1,19.1,19.1,25.0,0.0,0.0,0.0,9.1,0.0,0.0,0.0,0.0,0.0,0.0,0.0,31.5,0.0,0.0,0.0,84.1,0.0,0.0,0.0,86.0,0.0,0.0,0.0,81.3,0.0,111.1,110.3,159.1,161.3,0.0,0.0,156.5,0.0,0.0,0.0,103.7,0.0,0.0,0.0,95.2,0.0,0.0,0.0
normalized income,0.0,12.5,39.2,7.6,9.2,12.5,44.2,16.3,16.2,22.5,62.4,31.9,29.9,42.3,95.4,58.3,65.7,67.7,134.1,89.2,97.6,93.6,174.2,108.8,117.6,125.6,227.5,147.4,159.4,154.8,252.3,162.4,213.5,145.8,216.9,114.9,145.8,140.8,241.0,157.6,195.5,188.9,303.4,186.0,202.5,215.0,347.5,225.0,251.4,221.4,352.8,238.9
normalized income per employee,10723,None,None,None,25407,None,None,None,30759,None,None,None,45821,None,None,None,62321,None,None,None,68185,None,None,None,214903,None,None,None,63023,None,None,None,65253,None,None,None,51947,None,None,None,56534,None,None,None,58720,None,None,None,57717,None,None,None
normalized net profit margin,7.0,0.0,0.0,0.0,11.1,10.8,11.3,12.0,12.4,13.0,14.1,14.9,15.4,16.3,17.8,18.6,19.8,20.4,21.3,21.9,22.7,22.8,23.5,23.5,23.4,23.7,24.1,24.4,24.4,24.7,24.3,23.9,24.6,23.8,22.8,21.4,19.3,19.1,19.2,19.9,20.4,20.8,21.4,21.4,21.2,21.1,21.2,21.3,21.8,21.4,21.3,21.3
notes payable,0.0,0.0,0.0,0.0,0.0,0.0,0.0,0.0,0.0,0.0,0.0,0.0,0.0,0.0,0.0,0.0,0.0,0.0,0.0,0.0,0.0,0.0,0.0,0.0,0.0,0.0,0.0,0.0,0.0,0.0,0.0,0.0,0.0,0.0,0.0,0.0,0.0,0.0,0.0,0.0,0.0,0.0,0.0,0.0,0.0,0.0,0.0,0.0,0.0,0.0,0.0,0.0
number of days cost of goods in inventory,None,None,None,None,192,228,197,210,207,236,193,198,205,235,200,190,191,230,198,183,182,208,189,179,185,219,175,168,186,219,168,162,170,196,170,163,154,167,142,145,146,164,124,129,140,166,129,137,143,169,139,148
number of employees,None,None,None,None,None,None,None,None,None,None,None,None,None,None,None,None,None,None,None,None,None,None,None,None,None,None,None,None,None,None,None,None,None,None,None,None,None,None,None,None,None,None,None,None,None,None,None,None,None,None,None,None
number of months last report period,None,3,3,3,3,3,3,3,3,3,3,3,3,3,3,3,3,3,3,3,3,3,3,3,3,3,3,3,3,3,3,3,3,3,3,3,3,3,3,3,3,3,3,3,3,3,3,3,3,3,3,3
number of part-time employees,None,None,None,None,None,None,None,None,None,None,None,None,None,None,None,None,None,None,None,None,None,None,None,None,None,None,None,None,None,None,None,None,None,None,None,None,None,None,None,None,None,None,None,None,None,None,None,None,None,None,None,None
operating gains,-1.7,5.0,5.0,4.8,5.8,0.6,5.1,12.1,17.2,2.9,21.5,25.8,41.5,14.8,54.9,73.0,124.5,19.6,72.5,73.6,96.0,-11.3,-34.5,-41.5,0.0,0.0,0.0,0.0,-5.4,6.1,0.0,0.0,0.0,-0.9,3.6,7.2,0.0,-5.3,-7.8,-3.2,0.0,0.0,0.0,0.0,0.0,0.0,0.0,0.0,0.0,0.0,0.0,0.0
operating income,0.0,0.0,0.0,12.7,15.5,19.5,69.9,19.3,25.0,37.6,102.6,52.7,50.8,71.6,160.7,100.9,111.3,111.4,223.1,145.8,141.4,145.1,273.9,165.4,180.1,197.7,362.0,226.6,245.4,238.8,403.1,256.7,248.6,233.5,348.4,185.4,204.7,223.2,380.8,249.1,297.0,285.7,453.3,253.8,312.1,322.0,500.9,337.5,351.6,331.7,526.6,348.5
other current assets,15.9,17.0,18.8,20.7,0.0,0.0,31.4,27.2,0.0,26.2,25.9,29.7,0.0,37.4,51.5,47.0,0.0,63.9,71.6,78.3,0.0,95.8,106.9,118.7,0.0,148.1,144.1,155.4,0.0,138.6,146.5,137.7,99.4,243.3,221.6,195.2,63.4,173.1,98.9,100.7,26.2,121.2,134.8,153.1,91.7,168.5,169.3,185.0,112.9,231.4,273.0,272.6
other current liabilities,71.7,78.7,91.0,0.0,0.0,0.0,0.0,0.0,0.0,0.0,0.0,0.0,0.0,0.0,0.0,0.0,0.0,0.0,0.0,0.0,0.0,0.0,0.0,0.0,0.0,0.0,0.0,0.0,0.0,0.0,0.0,0.0,0.0,0.0,0.0,0.0,0.0,0.0,0.0,0.0,0.0,0.0,0.0,0.0,65.3,0.0,0.0,0.0,85.8,0.0,0.0,0.0
other equity adjustments,212.8,156.9,-0.2,-0.1,-0.5,0.1,-0.8,-1.8,-1.5,-4.2,-3.7,-5.8,-7.0,-10.3,-6.9,-5.8,-7.1,-9.4,-8.0,-10.3,-12.2,-17.1,-24.8,-6.4,-7.3,-7.4,-6.1,-0.7,-0.3,-1.5,0.1,-3.6,21.5,7.9,0.3,-5.7,3.9,13.5,13.9,17.1,29.4,35.3,41.1,42.5,54.9,61.7,66.0,44.1,50.5,58.7,37.2,10.1
"other financing charges, net",-29.5,0.0,0.0,0.0,0.0,14.4,14.4,14.4,14.4,0.0,0.0,0.0,0.0,0.0,0.0,0.0,0.0,0.0,0.0,0.0,-72.9,0.0,0.0,80.4,99.3,-9.1,5.3,28.2,48.4,20.9,20.8,21.5,23.3,1.6,1.4,2.9,6.5,-0.6,86.4,126.2,20.1,2.6,65.1,40.3,58.2,15.0,21.7,52.3,34.1,3.2,39.1,-16.5
other fixed assets,0.0,0.0,0.0,187.4,0.0,206.7,211.8,214.4,0.0,244.1,251.4,256.3,0.0,298.4,305.6,307.8,0.0,360.4,379.5,397.4,0.0,431.4,446.8,486.8,0.0,537.8,546.1,561.5,0.0,631.9,638.7,652.0,0.0,755.4,891.0,587.1,0.0,582.2,564.5,544.4,0.0,546.2,541.5,552.8,0.0,586.9,595.8,602.7,0.0,687.5,701.3,686.6
other gains/losses,0.0,0.0,0.0,0.0,0.0,0.0,0.0,0.0,0.0,0.0,0.0,0.0,0.0,0.0,0.0,0.0,0.0,0.0,0.0,0.0,0.0,0.0,0.0,0.0,0.0,0.0,0.0,0.0,0.0,0.0,0.0,0.0,0.0,0.0,0.0,0.0,0.0,0.0,0.0,0.0,0.0,0.0,0.0,0.0,0.0,0.0,0.0,0.0,0.0,0.0,0.0,0.0
other income net,0.0,0.0,0.0,0.0,0.0,0.0,0.0,0.0,0.0,0.0,0.0,0.0,0.0,0.0,0.0,0.0,0.0,0.0,0.0,0.0,0.0,0.0,0.0,0.0,0.0,0.0,0.0,0.0,0.0,0.0,0.0,0.0,0.0,0.0,0.0,0.0,0.0,0.0,0.0,0.0,0.0,-0.8,-1.1,-1.1,-1.7,-1.5,-1.8,-1.9,-1.9,-2.1,-1.5,-1.8
"other investing changes, net",0.0,0.0,0.0,0.0,0.0,0.0,0.0,0.0,0.0,0.0,0.0,0.0,0.0,0.0,0.0,0.0,0.0,0.0,0.0,0.0,0.0,0.0,0.0,0.0,0.0,0.0,0.0,0.0,0.0,0.0,0.0,0.0,0.0,-12.8,0.0,-14.5,-24.4,0.0,0.0,0.0,0.0,0.0,-175.6,-224.0,-224.0,0.0,-6.8,-10.2,-24.1,0.0,-6.5,-11.1
other non-cash items,0.0,1.6,0.0,0.0,0.0,0.3,0.0,0.0,1.7,0.0,3.2,5.4,6.6,0.0,12.5,17.4,3.4,0.0,0.0,0.0,0.0,0.0,0.0,-11.9,-44.9,4.0,3.9,-3.2,-6.5,-2.5,22.3,25.0,50.9,12.8,34.6,50.5,79.5,19.5,21.3,40.7,42.7,17.4,1.8,35.3,49.5,14.1,43.7,36.9,40.3,25.4,52.6,95.3
other non-current assets,92.6,0.0,0.0,0.0,0.0,0.0,0.0,20.4,15.0,39.1,40.3,43.0,19.1,27.2,29.9,29.2,151.1,130.7,300.6,225.0,153.9,179.3,115.6,93.5,29.6,97.4,99.7,97.4,29.2,151.8,177.7,188.8,83.7,172.5,102.1,104.6,122.7,131.6,294.3,296.5,143.9,316.7,290.8,277.8,155.9,240.3,247.3,248.2,174.3,269.1,333.3,331.7
other non-current liabilities,0.5,2.2,2.3,0.0,2.3,3.0,3.0,2.3,2.6,3.6,4.0,3.4,3.6,5.0,5.3,5.1,5.0,21.2,28.9,65.1,40.8,46.4,48.4,60.3,61.2,86.6,90.5,96.6,91.8,245.5,275.6,330.6,278.1,296.7,292.0,300.2,383.6,397.0,400.8,403.1,408.6,433.4,439.4,405.7,406.2,406.9,398.0,400.1,392.2,425.4,427.7,413.2
other receivable,0.0,0.0,0.0,0.0,0.0,0.0,0.0,0.0,0.0,0.0,0.0,0.0,0.0,0.0,0.0,0.0,0.0,0.0,0.0,0.0,0.0,0.0,0.0,0.0,0.0,0.0,0.0,0.0,0.0,0.0,0.0,0.0,0.0,0.0,0.0,0.0,0.0,0.0,0.0,0.0,0.0,0.0,0.0,0.0,0.0,0.0,0.0,0.0,0.0,0.0,0.0,0.0
other special charges,0.0,-5.0,0.0,0.4,0.0,0.0,0.0,0.0,0.0,0.0,0.0,0.0,0.0,0.0,0.0,0.0,0.0,0.0,0.0,0.0,0.0,0.0,0.0,0.0,0.0,0.0,0.0,0.0,0.0,0.0,0.0,0.0,0.0,0.0,0.0,0.0,0.0,0.0,0.0,0.0,0.0,0.0,0.0,0.0,0.0,0.0,0.0,0.0,0.0,0.0,0.0,0.0
payment of cash dividends,0.0,0.0,0.0,0.0,0.0,0.0,0.0,0.0,0.0,0.0,0.0,0.0,0.0,0.0,0.0,0.0,0.0,0.0,0.0,0.0,0.0,0.0,0.0,0.0,0.0,0.0,0.0,0.0,0.0,0.0,0.0,0.0,0.0,0.0,0.0,0.0,0.0,-23.8,-47.7,-71.5,-94.3,-44.8,-89.1,-133.9,-178.1,-65.3,-130.6,-195.6,-260.3,-85.8,-255.5,-339.7
payout ratio,None,None,None,None,None,None,None,None,None,None,None,None,None,None,None,None,None,None,None,None,None,None,None,None,None,None,None,None,None,None,None,None,None,None,None,None,4,8,11,14,16,18,19,21,23,25,26,27,28,29,31,32
post-tax profit margin,7.0,0.0,0.0,0.0,10.4,10.9,11.3,11.4,11.9,12.6,13.7,15.0,15.4,16.3,17.8,18.6,19.8,20.4,21.3,21.9,22.7,22.8,23.5,23.5,23.4,23.7,24.1,24.4,24.4,24.7,24.3,23.9,24.6,23.8,22.8,21.4,19.3,19.1,19.2,19.9,20.4,20.8,21.4,21.4,21.2,21.1,21.2,21.3,21.8,21.4,21.3,21.3
pre-tax profit margin,10.1,0.0,0.0,0.0,16.1,16.9,17.8,18.0,18.5,20.0,22.2,24.5,25.7,27.4,30.1,31.8,33.9,34.8,36.3,37.1,37.3,37.2,37.7,37.4,37.8,38.4,39.1,39.7,39.6,40.2,39.8,39.1,37.6,36.2,34.4,31.9,30.2,29.7,29.8,30.8,31.9,32.3,32.5,31.6,31.3,31.1,30.9,31.6,31.6,31.1,31.3,31.0
pref. securities of subsid. trust,0.0,0.0,0.0,0.0,0.0,0.0,0.0,0.0,0.0,0.0,0.0,0.0,0.0,0.0,0.0,0.0,0.0,0.0,0.0,0.0,0.0,0.0,0.0,0.0,0.0,0.0,0.0,0.0,0.0,0.0,0.0,0.0,0.0,0.0,0.0,0.0,0.0,0.0,0.0,0.0,0.0,0.0,0.0,0.0,0.0,0.0,0.0,0.0,0.0,0.0,0.0,0.0
preferred dividends,0.0,0.0,0.0,0.0,0.0,0.0,0.0,0.0,0.0,0.0,0.0,0.0,0.0,0.0,0.0,0.0,0.0,0.0,0.0,0.0,0.0,0.0,0.0,0.0,0.0,0.0,0.0,0.0,0.0,0.0,0.0,0.0,0.0,0.0,0.0,0.0,0.0,0.0,0.0,0.0,0.0,0.0,0.0,0.0,0.0,0.0,0.0,0.0,0.0,0.0,0.0,0.0
preferred equity outside stock equity,0.0,0.0,0.0,0.0,0.0,0.0,0.0,0.0,0.0,0.0,0.0,0.0,0.0,0.0,0.0,0.0,0.0,0.0,0.0,0.0,0.0,0.0,0.0,0.0,0.0,0.0,0.0,0.0,0.0,0.0,0.0,0.0,0.0,0.0,0.0,0.0,0.0,0.0,0.0,0.0,0.0,0.0,0.0,0.0,0.0,0.0,0.0,0.0,0.0,0.0,0.0,0.0
preferred secur. of subsid. trust,0.0,0.0,0.0,0.0,0.0,0.0,0.0,0.0,0.0,0.0,0.0,0.0,0.0,0.0,0.0,0.0,0.0,0.0,0.0,0.0,0.0,0.0,0.0,0.0,0.0,0.0,0.0,0.0,0.0,0.0,0.0,0.0,0.0,0.0,0.0,0.0,0.0,0.0,0.0,0.0,0.0,0.0,0.0,0.0,0.0,0.0,0.0,0.0,0.0,0.0,0.0,0.0
preferred shares,0.0,0.0,0.0,0.0,0.0,0.0,0.0,0.0,0.0,0.0,0.0,0.0,0.0,0.0,0.0,0.0,0.0,0.0,0.0,0.0,0.0,0.0,0.0,0.0,0.0,0.0,0.0,0.0,0.0,0.0,0.0,0.0,0.0,0.0,0.0,0.0,0.0,0.0,0.0,0.0,0.0,0.0,0.0,0.0,0.0,0.0,0.0,0.0,0.0,0.0,0.0,0.0
preferred stock equity,0.0,0.0,0.0,0.0,0.0,0.0,0.0,0.0,0.0,0.0,0.0,0.0,0.0,0.0,0.0,0.0,0.0,0.0,0.0,0.0,0.0,0.0,0.0,0.0,0.0,0.0,0.0,0.0,0.0,0.0,0.0,0.0,0.0,0.0,0.0,0.0,0.0,0.0,0.0,0.0,0.0,0.0,0.0,0.0,0.0,0.0,0.0,0.0,0.0,0.0,0.0,0.0
prepaid expenses,0.0,0.0,0.0,0.0,8.2,11.2,0.0,0.0,12.2,0.0,0.0,0.0,18.8,0.0,0.0,0.0,19.0,0.0,0.0,0.0,25.7,0.0,0.0,0.0,41.0,0.0,0.0,0.0,87.1,0.0,0.0,49.3,65.6,0.0,0.0,0.0,48.3,0.0,0.0,0.0,30.4,0.0,0.0,0.0,0.0,0.0,0.0,0.0,0.0,0.0,0.0,0.0
price/cash flow ratio,0.0,0.0,0.0,0.0,19.0,12.3,17.4,21.9,22.1,18.3,21.1,21.3,25.9,25.3,30.0,28.9,28.2,23.8,28.5,26.0,28.4,25.3,24.7,24.9,19.8,21.1,24.3,26.6,23.7,22.6,13.3,12.5,11.0,9.3,7.8,6.5,11.4,14.1,15.0,14.9,12.6,14.0,16.8,15.3,18.3,14.6,16.3,19.8,14.2,13.4,13.0,11.6
price/equity ratio,0.00,0.00,9.71,9.27,11.33,7.36,8.12,9.75,9.40,9.41,8.85,9.21,10.63,10.19,11.95,11.45,10.97,10.15,10.89,11.65,12.30,10.21,9.39,8.78,9.31,10.58,10.69,10.88,9.24,8.79,6.81,7.06,6.42,6.06,4.54,3.44,5.04,5.71,6.15,7.22,7.21,8.03,9.41,8.76,11.44,8.31,9.39,11.45,8.37,7.97,7.48,6.26
price/free cash flow ratio,0.0,0.0,20.0,15.1,18.3,-41.4,32.5,57.6,49.0,-320.0,29.4,27.4,27.6,341.3,41.0,29.7,22.6,192.8,44.1,31.8,57.9,348.4,50.5,44.3,23.9,286.7,45.2,43.9,27.7,205.5,25.1,21.4,13.0,357.7,51.9,16.4,15.0,53.1,22.1,17.6,13.3,116.1,36.6,26.0,26.1,123.4,28.0,38.4,23.0,1120.4,37.8,28.9
price/revenue ratio,0.00,0.00,0.00,0.00,2.70,1.82,2.62,3.28,3.41,2.95,3.55,3.88,4.78,4.95,6.27,6.35,6.49,5.69,7.05,6.54,7.43,6.57,6.60,6.60,5.24,5.70,6.60,7.34,6.76,6.31,3.68,3.37,3.06,2.51,2.06,1.64,2.65,3.24,3.43,3.50,3.01,3.38,4.13,3.74,4.44,3.51,3.92,4.79,3.50,3.26,3.16,2.80
price/tangible book ratio,0.00,0.00,12.39,11.66,12.52,8.96,9.19,10.39,10.24,10.32,9.46,9.78,11.20,10.66,12.42,11.85,11.30,10.45,11.19,12.00,16.22,12.96,11.30,10.38,11.63,13.18,12.67,12.64,10.48,9.97,8.07,8.69,7.74,7.52,5.74,4.22,6.10,6.86,7.31,8.76,9.11,10.08,11.69,10.80,14.50,10.39,11.65,14.21,10.37,10.13,9.24,7.45
purchase of  short-term investments,0.0,0.0,0.0,0.0,0.0,0.0,0.0,0.0,0.0,0.0,0.0,0.0,0.0,0.0,0.0,0.0,-301.7,-110.4,-333.2,-380.7,-379.5,-129.7,-453.7,-942.3,"-1,195.9",-270.6,-800.1,"-1,513.9",-921.0,-103.4,-162.3,-162.3,-162.3,0.0,0.0,0.0,0.0,0.0,0.0,0.0,0.0,0.0,0.0,0.0,0.0,0.0,0.0,0.0,0.0,0.0,0.0,0.0
purchase of long-term investments,0.0,0.0,0.0,0.0,0.0,0.0,0.0,0.0,0.0,0.0,0.0,0.0,0.0,0.0,0.0,0.0,0.0,0.0,0.0,0.0,0.0,0.0,0.0,0.0,0.0,0.0,0.0,0.0,0.0,0.0,0.0,0.0,0.0,0.0,0.0,0.0,0.0,0.0,0.0,-204.9,-229.9,-90.6,-3.9,-7.9,-9.6,0.0,0.0,0.0,0.0,0.0,-99.4,-150.2
quarterly indicator,4,1,2,3,4,1,2,3,4,1,2,3,4,1,2,3,4,1,2,3,4,1,2,3,4,1,2,3,4,1,2,3,4,1,2,3,4,1,2,3,4,1,2,3,4,1,2,3,4,1,2,3
quick ratio,0.2,0.3,0.4,0.3,0.2,0.3,0.7,0.7,0.8,0.5,1.2,1.4,1.6,1.8,2.0,2.7,2.7,2.2,1.9,2.4,1.7,1.9,2.5,3.2,1.8,1.5,2.2,3.1,3.2,3.4,2.4,2.1,1.8,1.2,1.2,1.6,2.0,2.1,2.2,1.9,1.5,1.5,1.9,1.9,1.4,1.6,1.6,1.8,1.5,1.3,1.4,1.8
receivables,15.6,24.9,28.7,20.6,20.6,33.7,29.1,25.6,30.9,45.0,67.3,46.7,35.5,59.9,94.5,78.7,55.7,85.6,121.7,83.6,65.4,104.9,123.0,110.4,84.4,118.1,125.1,124.9,107.8,148.9,142.1,148.1,106.7,156.5,192.0,127.1,108.7,105.1,178.8,118.1,109.1,133.2,180.6,131.7,142.9,153.1,212.0,169.5,174.5,178.3,223.0,177.1
receivables as % of revenue,2.8,0.0,0.0,0.0,3.3,5.3,4.5,3.7,4.3,5.9,8.1,5.2,3.7,5.9,8.4,6.5,4.2,6.1,8.0,5.1,3.8,5.8,6.4,5.5,4.0,5.3,5.2,4.9,4.1,5.3,4.8,4.9,3.4,4.8,5.9,3.9,3.4,3.2,5.3,3.4,3.0,3.5,4.6,3.2,3.4,3.6,4.7,3.7,3.7,3.7,4.5,3.5
receivables per day sales,10.21,0.00,0.00,0.00,12.04,19.19,16.04,13.44,15.48,21.28,29.03,18.83,13.40,21.15,30.31,23.32,15.18,21.91,28.70,18.47,13.76,20.80,22.91,19.72,14.38,19.18,18.75,17.77,14.86,19.21,17.45,17.47,12.08,17.30,21.34,14.15,12.11,11.68,19.25,12.38,10.88,12.76,16.43,11.63,12.37,12.82,17.03,13.15,13.19,13.17,16.29,12.73
receivables turnover,0.0,0.0,0.0,0.0,34.1,21.6,22.6,29.6,27.9,19.4,17.3,24.7,28.7,19.4,13.9,19.4,29.0,19.3,14.1,20.1,28.2,19.1,15.8,20.8,28.2,19.9,19.4,21.5,27.2,20.9,21.9,22.4,29.7,21.3,19.4,23.5,30.0,24.8,18.0,28.0,33.1,31.5,22.0,32.6,33.0,30.0,22.8,30.8,30.0,29.4,22.7,28.9
repayment of long-term debt,-573.2,-133.6,-506.2,-694.0,-733.6,-56.6,-157.5,-171.0,-187.0,-14.1,-24.1,-41.1,-70.9,-66.8,-125.4,-180.2,-193.7,-70.8,-296.0,-331.0,-349.0,-19.2,-44.3,-66.2,-71.0,-9.6,-43.1,-57.2,-57.2,-0.2,-0.2,-0.2,-0.2,-0.3,-0.3,-0.3,-0.3,-7.9,-8.0,-8.1,-0.7,-0.1,-0.6,-0.7,-0.7,-0.1,-0.2,-0.7,-0.8,-0.1,-0.7,-0.8
repurchase of capital stock,0.0,0.0,0.0,0.0,0.0,-7.7,-9.8,-9.8,-9.8,-49.9,-49.9,-49.9,-49.9,0.0,-55.0,-55.0,-55.0,-94.9,-94.9,-265.0,-265.0,-30.0,-95.5,-113.8,-600.3,-150.0,-150.0,-150.0,-150.0,-132.3,-839.2,"-1,166.6","-1,336.6",-300.4,-403.8,-453.8,-453.8,0.0,-300.0,-700.0,"-1,150.0",-137.5,-525.0,-717.4,"-1,098.0",-59.0,-359.0,-531.0,-700.0,-175.0,-400.0,-400.0
restricted cash,0.0,0.0,0.0,0.0,0.0,0.0,0.0,0.0,0.0,0.0,0.0,0.0,0.0,0.0,0.0,0.0,0.0,0.0,0.0,0.0,0.0,0.0,0.0,0.0,0.0,0.0,0.0,0.0,0.0,0.0,0.0,0.0,0.0,0.0,0.0,0.0,0.0,0.0,0.0,0.0,0.0,0.0,0.0,0.0,0.0,0.0,0.0,0.0,0.0,0.0,0.0,0.0
retained earnings,0.0,0.0,0.0,0.0,23.0,33.2,76.7,88.6,105.5,93.5,155.9,187.8,217.6,260.0,306.5,364.8,430.5,413.0,547.1,478.6,576.1,550.5,663.2,754.7,417.1,402.7,630.2,780.1,940.8,920.5,497.3,332.4,375.9,198.4,312.0,376.9,500.0,616.9,534.2,269.1,-30.1,-22.9,-151.8,-202.4,-445.7,-355.0,-372.4,-384.1,-387.5,-426.2,-382.9,-228.2
revenue per $  plant (net),8.42,0.00,0.00,0.00,8.51,8.25,8.00,8.12,7.94,7.84,7.99,8.17,8.04,8.14,8.48,9.03,8.89,9.20,8.88,8.59,8.39,8.48,8.42,7.48,7.07,6.90,7.30,7.34,7.09,6.96,7.19,7.25,6.85,7.01,5.39,5.51,5.45,5.56,5.92,6.31,6.58,6.88,7.31,7.38,7.14,7.32,7.52,7.70,7.39,7.09,7.03,7.29
revenue per $ cash,3388.38,0.00,0.00,0.00,166.91,133.58,9.83,8.98,7.66,17.29,4.87,4.65,4.16,3.99,3.01,2.73,5.03,6.26,5.15,7.51,11.07,16.76,10.45,10.93,14.73,23.20,9.05,11.38,4.69,3.55,3.37,5.02,4.55,7.95,7.64,5.87,4.04,3.26,3.03,4.89,6.05,6.05,5.05,5.02,5.94,5.08,4.13,4.99,5.19,6.41,5.74,5.71
revenue per $ common equity,2.58,0.00,0.00,0.00,4.15,4.03,3.09,2.99,2.76,3.19,2.48,2.36,2.23,2.07,1.90,1.80,1.69,1.78,1.55,1.78,1.66,1.56,1.42,1.33,1.78,1.86,1.62,1.48,1.37,1.39,1.85,2.09,2.10,2.41,2.21,2.10,1.90,1.76,1.79,2.06,2.40,2.37,2.28,2.34,2.58,2.37,2.40,2.39,2.39,2.44,2.37,2.23
revenue per $ invested capital,2.53,0.00,0.00,0.00,4.05,3.94,3.04,2.94,2.73,3.14,2.46,2.34,2.21,2.05,1.89,1.79,1.68,1.77,1.54,1.78,1.65,1.55,1.42,1.33,1.77,1.85,1.62,1.48,1.37,1.39,1.85,2.09,2.09,2.41,2.17,2.06,1.88,1.74,1.77,2.04,2.36,2.34,2.25,2.31,2.54,2.34,2.37,2.37,2.39,2.44,2.37,2.23
revenue per share,1.62,0.00,0.00,0.00,1.76,1.82,1.86,1.93,2.01,2.17,2.32,2.47,2.60,2.76,3.01,3.23,3.48,3.73,4.00,4.33,4.52,4.77,5.05,5.24,5.71,6.04,6.51,6.82,7.01,7.49,8.32,8.94,9.45,9.96,10.09,10.18,10.16,10.16,10.64,11.29,12.15,12.71,13.38,13.90,14.41,14.75,15.59,16.15,16.71,17.18,17.57,17.83
revenue/assets,1.9,0.0,0.0,0.0,2.4,2.0,1.8,1.7,1.6,1.8,1.5,1.5,1.5,1.4,1.3,1.3,1.3,1.3,1.1,1.3,1.3,1.2,1.1,1.1,1.3,1.3,1.2,1.2,1.1,1.0,1.3,1.4,1.4,1.5,1.4,1.4,1.3,1.2,1.2,1.3,1.5,1.4,1.4,1.5,1.6,1.5,1.4,1.6,1.5,1.5,1.5,1.5
sale of long-term investments,0.0,0.0,0.0,0.0,0.0,0.0,0.0,0.0,0.0,0.0,0.0,0.0,0.0,0.0,0.0,0.0,0.0,0.0,0.0,0.0,0.0,0.0,0.0,0.0,0.0,0.0,0.0,0.0,0.0,0.0,0.0,0.0,0.0,0.0,0.0,0.0,0.0,0.0,0.0,0.0,129.9,99.9,119.9,250.5,321.7,0.0,2.3,2.3,2.3,0.0,0.0,0.0
sale of short-term investments,0.0,0.0,0.0,0.0,0.0,0.0,0.0,0.0,0.0,0.0,0.0,0.0,0.0,0.0,0.0,0.0,0.0,87.5,130.0,205.1,330.7,50.0,215.5,635.7,"1,148.6",303.7,639.2,"1,193.7",685.8,283.4,770.0,782.5,782.5,0.0,0.0,0.0,0.0,0.0,0.0,0.0,0.0,0.0,0.0,0.0,0.0,0.0,0.0,0.0,0.0,0.0,0.0,0.0
sales per $ inventory,5.38,0.00,0.00,0.00,5.86,4.77,5.66,5.20,5.27,4.99,6.14,6.57,6.63,5.76,7.13,7.89,8.16,6.88,8.00,9.01,9.27,8.43,9.43,9.58,9.04,7.37,9.63,10.13,8.97,7.69,9.75,9.55,9.21,8.11,8.45,9.04,9.90,9.60,12.42,11.20,9.93,8.19,10.77,10.42,9.86,8.27,10.45,9.76,9.44,8.15,9.99,9.71
sales per $ receivables,35.26,0.00,0.00,0.00,29.90,18.76,22.44,26.79,23.26,16.92,12.40,19.12,26.87,17.02,11.88,15.44,23.71,16.43,12.54,19.49,26.15,17.30,15.72,18.26,25.03,18.77,19.20,20.26,24.23,18.74,20.64,20.61,29.80,20.81,16.87,25.44,29.72,30.82,18.70,29.07,33.08,28.22,21.91,30.95,29.10,28.08,21.13,27.38,27.30,27.34,22.10,28.27
sales per employee,152477,None,None,None,228177,None,None,None,248070,None,None,None,297883,None,None,None,314549,None,None,None,300074,None,None,None,918044,None,None,None,258659,None,None,None,265063,None,None,None,269206,None,None,None,277510,None,None,None,277234,None,None,None,264621,None,None,None
shares out (common class only),339.3,348.1,348.1,348.1,349.5,347.5,352.3,354.5,357.8,351.5,360.1,362.0,366.0,368.7,372.9,375.6,379.2,377.3,382.0,376.7,378.4,380.5,382.7,384.9,369.8,366.8,369.1,371.1,372.5,372.5,352.3,341.2,336.7,326.9,321.0,317.6,318.1,318.9,314.2,304.2,296.9,295.7,295.8,293.3,288.5,291.3,287.5,287.4,285.1,283.6,280.6,280.9
short-term debt,5.0,15.4,58.4,26.8,7.7,40.6,16.0,35.5,34.2,35.1,42.6,33.0,26.6,28.3,34.5,13.4,1.8,23.2,50.6,21.5,12.4,5.0,13.4,2.0,0.2,7.6,14.5,0.2,0.2,0.3,14.5,11.4,0.3,0.3,2.4,2.5,8.0,0.7,0.7,0.7,0.7,0.8,27.9,0.8,0.8,0.8,0.8,0.8,22.4,22.3,22.2,22.1
special income charges,0.0,-5.0,0.0,0.4,0.0,0.0,0.0,-4.5,1.1,0.0,0.0,0.0,0.0,0.0,0.0,0.0,0.0,0.0,0.0,0.0,0.0,0.0,0.0,0.0,0.0,0.0,0.0,0.0,0.0,0.0,0.0,0.0,0.0,0.0,0.0,0.0,0.0,0.0,0.0,0.0,0.0,0.0,0.0,0.0,0.0,0.0,0.0,0.0,0.0,0.0,0.0,0.0
tangible book value per share,0.61,0.35,0.29,0.31,0.38,0.37,0.53,0.61,0.67,0.62,0.87,0.98,1.11,1.28,1.52,1.73,2.00,2.03,2.52,2.36,2.07,2.42,2.95,3.33,2.57,2.61,3.39,3.96,4.52,4.74,3.79,3.47,3.73,3.33,3.62,3.96,4.41,4.80,5.00,4.51,4.01,4.26,4.73,4.82,4.41,4.99,5.24,5.44,5.64,5.53,6.01,6.71
total assets per share,0.87,0.75,0.82,0.72,0.74,0.92,1.05,1.12,1.23,1.21,1.58,1.60,1.69,1.91,2.31,2.43,2.71,2.92,3.68,3.39,3.56,3.95,4.60,4.87,4.40,4.57,5.42,5.78,6.58,7.19,6.56,6.32,6.75,6.46,7.28,7.29,8.06,8.76,9.13,8.69,8.31,8.83,9.45,9.28,9.13,9.88,10.79,10.39,10.89,11.11,11.69,11.65
total capitalization,216.5,160.3,131.6,139.7,152.0,160.5,215.2,233.0,264.0,242.4,339.6,381.2,430.5,496.5,593.1,677.0,785.7,793.3,990.7,916.8,"1,036.0","1,169.9","1,363.1","1,517.9","1,191.8","1,195.0","1,485.8","1,708.3","1,913.2","2,008.4","1,584.4","1,461.0","1,518.4","1,353.3","1,491.1","1,566.9","1,721.1","1,865.4","1,889.9","1,687.6","1,529.5","1,606.7","1,762.0","1,766.1","1,635.9","1,839.8","1,891.9","1,961.5","1,993.9","1,995.1","2,082.8","2,244.5"
total debt as % total assets,28.3,40.1,55.0,46.0,42.7,51.0,42.6,42.5,40.9,44.0,40.8,34.8,30.9,30.0,31.5,26.1,24.0,28.4,29.8,28.5,23.3,22.3,22.7,19.2,26.9,28.9,25.9,20.4,22.0,25.1,31.5,32.4,33.3,36.0,37.3,33.4,33.9,34.1,35.0,37.0,39.0,39.4,37.8,36.0,38.8,36.9,39.7,35.0,35.8,36.7,36.5,31.4
total debt/equity ratio,0.04,0.12,0.49,0.22,0.08,0.28,0.09,0.17,0.15,0.16,0.14,0.10,0.07,0.06,0.06,0.02,0.01,0.03,0.05,0.03,0.02,0.01,0.01,0.00,0.00,0.01,0.01,0.00,0.00,0.00,0.01,0.01,0.00,0.00,0.02,0.02,0.02,0.01,0.01,0.02,0.02,0.02,0.03,0.01,0.01,0.01,0.01,0.01,0.01,0.01,0.01,0.01
total non-current assets,163.0,100.0,97.9,98.9,107.1,124.4,126.3,137.8,153.0,158.4,167.1,174.7,169.1,175.0,185.3,186.8,323.0,306.8,496.3,438.3,637.8,638.2,578.2,596.5,652.0,653.1,662.2,676.9,709.3,793.1,830.2,885.3,888.1,899.8,"1,117.1","1,084.7","1,167.9","1,184.1","1,152.7","1,131.9","1,164.5","1,184.6","1,172.0","1,159.5","1,182.7","1,188.9","1,204.9","1,225.3","1,299.8","1,382.8","1,431.1","1,377.9"
total ordinary shares,0.0,0.0,0.0,0.0,0.0,0.0,0.0,0.0,0.0,0.0,0.0,0.0,0.0,0.0,0.0,0.0,0.0,0.0,0.0,0.0,0.0,0.0,0.0,0.0,0.0,0.0,0.0,0.0,0.0,0.0,0.0,0.0,0.0,0.0,0.0,0.0,0.0,0.0,0.0,0.0,0.0,0.0,0.0,0.0,0.0,0.0,0.0,0.0,0.0,0.0,0.0,0.0
total revenue,0.0,134.6,214.2,130.6,136.8,150.7,235.8,161.6,171.4,192.8,308.5,220.4,231.5,258.4,411.5,313.1,338.1,344.1,531.8,415.9,418.7,449.0,650.3,497.9,514.4,553.9,836.4,625.3,652.1,676.7,978.0,744.5,781.5,752.5,960.3,739.9,777.7,761.4,"1,065.0",830.7,950.5,911.7,"1,264.5",950.7,"1,031.7","1,050.4","1,448.6","1,109.0","1,155.2","1,161.4","1,503.8","1,187.6"
treasury shares,0.0,0.0,0.0,0.0,0.0,0.0,0.0,0.0,0.0,0.0,0.0,0.0,0.0,0.0,0.0,0.0,0.0,0.0,0.0,0.0,0.0,0.0,0.0,0.0,0.0,0.0,0.0,0.0,0.0,0.0,0.0,0.0,0.0,0.0,0.0,0.0,0.0,0.0,0.0,0.0,0.0,0.0,0.0,0.0,0.0,0.0,0.0,0.0,0.0,0.0,0.0,0.0
treasury stock,0.0,0.0,0.0,0.0,0.0,0.0,0.0,0.0,0.0,0.0,0.0,0.0,0.0,0.0,0.0,0.0,0.0,0.0,0.0,0.0,0.0,0.0,0.0,0.0,0.0,0.0,0.0,0.0,0.0,0.0,0.0,0.0,0.0,0.0,0.0,0.0,0.0,0.0,0.0,0.0,0.0,0.0,0.0,0.0,0.0,0.0,0.0,0.0,0.0,0.0,0.0,0.0
working capital,54.1,62.4,35.9,43.1,47.1,53.1,106.8,113.1,128.2,103.5,194.7,229.6,287.1,351.3,443.2,530.6,523.7,550.9,572.9,597.3,443.6,578.0,833.3,981.7,632.7,628.5,914.1,"1,128.0","1,332.2","1,483.8","1,053.5",906.4,934.8,750.2,701.5,813.0,936.8,"1,078.3","1,137.9",958.8,773.6,855.6,"1,029.4","1,012.4",859.4,"1,057.8","1,085.0","1,136.3","1,086.4","1,037.7","1,079.4","1,279.7"
working capital as % of price,0.0,0.0,2.8,3.3,2.7,4.5,6.2,5.0,5.2,4.5,6.6,6.6,6.3,7.0,6.3,6.9,6.1,6.9,5.3,5.6,3.5,4.8,6.5,7.4,5.7,5.0,5.8,6.1,7.6,8.4,9.8,8.8,9.6,9.1,10.5,15.3,11.0,10.3,9.9,8.0,7.1,6.7,6.3,6.6,4.7,7.0,6.2,5.1,6.5,6.5,6.9,9.1
working capital per share,0.16,0.18,0.10,0.12,0.13,0.15,0.30,0.32,0.36,0.29,0.54,0.63,0.78,0.95,1.19,1.41,1.38,1.46,1.50,1.59,1.17,1.52,2.18,2.55,1.71,1.71,2.48,3.04,3.58,3.98,2.99,2.66,2.78,2.29,2.19,2.56,2.95,3.38,3.62,3.15,2.61,2.89,3.48,3.45,2.98,3.63,3.77,3.95,3.81,3.66,3.85,4.56
working captial as % of equity,25.4,39.9,28.1,31.7,31.8,33.9,50.5,49.3,49.2,43.3,57.9,60.8,67.2,71.3,75.2,78.8,66.9,69.7,58.0,65.4,43.0,49.5,61.3,64.8,53.2,52.7,61.6,66.1,69.7,74.0,66.6,62.1,61.7,55.5,47.9,52.7,55.2,58.6,61.0,57.6,51.4,54.1,59.2,58.1,53.3,58.2,58.1,58.6,54.5,52.0,51.8,57.0
