,1999/12,2000/03,2000/06,2000/09,2000/12,2001/03,2001/06,2001/09,2001/12,2002/03,2002/06,2002/09,2002/12,2003/03,2003/06,2003/09,2003/12,2004/03,2004/06,2004/09,2004/12,2005/03,2005/06,2005/09,2005/12,2006/03,2006/06,2006/09,2006/12,2007/03,2007/06,2007/09,2007/12,2008/03,2008/06,2008/09,2008/12,2009/03,2009/06,2009/09,2009/12,2010/03,2010/06,2010/09,2010/12,2011/03,2011/06,2011/09,2011/12,2012/03,2012/06,2012/09,2012/12,2013/03
% of EPS-to-Industry,-37.3,0.0,0.0,0.0,28.0,39.3,33.7,38.9,43.9,49.6,51.6,73.1,82.0,94.8,141.5,152.5,393.9,540.0,458.1,291.8,-457.6,-794.7,-1308.3,-310.9,1491.7,-3283.3,-400.0,-438.5,-17500.0,-8850.0,666.7,478.9,82.1,95.0,73.9,127.2,412.7,384.4,395.9,523.8,309.6,348.3,344.9,196.9,170.7,157.6,147.5,205.5,92.5,80.6,80.3,63.1,137.1,161.3
% of PE-to-Industry,0.0,0.0,0.0,0.0,620.8,399.4,429.2,363.0,304.6,209.5,232.7,180.1,184.8,159.0,122.0,109.3,45.6,38.5,41.1,70.9,0.0,0.0,0.0,0.0,17.6,0.0,0.0,0.0,0.0,0.0,42.3,61.0,385.9,318.9,385.1,214.0,61.4,71.1,73.7,47.8,94.2,81.3,81.8,129.5,161.9,120.2,72.1,50.7,108.8,145.7,161.2,194.3,95.0,92.7
% of ROE-to-Industry,0.0,0.0,0.0,0.0,19.1,32.1,32.7,38.7,34.6,42.9,46.9,64.5,75.0,89.1,134.8,139.7,293.9,416.7,561.1,375.8,0.0,0.0,3633.3,0.0,1070.0,0.0,0.0,0.0,9800.0,0.0,206.8,344.4,26.9,31.9,22.9,39.8,93.5,84.5,81.9,104.1,99.4,109.1,110.6,73.0,0.0,7.7,7.5,2.1,18.5,26.2,52.3,66.3,9.9,10.4
% of current ratio-to-industry,92.9,0.0,121.4,130.8,121.4,105.9,106.3,88.2,113.3,100.0,113.3,142.9,133.3,111.8,106.3,94.4,94.4,95.0,89.5,100.0,135.3,121.1,104.5,122.2,150.0,116.7,94.7,105.9,105.9,100.0,111.8,125.0,112.5,117.6,111.8,111.8,106.3,117.6,105.9,105.9,105.9,105.6,111.1,118.8,106.3,105.9,100.0,106.3,107.1,106.7,106.7,114.3,114.3,113.3
% of debt/equity-to-industry,471.5,0.0,223.6,244.4,124.2,144.0,153.4,159.4,91.7,98.9,97.8,113.8,115.5,117.4,104.5,111.7,108.1,104.0,94.9,152.6,103.5,111.3,127.2,134.7,92.1,74.1,80.3,86.1,82.8,47.8,49.5,153.8,157.6,157.9,155.0,157.5,152.1,165.3,160.8,186.6,188.0,189.1,180.3,204.8,-8.5,15.1,17.5,3.6,16.1,17.0,21.2,27.3,18.3,21.6
% of earnings-to-industry,-1.4,0.0,0.0,0.0,1.2,1.8,1.7,1.9,2.4,2.9,3.0,4.3,4.9,5.8,9.0,9.9,22.3,31.1,44.6,23.9,-47.4,-112.5,441.5,-28.2,204.1,-51.9,-23.6,-33.6,2670.8,-3371.0,61.6,101.3,7.4,8.8,6.8,11.5,25.4,21.8,21.7,24.4,22.5,24.7,24.5,14.3,9.8,8.8,7.5,9.8,19.5,26.9,43.5,44.1,9.1,8.1
% of gross profit margin-to-industry,129.4,0.0,0.0,0.0,126.5,119.6,113.2,109.1,122.9,122.3,123.2,133.6,0.0,120.4,114.2,103.2,103.8,95.4,86.8,79.1,64.7,63.9,64.1,63.2,65.0,68.0,83.4,104.3,103.0,138.0,149.4,151.0,108.9,102.2,97.6,95.4,109.2,109.2,109.7,134.4,108.5,63.6,60.9,63.0,205.7,182.0,188.7,173.9,133.4,120.6,117.4,114.6,130.6,126.9
% of leverage-to-industry,256.3,0.0,134.4,141.9,85.3,96.7,103.6,107.4,81.5,85.2,84.6,85.2,88.5,92.3,88.5,88.9,89.3,85.7,82.1,107.1,85.3,90.6,103.7,103.7,80.6,76.7,80.6,80.6,81.3,59.1,60.5,128.1,133.9,133.3,130.4,130.9,131.7,139.0,135.7,153.1,153.2,155.6,147.8,162.8,-10.3,17.3,20.0,4.3,18.3,19.5,23.9,30.2,21.3,25.1
% of net profit margin-to-industry,-47.1,0.0,0.0,0.0,31.8,50.0,42.2,50.0,59.2,66.0,69.5,93.8,96.0,109.1,160.0,162.1,383.3,511.1,766.7,375.0,-750.0,-2150.0,4200.0,-314.3,1500.0,-228.6,-92.5,-121.9,0.0,0.0,360.0,483.3,28.6,30.8,23.1,38.9,83.3,72.4,74.2,80.0,71.4,78.8,76.5,46.6,57.4,57.8,53.5,74.2,111.1,157.1,260.0,255.6,60.0,56.0
% of post-tax profit margin-to-industry,-47.1,0.0,0.0,0.0,28.0,45.2,40.4,50.0,59.2,66.0,69.5,95.7,96.0,106.7,145.5,142.4,353.8,418.2,418.2,313.3,522.2,400.0,445.5,-2450.0,850.0,-221.7,-98.1,-129.0,-1950.0,0.0,276.9,375.0,47.1,43.8,31.3,38.1,73.1,67.7,64.7,77.4,69.4,78.8,76.5,46.6,57.4,60.0,62.8,87.1,131.6,178.6,236.4,230.0,58.7,54.9
% of pre-tax profit margin-to-industry,-15.4,0.0,0.0,0.0,41.2,50.0,46.5,52.8,62.9,69.5,70.2,83.3,90.1,98.8,130.6,153.8,210.8,251.6,251.6,210.8,183.7,164.6,166.7,225.0,300.0,-850.0,-155.6,-188.6,457.1,508.3,184.4,196.0,51.5,37.8,33.3,42.9,87.5,83.3,78.3,88.1,74.0,82.6,80.9,84.8,69.6,68.4,69.6,72.2,47.9,45.6,44.0,36.7,57.4,70.0
% of pric/free cashlow-to-industry,0.0,0.0,9.6,23.6,11.9,377.2,206.4,1856.9,54.5,-179.9,592.4,-607.5,79.1,-6.9,61.5,36.5,40.6,-265.8,3.2,1793.7,191.0,121.2,-43.4,-64.7,-300.1,-310.6,495.8,165.5,183.2,-2102.8,870.0,38.3,42.6,16.1,25.6,31.5,11.9,15.9,68.5,45.0,19.3,20.2,58.2,18.0,23.8,145.5,22.4,25.4,-8.7,44.9,7.7,-12.4,-187.5,24.0
% of price-to-industry,0.0,0.0,128.2,186.6,173.8,157.2,144.5,141.3,133.7,104.0,120.1,131.6,151.6,150.7,172.6,166.6,179.5,208.1,188.3,207.0,204.1,213.2,215.5,252.5,262.1,264.0,281.6,256.0,241.1,259.8,282.3,292.1,316.7,303.0,284.2,274.1,254.8,271.8,290.2,248.3,290.5,282.9,283.5,206.5,224.6,153.4,106.3,104.1,100.6,117.5,129.4,122.6,130.3,149.6
% of price/book-to-industry,0.0,0.0,187.2,270.4,148.9,150.2,152.1,151.4,116.6,93.1,109.2,118.1,141.2,140.5,156.8,149.1,150.4,173.9,151.6,179.8,136.8,154.2,149.7,171.6,128.7,127.0,134.0,122.4,107.0,82.1,88.4,93.1,105.1,103.2,89.2,89.3,66.1,79.8,83.7,77.9,93.4,92.5,90.6,88.5,-7.0,8.2,6.7,1.4,6.4,7.7,10.4,12.4,9.4,12.8
% of price/cashflow-to-industry,0.0,0.0,0.0,0.0,249.6,214.3,215.2,199.4,205.7,151.7,171.9,163.3,169.6,150.6,140.9,137.0,117.8,124.6,104.5,112.5,79.0,94.6,127.6,84.8,82.2,22.1,-17.2,3.5,67.9,72.7,101.1,89.9,142.9,119.3,98.7,94.3,58.6,71.9,77.2,61.7,74.4,70.3,70.3,77.7,101.4,77.8,60.1,57.7,37.4,41.0,40.5,38.9,65.5,79.8
% of price/sales-to-industry,0.0,0.0,0.0,0.0,261.6,223.4,197.6,192.9,197.3,145.1,160.7,175.0,176.9,170.6,187.8,172.3,202.2,221.4,193.2,182.1,182.5,187.5,234.1,237.5,160.0,113.6,104.8,85.9,133.9,139.6,150.0,128.2,122.5,105.7,83.8,81.8,57.1,68.4,75.0,59.5,65.9,65.1,63.4,57.5,81.8,60.9,48.6,52.4,41.4,46.9,52.8,47.5,56.4,69.8
% of sales-to-industry,3.1,0.0,0.0,0.0,3.7,3.8,3.9,3.9,4.2,4.3,4.4,4.5,5.2,5.4,5.6,6.0,5.6,5.9,6.1,6.3,6.3,6.5,7.5,8.7,15.3,22.8,25.1,28.0,17.0,17.4,17.7,21.0,23.8,27.4,30.5,31.3,30.1,29.9,29.9,29.8,31.4,31.5,31.4,30.8,17.2,15.3,14.0,12.9,17.0,16.8,16.7,17.0,15.5,14.3
(increase) decrease in inventories,-17.6,0.0,-4.0,-6.1,-15.6,3.0,6.3,10.0,2.0,-3.4,-2.0,-7.6,-12.6,-0.3,0.0,-8.9,-13.7,0.7,-10.5,-17.8,-13.5,1.8,-0.6,-11.3,-16.8,2.8,-0.1,-4.6,-4.5,-7.9,-13.5,8.5,-32.0,-26.6,13.6,3.1,-34.7,-7.6,5.2,18.3,-34.5,-6.9,-1.1,4.8,-39.9,14.3,9.4,-31.5,-42.9,-125.1,-39.9,-68.2,-99.8,-1.8
(increase) decrease in other current assets,0.0,0.0,0.0,0.0,0.0,-5.4,0.0,0.0,0.0,0.0,0.0,0.0,0.0,0.0,-6.3,0.0,0.0,0.0,0.0,0.0,0.0,0.0,0.0,0.0,0.0,0.0,0.0,0.0,0.0,0.0,0.0,0.0,0.0,0.0,0.0,0.0,0.0,0.0,0.0,0.0,0.0,0.0,0.0,0.0,0.0,0.0,0.0,0.0,0.0,0.0,0.0,0.0,0.0,0.0
(increase) decrease in prepaid expenses,0.0,0.0,0.0,0.0,0.0,0.0,0.0,0.0,0.0,0.0,0.0,0.0,0.0,0.0,0.0,0.0,0.0,0.0,0.0,0.0,0.0,0.0,0.0,0.0,0.0,0.0,0.0,0.0,0.0,0.0,0.0,0.0,0.0,0.0,0.0,0.0,0.0,0.0,0.0,0.0,0.0,0.0,0.0,0.0,0.0,0.0,0.0,0.0,0.0,0.0,0.0,0.0,0.0,0.0
(increase) decrease in receivables,-43.0,0.0,-9.3,-42.3,-53.0,-3.3,6.3,-9.9,-22.9,-27.7,-4.4,-10.6,-19.1,-63.9,-10.7,-79.5,-150.8,-23.2,8.3,-11.7,-31.8,-11.5,-16.7,-32.4,-47.5,-42.3,-58.0,-53.7,-71.1,-33.3,-47.4,-53.6,131.3,-100.1,-74.8,-117.2,-57.4,-18.0,8.9,-10.2,58.4,-94.2,-63.9,-25.6,-27.0,-56.5,-83.1,-90.8,-138.3,-163.5,-199.4,-227.8,-204.2,-147.8
Basic EPS (Continuing),0.00,-0.02,0.00,0.02,0.10,0.13,0.11,0.12,0.19,0.28,0.25,0.26,0.29,0.34,0.31,0.32,0.37,0.41,0.39,0.39,0.45,0.54,0.52,0.50,0.58,0.59,0.55,0.09,0.58,0.58,0.57,0.17,-0.69,0.55,0.53,0.55,0.59,0.63,0.66,0.66,0.71,0.76,0.75,0.77,0.76,0.81,0.82,0.87,0.38,0.86,0.94,0.50,0.69,0.87
Basic EPS (Cum. Effect of Acct. Change),0.00,0.00,0.00,0.00,0.00,0.00,0.00,0.00,0.00,0.00,0.00,0.00,0.00,0.00,0.00,0.00,0.00,0.00,0.00,0.00,0.00,0.00,0.00,0.00,0.00,0.00,0.00,0.00,0.00,0.00,0.00,0.00,0.00,0.00,0.00,0.00,0.00,0.00,0.00,0.00,0.00,0.00,0.00,0.00,0.00,0.00,0.00,0.00,0.00,0.00,0.00,0.00,0.00,0.00
Basic EPS (Discontinued),0.00,0.00,0.00,0.00,0.00,0.00,0.00,0.00,0.00,0.00,0.00,0.00,0.00,0.00,0.00,0.00,0.00,0.00,0.00,-0.06,-0.01,-0.13,-0.07,-0.01,-0.04,0.00,0.00,0.00,-0.01,0.00,0.00,-0.06,-0.26,0.09,-0.02,-0.01,0.06,0.02,-0.01,0.00,0.00,0.00,0.00,0.00,0.00,-0.14,-0.86,-0.08,0.58,-0.01,0.00,0.00,0.00,0.00
Basic EPS (Extraordinary Items),0.00,0.00,0.00,0.00,0.00,0.00,0.00,0.00,0.00,0.00,0.00,0.00,0.00,0.00,0.00,0.00,0.00,0.00,0.00,0.00,0.00,0.00,0.00,0.00,0.00,0.00,0.00,0.00,0.00,0.00,0.00,0.00,0.00,0.00,0.00,0.00,0.00,0.00,0.00,0.00,0.00,0.00,0.00,0.00,0.00,0.00,0.00,0.00,0.00,0.00,0.00,0.00,0.00,0.00
Basic EPS (Other Gains/Losses),0.00,0.00,0.00,0.00,0.00,0.00,0.00,0.00,-0.04,0.00,0.00,-0.05,0.00,0.00,0.00,0.00,0.00,0.00,0.00,0.00,0.00,0.00,0.00,0.00,0.00,0.00,0.00,0.00,0.00,0.00,0.00,0.00,0.00,0.00,0.00,0.00,0.00,0.00,0.01,0.00,0.00,0.00,0.00,0.00,0.00,0.00,0.43,0.04,-0.61,0.00,0.00,0.00,0.01,0.00
Basic EPS (Tax Loss Carry Forward),0.00,0.00,0.00,0.00,0.00,0.00,0.00,0.00,0.00,0.00,0.00,0.00,0.00,0.00,0.00,0.00,0.00,0.00,0.00,0.00,0.00,0.00,0.00,0.00,0.00,0.00,0.00,0.00,0.00,0.00,0.00,0.00,0.00,0.00,0.00,0.00,0.00,0.00,0.00,0.00,0.00,0.00,0.00,0.00,0.00,0.00,0.00,0.00,0.00,0.00,0.00,0.00,0.00,0.00
Close PE Ratio,0.0,0.0,0.0,0.0,250.0,118.8,84.3,67.6,47.2,32.5,33.1,28.0,19.6,18.6,16.6,17.8,20.4,20.6,18.9,18.7,18.5,23.1,24.1,22.7,21.4,18.4,17.7,21.8,20.9,19.9,22.5,17.3,115.2,88.3,106.4,40.2,6.3,6.6,10.2,12.3,13.4,13.4,11.9,10.5,12.4,13.7,8.6,5.4,7.8,9.9,11.8,14.6,10.4,16.0
Diluted EPS (Continuing),0.00,-0.02,0.00,0.02,0.10,0.12,0.11,0.11,0.19,0.27,0.24,0.25,0.28,0.33,0.30,0.31,0.35,0.39,0.37,0.37,0.45,0.51,0.49,0.47,0.54,0.58,0.54,0.09,0.56,0.58,0.57,0.17,-0.69,0.54,0.52,0.54,0.58,0.63,0.66,0.65,0.70,0.75,0.74,0.76,0.75,0.80,0.81,0.86,0.38,0.85,0.93,0.49,0.69,0.86
Diluted EPS (Cum. Effect of Acct. Change),0.00,0.00,0.00,0.00,0.00,0.00,0.00,0.00,0.00,0.00,0.00,0.00,0.00,0.00,0.00,0.00,0.00,0.00,0.00,0.00,0.00,0.00,0.00,0.00,0.00,0.00,0.00,0.00,0.00,0.00,0.00,0.00,0.00,0.00,0.00,0.00,0.00,0.00,0.00,0.00,0.00,0.00,0.00,0.00,0.00,0.00,0.00,0.00,0.00,0.00,0.00,0.00,0.00,0.00
Diluted EPS (Discontinued),0.00,0.00,0.00,0.00,0.00,0.00,0.00,0.00,0.00,0.00,0.00,0.00,0.00,0.00,0.00,0.00,0.00,0.00,0.00,-0.05,-0.02,-0.12,-0.06,-0.01,-0.04,0.00,0.00,0.00,0.00,0.00,0.00,-0.06,-0.24,0.09,-0.02,-0.01,0.07,0.02,-0.01,0.00,0.00,0.00,0.00,0.00,0.00,-0.14,0.00,0.00,-0.64,-0.01,0.00,0.00,0.00,0.00
Diluted EPS (Extraordinary),0.00,0.00,0.00,0.00,0.00,0.00,0.00,0.00,0.00,0.00,0.00,0.00,0.00,0.00,0.00,0.00,0.00,0.00,0.00,0.00,0.00,0.00,0.00,0.00,0.00,0.00,0.00,0.00,0.00,0.00,0.00,0.00,0.00,0.00,0.00,0.00,0.00,0.00,0.00,0.00,0.00,0.00,0.00,0.00,0.00,0.00,0.00,0.00,0.00,0.00,0.00,0.00,0.00,0.00
Diluted EPS (Other Gains/Losses),0.00,0.00,0.00,0.00,0.00,0.00,0.00,0.00,-0.04,0.00,0.00,-0.04,0.00,0.00,0.00,0.00,0.00,0.00,0.00,0.00,0.00,0.00,0.00,0.00,0.00,0.00,0.00,0.00,0.00,0.00,0.00,0.00,0.00,0.00,0.00,0.00,0.00,0.00,0.00,0.00,0.01,0.00,0.00,0.00,0.00,0.01,-0.42,-0.03,0.62,0.01,0.00,0.00,0.00,0.00
Diluted EPS (Tax Loss Carry Forward),0.00,0.00,0.00,0.00,0.00,0.00,0.00,0.00,0.00,0.00,0.00,0.00,0.00,0.00,0.00,0.00,0.00,0.00,0.00,0.00,0.00,0.00,0.00,0.00,0.00,0.00,0.00,0.00,0.00,0.00,0.00,0.00,0.00,0.00,0.00,0.00,0.00,0.00,0.00,0.00,0.00,0.00,0.00,0.00,0.00,0.00,0.00,0.00,0.00,0.00,0.00,0.00,0.00,0.00
Dividends Paid Per Share (YTD),0.00,0.00,0.00,0.00,0.00,0.00,0.00,0.00,0.00,0.00,0.00,0.00,0.00,0.00,0.00,0.00,0.00,0.00,0.00,0.00,0.00,0.00,0.00,0.00,0.00,0.00,0.00,0.00,0.00,0.00,0.00,0.00,0.00,0.00,0.00,0.00,0.00,0.00,0.00,0.00,0.00,0.00,0.00,0.00,0.00,0.00,0.00,0.00,0.00,0.00,0.00,0.00,0.25,0.00
EPS from Total Operations (YTD),-0.31,-0.02,0.02,0.04,0.14,0.12,0.23,0.35,0.54,0.27,0.52,0.77,1.05,0.33,0.64,0.95,1.30,0.39,0.77,1.08,1.51,0.39,0.82,1.29,1.79,0.58,1.09,1.19,1.75,0.58,1.14,1.25,0.32,0.63,1.14,1.67,2.32,0.65,1.30,1.95,2.65,0.75,1.49,2.26,3.01,0.66,1.62,2.49,2.23,0.84,1.78,2.26,2.95,0.86
High PE Ratio,0.0,0.0,0.0,0.0,265.7,155.0,106.3,84.5,65.6,52.0,43.6,32.2,29.1,27.8,24.0,22.8,21.3,22.9,21.7,21.6,20.4,24.1,24.6,23.1,22.7,20.7,19.6,23.8,22.8,22.1,23.2,24.5,139.1,117.1,143.5,54.9,17.3,17.2,14.8,13.7,14.3,14.9,14.9,14.3,14.1,14.6,14.3,13.8,19.1,18.3,12.1,14.8,11.1,16.2
"Income, Restructuring and M&A;",0.0,0.0,0.0,0.0,0.0,0.0,0.0,0.0,0.0,0.0,0.0,0.0,0.0,0.0,0.0,0.0,0.0,0.0,0.0,0.0,0.0,0.0,0.0,0.0,0.0,0.0,0.0,0.0,0.0,0.0,0.0,0.0,0.0,0.0,0.0,0.0,0.0,0.0,0.0,0.0,0.0,0.0,0.0,0.0,0.0,0.0,0.0,0.0,0.0,0.0,0.0,0.0,0.0,0.0
LT-Debt as % of Invested Capital,86.0,0.0,74.0,74.1,61.4,61.1,61.2,60.4,46.8,46.9,46.7,49.8,49.2,50.3,47.9,51.2,51.7,50.9,48.4,59.8,59.3,58.0,56.8,57.0,51.3,46.2,49.4,51.1,52.5,51.6,51.5,83.1,84.1,84.2,82.9,82.6,84.2,84.2,82.9,82.6,81.9,81.2,80.8,81.0,80.1,79.2,79.2,78.9,78.6,78.8,78.1,78.1,77.6,76.6
LT-Debt as % of Total Debt,84.5,0.0,85.3,84.4,82.4,82.8,82.0,80.5,72.9,69.6,72.8,74.5,73.6,74.4,72.3,72.9,72.3,72.3,69.9,74.9,75.4,73.0,72.1,71.7,69.6,66.3,66.8,67.8,68.5,67.2,67.3,78.4,77.0,76.2,77.1,75.9,73.6,74.3,73.8,72.8,73.3,72.6,72.2,71.3,70.4,70.9,70.2,70.1,68.6,69.2,69.6,69.7,68.1,68.7
LT-Debt to Equity Ratio,6.13,0.00,2.84,2.86,1.59,1.57,1.58,1.53,0.88,0.88,0.88,0.99,0.97,1.01,0.92,1.05,1.07,1.04,0.94,1.48,1.46,1.38,1.31,1.32,1.05,0.86,0.98,1.05,1.11,1.07,1.06,4.92,5.31,5.32,4.85,4.74,5.34,5.34,4.84,4.74,4.53,4.33,4.20,4.28,4.02,3.80,3.80,3.73,3.66,3.71,3.56,3.57,3.46,3.27
Low PE Ratio,0.0,0.0,0.0,0.0,93.3,54.4,44.6,48.3,39.4,29.8,25.0,21.4,17.7,14.4,13.7,13.0,12.2,13.1,12.9,14.5,15.4,15.4,14.8,14.9,15.1,16.6,15.7,20.4,17.7,17.5,17.2,16.7,86.6,72.9,89.4,37.9,4.5,4.5,4.2,4.0,4.9,5.1,8.6,8.7,8.5,8.8,7.5,5.2,6.6,6.5,6.2,7.3,5.5,7.0
Net Income from Total Operations (YTD),-16.8,-0.9,1.1,2.4,9.6,10.8,20.5,30.5,48.6,27.2,51.4,76.8,105.3,33.5,64.2,95.8,131.5,40.7,79.2,111.2,151.4,36.0,76.5,119.4,167.5,54.0,106.4,114.6,168.3,54.3,108.1,118.5,30.3,60.1,108.0,158.4,218.3,72.9,146.9,222.3,306.4,85.0,171.3,256.2,348.4,78.3,131.9,224.5,277.6,99.3,201.4,260.2,345.8,96.3
Normalized Close PE Ratio,0.0,0.0,0.0,0.0,250.0,118.8,84.3,67.6,47.2,32.5,33.1,28.0,19.6,18.6,16.6,17.8,20.4,20.6,18.9,17.9,17.5,20.4,20.7,20.2,19.0,17.4,17.3,21.3,20.5,19.9,22.5,14.5,40.1,37.7,39.7,31.9,6.7,6.8,10.5,12.7,13.5,13.4,11.9,10.5,12.4,13.1,8.2,5.2,6.1,8.3,10.0,13.4,10.4,14.2
Normalized High PE Ratio,0.0,0.0,0.0,0.0,265.7,155.0,106.3,84.5,65.6,52.0,43.6,32.2,29.1,27.8,24.0,22.8,21.3,22.9,21.7,20.7,19.4,21.2,21.1,20.6,20.2,19.6,19.1,23.3,22.4,22.1,23.2,20.5,48.4,50.0,53.6,43.5,18.3,17.7,15.3,14.1,14.4,14.8,14.9,14.3,14.1,13.9,13.6,13.2,14.8,15.3,10.3,13.6,11.0,14.4
Normalized Low PE Ratio,0.0,0.0,0.0,0.0,93.3,54.4,44.6,48.3,39.4,29.8,25.0,21.4,17.7,14.4,13.7,13.0,12.2,13.1,12.9,13.9,14.6,13.6,12.7,13.3,13.3,15.7,15.3,20.0,17.4,17.5,17.2,14.0,30.1,31.1,33.4,30.1,4.8,4.6,4.4,4.2,4.9,5.1,8.6,8.7,8.5,8.4,7.2,4.9,5.1,5.5,5.2,6.7,5.5,6.2
Normalized ROA,-0.9,0.0,0.0,0.0,0.4,0.9,1.3,1.6,2.0,2.5,3.1,3.4,3.7,3.8,4.1,3.9,3.9,4.1,4.3,4.3,4.4,4.4,4.5,4.6,4.8,4.9,4.9,3.9,3.8,3.7,3.5,1.5,0.6,0.6,0.6,0.7,1.5,1.6,1.8,1.9,2.2,2.2,2.3,2.4,2.4,2.4,2.4,2.5,2.2,2.0,2.1,1.6,2.1,2.3
Normalized ROCI,-1.0,0.0,0.0,0.0,0.5,1.0,1.4,1.9,2.3,3.0,3.6,4.0,4.4,4.5,4.8,4.6,4.7,4.9,5.2,5.2,5.2,5.3,5.5,5.7,5.9,6.0,6.1,4.8,4.7,4.6,4.4,1.9,0.8,0.8,0.8,0.8,1.9,2.1,2.3,2.5,2.8,2.9,3.0,3.1,3.2,3.2,3.3,3.3,3.0,2.7,2.8,2.1,2.8,3.1
Normalized ROE,0.0,0.0,0.0,0.0,1.3,2.5,3.7,4.8,4.4,5.7,6.8,8.0,8.7,9.0,9.3,9.5,9.7,10.0,10.1,12.9,12.8,12.7,12.7,13.2,12.2,11.2,12.0,9.9,9.9,9.5,9.1,11.1,5.1,5.1,4.5,4.8,12.4,13.2,13.6,14.6,15.6,15.6,15.7,16.5,15.9,15.3,15.6,15.8,14.0,12.8,12.6,9.8,12.7,13.4
Return on Assets (ROA),-0.9,0.0,0.0,0.0,0.4,0.9,1.3,1.6,2.0,2.5,3.1,3.4,3.7,3.8,4.1,3.9,3.9,4.1,4.3,4.2,4.2,3.9,3.9,4.2,4.3,4.6,4.7,3.7,3.7,3.7,3.5,1.3,0.2,0.3,0.2,0.5,1.6,1.7,1.9,2.0,2.2,2.2,2.3,2.4,2.4,2.3,2.1,2.1,1.8,1.9,2.2,1.9,2.1,2.1
Return on Capital Invested (ROCI),-1.0,0.0,0.0,0.0,0.5,1.0,1.4,1.9,2.3,3.0,3.6,4.0,4.4,4.5,4.8,4.6,4.7,4.9,5.2,5.0,5.0,4.7,4.7,5.1,5.2,5.7,5.9,4.7,4.6,4.6,4.4,1.6,0.3,0.3,0.3,0.7,2.1,2.1,2.4,2.6,2.8,2.9,3.0,3.1,3.2,3.1,2.8,2.8,2.5,2.5,2.9,2.6,2.8,2.8
Return on Stock Equity (ROE),0.0,0.0,0.0,0.0,1.3,2.5,3.7,4.8,4.4,5.7,6.8,8.0,8.7,9.0,9.3,9.5,9.7,10.0,10.1,12.4,12.2,11.3,10.9,11.8,10.7,10.5,11.6,9.5,9.8,9.5,9.1,9.3,1.8,2.2,1.6,3.7,13.0,13.6,14.0,15.1,15.7,15.6,15.7,16.5,15.9,14.8,13.4,13.5,11.6,12.0,13.4,11.8,12.7,11.9
Revenue (YTD),"1,080.0",308.7,625.8,968.2,"1,337.5",398.6,799.6,"1,216.1","1,693.6",533.5,"1,064.1","1,616.9","2,200.4",659.3,"1,316.6","2,039.6","2,834.6",822.4,"1,636.0","2,461.0","3,332.6",914.1,"1,827.0","2,756.3","3,738.3","1,026.6","2,087.6","3,211.1","4,365.6","1,204.0","2,453.1","4,792.7","7,127.5","2,727.6","5,418.2","8,191.0","10,840.1","2,892.4","5,929.7","9,016.5","12,107.6","3,160.7","6,331.7","9,583.8","12,986.5","3,405.3","6,787.9","10,223.9","13,626.2","3,297.0","6,540.0","11,226.6","13,029.0","3,311.8"
accounts payable,57.4,0.0,46.5,75.6,83.2,85.0,86.5,91.8,91.1,102.6,104.3,118.3,299.9,114.1,108.7,125.2,154.7,139.7,140.9,147.0,162.6,151.7,147.4,154.7,189.9,158.2,197.0,210.8,247.7,239.9,257.7,505.7,492.7,461.4,438.5,477.1,529.4,465.4,506.0,495.4,428.6,499.9,514.6,516.2,526.3,547.7,583.9,636.3,749.0,822.2,770.5,809.3,825.9,741.2
accounts receivable,0.0,0.0,0.0,0.0,0.0,313.1,316.5,334.5,370.1,408.8,375.8,390.8,400.4,464.8,411.1,492.1,559.1,583.9,552.4,577.9,597.3,606.5,614.6,629.9,656.0,699.1,727.7,745.5,774.0,817.5,876.5,"1,829.6","1,533.8","1,625.7","1,603.7","1,642.8","1,614.0","1,643.9","1,657.9","1,676.3","1,617.9","1,712.1","1,681.8","1,651.4","1,714.5","1,766.1","1,792.4","1,773.1","1,834.2","2,019.5","2,055.3","2,091.2","2,067.4","2,215.2"
accrued expenses,0.0,0.0,0.0,0.0,0.0,0.0,20.3,14.8,0.0,10.3,0.0,0.0,0.0,0.0,0.0,0.0,0.0,0.0,0.0,0.0,0.0,0.0,0.0,0.0,0.0,0.0,0.0,0.0,0.0,0.0,0.0,0.0,0.0,0.0,0.0,0.0,0.0,0.0,0.0,0.0,0.0,0.0,0.0,0.0,0.0,0.0,0.0,0.0,0.0,0.0,0.0,0.0,0.0,0.0
accrued liabilities,0.0,0.0,0.0,0.0,0.0,106.1,111.5,105.7,147.5,153.8,151.1,155.5,0.0,165.0,177.8,202.0,203.9,192.4,198.4,211.6,168.7,222.1,237.4,239.5,208.5,263.3,265.9,307.6,284.5,302.2,278.5,804.5,934.5,821.7,838.9,893.9,968.3,880.5,864.9,947.5,934.4,933.2,894.1,974.7,742.4,983.3,999.5,979.2,"1,098.4","1,098.8","1,044.8","1,072.8",824.4,"1,148.0"
accumulated depreciation,108.5,0.0,114.7,128.2,142.1,155.8,169.6,186.7,200.4,220.9,240.6,258.9,281.4,305.0,328.7,356.0,377.1,406.0,432.0,412.0,440.3,439.5,461.5,484.6,517.6,547.8,578.5,605.6,643.8,682.2,720.8,792.9,689.3,792.0,"1,017.9","1,117.4","1,213.9","1,323.6","1,429.3","1,539.8","1,655.0","1,775.9","1,885.0","1,991.9","2,106.7","2,217.5","2,291.8","2,389.7","2,513.6","2,638.8","2,760.5","2,876.0","2,993.5","3,121.8"
acquisitions,-59.7,0.0,-40.6,-75.7,-148.2,0.0,0.0,-55.1,-150.9,0.0,-70.1,-127.7,0.0,-147.2,-157.2,-320.2,0.0,-4.0,-5.3,-131.8,0.0,-24.9,0.0,-61.0,-158.4,-17.4,0.0,-316.6,0.0,0.0,0.0,13.0,"-6,908.1",364.0,359.3,365.6,0.0,89.9,89.9,89.5,89.5,0.0,0.0,0.0,0.0,14.6,18.5,172.6,173.4,0.0,-245.2,-312.9,-322.3,-4.8
additional paid-in capital,483.2,0.0,708.3,728.7,998.1,998.1,"1,001.2","1,004.9","1,311.9","1,312.0","1,317.4","1,319.0","1,319.4","1,309.2","1,313.1","1,312.3","1,316.0","1,317.3","1,324.8","1,037.2","1,047.9","1,085.4","1,109.1","1,046.2","1,208.9","1,334.8","1,215.5","1,226.9","1,195.9","1,202.5","1,215.3","1,227.6","1,240.3","1,247.2","1,251.7","1,258.6","1,197.9","1,153.5","1,168.1","1,164.2","1,158.4","1,183.3","1,208.8","1,126.5","1,126.8","1,149.0","1,119.2","1,084.4","1,086.0","1,089.4","1,101.2","1,104.6","1,138.3","1,187.5"
adjustments to revenue,0.0,0.0,0.0,0.0,0.0,0.0,0.0,0.0,0.0,0.0,0.0,0.0,0.0,0.0,0.0,0.0,0.0,0.0,0.0,0.0,0.0,0.0,0.0,0.0,0.0,0.0,0.0,0.0,0.0,0.0,0.0,0.0,0.0,0.0,0.0,0.0,0.0,0.0,0.0,0.0,0.0,0.0,0.0,0.0,0.0,0.0,0.0,0.0,0.0,0.0,0.0,0.0,0.0,0.0
advertising,0.0,0.0,0.0,0.0,0.0,0.0,0.0,0.0,0.0,0.0,0.0,0.0,0.0,0.0,0.0,0.0,0.0,0.0,0.0,0.0,0.0,0.0,0.0,0.0,0.0,0.0,0.0,0.0,0.0,0.0,0.0,0.0,0.0,0.0,0.0,0.0,0.0,0.0,0.0,0.0,0.0,0.0,0.0,0.0,0.0,0.0,0.0,0.0,0.0,0.0,0.0,0.0,0.0,0.0
amortization,0.0,0.0,0.0,0.0,0.0,0.0,0.0,0.0,0.0,0.0,0.0,0.0,0.0,0.0,0.0,0.0,0.0,0.0,0.0,0.0,0.0,0.0,0.0,0.0,0.0,0.0,0.0,0.0,0.0,0.0,0.0,0.0,0.0,0.0,0.0,0.0,0.0,0.0,0.0,0.0,0.0,0.0,0.0,0.0,0.0,0.0,0.0,0.0,0.0,0.0,0.0,0.0,0.0,0.0
amortization of intangibles,0.0,0.0,0.0,0.0,0.0,0.0,0.0,0.0,0.0,0.0,0.0,0.0,0.0,0.0,0.0,0.0,0.0,0.0,0.0,0.0,0.0,0.0,0.0,0.0,0.0,0.0,0.0,0.0,0.0,0.0,0.0,0.0,0.0,0.0,0.0,0.0,0.0,0.0,0.0,0.0,0.0,0.0,0.0,0.0,0.0,0.0,0.0,0.0,0.0,0.0,0.0,0.0,0.0,0.0
asset turnover,0.0,0.0,0.0,0.0,0.7,0.0,0.7,0.7,0.7,0.8,0.8,0.8,0.8,0.8,0.9,0.9,0.9,1.0,1.0,1.0,1.0,1.0,1.0,1.0,1.0,1.0,1.0,1.0,1.0,1.0,1.1,0.7,0.8,1.0,1.1,0.8,0.8,0.8,0.8,0.8,0.9,0.9,0.9,0.9,0.9,0.9,0.9,0.9,0.9,0.9,0.9,0.9,0.8,0.7
auditor name,None,None,None,None,None,None,None,None,None,None,None,None,None,None,None,None,None,None,None,None,None,None,None,None,None,None,None,None,None,None,None,None,None,None,None,None,None,None,None,None,None,None,None,None,None,None,None,None,None,None,None,None,None,None
auditor report,None,None,None,None,None,None,None,None,None,None,None,None,None,None,None,None,None,None,None,None,None,None,None,None,None,None,None,None,None,None,None,None,None,None,None,None,None,None,None,None,None,None,None,None,None,None,None,None,None,None,None,None,None,None
basic earnings indicator,N,Y,Y,Y,Y,Y,Y,Y,Y,Y,Y,Y,Y,Y,Y,Y,Y,Y,Y,Y,Y,Y,Y,Y,Y,Y,Y,Y,Y,Y,Y,Y,Y,Y,Y,Y,Y,Y,Y,Y,Y,Y,Y,Y,Y,Y,Y,Y,Y,Y,Y,Y,Y,Y
book value per share,4.13,0.00,6.13,6.29,8.78,8.90,9.03,9.18,11.33,11.61,11.84,12.01,12.29,12.59,12.91,13.27,13.69,13.93,14.50,13.60,14.15,14.60,15.11,15.26,16.72,17.90,17.90,17.96,18.33,18.79,19.61,19.32,17.89,17.37,19.11,19.59,18.28,18.38,19.80,20.13,20.97,21.53,22.00,22.23,23.63,24.60,25.03,25.87,26.47,27.40,28.55,29.11,29.70,30.60
building and improvements,0.0,0.0,0.0,0.0,0.0,0.0,0.0,0.0,662.9,0.0,0.0,0.0,0.0,0.0,0.0,0.0,"1,092.1",0.0,0.0,0.0,"1,200.7",0.0,0.0,0.0,"1,308.0",0.0,0.0,0.0,"1,634.9",0.0,0.0,0.0,"4,134.7",0.0,0.0,0.0,"4,481.0",0.0,0.0,0.0,"4,806.5",0.0,0.0,0.0,"5,214.1",0.0,0.0,0.0,"5,715.1",0.0,0.0,0.0,"6,086.2",0.0
capital lease obligations,0.0,0.0,0.0,0.0,0.0,0.0,0.0,0.0,0.0,0.0,0.0,0.0,0.0,0.0,0.0,0.0,0.0,0.0,0.0,0.0,0.0,0.0,0.0,0.0,0.0,0.0,0.0,0.0,0.0,0.0,0.0,0.0,0.0,0.0,0.0,0.0,0.0,0.0,0.0,0.0,0.0,0.0,0.0,0.0,0.0,0.0,0.0,0.0,0.0,0.0,0.0,0.0,0.0,0.0
cash as % of revenue,0.4,0.0,0.0,0.0,1.0,1.6,2.4,1.1,0.5,1.3,1.0,5.6,6.0,0.8,1.0,2.4,0.6,0.5,0.6,0.6,2.5,6.3,7.7,5.1,2.8,2.9,0.6,0.3,0.9,1.4,0.5,2.0,1.9,1.9,2.6,3.2,2.0,4.8,2.4,3.7,2.8,3.9,4.4,4.5,2.3,2.0,1.4,1.9,1.0,1.0,0.9,1.8,3.0,2.4
cash at beginning of period,6.7,0.0,4.3,4.3,4.3,13.7,13.7,13.7,13.7,8.4,8.4,8.4,8.4,132.8,132.8,132.8,132.8,16.3,16.3,16.3,16.3,82.5,82.5,82.5,82.5,104.1,104.1,104.1,104.1,40.6,40.6,40.6,40.6,132.9,132.9,132.9,132.9,220.7,220.7,220.7,220.7,344.5,344.5,344.5,344.5,299.2,299.2,299.2,299.2,129.9,129.9,129.9,129.9,387.8
cash end of period,4.3,0.0,6.0,7.9,13.7,23.2,35.7,17.7,8.4,23.7,20.0,117.5,132.8,19.6,25.3,62.6,16.3,16.1,18.6,20.0,82.5,218.4,272.4,184.3,104.1,112.0,24.2,13.4,40.6,62.9,21.4,118.9,132.9,164.4,264.1,341.9,220.7,532.1,268.8,432.8,344.5,480.1,548.8,567.7,299.2,270.7,191.4,266.3,129.9,129.3,115.1,240.7,387.8,285.0
cash flow,64.9,0.0,0.0,0.0,107.2,123.1,137.5,151.7,168.2,184.5,199.4,213.1,223.5,234.6,246.4,260.0,275.2,287.6,299.8,303.4,309.8,307.8,311.9,323.6,333.7,353.1,371.4,346.2,357.0,366.1,373.6,431.7,362.9,439.9,505.6,570.4,725.0,751.2,794.8,832.6,872.9,896.8,920.1,937.1,958.3,965.2,942.1,960.3,935.3,969.3,"1,034.6","1,021.4","1,071.4","1,086.2"
cash flow per share,1.17,0.00,0.00,0.00,1.24,1.43,1.59,1.75,1.71,1.87,2.02,2.16,2.26,2.39,2.50,2.64,2.79,2.89,3.01,3.48,3.54,3.45,3.46,3.66,3.57,3.59,3.92,3.64,3.80,3.86,3.94,4.52,3.79,4.57,5.27,5.96,7.92,8.12,8.57,8.96,9.38,9.47,9.63,10.11,10.34,10.27,10.21,10.58,10.33,10.66,11.38,11.20,11.65,11.55
cash from discontinued financing activities,0.0,0.0,0.0,0.0,0.0,0.0,0.0,0.0,0.0,0.0,0.0,0.0,0.0,0.0,0.0,0.0,0.0,0.0,0.0,0.0,0.0,0.0,0.0,0.0,0.0,0.0,0.0,0.0,0.0,0.0,0.0,0.0,0.0,0.0,0.0,0.0,0.0,0.0,0.0,0.0,0.0,0.0,0.0,0.0,0.0,0.0,0.0,0.0,0.0,0.0,0.0,0.0,0.0,0.0
cash from discontinued investing activities,0.0,0.0,0.0,0.0,0.0,0.0,0.0,0.0,0.0,0.0,0.0,0.0,0.0,0.0,0.0,0.0,0.0,0.0,0.0,0.0,0.0,0.0,0.0,0.0,0.0,0.0,0.0,0.0,0.0,0.0,0.0,0.0,0.0,0.0,0.0,0.0,0.0,0.0,0.0,0.0,0.0,0.0,0.0,0.0,0.0,0.0,0.0,0.0,0.0,0.0,0.0,0.0,0.0,0.0
cash per share,0.08,0.00,0.08,0.10,0.16,0.27,0.41,0.20,0.09,0.24,0.20,1.19,1.34,0.20,0.26,0.64,0.17,0.16,0.19,0.23,0.94,2.45,3.02,2.08,1.11,1.14,0.25,0.14,0.43,0.66,0.23,1.24,1.39,1.71,2.75,3.57,2.41,5.75,2.90,4.66,3.70,5.07,5.74,6.12,3.23,2.88,2.08,2.93,1.43,1.42,1.27,2.64,4.22,3.03
common par,0.6,0.0,0.8,0.8,0.9,0.9,0.9,0.9,1.0,1.0,1.0,1.0,1.0,1.0,1.0,1.0,1.0,1.0,1.0,0.9,0.9,0.9,0.9,0.9,0.9,1.0,1.0,1.0,1.0,1.0,1.0,1.0,1.0,1.0,1.0,1.0,0.9,0.9,0.9,0.9,0.9,1.0,1.0,0.0,0.9,0.9,0.9,0.9,0.9,0.9,0.9,0.9,0.9,1.0
common stock equity,229.7,0.0,456.2,478.0,756.2,767.0,779.8,793.6,"1,115.7","1,143.7","1,169.6","1,186.6","1,214.3","1,237.5","1,271.4","1,307.0","1,350.6","1,387.9","1,445.1","1,185.8","1,240.0","1,301.4","1,363.1","1,350.8","1,564.6","1,763.0","1,698.3","1,708.6","1,723.7","1,780.5","1,861.0","1,846.9","1,710.8","1,671.6","1,834.1","1,875.9","1,672.9","1,699.4","1,836.4","1,870.6","1,950.6","2,038.9","2,102.0","2,062.0","2,189.5","2,311.3","2,309.0","2,348.0","2,397.1","2,490.4","2,596.1","2,654.5","2,731.2","2,878.0"
construction in progress,0.0,0.0,0.0,0.0,0.0,0.0,0.0,0.0,0.0,0.0,0.0,0.0,0.0,0.0,0.0,0.0,0.0,0.0,0.0,0.0,0.0,0.0,0.0,0.0,0.0,0.0,0.0,0.0,0.0,0.0,0.0,0.0,0.0,0.0,0.0,0.0,0.0,0.0,0.0,0.0,0.0,0.0,0.0,0.0,0.0,0.0,0.0,0.0,0.0,0.0,0.0,0.0,0.0,0.0
cost in excess,0.0,0.0,0.0,0.0,0.0,0.0,0.0,986.7,"1,000.9",0.0,0.0,0.0,0.0,0.0,0.0,0.0,0.0,0.0,0.0,0.0,0.0,0.0,0.0,0.0,"1,259.8",0.0,"1,316.9","1,381.1","1,336.5","1,332.4","1,345.0","4,046.8","4,247.7","4,375.3","4,165.0","4,151.5","4,166.1","4,173.4","4,188.0","4,187.7","4,157.9","4,159.1","4,161.2","4,174.0","4,199.9","4,225.8","4,228.0","4,232.9","4,264.8","4,367.8","4,373.0","4,397.5","4,408.1","4,408.4"
cost of sales,0.0,0.0,61.0,67.9,73.4,120.8,124.2,129.9,-51.1,97.9,105.7,0.0,0.0,205.5,212.3,237.7,257.4,429.8,424.0,442.0,454.2,475.5,475.3,482.4,503.8,530.5,545.8,580.2,595.1,626.8,641.1,"1,270.7","1,291.3","1,474.4","1,457.0","1,474.7","1,431.8","1,566.2","1,621.6",428.1,"5,274.1","1,713.3","1,706.4",443.1,459.0,463.5,447.6,459.1,467.7,498.6,489.7,484.2,501.0,497.8
cost of sales with depreciation,0.0,0.0,61.0,67.9,73.4,120.8,124.2,129.9,-51.1,97.9,105.7,0.0,0.0,205.5,212.3,237.7,257.4,429.8,424.0,442.3,454.2,476.4,475.5,482.4,503.8,530.5,545.8,580.2,595.1,626.8,641.1,"1,270.0","1,307.6","1,474.2","1,457.0","1,474.9","1,439.5","1,566.6","1,621.6",428.1,"5,274.1","1,713.3","1,706.4",443.1,459.0,464.2,449.3,459.1,467.9,498.6,489.7,484.2,501.0,497.8
cumulative translation adjustments,0.0,0.0,0.0,0.0,0.0,0.0,0.0,0.0,0.0,0.0,0.0,0.0,0.0,0.0,0.0,0.0,0.0,0.0,0.0,0.0,0.0,0.0,0.0,0.0,0.0,0.0,0.0,0.0,0.0,0.0,0.0,0.0,0.0,0.0,0.0,0.0,0.0,0.0,0.0,0.0,0.0,0.0,0.0,0.0,0.0,0.0,0.0,0.0,0.0,0.0,0.0,0.0,0.0,0.0
current assets per share,5.40,0.00,4.52,5.17,4.74,4.86,4.93,4.95,5.02,5.64,5.24,6.45,6.56,6.13,5.67,6.96,7.05,7.22,7.05,8.47,9.31,10.73,11.32,10.85,9.77,10.11,9.91,10.11,10.86,11.53,11.93,28.34,26.69,27.09,26.09,27.69,28.47,30.57,28.03,30.07,28.75,30.39,31.19,32.18,30.98,30.19,29.65,31.25,31.42,34.11,32.96,35.17,37.18,36.34
current defered income taxes,0.0,0.0,0.0,0.0,0.0,2.2,2.2,2.2,33.4,33.4,33.4,33.4,15.7,15.7,15.7,15.7,0.0,0.0,0.0,0.0,0.0,0.0,0.0,0.0,4.1,4.1,4.1,4.1,13.2,13.2,13.2,53.2,113.7,113.7,88.5,111.1,91.9,91.9,91.9,91.9,80.7,79.0,79.0,78.6,115.8,115.8,115.8,115.8,89.8,89.8,89.8,89.8,117.0,117.0
current deferred income taxes,0.0,0.0,0.0,0.0,0.0,0.0,0.0,0.0,0.0,0.0,0.0,0.0,0.0,0.0,0.0,0.0,0.7,0.7,0.7,0.7,1.3,1.3,1.3,1.3,0.0,0.0,0.0,0.0,0.0,0.0,0.0,0.0,0.0,0.0,0.0,0.0,6.7,6.7,6.7,6.7,28.4,28.4,28.4,28.5,8.9,8.9,8.9,8.9,0.0,0.0,0.0,0.0,0.0,0.0
current liabilities per share,4.23,0.00,2.73,3.08,2.80,2.73,2.97,3.24,3.04,3.82,3.14,3.26,3.22,3.26,3.40,4.01,4.03,3.79,4.08,4.81,4.14,4.74,4.83,4.97,4.67,4.80,5.63,5.75,6.12,6.23,6.44,14.53,15.14,13.54,13.69,14.92,16.76,15.17,15.75,16.79,15.67,16.17,15.71,17.04,17.72,17.09,18.03,18.76,21.10,21.97,20.88,21.73,23.31,21.36
current ratio,1.3,0.0,1.7,1.7,1.7,1.8,1.7,1.5,1.7,1.5,1.7,2.0,2.0,1.9,1.7,1.7,1.7,1.9,1.7,1.8,2.3,2.3,2.3,2.2,2.1,2.1,1.8,1.8,1.8,1.8,1.9,2.0,1.8,2.0,1.9,1.9,1.7,2.0,1.8,1.8,1.8,1.9,2.0,1.9,1.7,1.8,1.6,1.7,1.5,1.6,1.6,1.6,1.6,1.7
decrease (increase) in other current liabilities,2.3,0.0,-37.5,-30.9,-30.9,0.0,0.0,0.0,0.0,0.0,0.0,0.0,0.0,0.0,15.7,0.0,0.0,0.0,14.5,0.0,0.0,0.0,28.0,23.4,0.0,0.0,0.0,0.0,0.0,0.0,0.0,0.0,0.0,0.0,0.0,0.0,0.0,0.0,0.0,0.0,0.0,0.0,0.0,0.0,0.0,0.0,0.0,0.0,0.0,0.0,0.0,0.0,0.0,0.0
decrease (increase) in other working capital,0.0,0.0,0.0,-15.7,-14.9,0.0,2.1,-10.4,8.7,0.0,2.9,10.0,27.1,10.2,0.0,26.0,34.4,8.9,0.0,21.3,36.0,8.0,0.0,0.0,25.0,2.2,0.0,2.4,21.5,4.4,6.5,13.6,16.5,21.1,0.0,0.0,65.7,2.3,13.3,3.5,-22.1,-1.1,12.4,10.1,-3.0,-0.7,1.1,-6.6,-27.8,30.7,15.3,7.1,17.4,4.7
decrease (increase) in payables,-28.1,0.0,-30.5,-10.4,17.9,0.0,2.7,3.0,-27.0,30.3,26.4,41.9,26.0,-4.7,19.7,59.1,34.7,-3.8,36.4,36.9,-23.3,66.0,90.9,95.3,85.0,28.4,70.0,56.0,52.2,45.7,46.4,45.8,126.0,-82.0,83.9,185.0,119.6,68.2,72.0,195.0,86.1,167.5,114.1,172.7,162.0,-14.9,129.5,146.2,246.1,96.1,51.8,103.2,246.3,-97.7
deferred income taxes,-3.8,0.0,0.0,0.0,17.2,0.0,0.0,0.0,25.3,0.0,0.0,0.0,38.2,0.0,0.2,0.2,61.6,0.0,0.0,0.0,41.9,0.0,0.0,0.0,9.9,0.0,0.0,0.0,-25.2,0.0,0.0,0.0,-39.9,0.0,0.0,0.0,159.9,0.0,0.0,0.0,34.3,0.0,0.0,0.0,97.4,0.0,0.0,0.0,107.0,0.0,0.0,0.0,53.4,0.0
deferred revenues,0.0,0.0,0.0,0.0,0.0,0.0,0.0,0.0,0.0,0.0,0.0,0.0,0.0,0.0,0.0,0.0,0.0,0.0,0.0,0.0,0.0,0.0,0.0,0.0,0.0,0.0,0.0,0.0,0.0,0.0,0.0,0.0,0.0,0.0,0.0,0.0,0.0,0.0,0.0,0.0,0.0,0.0,0.0,0.0,0.0,0.0,0.0,0.0,0.0,0.0,0.0,0.0,0.0,0.0
depreciation,81.7,0.0,46.3,71.5,97.6,28.5,57.2,87.8,119.7,28.5,57.4,86.4,118.2,33.2,67.6,104.0,143.8,38.5,77.2,116.8,158.4,41.1,81.9,122.4,166.2,42.5,89.7,139.6,188.8,51.3,104.6,210.4,332.6,122.5,247.4,378.1,506.7,135.9,278.3,421.9,566.5,147.7,301.1,452.2,609.8,161.3,324.4,485.9,657.7,174.4,354.2,536.4,725.6,192.2
depreciation (unrecognized),0.0,0.0,23.7,25.2,26.1,28.5,21.6,23.3,24.5,28.5,29.0,29.0,31.8,33.2,34.4,36.4,39.8,38.5,38.7,39.3,41.6,40.2,40.5,40.5,43.8,42.5,47.2,50.0,49.1,51.3,53.3,106.4,105.8,122.7,124.9,130.5,120.9,135.5,142.4,143.6,144.6,147.7,153.4,151.1,157.7,160.7,161.4,161.5,171.6,174.4,179.8,182.2,189.2,192.2
domestic sales,0.0,0.0,0.0,0.0,0.0,0.0,0.0,0.0,0.0,0.0,0.0,0.0,0.0,0.0,0.0,0.0,0.0,0.0,0.0,0.0,0.0,0.0,0.0,0.0,0.0,0.0,0.0,0.0,0.0,0.0,0.0,0.0,0.0,0.0,0.0,0.0,0.0,0.0,0.0,0.0,0.0,0.0,0.0,0.0,0.0,0.0,0.0,0.0,0.0,0.0,0.0,0.0,0.0,0.0
earnings from equity interest,0.0,0.0,0.0,0.0,0.0,0.0,0.0,0.0,0.0,0.0,0.0,0.0,0.0,0.0,0.0,0.0,0.0,0.0,0.0,0.0,0.0,0.0,0.0,0.0,0.0,0.0,0.0,0.0,0.0,0.0,0.0,14.3,10.8,12.9,10.5,8.7,10.0,12.9,11.8,7.0,-68.2,12.6,11.0,9.5,12.3,18.1,12.0,8.2,11.1,12.0,13.2,7.4,9.4,15.7
earnings period indicator,F,Q,S,N,F,Q,S,N,F,Q,S,N,F,Q,S,N,F,Q,S,N,F,Q,S,N,F,Q,S,N,F,Q,S,N,F,Q,S,N,F,Q,S,N,F,Q,S,N,F,Q,S,N,F,Q,S,N,F,Q
effect exchange rate changes,0.0,0.0,0.0,0.0,0.0,0.0,0.0,0.0,0.0,0.0,0.0,0.0,0.0,0.0,0.0,0.0,0.0,0.0,0.0,0.0,0.0,0.0,0.0,0.0,0.0,0.0,0.0,0.0,0.0,0.0,0.0,0.0,0.0,0.0,0.0,0.0,0.0,0.0,0.0,0.0,0.0,0.0,0.0,0.0,0.0,0.0,0.0,0.0,0.0,0.0,0.0,0.0,0.0,0.0
effective tax rate,0.0,0.0,0.0,0.0,0.0,0.0,0.0,0.0,0.0,0.0,43.4,42.0,40.6,40.3,40.0,39.7,39.8,39.7,39.6,39.4,39.0,38.8,38.5,38.5,38.5,38.5,38.5,38.4,38.0,37.9,37.9,37.3,36.2,33.3,31.0,32.5,34.4,34.1,33.7,33.4,31.7,31.4,31.2,31.2,31.5,31.6,31.6,30.3,29.1,28.8,29.0,29.6,31.3,31.7
excise taxes,0.0,0.0,0.0,0.0,0.0,0.0,0.0,0.0,0.0,0.0,0.0,0.0,0.0,0.0,0.0,0.0,0.0,0.0,0.0,0.0,0.0,0.0,0.0,0.0,0.0,0.0,0.0,0.0,0.0,0.0,0.0,0.0,0.0,0.0,0.0,0.0,0.0,0.0,0.0,0.0,0.0,0.0,0.0,0.0,0.0,0.0,0.0,0.0,0.0,0.0,0.0,0.0,0.0,0.0
extraordinary gains,0.0,0.0,0.0,0.0,0.0,0.0,0.0,0.0,0.0,0.0,0.0,0.0,0.0,0.0,0.0,0.0,0.0,0.0,0.0,0.0,0.0,0.0,0.0,0.0,0.0,0.0,0.0,0.0,0.0,0.0,0.0,0.0,0.0,0.0,0.0,0.0,0.0,0.0,0.0,0.0,0.0,0.0,0.0,0.0,0.0,0.0,0.0,0.0,0.0,0.0,0.0,0.0,0.0,0.0
extraordinary income/losses,0.0,0.0,0.0,0.0,0.0,0.0,0.0,0.0,0.0,0.0,0.0,0.0,0.0,0.0,0.0,0.0,0.0,0.0,0.0,0.0,0.0,0.0,0.0,0.0,0.0,0.0,0.0,0.0,0.0,0.0,0.0,0.0,0.0,0.0,0.0,0.0,0.0,0.0,0.0,0.0,0.0,0.0,0.0,0.0,0.0,0.0,0.0,0.0,0.0,0.0,0.0,0.0,0.0,0.0
foreign sales,0.0,0.0,0.0,0.0,0.0,0.0,0.0,0.0,0.0,0.0,0.0,0.0,0.0,0.0,0.0,0.0,0.0,0.0,0.0,0.0,0.0,0.0,0.0,0.0,0.0,0.0,0.0,0.0,0.0,0.0,0.0,0.0,0.0,0.0,0.0,0.0,0.0,0.0,0.0,0.0,0.0,0.0,0.0,0.0,0.0,0.0,0.0,0.0,0.0,0.0,0.0,0.0,0.0,0.0
free cash flow,-151.7,0.0,-99.0,-144.4,-188.2,13.0,6.4,-5.8,-79.8,-25.7,14.7,-13.3,181.5,-171.0,-72.2,-224.6,-353.2,17.8,117.6,5.2,27.2,90.7,152.9,141.9,64.3,33.7,-67.1,-207.2,-258.9,31.5,-80.8,"-6,843.0","-6,743.1",235.8,500.4,592.0,156.3,189.7,134.0,380.2,266.3,172.6,246.1,407.1,205.0,-12.5,17.4,200.6,187.1,-304.2,-183.4,-153.2,98.1,-75.7
free cash flow per share,-2.73,0.00,-1.33,-1.90,-2.19,0.15,0.07,-0.07,-0.81,-0.26,0.15,-0.13,1.84,-1.74,-0.73,-2.28,-3.58,0.18,1.18,0.06,0.31,1.02,1.69,1.60,0.69,0.34,-0.71,-2.18,-2.75,0.33,-0.85,-71.58,-70.51,2.45,5.21,6.18,1.71,2.05,1.44,4.09,2.86,1.82,2.58,4.39,2.21,-0.13,0.19,2.21,2.07,-3.35,-2.02,-1.68,1.07,-0.81
gross fixed assets,731.8,0.0,766.9,805.7,850.2,874.8,936.3,964.6,"1,067.0","1,142.0","1,178.2","1,240.6","1,310.7","1,435.2","1,463.1","1,606.8","1,772.5","1,804.4","1,840.1","1,890.7","1,924.8","1,916.7","1,945.9","1,984.3","2,128.6","2,175.2","2,335.8","2,451.7","2,630.4","2,667.9","2,810.0","6,670.3","6,201.9","6,230.4","6,639.7","6,861.9","7,082.9","7,191.9","7,505.4","7,593.1","7,787.3","7,887.0","7,970.0","8,135.5","8,564.2","8,664.0","8,798.3","8,963.7","9,369.5","9,640.6","9,808.8","9,981.8","10,145.4","10,216.9"
gross margin,0.0,0.0,256.1,274.5,295.9,277.8,276.7,286.7,528.6,435.6,424.8,552.8,583.5,453.8,445.0,485.3,537.7,392.6,389.6,402.1,417.5,438.6,443.5,446.9,478.2,496.1,515.2,543.3,559.4,577.2,608.0,"1,081.4","1,043.5","1,253.1","1,233.6","1,298.2","1,217.2","1,326.2","1,395.3","2,658.6","-2,183.0","1,447.4","1,464.7","2,808.9","2,943.7","2,941.8","2,986.2","2,976.9","2,934.5","2,798.5","2,753.2","3,212.4","1,301.4","2,813.9"
gross profit margin,80.6,0.0,0.0,0.0,80.6,77.4,74.4,71.7,80.9,83.5,85.6,92.7,0.0,86.6,83.0,75.0,67.8,62.1,57.2,52.6,47.9,47.9,48.0,48.1,48.3,48.3,48.4,48.5,48.4,48.3,48.4,47.4,46.4,46.0,45.6,45.9,46.1,46.1,46.2,56.7,46.1,26.9,27.1,27.9,86.4,76.8,86.6,86.6,86.6,86.2,85.7,85.8,84.9,83.6
income before income taxes,0.0,0.0,0.0,0.0,0.0,0.0,19.5,19.9,33.9,46.4,41.3,43.2,47.7,55.9,51.0,52.8,59.9,67.4,63.6,61.7,66.3,78.2,75.5,72.1,82.9,93.6,85.2,13.3,86.1,88.3,87.4,25.9,-98.8,83.7,80.9,83.6,87.9,106.7,111.7,112.4,115.5,125.1,127.9,126.3,129.0,134.9,137.7,132.5,67.6,145.5,151.7,84.5,122.1,144.0
income from cum. effect of acct. change,0.0,0.0,0.0,0.0,0.0,0.0,0.0,0.0,0.0,0.0,0.0,0.0,0.0,0.0,0.0,0.0,0.0,0.0,0.0,0.0,0.0,0.0,0.0,0.0,0.0,0.0,0.0,0.0,0.0,0.0,0.0,0.0,0.0,0.0,0.0,0.0,0.0,0.0,0.0,0.0,0.0,0.0,0.0,0.0,0.0,0.0,0.0,0.0,0.0,0.0,0.0,0.0,0.0,0.0
income from tax loss carryforward,0.0,0.0,0.0,0.0,0.0,0.0,0.0,0.0,0.0,0.0,0.0,0.0,0.0,0.0,0.0,0.0,0.0,0.0,0.0,0.0,0.0,0.0,0.0,0.0,0.0,0.0,0.0,0.0,0.0,0.0,0.0,0.0,0.0,0.0,0.0,0.0,0.0,0.0,0.0,0.0,0.0,0.0,0.0,0.0,0.0,0.0,0.0,0.0,0.0,0.0,0.0,0.0,0.0,0.0
income per employee,-1942,None,None,None,680,None,None,None,3678,None,None,None,7064,None,None,None,6509,None,None,None,7246,None,None,None,7757,None,None,None,6232,None,None,None,513,None,None,None,3928,None,None,None,5232,None,None,None,5444,None,None,None,4206,None,None,None,4803,None
income taxes,0.0,0.0,3.2,3.9,7.1,10.3,9.9,9.8,15.9,19.3,17.1,17.8,19.3,22.4,20.4,21.1,24.3,26.7,25.2,24.0,25.7,30.5,29.4,28.1,32.1,36.3,32.9,5.1,32.4,34.0,33.7,9.6,-34.3,32.2,31.1,32.2,33.9,35.5,37.2,37.1,31.4,40.1,41.6,41.5,36.8,43.8,44.8,36.7,12.0,45.8,49.5,25.7,36.5,47.7
"income, acquired in process r&a;",0.0,0.0,0.0,0.0,0.0,0.0,0.0,0.0,0.0,0.0,0.0,0.0,0.0,0.0,0.0,0.0,0.0,0.0,0.0,0.0,0.0,0.0,0.0,0.0,0.0,0.0,0.0,0.0,0.0,0.0,0.0,0.0,0.0,0.0,0.0,0.0,0.0,0.0,0.0,0.0,0.0,0.0,0.0,0.0,0.0,0.0,0.0,0.0,0.0,0.0,0.0,0.0,0.0,0.0
intangibles,877.9,0.0,874.2,910.9,985.6,981.6,991.6,0.0,0.0,"1,013.4","1,021.0","1,048.4","1,030.0","1,084.4","1,091.9","1,154.5","1,155.8","1,159.3","1,158.6","1,213.5","1,213.8","1,205.1","1,217.5","1,236.6",0.0,"1,267.6",0.0,7.2,0.0,0.0,0.0,0.0,0.0,0.0,0.0,0.0,0.0,0.0,0.0,0.0,0.0,0.0,0.0,0.0,0.0,0.0,0.0,0.0,0.0,0.0,"1,454.6","1,530.5","1,627.2","1,674.9"
intangibles as % of book-value,382.2,0.0,191.6,190.6,130.3,128.0,127.1,124.3,89.7,88.6,87.3,88.4,84.8,87.6,85.9,88.3,85.6,83.5,80.2,102.3,97.9,92.6,89.3,91.5,80.5,71.9,77.5,81.3,77.5,74.8,72.3,219.1,248.3,261.7,227.1,221.3,249.0,245.6,228.1,223.9,213.2,204.0,198.0,202.4,191.8,182.8,183.1,180.3,177.9,175.4,224.5,223.3,221.0,211.4
interest as % of invested capital,7.1,0.0,0.0,0.0,6.5,6.2,5.7,5.3,4.5,3.9,3.4,2.8,2.6,2.5,2.6,2.5,2.5,2.6,2.7,2.6,2.6,2.7,2.8,2.9,2.9,2.9,2.8,2.8,2.8,3.0,3.1,2.1,3.4,4.7,5.8,6.1,6.2,6.1,6.2,6.1,6.0,6.0,5.9,6.0,5.9,5.9,5.9,5.9,5.8,5.4,5.3,5.2,5.1,5.1
interest coverage (cont. operations),0.9,0.0,0.0,0.0,1.2,1.4,1.5,1.7,2.0,2.4,2.9,3.5,3.8,4.0,4.1,4.1,4.1,4.2,4.3,4.4,4.3,4.3,4.2,4.2,4.3,4.5,4.5,3.8,3.7,3.5,3.3,2.2,1.3,1.2,1.1,1.2,1.5,1.5,1.6,1.6,1.7,1.7,1.7,1.8,1.8,1.8,1.8,1.8,1.7,1.8,1.8,1.7,1.8,1.8
interest expense,0.0,0.0,32.6,32.4,29.7,27.6,25.6,23.5,18.2,16.7,16.5,14.8,14.8,17.0,16.7,18.5,18.9,18.8,18.5,19.2,22.1,22.8,23.0,24.2,24.7,21.8,23.9,27.5,29.1,30.4,31.2,139.5,163.5,165.7,154.4,167.8,171.1,163.8,161.5,161.8,165.3,160.5,161.8,164.0,167.4,164.2,163.2,159.5,163.1,152.2,151.6,158.6,160.6,156.4
interest income,0.0,0.0,0.0,0.0,0.0,0.0,0.0,0.0,0.4,0.0,0.0,0.0,0.0,0.0,0.0,0.0,0.0,0.0,0.0,0.0,0.5,0.0,0.0,0.0,0.0,0.0,0.0,0.0,0.0,0.0,0.0,0.0,0.0,0.0,0.0,0.0,7.1,0.0,0.0,0.0,3.6,0.0,0.0,0.0,1.8,0.0,0.0,0.0,4.7,0.0,0.0,0.0,0.0,0.0
inventories,32.1,0.0,60.6,36.7,39.7,40.2,41.9,42.7,47.5,50.0,53.8,56.5,60.5,63.8,64.2,70.5,77.4,79.2,82.8,85.7,88.3,86.3,88.6,90.2,95.2,94.9,102.9,106.7,113.3,113.3,122.0,274.5,262.9,264.1,266.4,267.3,272.9,275.4,286.6,289.1,302.6,303.5,307.4,313.8,329.1,329.3,342.3,336.5,346.6,354.1,358.6,365.0,368.2,371.1
"inventories, finished goods",0.0,0.0,0.0,0.0,0.0,0.0,0.0,0.0,0.0,0.0,0.0,0.0,0.0,0.0,0.0,0.0,0.0,0.0,0.0,0.0,0.0,0.0,0.0,0.0,0.0,0.0,0.0,0.0,0.0,0.0,0.0,0.0,0.0,0.0,0.0,0.0,0.0,0.0,0.0,0.0,0.0,0.0,0.0,0.0,0.0,0.0,0.0,0.0,0.0,0.0,0.0,0.0,0.0,0.0
"inventories, other",0.0,0.0,0.0,0.0,0.0,40.2,41.9,42.7,47.5,50.0,53.8,56.5,60.5,63.8,64.2,70.5,77.4,79.2,82.8,85.7,88.3,86.3,88.6,90.2,95.2,94.9,102.9,106.7,113.3,113.3,122.0,274.5,262.9,264.1,266.4,267.3,272.9,0.0,0.0,0.0,0.0,0.0,0.0,0.0,0.0,0.0,0.0,0.0,0.0,0.0,0.0,0.0,0.0,0.0
"inventories, purchased components",0.0,0.0,0.0,0.0,0.0,0.0,0.0,0.0,0.0,0.0,0.0,0.0,0.0,0.0,0.0,0.0,0.0,0.0,0.0,0.0,0.0,0.0,0.0,0.0,0.0,0.0,0.0,0.0,0.0,0.0,0.0,0.0,0.0,0.0,0.0,0.0,0.0,275.4,286.6,289.1,302.6,303.5,307.4,0.0,329.1,329.3,342.3,0.0,346.6,354.1,358.6,0.0,368.2,371.1
"inventories, raw materials",0.0,0.0,0.0,0.0,0.0,0.0,0.0,0.0,0.0,0.0,0.0,0.0,0.0,0.0,0.0,0.0,0.0,0.0,0.0,0.0,0.0,0.0,0.0,0.0,0.0,0.0,0.0,0.0,0.0,0.0,0.0,0.0,0.0,0.0,0.0,0.0,0.0,0.0,0.0,0.0,0.0,0.0,0.0,313.8,0.0,0.0,0.0,336.5,0.0,0.0,0.0,365.0,0.0,0.0
"inventories, work in progress",0.0,0.0,0.0,0.0,0.0,0.0,0.0,0.0,0.0,0.0,0.0,0.0,0.0,0.0,0.0,0.0,0.0,0.0,0.0,0.0,0.0,0.0,0.0,0.0,0.0,0.0,0.0,0.0,0.0,0.0,0.0,0.0,0.0,0.0,0.0,0.0,0.0,0.0,0.0,0.0,0.0,0.0,0.0,0.0,0.0,0.0,0.0,0.0,0.0,0.0,0.0,0.0,0.0,0.0
inventory as % of revenue,3.0,0.0,0.0,0.0,3.0,2.8,2.8,2.7,2.8,2.7,2.7,2.7,2.7,2.7,2.6,2.7,2.7,2.6,2.6,2.6,2.6,2.5,2.5,2.5,2.5,2.5,2.6,2.5,2.6,2.5,2.6,4.6,3.7,3.0,2.6,2.5,2.5,2.5,2.5,2.5,2.5,2.5,2.5,2.5,2.5,2.5,2.5,2.5,2.5,2.6,2.7,2.7,2.8,3.1
inventory turnover,0.0,0.0,0.0,0.0,7.2,0.0,7.5,11.3,7.4,6.7,5.9,3.1,0.0,5.5,7.1,10.3,13.2,15.9,18.4,19.9,21.0,21.7,21.5,21.5,21.1,22.0,21.5,21.9,21.6,22.6,21.7,16.4,20.3,24.8,28.3,21.0,21.8,22.0,22.0,18.1,22.7,31.2,30.7,30.3,5.6,9.7,5.6,5.6,5.4,5.5,5.5,5.5,5.5,5.4
invested capital,"1,637.3",0.0,"1,752.6","1,846.7","1,957.8","1,971.6","2,009.3","2,005.2","2,095.7","2,152.6","2,195.0","2,365.0","2,388.2","2,490.1","2,439.6","2,678.1","2,795.6","2,829.2","2,798.9","2,946.3","3,044.9","3,096.3","3,154.3","3,138.1","3,213.1","3,279.3","3,355.3","3,495.0","3,629.5","3,681.3","3,835.2","10,930.3","10,788.2","10,557.9","10,724.0","10,764.7","10,610.8","10,774.4","10,720.2","10,735.3","10,795.3","10,870.7","10,921.1","10,878.2","10,997.8","11,105.5","11,090.5","11,116.7","11,179.9","11,734.0","11,837.6","12,127.4","12,182.6","12,302.4"
issuance of capital stock,2.2,0.0,225.2,245.7,515.2,0.0,2.3,5.7,309.1,0.0,5.4,2.4,2.5,0.1,0.8,1.5,4.3,1.0,1.9,4.1,9.9,16.0,35.9,0.0,49.6,6.3,8.7,12.6,14.6,3.3,6.7,7.8,8.2,0.1,1.4,1.7,1.8,0.0,3.4,10.0,12.8,24.0,53.6,53.8,56.9,18.1,18.8,18.9,18.9,0.3,1.3,5.8,20.9,73.4
issuance of debt,436.3,0.0,137.7,196.7,241.3,20.0,69.0,70.0,412.2,56.9,55.9,905.9,905.9,80.0,80.0,280.0,390.7,34.4,45.6,"1,632.9","2,025.8",0.0,0.0,40.1,0.0,0.0,176.0,479.0,"1,031.0",0.0,132.0,"9,233.3","9,221.6",25.0,22.7,30.6,131.3,200.0,200.0,200.0,200.0,0.0,0.0,0.0,0.0,0.0,0.0,83.0,"1,578.2","5,640.0","6,569.3","10,049.4","8,150.9",400.9
land and improvements,0.0,0.0,0.0,0.0,0.0,0.0,0.0,0.0,67.3,0.0,0.0,0.0,0.0,0.0,0.0,0.0,101.0,0.0,0.0,0.0,107.7,0.0,0.0,0.0,121.6,0.0,0.0,0.0,164.0,0.0,0.0,0.0,460.5,0.0,0.0,0.0,508.7,0.0,0.0,0.0,537.3,0.0,0.0,0.0,547.2,0.0,0.0,0.0,591.5,0.0,0.0,0.0,615.0,0.0
leverage ratio,8.2,0.0,4.3,4.4,2.9,2.9,2.9,2.9,2.2,2.3,2.2,2.3,2.3,2.4,2.3,2.4,2.5,2.4,2.3,3.0,2.9,2.9,2.8,2.8,2.5,2.3,2.5,2.5,2.6,2.6,2.6,7.3,7.9,8.0,7.3,7.2,8.3,8.2,7.6,7.5,7.2,7.0,6.8,7.0,6.7,6.4,6.4,6.3,6.3,6.4,6.1,6.1,6.1,5.8
loans receivable,0.0,0.0,0.0,0.0,0.0,0.0,0.0,0.0,0.0,0.0,0.0,0.0,0.0,0.0,0.0,0.0,0.0,0.0,0.0,0.0,0.0,0.0,0.0,0.0,0.0,0.0,0.0,0.0,0.0,0.0,0.0,0.0,0.0,0.0,0.0,0.0,0.0,0.0,0.0,0.0,0.0,0.0,0.0,0.0,0.0,0.0,0.0,0.0,0.0,0.0,0.0,0.0,0.0,0.0
long-term debt,"1,407.6",0.0,"1,296.4","1,368.8","1,201.6","1,204.6","1,229.5","1,211.6",980.1,"1,008.9","1,025.4","1,178.3","1,173.9","1,252.7","1,168.2","1,371.1","1,445.0","1,441.3","1,353.8","1,760.5","1,804.9","1,794.9","1,791.2","1,787.3","1,648.5","1,516.3","1,657.0","1,786.4","1,905.8","1,900.8","1,974.2","9,083.4","9,077.4","8,886.4","8,889.9","8,888.8","8,938.0","9,075.0","8,883.8","8,864.7","8,844.6","8,831.8","8,819.2","8,816.2","8,808.4","8,794.1","8,781.4","8,768.7","8,782.8","9,243.6","9,241.5","9,472.9","9,451.4","9,424.4"
long-term debt per share,25.31,0.00,17.43,18.00,13.95,13.99,14.24,14.01,9.95,10.24,10.38,11.93,11.88,12.75,11.86,13.92,14.64,14.46,13.58,20.19,20.60,20.14,19.85,20.19,17.62,15.40,17.47,18.78,20.26,20.06,20.80,95.01,94.92,92.35,92.63,92.82,97.67,98.13,95.81,95.39,95.06,93.27,92.28,95.06,95.05,93.60,95.21,96.59,96.97,101.71,101.62,103.88,102.79,100.19
marketable securities,0.0,0.0,0.0,0.0,0.0,0.0,0.0,0.0,0.0,0.0,0.0,0.0,0.0,0.0,0.0,0.0,0.0,0.0,0.0,0.0,0.0,0.0,0.0,0.0,0.0,0.0,0.0,0.0,0.0,0.0,0.0,0.0,0.0,0.0,0.0,0.0,0.0,0.0,0.0,0.0,0.0,0.0,0.0,0.0,0.0,0.0,0.0,0.0,0.0,0.0,0.0,0.0,0.0,0.0
minority interest,0.0,0.0,0.0,0.0,0.0,0.0,0.0,0.0,0.0,0.8,0.8,0.3,0.4,0.4,0.7,0.7,0.3,0.4,0.6,0.1,0.5,0.9,1.1,0.7,0.4,0.6,0.5,0.6,1.1,0.2,0.6,4.5,10.7,9.7,8.3,10.4,11.7,14.0,14.6,15.6,19.0,15.0,16.3,14.5,22.7,17.0,18.2,18.3,22.2,23.8,18.8,14.5,23.1,17.1
minority interest liability,0.0,0.0,0.0,0.0,0.0,0.0,0.0,0.0,0.0,0.0,0.0,0.0,0.0,0.0,0.0,0.0,0.0,0.0,0.0,0.0,0.0,0.0,0.0,0.0,0.0,0.0,0.0,0.0,0.0,0.0,0.0,373.0,366.1,384.1,320.6,343.5,325.2,78.7,81.0,78.6,64.8,62.0,61.6,64.3,60.9,60.9,61.3,61.0,67.3,61.7,64.7,58.3,65.3,62.6
net cash from continuing operations,-11.7,0.0,-34.4,-32.0,23.0,31.6,95.5,114.1,154.4,48.9,135.8,196.9,285.5,8.5,151.3,198.4,243.7,61.7,206.0,263.2,325.8,148.7,276.4,335.8,411.0,90.8,207.0,268.1,350.3,120.3,216.0,404.7,687.7,8.9,416.8,685.1,"1,057.3",259.4,544.4,900.8,"1,076.4",299.4,541.8,898.4,"1,188.7",187.5,584.7,820.2,"1,261.9",187.3,482.9,777.9,"1,280.1",57.2
net cash from discontinued operations,0.0,0.0,0.0,0.0,0.0,0.0,0.0,0.0,0.0,0.0,0.0,0.0,0.0,0.0,0.0,0.0,0.0,0.0,0.0,0.0,0.0,0.0,0.0,0.0,0.0,0.0,0.0,0.0,0.0,0.0,0.0,0.0,0.0,0.0,0.0,0.0,0.0,0.0,0.0,0.0,0.0,0.0,0.0,0.0,0.0,0.0,0.0,0.0,0.0,0.0,0.0,0.0,0.0,0.0
net fixed assets,623.3,0.0,652.2,677.5,708.1,719.0,766.7,777.9,866.5,921.1,937.6,981.7,"1,029.3","1,130.3","1,134.4","1,250.8","1,395.3","1,398.4","1,408.1","1,478.7","1,484.5","1,477.2","1,484.5","1,499.7","1,611.0","1,627.5","1,757.2","1,846.1","1,986.6","1,985.7","2,089.1","5,877.4","5,512.6","5,438.4","5,621.8","5,744.5","5,869.1","5,868.3","6,076.1","6,053.3","6,132.2","6,111.1","6,085.0","6,143.6","6,457.5","6,446.4","6,506.4","6,573.9","6,856.0","7,001.9","7,048.2","7,105.8","7,151.9","7,095.1"
net income (continuing operations),0.0,-0.9,0.2,1.3,7.2,10.8,9.7,10.0,18.0,27.2,24.2,25.4,28.4,33.5,30.6,31.7,35.6,40.7,38.4,37.6,40.6,47.7,46.2,44.1,50.8,57.3,52.4,8.2,53.6,54.3,53.8,16.3,-64.5,51.5,49.8,51.4,54.0,71.1,74.5,75.4,84.1,85.0,86.3,84.9,92.2,91.1,92.9,95.8,55.6,99.7,102.2,58.8,85.6,96.3
net income (discontinued operations),0.0,0.0,0.0,0.0,0.0,0.0,0.0,0.0,0.0,0.0,0.0,0.0,0.0,0.0,0.0,0.0,0.0,0.0,0.0,-5.6,-0.4,-11.7,-5.6,-1.2,-2.7,-3.2,0.0,0.0,0.0,0.0,0.0,-5.8,-23.7,8.6,-1.9,-1.0,5.9,1.8,-0.5,0.0,0.0,0.0,0.0,0.0,0.0,-12.8,-39.3,-3.2,-2.5,-0.5,0.0,0.0,0.0,0.0
net income available for common,0.0,0.0,0.2,1.3,7.2,10.8,9.7,10.0,18.0,27.2,24.2,25.4,28.4,33.5,30.6,31.7,35.6,40.7,38.4,37.6,40.6,47.7,46.2,44.1,50.8,57.3,52.4,8.2,53.6,54.3,53.8,16.3,-64.5,51.5,49.8,51.4,54.0,71.1,74.5,75.4,84.1,85.0,86.3,84.9,92.2,91.1,92.9,95.8,55.6,99.7,102.2,58.8,85.6,96.3
net income/loss,-16.8,0.0,1.1,2.4,9.6,10.8,20.5,30.5,44.7,27.2,51.4,71.6,100.0,33.5,64.2,95.8,131.5,40.7,79.2,111.2,151.4,36.0,76.5,119.4,167.5,54.0,106.4,114.6,168.3,54.3,108.1,118.5,30.3,60.1,108.0,158.4,218.3,58.9,146.9,222.3,306.4,85.0,171.3,256.2,348.4,78.3,131.9,224.5,277.6,99.3,201.4,260.2,345.8,96.3
net profit margin,-1.6,0.0,0.0,0.0,0.7,1.4,1.9,2.4,2.9,3.5,4.1,4.5,4.8,4.8,4.8,4.7,4.6,4.6,4.6,4.5,4.5,4.3,4.2,4.4,4.5,4.8,4.9,3.9,3.9,3.7,3.6,2.9,0.4,0.4,0.3,0.7,2.0,2.1,2.3,2.4,2.5,2.6,2.6,2.7,2.7,2.6,2.3,2.3,2.0,2.2,2.6,2.3,2.7,2.8
non-current deferred income taxes,0.0,0.0,0.0,0.0,0.0,0.0,0.0,0.0,0.0,0.0,0.0,0.0,0.0,0.0,0.0,0.0,0.0,0.0,0.0,0.0,0.0,0.0,0.0,0.0,0.0,0.0,0.0,0.0,0.0,0.0,0.0,0.0,0.0,0.0,0.0,0.0,0.0,0.0,0.0,0.0,0.0,0.0,0.0,0.0,0.0,0.0,0.0,0.0,0.0,0.0,0.0,0.0,0.0,0.0
normalized income,0.0,0.0,0.2,1.3,7.2,10.8,9.7,10.0,18.0,27.2,24.2,25.4,28.4,33.5,30.6,31.7,35.6,40.7,38.4,38.4,40.6,47.7,46.2,44.1,50.8,57.3,52.4,8.2,53.6,54.3,53.8,43.6,-64.4,52.8,49.8,51.4,52.7,71.1,74.5,75.4,84.1,85.0,86.3,84.9,92.2,91.1,92.9,95.8,55.6,73.6,102.2,28.1,159.2,96.3
normalized income per employee,-1942,None,None,None,680,None,None,None,3678,None,None,None,7064,None,None,None,6509,None,None,None,7608,None,None,None,8803,None,None,None,6351,None,None,None,1479,None,None,None,3718,None,None,None,5205,None,None,None,5444,None,None,None,5089,None,None,None,4809,None
normalized net profit margin,-1.6,0.0,0.0,0.0,0.7,1.4,1.9,2.4,2.9,3.5,4.1,4.5,4.8,4.8,4.8,4.7,4.6,4.6,4.6,4.7,4.8,4.8,4.9,4.9,5.1,5.1,5.1,4.0,3.9,3.7,3.6,3.4,1.2,1.0,0.8,0.9,1.9,2.0,2.2,2.3,2.5,2.6,2.6,2.7,2.7,2.7,2.7,2.7,2.5,2.3,2.4,1.9,2.7,3.2
notes payable,0.0,0.0,0.0,0.0,0.0,0.0,0.0,0.0,0.0,0.0,0.0,0.0,0.0,0.0,0.0,0.0,0.0,0.0,0.0,0.0,0.0,0.0,0.0,0.0,0.0,0.0,0.0,0.0,0.0,0.0,0.0,0.0,0.0,0.0,0.0,0.0,0.0,0.0,0.0,0.0,0.0,0.0,0.0,0.0,0.0,0.0,0.0,0.0,0.0,0.0,0.0,0.0,0.0,0.0
number of days cost of goods in inventory,None,None,None,None,50,None,48,32,48,54,61,117,None,66,51,35,27,23,20,18,17,17,17,17,17,16,17,16,17,16,17,22,18,15,13,17,17,16,16,20,16,12,12,12,64,37,64,64,66,66,66,65,65,66
number of employees,None,None,None,None,None,None,None,None,None,None,None,None,None,None,None,None,None,None,None,None,None,None,None,None,None,None,None,None,None,None,None,None,None,None,None,None,None,None,None,None,None,None,None,None,None,None,None,None,None,None,None,None,None,None
number of months last report period,None,3,3,3,3,3,3,3,3,3,3,3,3,3,3,3,3,3,3,3,3,3,3,3,3,3,3,3,3,3,3,3,3,3,3,3,3,3,3,3,3,3,3,3,3,3,3,3,3,3,3,3,3,3
number of part-time employees,None,None,None,None,None,None,None,None,None,None,None,None,None,None,None,None,None,None,None,None,None,None,None,None,None,None,None,None,None,None,None,None,None,None,None,None,None,None,None,None,None,None,None,None,None,None,None,None,None,None,None,None,None,None
operating gains,14.1,0.0,-0.5,-0.4,0.1,2.8,0.5,3.1,3.9,0.8,1.5,1.9,7.7,0.4,1.0,1.7,2.3,0.4,0.9,5.5,6.7,7.2,17.0,19.2,21.1,3.8,5.0,5.6,6.7,0.2,0.8,9.1,20.0,-3.2,4.8,30.2,19.9,12.0,-2.0,-2.0,-2.0,0.0,0.0,0.0,0.0,3.2,3.2,3.3,66.0,63.4,63.4,115.5,115.5,1.3
operating income,0.0,0.0,0.0,0.0,0.0,0.0,45.2,43.4,51.7,63.2,57.8,58.0,62.6,73.0,67.7,71.3,78.8,86.2,82.1,81.6,87.9,101.0,98.6,96.3,107.6,115.3,109.1,40.8,115.2,118.7,118.6,192.6,55.6,247.6,233.1,253.1,249.9,255.1,261.4,267.3,285.0,273.0,278.8,280.8,282.3,281.0,288.9,283.8,281.0,349.1,290.1,287.6,283.3,286.0
other current assets,37.7,0.0,21.1,52.5,45.3,21.8,15.3,17.5,20.4,22.2,18.3,13.9,16.2,17.4,16.1,19.2,18.9,16.7,16.1,19.6,16.9,15.1,16.3,19.9,21.4,53.5,49.6,55.3,47.9,49.4,62.9,233.3,339.8,244.6,191.2,197.8,240.0,195.1,199.6,213.3,194.3,191.0,188.5,171.9,193.3,176.5,175.1,225.7,231.6,328.8,234.8,267.7,302.3,288.1
other current liabilities,150.9,0.0,129.2,126.0,140.2,27.0,17.0,26.0,2.3,21.2,23.4,32.3,0.0,22.1,30.4,50.2,9.1,23.1,46.8,39.7,2.8,22.7,27.1,22.0,19.8,31.8,50.3,0.0,7.6,25.5,49.0,0.0,0.0,0.0,12.2,38.3,0.0,17.7,25.9,48.3,0.0,0.0,0.0,0.0,301.2,0.0,0.3,17.7,0.0,0.0,0.0,0.0,403.0,5.9
other equity adjustments,-2.2,0.0,-2.0,-2.0,-0.4,-0.4,-0.3,-0.3,0.5,1.3,-2.4,-7.2,-8.3,-8.5,-9.1,-4.4,-0.1,-4.9,6.4,2.7,6.0,-6.1,-8.5,-0.8,2.0,20.5,22.7,13.5,5.8,1.7,15.6,-21.2,-81.7,-188.0,-77.9,-93.4,-295.6,-283.5,-220.6,-242.2,-221.4,-228.1,-260.6,-287.7,-230.9,-192.6,-200.5,-201.1,-184.5,-170.1,-159.5,-148.7,-145.3,-127.0
"other financing charges, net",0.0,0.0,0.0,0.0,0.0,0.0,0.0,0.0,-5.7,0.0,1.0,1.1,-9.8,-1.2,-1.7,-0.3,-4.2,-1.3,-2.6,-6.9,-16.3,-0.0,0.1,-1.5,-5.1,1.9,-130.6,8.3,7.4,-0.6,-0.0,-190.8,-187.4,2.2,-60.6,-67.5,-65.1,21.7,21.1,-23.4,19.0,-11.3,12.9,12.8,-3.2,5.3,2.0,1.0,-39.2,-23.8,-98.2,-173.3,-181.0,4.0
other fixed assets,0.0,0.0,0.0,0.0,0.0,0.0,936.3,964.6,0.0,"1,142.0","1,178.2","1,240.6","1,310.7","1,435.2","1,463.1","1,606.8",0.0,"1,804.4","1,840.1","1,890.7",0.0,"1,916.7","1,945.9","1,984.3",0.0,"2,175.2","2,335.8","2,451.7",0.0,"2,667.9","2,810.0","6,670.3",0.0,"6,230.4","6,639.7","6,861.9",0.0,"7,191.9","7,505.4","7,593.1",0.0,"7,887.0","7,970.0","8,135.5",0.0,"8,664.0","8,798.3","8,963.7",0.0,"9,640.6","9,808.8","9,981.8",0.0,"10,216.9"
other gains/losses,0.0,0.0,0.0,0.0,0.0,0.0,0.0,0.0,-3.8,0.0,0.0,5.3,-10.5,0.0,0.0,0.0,0.0,0.0,0.0,0.0,0.0,0.0,0.0,0.0,0.0,0.0,0.0,0.0,0.0,0.0,0.0,0.0,0.0,0.0,0.0,0.0,0.0,0.0,0.0,0.0,0.0,0.0,0.0,0.0,0.0,0.0,0.0,0.0,0.0,0.0,0.0,0.0,0.0,0.0
other income net,0.0,0.0,0.0,0.0,0.0,0.0,0.0,0.0,0.0,0.0,0.0,0.0,0.0,0.0,0.0,0.0,0.0,0.0,0.0,0.0,0.0,0.0,0.0,0.0,0.0,0.0,0.0,0.0,0.0,0.0,0.0,0.0,0.0,0.0,0.0,0.0,2.5,2.4,-0.0,-0.0,60.6,0.0,0.0,0.0,0.0,0.0,0.0,0.0,-2.6,-63.4,16.8,-52.0,116.7,19.6
"other investing changes, net",-15.7,0.0,-9.7,-16.8,-33.3,-6.2,-15.4,-25.3,-31.4,-7.2,-14.8,-23.4,-187.6,-7.4,-13.6,-21.2,-29.0,-7.4,-14.9,-23.6,-29.8,-7.2,-22.1,-29.8,-34.9,-22.4,-24.4,-29.5,-35.6,-7.1,-12.7,-66.0,-72.7,-56.5,-144.4,-152.2,-190.5,-36.3,-74.5,-111.5,-120.1,-37.0,-64.3,-98.5,-137.1,-32.3,-75.2,-131.0,-188.2,0.0,0.0,0.0,0.0,0.0
other non-cash items,-0.6,0.0,0.0,0.0,-5.0,-5.0,0.0,0.0,0.0,-6.7,2.5,3.4,0.0,-0.0,0.0,0.0,0.0,-0.5,0.0,0.9,0.0,0.0,-0.5,-0.2,0.7,-0.6,-6.0,8.0,13.8,5.7,10.5,52.4,103.0,17.0,33.9,47.4,59.4,7.8,21.7,52.1,83.3,1.5,8.0,28.0,41.1,2.4,68.3,89.2,116.5,12.1,36.0,51.6,80.2,9.9
other non-current assets,93.4,0.0,113.2,117.9,111.6,103.0,96.0,106.1,98.7,104.3,101.8,101.2,102.5,105.3,102.8,96.9,103.0,102.6,112.5,104.3,118.8,122.6,124.6,147.0,149.2,158.4,164.9,147.2,162.1,198.8,226.7,804.7,"1,180.5",912.3,"1,069.1","1,039.3","1,178.1","1,045.5","1,008.5","1,008.0","1,056.3","1,052.8","1,087.0","1,117.9","1,169.6","1,210.1","1,356.5","1,204.5","1,241.9","1,376.2",0.0,0.0,0.0,0.0
other non-current liabilities,22.5,0.0,20.5,18.6,15.2,15.1,14.0,12.9,20.7,20.7,72.7,81.7,0.0,46.0,47.5,49.5,46.2,62.7,65.2,58.5,83.1,99.7,115.5,123.4,126.2,139.8,132.0,144.2,160.4,195.4,205.4,416.5,483.5,679.7,571.1,617.4,887.4,"1,197.2","1,149.5","1,208.6","1,227.8","1,261.8","1,354.7","1,422.3","1,389.1","1,337.8","1,402.7","1,358.9","1,345.7","1,349.6","1,366.9","1,369.6","1,406.7","1,414.9"
other receivable,0.0,0.0,0.0,0.0,0.0,0.0,0.0,0.0,0.0,0.0,0.0,0.0,0.0,0.0,0.0,0.0,0.0,0.0,0.0,0.0,0.0,0.0,0.0,0.0,0.0,0.0,0.0,0.0,0.0,0.0,0.0,0.0,0.0,0.0,0.0,0.0,0.0,0.0,0.0,0.0,0.0,0.0,0.0,0.0,0.0,0.0,0.0,0.0,0.0,0.0,0.0,0.0,0.0,0.0
other special charges,0.0,0.0,0.0,0.0,0.0,0.0,0.0,0.0,0.0,0.0,0.0,0.0,0.0,0.0,0.0,0.0,0.0,0.0,0.0,-0.8,0.0,0.0,0.0,0.0,0.0,0.0,0.0,0.0,0.0,0.0,0.0,-27.3,-0.1,-1.3,0.0,0.0,1.3,0.0,0.0,0.0,0.0,0.0,0.0,0.0,0.0,0.0,0.0,0.0,0.0,26.2,0.0,30.6,-73.6,0.0
payment of cash dividends,0.0,0.0,0.0,0.0,0.0,0.0,0.0,0.0,0.0,0.0,0.0,-0.9,0.0,0.0,0.0,-1.8,0.0,0.0,0.0,-1.0,-1.2,0.0,-1.0,0.0,0.0,0.0,-2.0,0.0,0.0,0.0,0.0,0.0,0.0,0.0,0.0,0.0,-46.9,-6.6,-22.2,0.0,-59.0,0.0,-29.4,-41.9,-68.1,-15.3,-30.1,-49.9,-56.1,-58.1,-34.6,-60.7,-90.9,-15.3
payout ratio,None,None,None,None,None,None,None,None,None,None,None,None,None,None,None,None,None,None,None,None,None,None,None,None,None,None,None,None,None,None,None,None,None,None,None,None,None,None,None,None,None,None,None,None,None,None,None,None,None,None,None,None,8,8
post-tax profit margin,-1.6,0.0,0.0,0.0,0.7,1.4,1.9,2.4,2.9,3.5,4.1,4.5,4.8,4.8,4.8,4.7,4.6,4.6,4.6,4.7,4.7,4.8,4.9,4.9,5.1,5.1,5.1,4.0,3.9,3.7,3.6,3.0,0.8,0.7,0.5,0.8,1.9,2.1,2.2,2.4,2.5,2.6,2.6,2.7,2.7,2.7,2.7,2.7,2.5,2.5,2.6,2.3,2.7,2.8
pre-tax profit margin,-1.0,0.0,0.0,0.0,2.1,3.1,4.0,4.7,5.6,6.6,7.3,8.0,8.2,8.2,8.1,8.0,7.8,7.8,7.8,7.8,7.9,7.9,8.0,8.1,8.4,8.5,8.4,6.6,6.4,6.1,5.9,4.9,1.7,1.4,1.2,1.8,3.5,3.5,3.6,3.7,3.7,3.8,3.8,3.9,3.9,3.9,3.9,3.9,3.5,3.6,3.7,3.3,3.9,4.2
pref. securities of subsid. trust,0.0,0.0,0.0,0.0,0.0,0.0,0.0,0.0,0.0,0.0,0.0,0.0,0.0,0.0,0.0,0.0,0.0,0.0,0.0,0.0,0.0,0.0,0.0,0.0,0.0,0.0,0.0,0.0,0.0,0.0,0.0,0.0,0.0,0.0,0.0,0.0,0.0,0.0,0.0,0.0,0.0,0.0,0.0,0.0,0.0,0.0,0.0,0.0,0.0,0.0,0.0,0.0,0.0,0.0
preferred dividends,0.0,0.0,0.0,0.0,0.0,0.0,0.0,0.0,0.0,0.0,0.0,0.0,0.0,0.0,0.0,0.0,0.0,0.0,0.0,0.0,0.0,0.0,0.0,0.0,0.0,0.0,0.0,0.0,0.0,0.0,0.0,0.0,0.0,0.0,0.0,0.0,0.0,0.0,0.0,0.0,0.0,0.0,0.0,0.0,0.0,0.0,0.0,0.0,0.0,0.0,0.0,0.0,0.0,0.0
preferred equity outside stock equity,0.0,0.0,0.0,0.0,0.0,0.0,0.0,0.0,0.0,0.0,0.0,0.0,0.0,0.0,0.0,0.0,0.0,0.0,0.0,0.0,0.0,0.0,0.0,0.0,0.0,0.0,0.0,0.0,0.0,0.0,0.0,0.0,0.0,0.0,0.0,0.0,0.0,0.0,0.0,0.0,0.0,0.0,0.0,0.0,0.0,0.0,0.0,0.0,0.0,0.0,0.0,0.0,0.0,0.0
preferred secur. of subsid. trust,0.0,0.0,0.0,0.0,0.0,0.0,0.0,0.0,0.0,0.0,0.0,0.0,0.0,0.0,0.0,0.0,0.0,0.0,0.0,0.0,0.0,0.0,0.0,0.0,0.0,0.0,0.0,0.0,0.0,0.0,0.0,0.0,0.0,0.0,0.0,0.0,0.0,0.0,0.0,0.0,0.0,0.0,0.0,0.0,0.0,0.0,0.0,0.0,0.0,0.0,0.0,0.0,0.0,0.0
preferred shares,0.0,0.0,0.0,0.0,0.0,0.0,0.0,0.0,0.0,0.0,0.0,0.0,0.0,0.0,0.0,0.0,0.0,0.0,0.0,0.0,0.0,0.0,0.0,0.0,0.0,0.0,0.0,0.0,0.0,0.0,0.0,0.0,0.0,0.0,0.0,0.0,0.0,0.0,0.0,0.0,0.0,0.0,0.0,0.0,0.0,0.0,0.0,0.0,0.0,0.0,0.0,0.0,0.0,0.0
preferred stock equity,0.0,0.0,0.0,0.0,0.0,0.0,0.0,0.0,0.0,0.0,0.0,0.0,0.0,0.0,0.0,0.0,0.0,0.0,0.0,0.0,0.0,0.0,0.0,0.0,0.0,0.0,0.0,0.0,0.0,0.0,0.0,0.0,0.0,0.0,0.0,0.0,0.0,0.0,0.0,0.0,0.0,0.0,0.0,0.0,0.0,0.0,0.0,0.0,0.0,0.0,0.0,0.0,0.0,0.0
prepaid expenses,0.0,0.0,0.0,0.0,0.0,17.7,14.2,13.2,14.8,17.1,16.5,25.1,22.1,20.6,25.6,25.4,24.3,24.1,32.3,35.0,30.5,29.8,29.7,36.5,33.4,32.4,31.2,36.8,32.4,35.7,36.3,200.4,169.8,194.0,89.7,91.2,165.6,88.7,94.6,91.2,134.9,112.0,174.8,200.5,219.2,177.5,117.5,119.1,214.0,178.9,143.6,153.0,176.4,142.4
price/cash flow ratio,0.0,0.0,0.0,0.0,28.2,19.9,18.6,17.0,14.9,11.8,13.3,12.3,9.1,8.6,7.7,8.2,9.5,9.6,8.9,7.7,7.9,10.1,10.9,10.6,10.7,10.1,9.4,10.3,9.6,9.1,10.3,7.0,9.7,7.3,6.3,4.9,1.8,1.9,2.9,3.6,3.8,3.9,3.5,3.1,3.6,3.9,2.5,1.6,1.7,2.1,2.5,2.6,2.6,4.1
price/equity ratio,0.00,0.00,2.64,5.11,3.99,3.20,3.27,3.24,2.25,1.90,2.26,2.22,1.68,1.63,1.49,1.64,1.94,2.00,1.85,1.96,1.97,2.39,2.50,2.54,2.29,2.02,2.05,2.08,1.99,1.88,2.06,1.63,2.06,1.93,1.73,1.50,0.80,0.83,1.28,1.59,1.70,1.72,1.54,1.39,1.58,1.63,1.03,0.64,0.66,0.81,0.98,1.00,1.04,1.55
price/free cash flow ratio,0.0,0.0,-12.2,-16.9,-16.0,190.0,421.4,-424.9,-31.5,-85.0,178.7,-204.8,11.2,-11.8,-26.4,-9.5,-7.4,154.6,22.7,444.7,89.9,34.2,22.4,24.3,55.6,106.3,-51.8,-17.1,-13.3,106.8,-47.6,-0.4,-0.5,13.7,6.3,4.7,8.5,7.5,17.5,7.8,12.4,20.3,13.1,7.1,16.9,-307.6,135.2,7.5,8.4,-6.6,-13.9,-17.3,28.7,-58.5
price/revenue ratio,0.00,0.00,0.00,0.00,2.25,1.72,1.68,1.62,1.48,1.19,1.35,1.26,0.92,0.87,0.77,0.81,0.93,0.93,0.85,0.71,0.73,0.90,0.96,0.95,0.96,0.92,0.87,0.85,0.79,0.74,0.81,0.50,0.49,0.37,0.31,0.27,0.12,0.13,0.21,0.25,0.27,0.28,0.26,0.23,0.27,0.28,0.18,0.11,0.12,0.15,0.19,0.19,0.22,0.37
price/tangible book ratio,0.00,0.00,-2.88,-5.65,-13.16,-11.45,-12.04,-13.34,21.79,16.75,17.87,19.02,11.01,13.13,10.60,14.00,13.49,12.15,9.30,-83.38,92.93,32.32,23.47,30.09,11.76,7.19,9.14,11.08,8.86,7.45,7.44,-1.37,-1.39,-1.19,-1.36,-1.23,-0.54,-0.57,-1.00,-1.28,-1.50,-1.65,-1.57,-1.36,-1.72,-1.96,-1.23,-0.80,-0.85,-1.08,-0.79,-0.81,-0.86,-1.39
purchase of  short-term investments,0.0,0.0,0.0,0.0,0.0,0.0,0.0,0.0,0.0,0.0,0.0,0.0,0.0,0.0,0.0,0.0,0.0,0.0,0.0,0.0,0.0,0.0,0.0,0.0,0.0,0.0,0.0,0.0,0.0,0.0,0.0,0.0,0.0,0.0,0.0,0.0,0.0,0.0,0.0,0.0,0.0,0.0,0.0,0.0,0.0,0.0,0.0,0.0,0.0,0.0,0.0,0.0,0.0,0.0
purchase of long-term investments,0.0,0.0,0.0,0.0,0.0,0.0,0.0,0.0,0.0,0.0,0.0,0.0,0.0,0.0,0.0,0.0,0.0,0.0,0.0,0.0,0.0,0.0,0.0,0.0,0.0,0.0,0.0,0.0,0.0,0.0,0.0,0.0,0.0,0.0,0.0,0.0,0.0,0.0,0.0,0.0,0.0,0.0,0.0,0.0,0.0,0.0,0.0,0.0,0.0,-67.7,-162.3,-222.2,-298.0,-69.5
quarterly indicator,4,1,2,3,4,1,2,3,4,1,2,3,4,1,2,3,4,1,2,3,4,1,2,3,4,1,2,3,4,1,2,3,4,1,2,3,4,1,2,3,4,1,2,3,4,1,2,3,4,1,2,3,4,1
quick ratio,1.0,0.0,1.3,1.3,1.3,1.4,1.4,1.3,1.3,1.2,1.3,1.6,1.7,1.5,1.3,1.4,1.4,1.6,1.4,1.4,1.9,2.0,2.0,1.8,1.7,1.7,1.4,1.4,1.4,1.5,1.5,1.4,1.2,1.4,1.4,1.4,1.2,1.6,1.3,1.4,1.3,1.4,1.5,1.4,1.2,1.3,1.2,1.2,1.0,1.1,1.1,1.2,1.1,1.2
receivables,226.4,0.0,248.5,296.3,309.8,313.1,316.5,334.5,370.1,408.8,375.8,390.8,400.4,464.8,411.1,492.1,559.1,583.9,552.4,577.9,597.3,606.5,614.6,629.9,656.0,699.1,727.7,745.5,774.0,817.5,876.5,"1,829.6","1,533.8","1,625.7","1,603.7","1,642.8","1,614.0","1,643.9","1,657.9","1,676.3","1,617.9","1,712.1","1,681.8","1,651.4","1,714.5","1,766.1","1,792.4","1,773.1","1,834.2","2,019.5","2,055.3","2,091.2","2,067.4","2,215.2"
receivables as % of revenue,21.0,0.0,0.0,0.0,23.2,21.9,20.9,21.1,21.8,22.4,19.2,18.7,18.2,20.0,16.8,18.8,19.7,19.5,17.5,17.6,17.9,17.6,17.3,17.3,17.5,18.1,18.2,17.8,17.7,18.0,18.5,30.7,21.5,18.8,15.9,15.6,14.9,14.9,14.6,14.4,13.4,13.9,13.4,13.0,13.2,13.3,13.3,13.0,13.5,14.9,15.4,15.3,15.9,18.4
receivables per day sales,75.45,0.00,0.00,0.00,83.39,78.96,75.39,75.96,78.66,80.49,69.10,67.17,65.51,71.93,60.33,67.54,71.01,70.12,63.05,63.52,64.52,63.41,62.36,62.40,63.18,65.26,65.51,64.01,63.83,64.78,66.70,110.52,77.47,67.55,57.13,56.19,53.60,53.78,52.67,51.82,48.11,49.89,48.40,46.90,47.53,48.05,47.82,46.67,48.46,53.58,55.31,55.20,57.12,66.16
receivables turnover,0.0,0.0,0.0,0.0,5.0,0.0,5.4,5.0,5.0,5.1,5.7,5.8,5.7,5.3,6.2,5.9,5.9,5.7,6.5,6.1,5.8,5.8,6.1,6.0,6.0,5.9,6.0,6.1,6.1,6.0,5.9,4.6,6.2,7.1,8.1,6.1,6.9,6.7,6.9,7.0,7.5,7.4,7.5,7.6,7.8,7.6,7.8,8.0,7.7,7.2,7.0,7.1,6.7,5.7
repayment of long-term debt,-270.9,0.0,-252.6,-277.7,-525.6,-17.3,-40.3,-40.8,-610.1,-8.8,-50.7,-763.9,-768.6,-3.5,-88.5,-92.5,-115.5,-45.6,-146.4,"-1,326.5","-1,668.7",-13.0,-19.7,-23.3,-26.8,-4.0,-43.4,-220.6,-650.2,-5.0,-64.6,"-2,063.6","-2,139.0",-188.7,-191.0,-192.5,-234.9,-63.9,-236.2,-245.6,-258.2,-13.2,-34.2,-47.0,-61.5,-14.7,-28.8,-128.8,"-1,651.5","-5,236.9","-6,135.8","-9,391.3","-7,529.5",-403.4
repurchase of capital stock,-2.8,0.0,0.0,0.0,0.0,-0.1,-0.1,-0.1,-0.1,0.0,0.0,0.0,0.0,-10.3,-12.5,-14.1,-14.7,0.0,0.0,-290.5,-290.5,-4.4,-11.2,-79.9,-79.9,-8.1,0.0,-137.7,-176.3,0.0,0.0,0.0,0.0,0.0,-10.2,-17.1,-90.2,0.0,0.0,0.0,0.0,-0.0,-12.2,-107.9,-114.0,0.0,-50.0,-85.8,-85.8,-9.0,-9.1,-9.2,-9.3,-33.2
restricted cash,0.0,0.0,0.0,0.0,0.0,0.0,0.0,0.0,0.0,0.0,0.0,0.0,0.0,0.0,0.0,0.0,0.0,0.0,0.0,0.0,0.0,0.0,0.0,0.0,0.0,0.0,0.0,0.0,0.0,0.0,0.0,0.0,0.0,0.0,0.0,0.0,0.0,0.0,0.0,0.0,0.0,0.0,0.0,0.0,0.0,0.0,0.0,0.0,0.0,0.0,0.0,0.0,0.0,0.0
retained earnings,-245.4,0.0,-244.3,-243.0,-235.8,-224.9,-215.3,-205.2,-191.0,-163.9,-139.6,-119.5,-91.1,-57.5,-26.9,4.8,40.4,81.1,119.6,151.6,191.8,227.8,268.4,311.3,359.4,413.4,465.8,474.0,527.7,582.0,635.7,646.2,557.9,618.1,666.0,716.3,776.2,835.2,894.6,954.3,"1,019.4","1,089.4","1,159.5","1,229.9","1,299.4","1,360.7","1,396.1","1,470.4","1,501.3","1,576.8","1,660.2","1,704.4","1,744.0","1,823.2"
revenue per $  plant (net),1.73,0.00,0.00,0.00,1.89,1.99,1.97,2.04,1.95,1.99,2.09,2.13,2.14,2.06,2.16,2.10,2.03,2.14,2.24,2.21,2.24,2.33,2.39,2.42,2.32,2.37,2.28,2.27,2.20,2.29,2.26,1.01,1.29,1.59,1.80,1.83,1.85,1.88,1.86,1.92,1.97,2.02,2.06,2.06,2.01,2.05,2.07,2.08,1.99,1.94,1.90,1.92,1.82,1.70
revenue per $ cash,252.21,0.00,0.00,0.00,97.34,61.49,42.29,89.58,201.96,77.16,97.79,17.82,16.56,118.91,96.93,41.87,173.57,186.19,169.53,164.15,40.40,15.76,13.03,19.72,35.91,34.45,165.54,311.90,107.62,72.25,221.52,50.14,53.64,52.71,38.27,30.79,49.13,20.68,42.15,26.91,35.14,25.74,22.80,22.32,43.41,48.87,70.49,51.36,104.93,104.94,116.22,56.68,33.60,42.29
revenue per $ common equity,4.70,0.00,0.00,0.00,1.77,1.86,1.94,2.00,1.52,1.60,1.67,1.77,1.81,1.88,1.93,2.01,2.10,2.16,2.18,2.76,2.69,2.65,2.60,2.69,2.39,2.19,2.35,2.45,2.53,2.55,2.54,3.23,4.17,5.18,5.51,5.61,6.48,6.48,6.17,6.23,6.21,6.06,5.95,6.15,5.93,5.72,5.84,5.83,5.68,5.45,5.15,5.14,4.77,4.19
revenue per $ invested capital,0.66,0.00,0.00,0.00,0.68,0.72,0.75,0.79,0.81,0.85,0.89,0.89,0.92,0.93,1.01,0.98,1.01,1.06,1.13,1.11,1.09,1.11,1.12,1.16,1.16,1.18,1.19,1.20,1.20,1.23,1.23,0.55,0.66,0.82,0.94,0.98,1.02,1.02,1.06,1.08,1.12,1.14,1.15,1.17,1.18,1.19,1.22,1.23,1.22,1.16,1.13,1.12,1.07,0.98
revenue per share,19.42,0.00,0.00,0.00,15.53,16.57,17.51,18.34,17.20,18.57,19.82,21.20,22.27,23.68,24.91,26.63,28.72,30.08,31.65,37.57,38.04,38.63,39.33,41.05,39.95,39.17,42.16,44.08,46.42,47.95,49.85,62.34,74.53,90.04,105.29,109.91,118.46,119.00,122.20,125.30,130.14,130.48,130.90,136.67,140.14,140.83,146.30,150.67,150.45,149.30,147.11,149.57,141.70,128.14
revenue/assets,0.6,0.0,0.0,0.0,0.6,0.6,0.7,0.7,0.7,0.7,0.8,0.8,0.8,0.8,0.8,0.8,0.8,0.9,0.9,0.9,0.9,0.9,0.9,0.9,1.0,1.0,1.0,1.0,1.0,1.0,1.0,0.4,0.5,0.6,0.8,0.8,0.8,0.8,0.8,0.8,0.9,0.9,0.9,0.9,0.9,0.9,0.9,0.9,0.9,0.9,0.8,0.8,0.8,0.7
sale of long-term investments,0.0,0.0,0.0,0.0,0.0,0.0,0.0,0.0,0.0,0.0,0.0,0.0,0.0,0.0,0.0,0.0,0.0,0.0,0.0,0.0,0.0,0.0,0.0,0.0,0.0,0.0,0.0,0.0,0.0,0.0,0.0,0.0,0.0,0.0,0.0,0.0,0.0,0.0,0.0,0.0,0.0,0.0,0.0,0.0,0.0,0.0,0.0,0.0,0.0,0.0,0.0,0.0,0.0,0.0
sale of short-term investments,0.0,0.0,0.0,0.0,0.0,0.0,0.0,0.0,0.0,0.0,0.0,0.0,0.0,0.0,0.0,0.0,0.0,0.0,0.0,0.0,0.0,0.0,0.0,0.0,0.0,0.0,0.0,0.0,0.0,0.0,0.0,0.0,0.0,0.0,0.0,0.0,0.0,0.0,0.0,0.0,0.0,0.0,0.0,0.0,0.0,0.0,0.0,0.0,0.0,0.0,0.0,0.0,0.0,0.0
sales per $ inventory,33.61,0.00,0.00,0.00,33.71,35.47,36.10,37.16,35.68,36.57,36.40,37.08,36.40,36.47,38.22,37.19,36.61,37.84,38.09,38.24,37.76,39.89,40.04,40.28,39.27,40.65,38.87,39.29,38.52,40.09,38.79,21.71,27.11,32.81,37.93,39.38,39.72,39.96,39.54,40.27,40.01,40.71,40.70,40.40,39.46,40.18,39.43,40.65,39.31,38.32,37.31,37.37,35.39,32.49
sales per $ receivables,4.77,0.00,0.00,0.00,4.32,4.56,4.77,4.74,4.58,4.47,5.21,5.36,5.49,5.00,5.97,5.33,5.07,5.13,5.71,5.67,5.58,5.68,5.77,5.77,5.70,5.52,5.50,5.62,5.64,5.56,5.40,3.26,4.65,5.33,6.30,6.41,6.72,6.69,6.83,6.95,7.48,7.22,7.44,7.68,7.57,7.49,7.53,7.71,7.43,6.72,6.51,6.52,6.30,5.44
sales per employee,124951,None,None,None,95040,None,None,None,128305,None,None,None,147679,None,None,None,140328,None,None,None,159457,None,None,None,173070,None,None,None,161688,None,None,None,120805,None,None,None,195039,None,None,None,206773,None,None,None,202914,None,None,None,206457,None,None,None,180958,None
shares out (common class only),55.6,74.4,74.4,76.0,86.1,86.1,86.3,86.5,98.5,98.5,98.8,98.8,98.8,98.3,98.5,98.5,98.7,99.7,99.7,87.2,87.6,89.1,90.2,88.5,93.6,98.5,94.9,95.1,94.1,94.7,94.9,95.6,95.6,96.2,96.0,95.8,91.5,92.5,92.7,92.9,93.0,94.7,95.6,92.7,92.7,94.0,92.2,90.8,90.6,90.9,90.9,91.2,92.0,94.1
short-term debt,27.0,0.0,27.0,32.8,17.4,17.1,21.5,42.2,58.7,88.1,31.7,15.6,18.5,19.2,17.8,17.4,29.7,22.2,20.1,20.7,26.9,25.0,22.8,22.8,19.1,19.3,20.6,28.4,35.4,23.1,25.8,79.3,20.7,19.5,24.3,19.6,29.5,32.7,56.7,62.3,66.5,69.8,64.1,60.7,63.1,66.0,70.1,61.1,63.7,75.4,83.9,99.2,89.9,113.8
special income charges,0.0,0.0,0.0,0.0,0.0,0.0,0.0,0.0,0.0,0.0,0.0,0.0,0.0,0.0,0.0,0.0,0.0,0.0,0.0,-0.8,0.0,0.0,0.0,0.0,0.0,0.0,0.0,0.0,0.0,0.0,0.0,-27.3,-0.1,-1.3,0.0,0.0,1.3,0.0,0.0,0.0,0.0,0.0,0.0,0.0,0.0,0.0,0.0,0.0,0.0,26.2,0.0,30.6,-73.6,0.0
tangible book value per share,-11.65,0.00,-5.62,-5.69,-2.66,-2.49,-2.45,-2.23,1.17,1.32,1.50,1.40,1.87,1.56,1.82,1.55,1.97,2.29,2.88,-0.32,0.30,1.08,1.61,1.29,3.26,5.03,4.02,3.37,4.12,4.73,5.44,-23.01,-26.53,-28.10,-24.29,-23.76,-27.25,-26.75,-25.36,-24.93,-23.72,-22.39,-21.55,-22.77,-21.69,-20.38,-20.81,-20.76,-20.62,-20.66,-35.53,-35.90,-35.93,-34.07
total assets per share,34.07,0.00,26.57,27.61,25.70,25.80,26.41,26.58,24.99,26.34,26.10,28.02,28.44,29.74,29.32,32.37,33.95,33.92,33.93,40.54,41.46,42.19,42.65,43.43,42.05,41.12,44.05,45.66,47.92,48.64,50.50,140.57,141.09,138.56,139.21,141.88,151.01,150.46,149.60,151.11,150.71,149.97,149.78,155.48,158.61,156.66,160.74,163.56,167.92,174.36,174.54,178.11,180.60,176.44
total capitalization,"1,637.3",0.0,"1,752.6","1,846.7","1,957.8","1,971.6","2,009.3","2,005.2","2,095.7","2,152.6","2,195.0","2,365.0","2,388.2","2,490.1","2,439.6","2,678.1","2,795.6","2,829.2","2,798.9","2,946.3","3,044.9","3,096.3","3,154.3","3,138.1","3,213.1","3,279.3","3,355.3","3,495.0","3,629.5","3,681.3","3,835.2","10,930.3","10,788.2","10,557.9","10,724.0","10,764.7","10,610.8","10,774.4","10,720.2","10,735.3","10,795.3","10,870.7","10,921.1","10,878.2","10,997.8","11,105.5","11,090.5","11,116.7","11,179.9","11,734.0","11,837.6","12,127.4","12,182.6","12,302.4"
total debt as % total assets,87.9,0.0,76.9,77.2,65.8,65.5,65.8,65.5,54.7,55.9,54.6,57.1,56.8,57.6,56.0,59.0,59.7,58.9,57.3,66.5,65.9,65.4,64.6,64.9,60.2,56.5,59.4,60.7,61.8,61.4,61.2,86.3,87.3,87.5,86.3,86.2,87.9,87.8,86.8,86.7,86.1,85.6,85.3,85.7,85.1,84.3,84.4,84.2,84.2,84.3,83.6,83.7,83.6,82.7
total debt/equity ratio,6.25,0.00,2.90,2.93,1.61,1.59,1.60,1.58,0.93,0.96,0.90,1.01,0.98,1.03,0.93,1.06,1.09,1.05,0.95,1.50,1.48,1.40,1.33,1.34,1.07,0.87,0.99,1.06,1.13,1.08,1.07,4.96,5.32,5.33,4.86,4.75,5.36,5.36,4.87,4.77,4.57,4.37,4.23,4.31,4.05,3.83,3.83,3.76,3.69,3.74,3.59,3.61,3.49,3.31
total non-current assets,"1,594.6",0.0,"1,639.6","1,706.4","1,805.3","1,803.6","1,854.3","1,870.8","1,966.1","2,038.8","2,060.4","2,131.3","2,161.8","2,319.9","2,329.1","2,502.2","2,654.1","2,660.3","2,679.1","2,796.5","2,817.2","2,804.9","2,826.6","2,883.3","3,020.0","3,053.4","3,239.0","3,381.7","3,485.2","3,516.9","3,660.8","10,728.9","10,940.7","10,726.0","10,855.9","10,935.3","11,213.2","11,087.2","11,272.6","11,249.1","11,346.5","11,323.0","11,333.2","11,435.5","11,826.9","11,882.3","12,090.9","12,011.4","12,362.8","12,745.9","12,875.8","13,033.7","13,187.2","13,178.4"
total ordinary shares,0.0,0.0,0.0,0.0,0.0,0.0,0.0,0.0,0.0,0.0,0.0,0.0,0.0,0.0,0.0,0.0,0.0,0.0,0.0,0.0,0.0,0.0,0.0,0.0,0.0,0.0,0.0,0.0,0.0,0.0,0.0,0.0,0.0,0.0,0.0,0.0,0.0,0.0,0.0,0.0,0.0,0.0,0.0,0.0,0.0,0.0,0.0,0.0,0.0,0.0,0.0,0.0,0.0,0.0
total revenue,0.0,0.0,317.1,342.4,369.3,398.6,400.9,416.6,477.5,533.5,530.6,552.8,583.5,659.3,657.3,723.0,795.0,822.4,813.7,844.0,871.7,914.1,918.7,929.3,982.1,"1,026.6","1,061.1","1,123.5","1,154.5","1,204.0","1,249.1","2,352.1","2,334.8","2,727.6","2,690.6","2,772.9","2,649.1","2,892.4","3,017.0","3,086.8","3,091.1","3,160.7","3,171.0","3,252.1","3,402.7","3,405.3","3,433.8","3,436.0","3,402.3","3,297.0","3,243.0","3,696.7","1,802.4","3,311.8"
treasury shares,0.0,0.0,1.0,1.0,1.0,1.0,1.0,1.0,1.0,1.0,1.0,1.0,1.0,1.0,1.0,1.0,1.0,1.0,1.0,1.0,1.0,1.0,1.0,1.0,1.0,1.0,1.0,1.0,1.0,1.0,1.0,1.0,1.0,1.0,1.0,1.0,1.0,1.0,1.0,1.0,1.0,1.0,1.0,1.0,1.0,1.0,1.0,1.0,1.0,1.0,1.0,1.0,1.0,1.0
treasury stock,-6.6,0.0,-6.6,-6.6,-6.6,-6.7,-6.7,-6.7,-6.7,-6.7,-6.7,-6.7,-6.7,-6.7,-6.7,-6.7,-6.7,-6.7,-6.7,-6.7,-6.7,-6.7,-6.7,-6.7,-6.7,-6.7,-6.7,-6.7,-6.7,-6.7,-6.7,-6.7,-6.7,-6.7,-6.7,-6.7,-6.7,-6.7,-6.7,-6.7,-6.7,-6.7,-6.7,-6.7,-6.7,-6.7,-6.7,-6.7,-6.7,-6.7,-6.7,-6.7,-6.7,-6.7
working capital,65.2,0.0,133.4,159.0,167.7,183.1,169.1,147.3,195.0,179.2,207.3,315.4,329.3,281.3,223.2,290.7,298.0,341.9,295.3,318.6,453.1,533.4,585.5,520.5,476.8,523.3,405.9,415.1,446.1,501.3,521.3,"1,320.3","1,105.0","1,303.8","1,189.8","1,223.3","1,071.1","1,424.1","1,139.2","1,234.5","1,217.2","1,346.3","1,479.0","1,404.0","1,229.2","1,230.2","1,071.7","1,133.4",935.0,"1,104.1","1,098.0","1,226.2","1,275.9","1,409.9"
working capital as % of price,0.0,0.0,11.1,6.5,5.6,7.5,6.6,5.7,7.8,8.2,7.8,12.0,16.2,14.0,11.8,13.6,11.4,12.3,11.1,13.7,18.5,17.1,17.2,15.2,13.3,14.7,11.6,11.7,13.0,15.0,13.6,43.9,31.3,40.4,37.6,43.6,80.2,100.4,48.7,41.6,36.7,38.5,45.8,48.9,35.5,32.7,45.2,75.0,59.1,54.6,43.1,46.2,45.2,31.6
working capital per share,1.17,0.00,1.79,2.09,1.95,2.13,1.96,1.70,1.98,1.82,2.10,3.19,3.33,2.86,2.27,2.95,3.02,3.43,2.96,3.65,5.17,5.98,6.49,5.88,5.10,5.31,4.28,4.36,4.74,5.29,5.49,13.81,11.55,13.55,12.40,12.77,11.70,15.40,12.29,13.28,13.08,14.22,15.48,15.14,13.26,13.09,11.62,12.48,10.32,12.15,12.07,13.45,13.88,14.99
working captial as % of equity,28.4,0.0,29.3,33.3,22.2,23.9,21.7,18.6,17.5,15.7,17.7,26.6,27.1,22.7,17.6,22.2,22.1,24.6,20.4,26.9,36.5,41.0,43.0,38.5,30.5,29.7,23.9,24.3,25.9,28.2,28.0,71.5,64.6,78.0,64.9,65.2,64.0,83.8,62.0,66.0,62.4,66.0,70.4,68.1,56.1,53.2,46.4,48.3,39.0,44.3,42.3,46.2,46.7,49.0
