,1995/09,1995/12,1996/03,1996/06,1996/09,1996/12,1997/03,1997/06,1997/09,1997/12,1998/03,1998/06,1998/09,1998/12,1999/03,1999/06,1999/09,1999/12,2000/03,2000/06,2000/09,2000/12,2001/03,2001/06,2001/09,2001/12,2002/03,2002/06,2002/09,2002/12,2003/03,2003/06,2003/09,2003/12,2004/03,2004/06,2004/09,2004/12,2005/03,2005/06,2005/09,2005/12,2006/03,2006/06,2006/09,2006/12,2007/03,2007/06,2007/09,2007/12,2008/03,2008/06,2008/09,2008/12,2009/03,2009/06,2009/09,2009/12,2010/03,2010/06,2010/09,2010/12,2011/03,2011/06,2011/09,2011/12,2012/03,2012/06,2012/09,2012/12,2013/03
% of EPS-to-Industry,0.0,62.5,0.0,157.9,155.8,173.5,168.8,151.5,0.0,158.2,154.4,179.9,207.9,248.6,297.6,352.5,381.0,346.9,296.9,160.5,79.2,68.8,62.1,77.5,94.6,105.6,96.8,72.7,55.0,1.3,0.4,-0.2,-0.9,-17.8,-14.1,-11.7,-6.3,-3.9,16.3,40.0,73.5,88.0,116.6,144.5,162.5,223.6,278.0,316.8,333.2,264.9,248.9,261.3,259.6,399.8,607.9,861.3,3848.3,664.5,513.2,424.4,303.5,322.2,315.8,289.5,313.7,443.5,436.2,651.3,931.9,491.6,459.4
% of PE-to-Industry,0.0,284.2,0.0,149.8,130.8,96.0,120.4,122.7,0.0,131.1,161.2,163.7,141.4,118.7,102.4,69.0,69.5,64.3,73.3,110.8,242.1,296.2,317.1,257.7,231.6,182.8,179.1,241.0,272.3,11622.5,39292.1,0.0,0.0,0.0,0.0,0.0,0.0,0.0,1191.6,482.5,239.8,236.3,209.1,177.5,155.8,123.3,100.1,94.5,101.7,144.5,141.4,115.5,142.8,91.5,61.6,44.8,9.8,49.5,65.8,69.5,93.5,73.5,78.7,85.7,86.5,54.1,62.7,49.3,33.1,71.5,80.4
% of ROE-to-Industry,0.0,0.0,0.0,67.5,101.2,117.1,114.0,98.1,0.0,107.1,100.0,110.7,122.3,164.7,172.2,198.8,187.7,212.5,175.6,92.0,49.2,51.9,61.1,76.1,91.1,110.1,124.7,94.6,59.6,166.7,24.4,0.0,0.0,0.0,0.0,0.0,0.0,0.0,15.4,31.3,52.2,66.7,96.8,94.5,101.8,121.5,144.6,147.0,149.3,155.6,142.8,154.8,146.7,193.1,233.3,320.3,984.6,335.4,264.2,188.1,185.3,211.1,200.9,165.0,161.9,2018.2,0.0,0.0,0.0,266.1,290.6
% of current ratio-to-industry,140.0,110.0,114.3,117.4,120.0,100.0,200.0,200.0,0.0,275.0,215.8,250.0,321.1,310.5,212.0,295.2,276.2,376.5,395.0,426.9,452.0,387.0,404.3,366.7,387.0,195.5,494.4,231.3,531.3,580.0,462.5,500.0,500.0,494.1,252.9,500.0,111.8,126.7,150.0,221.4,464.3,342.9,300.0,320.0,350.0,314.3,264.3,383.3,341.7,233.3,225.0,208.3,246.2,241.7,191.7,308.3,214.3,323.1,176.9,250.0,233.3,200.0,286.7,266.7,325.0,313.3,325.0,325.0,288.2,275.0,281.3
% of debt/equity-to-industry,612.2,0.0,9.1,16.7,15.6,14.3,84.2,78.4,0.0,59.1,54.3,50.0,48.0,40.4,32.4,34.4,44.9,41.5,44.9,86.3,89.8,100.0,98.0,106.3,108.7,111.1,83.3,89.5,85.0,78.5,88.3,94.7,91.7,91.7,114.3,103.6,86.5,100.0,116.2,148.7,155.6,147.2,168.8,132.4,121.1,105.0,56.8,61.3,51.5,48.6,47.2,50.0,44.1,33.3,30.6,57.1,50.9,74.5,77.4,69.5,85.1,83.0,75.5,73.5,66.0,71.4,66.7,62.3,57.9,55.0,55.2
% of earnings-to-industry,0.0,-3.5,0.0,13.3,15.4,16.3,16.9,15.2,0.0,13.2,12.6,14.0,15.1,18.7,20.9,23.7,23.7,21.7,18.4,9.7,4.9,4.9,4.2,5.1,6.2,6.9,5.4,3.4,2.2,6.4,0.9,-0.4,-1.2,-0.6,-0.5,-0.4,-0.2,-0.1,0.3,0.6,0.9,1.2,1.5,1.8,2.1,2.5,3.0,3.1,3.0,2.4,2.2,2.5,2.3,3.6,4.8,6.2,17.7,5.5,4.2,3.4,2.4,2.8,2.6,2.5,2.8,29.4,-15.0,-5.7,-3.6,4.0,2.8
% of gross profit margin-to-industry,0.0,85.1,0.0,117.1,120.9,127.1,134.7,137.1,0.0,127.8,120.8,122.7,125.4,125.3,129.5,128.6,120.0,114.5,106.0,87.8,74.5,76.4,78.7,87.4,97.1,101.9,101.1,105.0,100.0,85.3,77.3,69.4,68.8,55.8,57.1,57.9,56.0,62.0,71.6,81.8,90.6,106.0,115.9,121.8,123.1,127.7,131.6,135.3,135.5,125.6,124.1,128.7,134.7,143.8,142.6,139.5,130.5,147.3,151.0,154.3,151.5,134.8,130.0,132.3,135.0,125.1,124.4,117.1,115.7,131.4,128.9
% of leverage-to-industry,216.7,81.3,81.3,75.0,75.0,76.5,94.1,88.2,0.0,83.3,83.3,83.3,78.9,78.9,75.0,78.9,88.2,83.3,77.8,94.4,94.4,94.4,94.4,105.9,105.9,111.8,85.7,86.4,78.3,75.0,78.3,78.3,78.3,82.6,82.6,86.4,95.5,95.5,95.5,95.5,86.4,90.5,95.2,90.5,85.7,81.8,71.4,71.4,71.4,68.2,68.2,68.2,71.4,71.4,65.2,72.7,69.6,73.9,81.8,72.0,77.3,77.3,77.3,76.2,72.7,84.2,84.2,84.2,80.0,76.2,76.2
% of net profit margin-to-industry,0.0,-45.7,0.0,149.4,161.4,168.3,168.2,149.2,0.0,147.0,141.1,156.1,167.4,188.7,212.4,244.8,253.7,231.7,214.6,132.6,80.9,87.3,79.7,99.4,119.0,134.0,134.5,134.8,125.0,518.8,86.7,-44.1,-134.8,-62.3,-46.5,-36.4,-19.3,-7.3,31.1,70.7,121.8,161.4,190.0,207.3,205.8,220.5,236.7,239.9,233.3,232.4,228.1,254.0,243.5,289.1,341.8,372.7,795.8,357.5,297.6,265.6,225.4,236.1,229.5,209.5,220.0,2071.4,-941.4,-369.4,-242.3,317.1,259.1
% of post-tax profit margin-to-industry,0.0,-43.8,0.0,147.8,165.8,174.5,172.7,152.5,0.0,136.6,132.7,146.4,157.4,192.1,216.9,253.6,262.0,228.9,212.0,131.2,80.2,87.3,80.3,99.4,119.0,133.1,134.5,134.8,125.0,332.0,70.3,-35.7,-114.8,-61.2,-46.9,-37.4,-20.0,-7.6,31.4,71.3,121.8,161.4,190.0,207.3,205.8,220.5,236.7,239.9,236.4,235.7,231.3,257.7,245.2,291.3,341.8,372.7,779.6,357.5,297.6,265.6,227.1,236.1,233.3,215.8,226.7,2636.4,-910.0,-380.0,-262.5,293.9,248.5
% of pre-tax profit margin-to-industry,0.0,-67.7,0.0,165.8,181.0,207.1,207.5,180.8,0.0,156.8,147.9,161.1,171.1,205.0,234.7,277.7,289.1,248.3,224.0,136.2,80.6,87.0,78.5,99.2,119.7,133.9,133.6,125.4,121.4,173.0,53.1,-1.1,-57.5,-42.8,-32.2,-24.7,-13.1,-2.0,27.6,53.9,90.5,116.8,137.7,152.3,153.5,167.0,184.4,196.9,196.9,189.5,182.5,194.7,188.5,219.8,244.1,261.5,387.8,246.4,226.5,211.8,196.3,188.7,177.7,168.9,178.7,235.1,285.1,466.2,581.5,279.1,274.1
% of pric/free cashlow-to-industry,0.0,678.1,176.6,336.5,830.4,326.6,0.0,-3294.2,0.0,-3166.4,-330.5,-279.3,-193.3,-201.6,-669.2,-394.2,-264.9,-6304.3,141.1,63.4,68.0,78.4,75.0,142.6,109.7,279.5,-97.5,-604.6,749.6,3.2,-46.2,-17.0,-38.3,-24.7,722.0,-2715.4,151.5,-15.4,442.5,-1665.1,-5598.7,11.6,-24.8,30.1,-590.8,261.1,37.1,-15.9,-84.7,364.8,459.3,197.1,765.9,-447.1,4863.8,66.4,42.3,51.9,271.2,-2037.9,1389.8,-460.2,-26.4,-80.5,-669.7,-336.6,-35.8,-507.5,88.2,209.1,-826.2
% of price-to-industry,0.0,167.2,204.3,230.8,207.8,171.3,208.6,190.3,0.0,191.8,231.5,274.7,274.8,298.9,313.5,244.0,264.9,223.2,217.6,177.9,191.8,203.9,196.9,199.7,219.3,193.0,173.4,175.0,149.9,151.9,141.6,140.9,129.1,122.6,133.7,123.4,156.7,171.5,194.7,193.0,176.3,208.0,243.8,256.6,253.2,275.6,278.3,299.4,338.9,383.0,331.7,301.4,371.3,365.7,374.1,385.1,377.0,328.8,337.5,294.6,284.2,237.3,248.8,248.0,271.2,240.1,273.1,320.5,308.8,352.6,370.9
% of price/book-to-industry,0.0,262.8,173.1,139.4,144.7,129.4,143.3,126.8,0.0,131.2,155.9,175.7,169.9,188.7,192.0,150.7,162.9,144.4,145.0,122.7,140.7,150.5,186.5,189.8,204.6,187.1,156.2,174.4,143.0,135.0,134.9,179.5,140.4,139.8,152.8,140.3,178.2,156.2,160.7,158.1,148.0,150.3,192.8,184.9,173.3,144.5,155.3,166.5,193.2,230.6,254.9,187.5,206.7,176.3,177.1,185.2,189.6,173.7,182.3,137.2,159.5,132.4,134.2,156.3,150.4,151.3,174.4,186.7,177.9,200.0,316.7
% of price/cashflow-to-industry,0.0,421.8,0.0,240.4,165.5,135.7,148.7,144.5,0.0,139.5,179.8,190.5,170.7,153.7,157.1,120.3,145.8,113.2,127.3,146.5,207.2,211.0,208.9,204.3,205.3,169.3,122.8,164.3,186.2,154.2,201.5,275.4,294.0,473.1,494.4,373.7,457.7,392.8,299.7,271.7,218.4,199.2,196.6,209.1,186.8,134.4,125.3,134.8,155.0,185.1,219.1,152.5,171.7,121.6,108.7,90.0,61.3,90.7,110.5,112.8,116.5,84.1,87.9,114.4,111.9,45.3,32.2,27.6,14.2,124.5,168.4
% of price/sales-to-industry,0.0,348.6,0.0,308.8,229.4,188.8,210.9,192.7,0.0,179.5,221.5,246.8,232.3,218.0,237.6,186.4,219.9,159.7,174.9,176.7,233.2,253.3,244.2,247.4,266.2,227.0,169.5,252.2,300.9,416.5,472.4,523.7,474.7,422.8,435.0,361.7,422.9,363.2,330.7,359.3,346.4,362.1,379.6,403.0,350.3,262.0,254.3,272.3,303.3,345.9,409.0,307.8,340.9,265.5,258.1,215.6,153.6,184.8,204.8,193.8,193.8,147.4,152.8,198.0,204.6,150.0,154.1,184.5,182.7,235.8,280.3
% of sales-to-industry,0.0,7.8,0.0,8.9,9.6,9.7,10.1,10.1,0.0,9.0,8.9,9.0,9.1,9.9,9.8,9.6,9.4,9.4,8.5,7.3,6.1,5.6,5.3,5.1,5.2,5.1,4.0,2.5,1.7,1.3,1.0,0.9,0.9,0.9,1.0,1.1,1.1,1.0,0.9,0.8,0.7,0.7,0.8,0.9,1.0,1.1,1.3,1.3,1.3,1.0,1.0,1.0,1.0,1.3,1.4,1.7,2.2,1.5,1.4,1.3,1.1,1.2,1.1,1.2,1.3,1.5,1.6,1.5,1.5,1.3,1.1
(increase) decrease in inventories,-2.2,-4.9,2.3,-3.3,-2.1,-2.8,-5.1,-4.7,-11.5,-3.3,2.2,-16.8,-17.1,-21.9,-4.4,-14.1,-15.4,-7.5,6.8,-5.4,-8.0,-9.2,-0.0,-11.8,24.3,0.0,18.8,12.6,15.0,13.9,0.4,2.0,4.4,5.1,2.4,-10.0,-11.4,-8.4,7.2,-10.7,-8.0,-5.9,-1.9,-15.5,-5.4,-12.1,10.8,-18.1,-33.9,0.0,0.0,0.0,0.0,0.0,0.0,0.0,0.0,0.0,0.0,0.0,0.0,0.0,0.0,0.0,0.0,0.0,0.0,0.0,0.0,0.0,0.0
(increase) decrease in other current assets,0.0,0.0,-2.6,-1.7,-1.6,0.0,-0.2,0.4,0.8,0.9,-1.0,-1.0,-1.0,-0.7,0.2,0.2,0.3,-2.6,-0.0,-2.6,-4.3,-0.6,-1.9,-4.8,-32.6,-11.2,0.4,0.6,0.4,1.2,-0.1,2.9,2.6,0.0,0.4,0.3,0.8,0.0,0.0,0.0,0.0,0.0,0.0,0.0,0.0,0.0,0.0,0.0,0.0,0.0,0.0,0.0,0.0,0.0,0.0,0.0,0.0,0.0,0.0,0.0,0.0,0.0,0.0,0.0,0.0,0.0,0.0,0.0,0.0,0.0,0.0
(increase) decrease in prepaid expenses,0.0,0.0,0.0,0.0,0.0,0.0,0.0,0.0,0.0,0.0,0.0,0.0,0.0,0.0,0.0,0.0,0.0,0.0,0.0,0.0,0.0,0.0,0.0,0.0,0.0,0.0,0.0,0.0,0.0,0.0,0.0,0.0,0.0,0.0,0.0,0.0,0.0,0.0,0.0,0.0,0.0,0.0,0.0,0.0,0.0,0.0,0.0,0.0,0.0,-1.3,1.6,-27.3,-17.1,1.3,7.8,-25.1,-15.5,3.5,5.1,-20.0,-16.0,1.5,-1.5,-24.1,-20.1,-6.4,6.4,-16.2,-9.4,-9.0,14.0
(increase) decrease in receivables,-8.4,-16.7,-13.1,-36.0,-27.5,-64.7,-7.9,-24.5,-44.6,-33.0,-32.2,-66.5,-28.9,-26.2,33.6,73.3,80.8,90.3,13.8,24.1,-0.9,-9.9,-8.3,-58.1,-44.9,-40.2,32.7,23.4,57.0,46.7,8.7,-4.1,-21.5,-7.2,4.7,7.1,0.2,-32.8,-33.3,-76.3,-111.0,-174.7,-80.3,-105.2,-91.1,-190.1,102.1,61.6,24.9,43.5,-77.6,-150.3,-184.3,-42.5,-114.0,-166.4,-198.1,-219.9,-44.9,109.1,141.7,143.1,79.8,51.1,20.1,60.8,-11.0,31.4,108.2,64.1,13.8
Basic EPS (Continuing),0.07,0.07,0.19,0.27,0.28,0.41,0.41,0.47,0.56,0.57,0.58,0.80,0.79,0.61,0.38,0.39,0.28,0.10,0.22,0.03,0.08,0.21,0.28,0.39,0.40,0.31,0.17,0.09,0.17,0.05,-0.17,-0.13,-0.09,0.01,-0.08,-0.08,0.02,0.08,0.23,0.32,0.64,0.83,1.13,1.36,1.27,1.71,1.66,1.82,1.48,1.18,2.09,3.00,2.23,2.11,2.51,2.79,2.62,1.99,2.09,1.61,1.43,1.74,1.80,1.92,1.85,1.35,1.33,1.45,1.28,1.12,1.27
Basic EPS (Cum. Effect of Acct. Change),0.00,0.00,0.00,0.00,0.00,0.00,0.00,0.00,0.00,0.00,0.00,0.00,0.00,0.00,0.00,0.00,0.00,0.00,0.00,0.00,0.00,0.00,0.00,0.00,0.00,0.00,0.00,0.00,0.00,0.00,0.00,0.00,0.00,0.00,0.00,0.00,0.00,0.00,0.00,0.00,0.00,0.00,0.00,0.00,0.00,0.00,0.00,0.00,0.00,0.00,0.00,0.00,0.00,0.00,0.00,0.00,0.00,0.00,0.00,0.00,0.00,0.00,0.00,0.00,0.00,0.00,0.00,0.00,0.00,0.00,0.00
Basic EPS (Discontinued),0.00,0.00,0.00,0.00,0.00,0.00,0.00,0.00,0.00,0.00,0.00,0.00,0.00,0.00,0.00,0.00,0.00,0.00,0.00,0.00,0.00,0.00,0.00,0.00,0.00,0.00,0.00,0.00,0.00,0.00,0.00,0.00,0.00,0.00,0.00,0.00,0.00,0.00,0.00,0.00,0.00,0.00,0.00,0.00,0.00,0.00,0.00,0.00,0.00,0.00,0.00,0.00,0.00,0.00,0.00,0.00,0.00,0.00,0.00,0.00,0.00,0.00,0.00,0.00,0.00,0.00,0.00,0.00,0.00,0.00,0.00
Basic EPS (Extraordinary Items),0.00,0.00,0.00,0.00,0.00,0.00,0.00,0.00,0.00,0.00,0.00,0.00,0.00,0.00,0.00,0.00,0.00,0.00,0.00,0.00,0.00,0.00,0.00,0.00,0.00,0.00,0.00,0.00,0.00,0.00,0.00,0.00,0.00,0.00,0.00,0.00,0.00,0.00,0.00,0.00,0.00,0.00,0.00,0.00,0.00,0.00,0.00,0.00,0.00,0.00,0.00,0.00,0.00,0.00,0.00,0.00,0.00,0.00,0.00,0.00,0.00,0.00,0.00,0.00,0.00,0.00,0.00,0.00,0.00,0.00,0.00
Basic EPS (Other Gains/Losses),0.00,0.00,0.00,0.00,0.00,0.00,0.00,0.00,0.00,0.00,0.00,0.00,0.00,0.00,0.00,0.00,0.00,0.00,0.00,0.00,0.00,0.00,0.00,-0.06,0.00,0.00,0.00,0.00,0.00,0.00,0.00,0.00,0.00,0.00,0.00,0.00,0.00,0.00,0.00,0.00,0.00,0.00,0.00,0.00,0.00,0.00,0.00,0.00,0.00,0.00,0.00,0.00,0.00,0.00,0.00,0.00,0.00,0.00,0.00,0.00,0.00,0.00,0.00,0.00,0.00,0.00,0.00,0.00,0.00,0.00,0.00
Basic EPS (Tax Loss Carry Forward),0.00,0.00,0.00,0.00,0.00,0.00,0.00,0.00,0.00,0.00,0.00,0.00,0.00,0.00,0.00,0.00,0.00,0.00,0.00,0.00,0.00,0.00,0.00,0.00,0.00,0.00,0.00,0.00,0.00,0.00,0.00,0.00,0.00,0.00,0.00,0.00,0.00,0.00,0.00,0.00,0.00,0.00,0.00,0.00,0.00,0.00,0.00,0.00,0.00,0.00,0.00,0.00,0.00,0.00,0.00,0.00,0.00,0.00,0.00,0.00,0.00,0.00,0.00,0.00,0.00,0.00,0.00,0.00,0.00,0.00,0.00
Close PE Ratio,0.0,168.8,0.0,47.5,34.0,24.2,25.4,25.4,30.8,24.9,21.6,16.7,9.9,8.9,12.8,13.6,20.9,27.5,42.0,57.6,97.6,75.5,66.7,35.5,20.5,23.2,25.8,30.6,28.1,46.5,149.3,0.0,0.0,0.0,0.0,0.0,0.0,0.0,199.6,83.5,50.2,36.4,32.7,22.7,16.9,15.6,14.2,16.3,17.3,23.2,17.7,18.0,12.1,6.3,6.4,8.6,9.5,10.0,9.4,7.5,9.5,9.7,11.8,10.2,7.5,8.0,10.3,9.9,12.2,13.1,13.6
Diluted EPS (Continuing),0.07,0.07,0.19,0.27,0.28,0.41,0.39,0.45,0.54,0.55,0.56,0.76,0.75,0.59,0.37,0.37,0.27,0.10,0.21,0.03,0.08,0.21,0.27,0.37,0.38,0.29,0.17,0.09,0.16,0.05,-0.17,-0.13,-0.09,0.01,-0.08,-0.08,0.02,0.08,0.23,0.31,0.60,0.77,1.06,1.27,1.19,1.60,1.64,1.81,1.48,1.19,2.09,2.99,2.23,2.11,2.51,2.79,2.62,1.98,2.09,1.61,1.43,1.74,1.80,1.92,1.85,1.35,1.33,1.45,1.28,1.12,1.27
Diluted EPS (Cum. Effect of Acct. Change),0.00,0.00,0.00,0.00,0.00,0.00,0.00,0.00,0.00,0.00,0.00,0.00,0.00,0.00,0.00,0.00,0.00,0.00,0.00,0.00,0.00,0.00,0.00,0.00,0.00,0.00,0.00,0.00,0.00,0.00,0.00,0.00,0.00,0.00,0.00,0.00,0.00,0.00,0.00,0.00,0.00,0.00,0.00,0.00,0.00,0.00,0.00,0.00,0.00,0.00,0.00,0.00,0.00,0.00,0.00,0.00,0.00,0.00,0.00,0.00,0.00,0.00,0.00,0.00,0.00,0.00,0.00,0.00,0.00,0.00,0.00
Diluted EPS (Discontinued),0.00,0.00,0.00,0.00,0.00,0.00,0.00,0.00,0.00,0.00,0.00,0.00,0.00,0.00,0.00,0.00,0.00,0.00,0.00,0.00,0.00,0.00,0.00,0.00,0.00,0.00,0.00,0.00,0.00,0.00,0.00,0.00,0.00,0.00,0.00,0.00,0.00,0.00,0.00,0.00,0.00,0.00,0.00,0.00,0.00,0.00,0.00,0.00,0.00,0.00,0.00,0.00,0.00,0.00,0.00,0.00,0.00,0.00,0.00,0.00,0.00,0.00,0.00,0.00,0.00,0.00,0.00,0.00,0.00,0.00,0.00
Diluted EPS (Extraordinary),0.00,0.00,0.00,0.00,0.00,0.00,0.00,0.00,0.00,0.00,0.00,0.00,0.00,0.00,0.00,0.00,0.00,0.00,0.00,0.00,0.00,0.00,0.00,0.00,0.00,0.00,0.00,0.00,0.00,0.00,0.00,0.00,0.00,0.00,0.00,0.00,0.00,0.00,0.00,0.00,0.00,0.00,0.00,0.00,0.00,0.00,0.00,0.00,0.00,0.00,0.00,0.00,0.00,0.00,0.00,0.00,0.00,0.00,0.00,0.00,0.00,0.00,0.00,0.00,0.00,0.00,0.00,0.00,0.00,0.00,0.00
Diluted EPS (Other Gains/Losses),0.00,0.00,0.00,0.00,0.00,0.00,0.00,0.00,0.00,0.00,0.00,0.00,0.00,0.00,0.00,0.00,0.00,0.00,0.00,0.00,0.00,0.00,0.00,-0.05,0.00,0.00,0.00,0.00,0.00,0.00,0.00,0.00,0.00,0.00,0.00,0.00,0.00,0.00,0.00,0.00,0.00,0.00,0.00,0.00,0.00,0.00,0.00,0.00,0.00,0.00,0.00,0.00,0.00,0.00,0.00,0.00,0.00,0.00,0.00,0.00,0.00,0.00,0.00,0.00,0.00,0.00,0.00,0.00,0.00,0.00,0.00
Diluted EPS (Tax Loss Carry Forward),0.00,0.00,0.00,0.00,0.00,0.00,0.00,0.00,0.00,0.00,0.00,0.00,0.00,0.00,0.00,0.00,0.00,0.00,0.00,0.00,0.00,0.00,0.00,0.00,0.00,0.00,0.00,0.00,0.00,0.00,0.00,0.00,0.00,0.00,0.00,0.00,0.00,0.00,0.00,0.00,0.00,0.00,0.00,0.00,0.00,0.00,0.00,0.00,0.00,0.00,0.00,0.00,0.00,0.00,0.00,0.00,0.00,0.00,0.00,0.00,0.00,0.00,0.00,0.00,0.00,0.00,0.00,0.00,0.00,0.00,0.00
Dividends Paid Per Share (YTD),0.00,0.00,0.00,0.00,0.00,0.00,0.00,0.00,0.07,0.14,0.13,0.25,0.38,0.50,0.13,0.25,0.38,0.50,0.13,0.25,0.38,0.50,0.13,0.25,0.38,0.50,0.13,0.25,0.38,0.50,0.13,0.25,0.38,0.44,0.06,0.13,0.19,0.25,0.06,0.13,0.25,0.38,1.63,1.75,1.88,2.00,4.13,4.25,4.38,5.75,1.38,2.75,4.13,6.13,2.00,4.00,6.00,8.00,2.00,3.50,4.38,5.25,0.88,1.75,2.63,3.50,0.88,1.75,2.63,3.50,0.88
EPS from Total Operations (YTD),0.04,0.10,0.19,0.46,0.74,1.18,0.39,0.84,1.38,1.93,0.56,1.32,2.07,2.66,0.37,0.74,1.01,1.11,0.21,0.24,0.32,0.53,0.27,0.64,1.02,1.31,0.17,0.26,0.42,0.47,-0.17,-0.29,-0.38,-0.37,-0.08,-0.17,-0.14,-0.06,0.23,0.53,1.14,1.91,1.06,2.33,3.52,5.12,1.64,3.46,4.93,6.12,2.09,5.08,7.32,9.43,2.51,5.29,7.91,9.89,2.09,3.70,5.13,6.87,1.80,3.72,5.57,6.92,1.33,2.78,4.06,5.18,1.27
High PE Ratio,0.0,172.5,0.0,47.7,36.4,27.5,27.1,25.6,33.5,35.0,32.1,28.0,25.8,20.5,22.1,19.8,25.6,36.9,44.2,73.4,114.1,90.4,81.3,51.5,37.1,34.8,37.0,37.6,49.3,74.4,269.2,0.0,0.0,0.0,0.0,0.0,0.0,0.0,209.7,89.8,51.3,37.7,33.3,26.5,22.8,19.1,17.2,17.2,17.7,24.4,22.7,19.3,17.6,15.7,15.0,14.9,10.2,11.0,11.5,13.1,15.3,15.6,14.2,11.8,11.1,11.7,12.6,12.2,13.6,14.2,15.0
"Income, Restructuring and M&A;",0.0,0.0,0.0,0.0,0.0,0.0,0.0,0.0,0.0,0.0,0.0,0.0,0.0,0.0,0.0,0.0,0.0,0.0,0.0,0.0,0.0,0.0,0.0,0.0,0.0,0.0,0.0,0.0,0.0,0.0,0.0,0.0,0.0,0.0,0.0,0.0,0.0,0.0,0.0,0.0,0.0,0.0,0.0,0.0,0.0,0.0,0.0,0.0,0.0,0.0,0.0,0.0,0.0,0.0,0.0,0.0,0.0,0.0,0.0,0.0,0.0,0.0,0.0,0.0,0.0,0.0,0.0,0.0,0.0,0.0,0.0
LT-Debt as % of Invested Capital,71.5,0.0,2.8,6.0,4.6,5.0,24.2,22.2,21.4,20.7,20.0,19.1,19.1,18.6,18.3,18.0,17.8,17.8,17.8,30.4,30.5,32.6,32.3,33.6,33.4,33.2,33.5,33.6,33.8,33.8,34.4,35.0,35.4,35.6,35.9,36.3,30.8,30.4,30.1,36.7,35.8,34.5,35.0,32.9,31.3,29.4,17.7,15.7,14.8,14.9,14.5,13.5,13.1,13.1,12.8,22.0,21.6,29.2,29.1,29.0,28.6,27.9,27.3,26.5,26.0,25.7,25.4,25.0,24.8,24.6,24.4
LT-Debt as % of Total Debt,87.7,0.0,10.2,26.1,19.9,16.6,56.1,55.1,54.4,52.4,49.8,48.7,49.2,46.8,45.8,47.7,46.9,47.7,49.1,65.5,65.3,65.3,64.7,65.0,64.3,55.8,63.9,54.0,63.7,63.7,64.3,65.2,65.4,63.8,59.2,64.4,41.9,40.5,40.5,52.3,59.3,55.8,55.2,55.5,54.3,53.2,39.7,39.9,37.3,34.4,33.0,30.4,33.2,31.7,27.2,48.4,47.9,56.8,48.5,52.3,54.1,52.2,57.1,57.7,58.0,56.9,57.0,57.5,56.7,56.3,56.7
LT-Debt to Equity Ratio,2.51,0.00,0.03,0.06,0.05,0.05,0.32,0.29,0.27,0.26,0.25,0.24,0.24,0.23,0.22,0.22,0.22,0.22,0.22,0.44,0.44,0.48,0.48,0.51,0.50,0.50,0.50,0.51,0.51,0.51,0.53,0.54,0.55,0.55,0.56,0.57,0.45,0.44,0.43,0.58,0.56,0.53,0.54,0.49,0.46,0.42,0.21,0.19,0.17,0.17,0.17,0.16,0.15,0.15,0.15,0.28,0.27,0.41,0.41,0.41,0.40,0.39,0.37,0.36,0.35,0.35,0.34,0.33,0.33,0.33,0.32
Low PE Ratio,0.0,116.9,0.0,19.5,14.4,14.1,15.8,15.2,14.9,14.3,14.0,15.9,7.7,7.5,8.1,9.6,12.7,18.2,27.1,43.4,63.1,50.0,50.1,31.8,18.6,17.4,18.9,24.5,26.3,36.8,133.1,0.0,0.0,0.0,0.0,0.0,0.0,0.0,84.8,35.4,25.7,19.8,14.5,13.7,11.8,12.2,10.9,10.0,9.5,12.0,12.3,11.1,11.2,5.8,5.4,5.5,5.3,5.4,6.5,6.6,7.7,8.0,8.3,8.4,7.5,7.4,7.9,8.6,9.5,10.6,10.9
Net Income from Total Operations (YTD),-12.9,-7.0,18.7,51.8,90.2,146.4,56.2,121.5,199.3,278.6,80.7,192.4,301.1,383.7,51.8,105.0,142.9,156.1,29.5,33.1,43.6,72.3,36.8,88.3,141.7,181.5,22.6,34.5,56.2,62.5,-21.6,-38.3,-49.7,-48.4,-11.0,-21.5,-18.5,-7.2,30.1,71.4,153.4,260.3,145.3,321.0,485.5,706.8,224.2,476.1,681.6,846.5,290.6,706.9,"1,017.6","1,311.0",348.6,736.0,"1,100.2","1,376.2",290.9,515.2,713.8,955.5,250.6,517.2,774.1,962.5,185.2,386.6,564.8,720.5,176.0
Normalized Close PE Ratio,0.0,0.0,0.0,47.5,34.0,24.2,25.4,25.4,30.8,24.9,21.6,16.7,9.9,8.9,12.8,13.6,20.9,27.5,42.0,57.6,97.6,75.5,66.7,35.5,20.5,23.2,25.8,30.6,28.1,46.5,149.3,0.0,0.0,0.0,0.0,0.0,0.0,0.0,277.2,104.8,72.9,41.9,36.8,24.3,16.9,15.6,14.2,16.3,17.3,23.2,17.7,18.0,12.1,6.3,6.4,8.6,9.5,10.0,9.4,7.5,9.5,9.7,11.8,10.2,7.5,8.0,10.3,9.9,12.2,12.1,12.5
Normalized High PE Ratio,0.0,0.0,0.0,47.7,36.4,27.5,27.1,25.6,33.5,35.0,32.1,28.0,25.8,20.5,22.1,19.8,25.6,36.9,44.2,73.4,114.1,90.4,81.3,51.5,37.1,34.8,37.0,37.6,49.3,74.4,269.2,0.0,0.0,0.0,0.0,0.0,0.0,0.0,291.2,112.6,74.5,43.4,37.6,28.3,22.8,19.1,17.2,17.2,17.7,24.4,22.7,19.3,17.6,15.7,15.0,14.9,10.2,11.0,11.5,13.1,15.3,15.6,14.2,11.8,11.1,11.7,12.6,12.2,13.6,13.1,13.8
Normalized Low PE Ratio,0.0,0.0,0.0,19.5,14.4,14.1,15.8,15.2,14.9,14.3,14.0,15.9,7.7,7.5,8.1,9.6,12.7,18.2,27.1,43.4,63.1,50.0,50.1,31.8,18.6,17.4,18.9,24.5,26.3,36.8,133.1,0.0,0.0,0.0,0.0,0.0,0.0,0.0,117.7,44.5,37.4,22.8,16.3,14.6,11.8,12.2,10.9,10.0,9.5,12.0,12.3,11.1,11.2,5.8,5.4,5.5,5.3,5.4,6.5,6.6,7.7,8.0,8.3,8.4,7.5,7.4,7.9,8.6,9.5,9.7,10.1
Normalized ROA,0.0,-1.1,0.0,4.3,6.8,9.3,9.4,10.2,11.6,12.1,12.6,13.9,15.2,14.7,13.3,11.1,8.4,5.8,5.0,2.7,1.8,2.3,2.5,3.9,5.2,5.2,5.1,3.6,2.9,1.9,0.6,-0.3,-1.4,-1.5,-1.1,-1.0,-0.5,-0.5,0.7,1.9,3.3,6.3,9.4,12.9,15.2,17.1,20.9,21.7,21.3,19.5,20.3,22.1,24.4,26.5,25.9,23.9,24.4,22.0,19.6,17.7,15.2,14.2,13.8,14.2,14.9,13.8,12.8,11.7,10.5,10.8,10.6
Normalized ROCI,0.0,-1.4,0.0,5.0,8.1,11.6,11.1,12.0,13.7,14.4,15.2,16.7,18.2,17.8,16.2,13.3,10.1,7.0,6.0,3.2,2.1,2.8,3.0,4.6,6.1,6.5,6.1,4.6,3.5,2.3,0.7,-0.4,-1.6,-1.8,-1.4,-1.2,-0.7,-0.7,1.0,2.5,4.1,8.0,12.1,16.3,19.2,21.5,26.4,26.9,26.5,25.0,26.2,29.0,30.8,34.0,34.8,29.5,30.1,26.8,25.7,22.4,18.9,17.8,16.7,17.0,17.6,16.5,15.2,13.9,12.5,12.9,12.6
Normalized ROE,0.0,0.0,0.0,5.4,8.4,12.3,14.7,15.4,17.4,18.1,19.0,20.7,22.5,21.9,19.8,16.3,12.2,8.5,7.2,4.6,3.1,4.1,4.4,7.0,9.2,9.8,9.1,7.0,5.3,3.5,1.0,0.0,0.0,0.0,0.0,0.0,0.0,0.0,1.5,4.0,6.4,12.2,18.5,24.2,28.0,30.5,32.1,31.9,31.2,29.4,30.7,33.6,35.5,39.2,39.9,37.8,38.4,37.9,36.2,31.6,26.5,24.7,22.9,23.1,23.8,22.2,20.4,18.6,16.6,17.1,16.7
Return on Assets (ROA),0.0,-1.1,0.0,4.3,6.8,9.3,9.4,10.2,11.6,12.1,12.6,13.9,15.2,14.7,13.3,11.1,8.4,5.8,5.0,2.7,1.8,2.3,2.5,3.9,5.2,5.2,5.1,3.6,2.9,1.9,0.6,-0.3,-1.4,-1.5,-1.2,-1.0,-0.5,-0.2,1.0,2.4,4.8,7.2,10.6,13.8,15.2,17.1,20.9,21.7,21.3,19.5,20.3,22.1,24.4,26.5,25.9,23.9,24.4,22.0,19.6,17.7,15.2,14.2,13.8,14.2,14.9,13.8,12.8,11.7,10.5,10.0,9.8
Return on Capital Invested (ROCI),0.0,-1.4,0.0,5.0,8.1,11.6,11.1,12.0,13.7,14.4,15.2,16.7,18.2,17.8,16.2,13.3,10.1,7.0,6.0,3.2,2.1,2.8,3.0,4.6,6.1,6.5,6.1,4.6,3.5,2.3,0.7,-0.4,-1.6,-1.9,-1.5,-1.2,-0.7,-0.3,1.4,3.2,6.0,9.2,13.6,17.4,19.2,21.5,26.5,26.9,26.6,25.0,26.2,29.0,30.8,34.0,34.8,29.5,30.1,26.8,25.7,22.4,18.9,17.8,16.7,17.0,17.6,16.5,15.2,13.9,12.5,11.9,11.6
Return on Stock Equity (ROE),0.0,0.0,0.0,5.4,8.4,12.3,14.7,15.4,17.4,18.1,19.0,20.7,22.5,21.9,19.8,16.3,12.2,8.5,7.2,4.6,3.1,4.1,4.4,7.0,9.2,9.8,9.1,7.0,5.3,3.5,1.0,0.0,0.0,0.0,0.0,0.0,0.0,0.0,2.1,5.1,9.4,14.0,20.9,25.9,28.0,30.5,32.1,31.9,31.2,29.4,30.7,33.6,35.5,39.2,39.9,37.8,38.4,37.9,36.2,31.6,26.5,24.7,22.9,23.1,23.8,22.2,20.4,18.6,16.6,15.7,15.4
Revenue (YTD),238.6,336.6,106.9,253.9,424.5,611.4,204.7,433.3,683.8,956.1,286.1,609.6,925.4,"1,208.8",228.0,443.4,650.1,821.0,167.8,311.1,468.5,659.4,205.2,432.6,663.2,885.3,193.7,373.3,547.5,752.6,146.1,309.3,493.3,680.9,184.2,369.1,577.3,814.7,258.8,542.2,852.7,"1,221.0",447.7,959.9,"1,474.4","2,052.6",608.2,"1,257.1","1,901.0","2,567.7",786.1,"1,740.5","2,640.9","3,544.1",885.7,"1,832.1","2,740.5","3,631.3",859.7,"1,682.3","2,482.0","3,323.0",806.4,"1,695.9","2,574.1","3,322.4",768.6,"1,506.8","2,236.0","2,986.5",729.7
accounts payable,3.6,18.3,14.2,22.4,46.2,63.2,55.2,61.8,53.2,57.6,58.6,55.9,53.1,93.9,84.5,60.8,68.0,72.6,48.4,50.7,49.9,59.0,57.2,69.6,58.2,31.9,23.0,40.5,34.3,39.7,37.1,34.8,20.9,15.7,19.6,21.2,18.7,27.5,30.1,33.5,36.1,61.0,96.6,52.5,74.4,122.0,74.5,73.0,115.4,132.2,99.3,85.0,76.5,94.0,291.2,66.0,58.0,75.0,167.2,231.0,75.5,99.2,66.5,60.5,59.2,64.1,59.5,64.0,78.3,96.6,90.8
accounts receivable,0.0,0.0,0.0,0.0,0.0,0.0,0.0,0.0,0.0,0.0,0.0,0.0,0.0,0.0,0.0,0.0,0.0,0.0,0.0,0.0,0.0,0.0,161.7,211.5,198.4,193.7,160.9,170.2,136.6,147.0,138.3,151.0,168.5,154.1,149.4,147.0,154.0,187.6,220.2,263.2,303.5,357.1,437.3,462.2,448.2,567.5,464.8,505.3,545.2,522.8,600.4,674.1,708.1,574.8,685.9,736.5,764.6,791.0,797.9,693.8,600.4,609.6,550.8,592.2,622.9,563.9,574.9,532.3,439.1,473.5,485.9
accrued expenses,0.0,0.0,0.0,0.0,0.0,0.0,0.0,0.0,0.0,0.0,0.0,0.0,0.0,0.0,0.0,0.0,0.0,0.0,0.0,0.0,0.0,0.0,0.0,0.0,0.0,0.0,0.0,0.0,0.0,0.0,0.0,0.0,0.0,0.0,0.0,0.0,0.0,0.0,0.0,0.0,0.0,0.0,0.0,0.0,0.0,0.0,0.0,0.0,0.0,0.0,0.0,0.0,310.6,0.0,0.0,0.0,0.0,0.0,0.0,0.0,0.0,0.0,0.0,0.0,0.0,0.0,0.0,0.0,0.0,0.0,0.0
accrued liabilities,0.0,0.0,0.0,0.0,0.0,0.0,0.0,0.0,0.0,0.0,0.0,0.0,0.0,0.0,0.0,0.0,0.0,0.0,0.0,0.0,0.0,0.0,53.5,55.3,65.1,87.7,92.4,87.8,86.2,63.1,65.7,58.0,68.9,65.6,65.0,63.3,82.1,87.6,74.2,82.2,117.3,169.0,132.8,189.1,182.4,185.0,121.1,136.0,147.9,199.4,224.8,287.5,0.0,329.5,336.4,315.9,298.2,301.9,292.6,205.7,348.4,469.2,288.6,278.9,232.1,268.5,227.5,238.5,258.8,252.7,336.8
accumulated depreciation,204.7,216.1,228.2,243.4,262.2,272.9,297.1,322.5,349.4,370.2,400.5,431.7,463.4,494.0,528.0,562.5,597.3,630.4,655.0,690.5,726.4,760.4,801.0,842.4,884.7,760.4,760.4,760.4,"1,059.6","1,104.6","1,151.9","1,151.9","1,210.4","1,253.9","1,253.9","1,343.0","1,388.0","1,413.7","1,459.1","1,505.1","1,527.5","1,573.3","1,622.8","1,672.4","1,722.1","1,772.4","1,828.1","1,886.5","1,944.0","2,007.7","2,076.7","2,147.4","2,214.1","2,252.1","2,340.1","2,425.5","2,512.0","2,601.1","2,698.5","2,785.7","2,884.8","2,980.6","3,081.8","3,182.9","3,284.1","3,379.0","3,354.7","3,405.9","3,505.0","3,357.8","3,454.4"
acquisitions,0.0,0.0,0.0,0.0,0.0,0.0,0.0,0.0,0.0,0.0,0.0,0.0,0.0,0.0,0.0,0.0,0.0,0.0,0.0,0.0,0.0,0.0,0.0,0.0,0.0,0.0,0.0,0.0,0.0,-67.0,-63.5,-63.5,-63.5,-63.5,0.0,0.0,0.0,0.0,0.0,0.0,0.0,0.0,0.0,0.0,0.0,0.0,0.0,0.0,0.0,0.0,0.0,0.0,0.0,0.0,0.0,-454.0,-944.0,-950.0,0.0,0.0,0.0,0.0,0.0,0.0,0.0,0.0,0.0,0.0,0.0,0.0,0.0
additional paid-in capital,0.0,0.0,0.0,0.0,0.0,0.0,0.0,0.0,0.0,0.0,0.0,0.0,0.0,0.0,0.0,0.0,"1,302.8","1,302.8","1,302.9","1,302.9","1,306.9","1,248.7","1,255.1","1,264.1","1,267.4","1,268.0","1,263.7","1,263.7","1,263.7","1,263.7","1,263.7","1,263.7","1,263.7","1,263.7","1,263.7","1,263.7","1,263.7","1,264.5","1,264.9","1,268.2","1,271.9","1,277.9","1,288.1","1,295.2","1,296.8","1,299.8","1,799.6","1,819.6","1,823.9","1,831.5","1,833.5","1,841.5","1,843.8","1,845.3","1,958.7","1,960.5","1,962.3","1,965.5","1,967.5","1,969.2","1,970.4","1,972.6","1,973.8","1,975.5","1,976.3","1,978.4","1,979.6","1,981.0","1,981.7","1,984.0","1,984.9"
adjustments to revenue,0.0,0.0,0.0,0.0,0.0,0.0,0.0,0.0,0.0,0.0,0.0,0.0,0.0,0.0,0.0,0.0,0.0,0.0,0.0,0.0,0.0,0.0,0.0,0.0,0.0,0.0,0.0,0.0,0.0,0.0,0.0,0.0,0.0,0.0,0.0,0.0,0.0,0.0,0.0,0.0,0.0,0.0,0.0,0.0,0.0,0.0,0.0,0.0,0.0,0.0,0.0,0.0,0.0,0.0,0.0,0.0,0.0,0.0,0.0,0.0,0.0,0.0,0.0,0.0,0.0,0.0,0.0,0.0,0.0,0.0,0.0
advertising,0.0,0.0,0.0,0.0,0.0,0.0,0.0,0.0,0.0,0.0,0.0,0.0,0.0,0.0,0.0,0.0,0.0,0.0,0.0,0.0,0.0,0.0,0.0,0.0,0.0,0.0,0.0,0.0,0.0,0.0,0.0,0.0,0.0,0.0,0.0,0.0,0.0,0.0,0.0,0.0,0.0,0.0,0.0,0.0,0.0,0.0,0.0,0.0,0.0,0.0,0.0,0.0,0.0,0.0,0.0,0.0,0.0,0.0,0.0,0.0,0.0,0.0,0.0,0.0,0.0,0.0,0.0,0.0,0.0,0.0,0.0
amortization,0.0,0.0,0.0,0.0,0.0,0.0,0.0,0.0,0.0,0.0,0.0,0.0,0.0,0.0,0.0,0.0,0.0,0.0,0.0,0.0,0.0,0.0,1.9,5.6,12.0,16.0,4.0,8.1,12.2,11.7,4.1,0.6,12.5,1.2,4.2,8.5,12.8,1.1,4.4,14.5,14.9,15.3,0.4,0.7,0.6,1.2,9.0,9.2,9.4,9.9,0.2,0.4,0.0,0.8,0.2,0.4,0.7,1.0,0.3,0.6,0.9,1.2,0.3,0.6,0.8,1.1,0.0,0.0,0.0,0.0,-0.3
amortization of intangibles,0.0,0.0,0.0,0.0,0.0,0.0,0.0,0.0,0.0,0.0,0.0,0.0,0.0,0.0,0.0,0.0,0.0,0.0,0.0,0.0,0.0,0.0,0.0,0.0,0.0,0.0,0.0,0.0,0.0,0.0,0.0,0.0,0.0,0.0,0.0,0.0,0.0,0.0,0.0,0.0,0.0,0.0,0.0,0.0,0.0,0.0,0.0,0.0,0.0,0.0,0.0,0.0,0.0,0.0,0.0,0.0,0.0,0.0,0.0,0.0,0.0,0.0,0.0,0.0,0.0,0.0,0.0,0.0,0.0,0.0,0.0
asset turnover,0.0,0.0,0.0,0.0,0.5,0.6,0.5,0.5,0.5,0.5,0.5,0.5,0.5,0.5,0.5,0.4,0.4,0.3,0.3,0.2,0.2,0.2,0.2,0.2,0.3,0.3,0.3,0.2,0.2,0.2,0.2,0.2,0.2,0.2,0.2,0.2,0.2,0.3,0.3,0.3,0.3,0.3,0.4,0.5,0.5,0.5,0.6,0.6,0.6,0.6,0.7,0.7,0.7,0.8,0.7,0.7,0.7,0.6,0.6,0.6,0.6,0.5,0.5,0.5,0.5,0.5,0.5,0.5,0.4,0.4,0.4
auditor name,None,None,None,None,None,None,None,None,None,None,None,None,None,None,None,None,None,None,None,None,None,None,None,None,None,None,None,None,None,None,None,None,None,None,None,None,None,None,None,None,None,None,None,None,None,None,None,None,None,None,None,None,None,None,None,None,None,None,None,None,None,None,None,None,None,None,None,None,None,None,None
auditor report,None,None,None,None,None,None,None,None,None,None,None,None,None,None,None,None,None,None,None,None,None,None,None,None,None,None,None,None,None,None,None,None,None,None,None,None,None,None,None,None,None,None,None,None,None,None,None,None,None,None,None,None,None,None,None,None,None,None,None,None,None,None,None,None,None,None,None,None,None,None,None
basic earnings indicator,N,N,Y,Y,Y,Y,Y,Y,Y,Y,Y,Y,Y,Y,Y,Y,Y,Y,Y,Y,Y,Y,Y,Y,Y,Y,Y,Y,Y,Y,Y,Y,Y,Y,Y,Y,Y,Y,Y,Y,Y,Y,Y,Y,Y,Y,Y,Y,Y,Y,Y,Y,Y,Y,Y,Y,Y,Y,Y,Y,Y,Y,Y,Y,Y,Y,Y,Y,Y,Y,Y
book value per share,0.75,2.46,5.12,8.05,8.33,8.74,9.15,10.04,10.52,11.02,11.47,12.14,12.46,12.92,13.17,13.42,13.56,13.22,13.62,13.55,13.18,13.28,13.51,13.71,14.13,14.03,13.71,13.94,13.94,13.87,13.56,13.29,13.09,12.99,12.85,12.70,12.60,12.65,12.82,13.09,13.62,14.38,13.94,15.22,16.38,17.95,17.67,19.50,20.88,20.72,21.44,23.10,23.97,24.09,24.69,25.51,26.13,26.11,26.20,26.30,26.88,27.78,28.72,29.78,30.65,31.17,31.67,32.24,32.67,32.92,33.30
building and improvements,0.0,0.0,0.0,0.0,0.0,0.0,0.0,0.0,0.0,0.0,0.0,0.0,0.0,0.0,0.0,0.0,0.0,0.0,0.0,0.0,0.0,0.0,0.0,0.0,0.0,0.0,0.0,0.0,0.0,0.0,0.0,0.0,0.0,0.0,0.0,0.0,0.0,0.0,0.0,0.0,0.0,0.0,0.0,0.0,0.0,0.0,0.0,0.0,0.0,0.0,0.0,0.0,0.0,0.0,0.0,0.0,0.0,0.0,0.0,0.0,0.0,0.0,0.0,0.0,0.0,0.0,0.0,0.0,0.0,0.0,0.0
capital lease obligations,0.0,0.0,0.0,0.0,0.0,0.0,0.0,0.0,0.0,0.0,0.0,0.0,0.0,0.0,0.0,0.0,0.0,0.0,0.0,0.0,0.0,0.0,0.0,0.0,0.0,0.0,0.0,0.0,0.0,0.0,0.0,0.0,0.0,0.0,0.0,0.0,0.0,0.0,0.0,0.0,0.0,0.0,0.0,0.0,0.0,0.0,0.0,0.0,0.0,0.0,0.0,0.0,0.0,0.0,0.0,0.0,0.0,0.0,0.0,0.0,0.0,0.0,0.0,0.0,0.0,0.0,0.0,0.0,0.0,0.0,0.0
cash as % of revenue,0.0,3.1,0.0,1.1,2.2,4.6,5.5,5.2,8.1,10.8,7.5,5.1,10.2,8.4,6.1,9.2,10.5,13.7,14.0,49.4,19.7,21.9,43.7,20.1,28.6,45.1,28.6,54.3,34.9,24.6,27.7,32.2,25.2,15.6,16.1,17.5,28.0,32.7,27.3,69.6,44.7,69.0,18.2,39.3,37.3,25.6,13.7,26.2,12.3,24.8,22.6,17.8,19.2,9.5,14.0,12.9,6.9,10.4,8.5,15.1,5.5,14.0,15.1,8.4,10.2,10.0,3.8,12.0,10.6,11.2,10.5
cash at beginning of period,17.8,17.8,10.3,10.3,10.3,10.3,28.2,28.2,28.2,28.2,103.0,103.0,103.0,103.0,101.2,101.2,101.2,101.2,112.3,112.3,112.3,112.3,144.5,144.5,144.5,144.5,399.0,399.0,399.0,399.0,184.9,184.9,184.9,182.5,106.3,106.3,106.3,106.3,266.0,226.0,266.0,266.0,842.6,842.6,842.6,842.6,524.7,524.7,524.7,524.7,638.0,638.0,638.0,638.0,336.1,336.1,336.1,336.1,376.4,376.4,376.4,376.4,464.4,464.4,464.4,464.4,333.8,333.8,333.8,333.8,335.4
cash end of period,0.0,0.0,0.0,0.0,0.0,0.0,0.0,0.0,0.0,0.0,0.0,0.0,0.0,0.0,0.0,0.0,98.0,112.3,106.6,340.3,125.9,144.5,304.6,157.0,244.2,399.0,249.8,448.7,268.9,184.9,195.5,221.8,175.7,106.3,116.0,129.3,213.9,266.0,242.6,687.9,486.7,842.6,257.0,643.9,688.2,524.7,302.7,616.7,304.6,638.0,621.3,541.6,635.4,336.1,509.9,470.4,250.8,376.4,306.1,525.1,184.4,464.4,493.2,279.9,348.0,333.8,123.5,376.4,316.6,335.4,308.1
cash flow,0.0,45.9,0.0,114.4,159.7,222.2,273.6,314.6,361.0,386.9,417.4,469.6,505.3,514.0,488.8,433.1,364.8,299.1,277.7,230.2,207.6,226.8,238.7,290.9,342.5,367.5,352.8,319.7,287.8,251.7,212.3,173.0,145.7,128.3,136.3,153.3,161.9,172.7,214.9,274.0,350.6,459.3,574.7,702.8,788.0,908.6,"1,002.2","1,087.1","1,136.2","1,091.7","1,162.6","1,339.4","1,458.3","1,598.6","1,672.6","1,658.5","1,727.2","1,723.6","1,678.4","1,530.7","1,377.7","1,349.8","1,313.3","1,355.9","1,416.3","1,362.3","1,296.8","1,229.6","1,148.7","1,113.4","1,099.3"
cash flow per share,0.00,0.23,0.00,0.84,1.17,1.63,2.00,2.26,2.59,2.78,3.00,3.37,3.72,3.78,3.60,3.19,2.69,2.15,2.05,1.70,1.49,1.70,1.79,2.18,2.62,2.78,2.64,2.43,2.20,1.93,1.63,1.33,1.12,0.99,1.05,1.19,1.26,1.34,1.67,2.13,2.72,3.56,4.45,5.44,6.10,7.03,7.24,7.84,8.19,7.86,8.37,9.64,10.49,11.50,12.03,11.93,12.42,12.40,12.07,11.01,9.91,9.71,9.45,9.75,10.19,9.80,9.33,8.84,8.26,8.01,7.91
cash from discontinued financing activities,0.0,0.0,0.0,0.0,0.0,0.0,0.0,0.0,0.0,0.0,0.0,0.0,0.0,0.0,0.0,0.0,0.0,0.0,0.0,0.0,0.0,0.0,0.0,0.0,0.0,0.0,0.0,0.0,0.0,0.0,0.0,0.0,0.0,0.0,0.0,0.0,0.0,0.0,0.0,0.0,0.0,0.0,0.0,0.0,0.0,0.0,0.0,0.0,0.0,0.0,0.0,0.0,0.0,0.0,0.0,0.0,0.0,0.0,0.0,0.0,0.0,0.0,0.0,0.0,0.0,0.0,0.0,0.0,0.0,0.0,0.0
cash from discontinued investing activities,0.0,0.0,0.0,0.0,0.0,0.0,0.0,0.0,0.0,0.0,0.0,0.0,0.0,0.0,0.0,0.0,0.0,0.0,0.0,0.0,0.0,0.0,0.0,0.0,0.0,0.0,0.0,0.0,0.0,0.0,0.0,0.0,0.0,0.0,0.0,0.0,0.0,0.0,0.0,0.0,0.0,0.0,0.0,0.0,0.0,0.0,0.0,0.0,0.0,0.0,0.0,0.0,0.0,0.0,0.0,0.0,0.0,0.0,0.0,0.0,0.0,0.0,0.0,0.0,0.0,0.0,0.0,0.0,0.0,0.0,0.0
cash per share,0.05,0.05,0.04,0.04,0.08,0.21,0.29,0.30,0.51,0.74,0.56,0.41,0.90,0.75,0.51,0.70,0.72,0.81,0.79,2.51,0.90,1.08,2.29,1.18,1.87,3.02,1.87,3.41,2.05,1.42,1.50,1.70,1.35,0.82,0.90,1.00,1.66,2.07,1.89,5.35,3.78,6.54,1.99,4.99,5.33,4.06,2.19,4.45,2.20,4.59,4.47,3.90,4.57,2.42,3.67,3.38,1.80,2.71,2.20,3.78,1.33,3.34,3.55,2.01,2.50,2.40,0.89,2.71,2.28,2.41,2.22
common par,0.0,0.0,0.0,0.0,0.0,0.0,0.0,0.0,0.0,0.0,0.0,0.0,0.0,0.0,0.0,0.0,1.4,1.4,1.4,1.4,1.4,1.3,1.3,1.3,1.3,1.3,1.3,1.3,1.3,1.3,1.3,1.3,1.3,1.3,1.3,1.3,1.3,1.3,1.3,1.3,1.3,1.3,1.3,1.3,1.3,1.3,1.4,1.4,1.4,1.4,1.4,1.4,1.4,1.4,1.4,1.4,1.4,1.4,1.4,1.4,1.4,1.4,1.4,1.4,1.4,1.4,1.4,1.4,1.4,1.4,1.4
common stock equity,150.8,492.9,511.6,"1,098.9","1,137.3","1,194.7","1,250.6","1,399.1","1,465.6","1,535.5","1,597.9","1,692.1","1,692.3","1,755.3","1,788.6","1,822.1","1,842.2","1,842.2","1,846.6","1,835.9","1,836.7","1,767.9","1,799.3","1,828.1","1,847.1","1,853.1","1,831.4","1,833.7","1,826.9","1,807.5","1,767.3","1,732.3","1,705.6","1,680.5","1,662.1","1,642.8","1,619.8","1,625.8","1,647.9","1,684.4","1,754.3","1,853.3","1,799.1","1,965.7","2,115.7","2,319.5","2,444.3","2,703.4","2,896.1","2,877.1","2,978.2","3,210.9","3,332.1","3,348.6","3,432.3","3,546.2","3,632.8","3,630.6","3,643.1","3,656.9","3,737.7","3,861.7","3,992.5","4,139.6","4,260.6","4,333.1","4,402.5","4,482.0","4,541.4","4,576.4","4,629.5"
construction in progress,0.0,0.0,0.0,0.0,0.0,0.0,0.0,0.0,0.0,0.0,0.0,0.0,0.0,0.0,0.0,0.0,0.0,0.0,0.0,0.0,0.0,0.0,38.6,52.6,92.2,0.0,0.0,0.0,129.0,141.2,156.9,0.0,14.0,21.3,0.0,0.0,0.0,0.0,4.0,79.7,104.4,195.4,311.5,375.9,412.5,459.8,475.1,268.2,381.1,453.1,527.1,435.2,293.4,0.0,0.0,0.0,490.0,0.0,0.0,0.0,0.0,0.0,0.0,0.0,483.0,504.8,547.0,773.2,870.2,991.0,"1,110.6"
cost in excess,0.0,0.0,0.0,0.0,0.0,0.0,0.0,0.0,0.0,0.0,0.0,0.0,0.0,0.0,0.0,0.0,0.0,0.0,0.0,0.0,0.0,0.0,0.0,0.0,0.0,0.0,0.0,31.5,0.0,0.0,0.0,0.0,0.0,0.0,0.0,0.0,0.0,0.0,0.0,0.0,0.0,0.0,0.0,0.0,0.0,0.0,0.0,0.0,0.0,0.0,0.0,0.0,0.0,0.0,0.0,0.0,0.0,0.0,0.0,0.0,0.0,0.0,0.0,0.0,0.0,0.0,0.0,0.0,0.0,0.0,0.0
cost of sales,63.8,74.3,66.2,81.6,94.4,99.6,89.5,98.2,99.7,118.7,125.2,116.0,116.3,127.1,110.6,98.8,115.1,107.3,100.7,101.7,107.5,114.3,108.7,114.6,109.4,122.0,116.3,115.5,108.4,142.2,115.3,133.7,123.2,140.5,136.7,136.7,142.9,180.1,151.2,161.5,168.5,177.7,185.1,211.7,238.9,232.6,221.0,234.1,295.5,303.5,300.0,290.5,332.8,326.8,327.3,327.1,326.8,241.7,319.5,359.0,398.5,404.1,379.0,407.0,407.3,420.1,410.3,416.9,371.8,387.0,404.7
cost of sales with depreciation,63.8,74.3,66.2,81.6,94.4,99.6,89.5,98.2,99.7,118.7,125.2,116.0,116.3,127.1,110.6,98.8,115.1,107.3,100.7,101.7,107.5,114.3,108.7,114.6,115.7,126.0,120.3,119.6,112.5,141.8,119.4,130.1,135.1,129.2,140.9,141.0,147.2,168.4,155.5,171.6,168.9,178.1,185.5,212.0,238.9,233.2,230.1,234.3,295.7,304.0,300.2,290.8,332.4,327.5,327.5,327.3,327.0,242.0,319.8,359.4,398.8,404.3,379.3,407.3,407.6,420.4,410.3,416.9,371.8,387.0,404.4
cumulative translation adjustments,0.0,0.0,0.0,0.0,0.0,0.0,0.0,0.0,0.0,0.0,0.0,0.0,0.0,0.0,0.0,0.0,0.0,0.0,0.0,0.0,0.0,0.0,0.0,0.0,0.0,0.0,0.0,0.0,0.0,0.0,0.0,0.0,0.0,0.0,0.0,0.0,0.0,0.0,0.0,0.0,0.0,0.0,0.0,0.0,0.0,0.0,0.0,0.0,0.0,0.0,0.0,0.0,0.0,0.0,0.0,0.0,0.0,0.0,0.0,0.0,0.0,0.0,0.0,0.0,0.0,0.0,0.0,0.0,0.0,0.0,0.0
current assets per share,0.51,0.58,1.21,1.48,1.43,1.78,3.52,3.46,4.70,5.16,4.58,5.17,6.38,6.91,6.86,6.80,6.75,6.17,6.02,8.46,7.96,8.27,8.67,9.41,9.55,10.81,8.94,11.06,8.81,7.93,6.93,6.43,6.29,6.46,7.44,6.51,8.71,9.30,9.63,10.40,9.12,9.94,8.74,9.48,10.40,11.47,7.92,8.89,9.76,9.11,9.54,11.16,10.66,10.55,12.48,11.44,8.77,12.40,13.68,12.48,12.74,13.40,12.26,12.73,13.88,14.33,15.33,14.71,15.10,15.34,14.91
current defered income taxes,0.0,0.0,0.0,0.0,0.0,0.0,0.0,0.0,0.0,0.0,0.0,0.0,0.0,0.0,0.0,0.0,0.0,0.0,0.0,0.0,0.0,0.0,0.0,0.0,0.0,0.0,0.0,0.0,0.0,0.0,0.0,0.0,0.0,0.0,0.0,0.0,0.0,0.0,0.0,0.0,0.0,0.0,0.0,0.0,0.0,0.0,0.0,0.0,0.0,9.0,9.0,9.0,9.0,9.4,0.0,0.0,0.0,7.2,0.0,0.0,0.0,76.9,0.0,0.0,0.0,6.8,0.0,0.0,0.0,0.0,0.0
current deferred income taxes,0.0,0.0,0.0,0.0,0.0,0.0,0.0,0.0,0.0,0.0,0.0,0.0,0.0,0.0,0.0,0.0,0.0,0.0,0.0,0.0,0.0,0.0,0.0,0.0,0.0,0.0,0.0,0.0,0.0,0.0,0.0,0.0,0.0,0.0,0.0,0.0,0.0,0.0,0.0,0.0,0.0,0.0,0.0,0.0,0.0,0.0,0.0,0.0,0.0,0.0,0.0,0.0,0.0,0.0,0.0,0.0,0.0,0.0,0.0,0.0,0.0,0.0,0.0,0.0,0.0,0.0,0.0,0.0,0.0,0.0,0.0
current liabilities per share,0.18,0.26,0.50,0.55,0.60,0.94,0.79,0.83,0.81,0.94,1.11,1.03,1.05,1.18,1.29,1.10,1.16,0.97,0.76,0.76,0.70,0.92,0.93,1.07,1.07,2.54,1.00,3.01,1.04,0.91,0.93,0.80,0.79,0.77,1.74,0.77,4.54,4.77,4.67,3.41,1.41,2.09,2.09,1.99,2.11,2.58,2.17,1.91,2.40,3.26,3.56,4.48,3.32,3.66,5.45,3.11,2.94,2.97,5.93,4.20,3.64,4.50,2.82,2.66,2.68,3.07,2.95,2.82,3.11,3.49,3.30
current ratio,2.8,2.2,2.4,2.7,2.4,1.9,4.4,4.2,5.8,5.5,4.1,5.0,6.1,5.9,5.3,6.2,5.8,6.4,7.9,11.1,11.3,8.9,9.3,8.8,8.9,4.3,8.9,3.7,8.5,8.7,7.4,8.0,8.0,8.4,4.3,8.5,1.9,1.9,2.1,3.1,6.5,4.8,4.2,4.8,4.9,4.4,3.7,4.6,4.1,2.8,2.7,2.5,3.2,2.9,2.3,3.7,3.0,4.2,2.3,3.0,3.5,3.0,4.3,4.8,5.2,4.7,5.2,5.2,4.9,4.4,4.5
decrease (increase) in other current liabilities,0.0,0.0,1.7,1.1,1.1,0.0,2.5,-12.8,3.1,7.8,21.9,10.2,13.2,-3.0,25.5,25.4,32.8,10.3,-4.6,-11.6,-13.8,-9.4,1.3,11.8,14.1,10.9,-2.3,-5.7,-4.3,-11.7,3.3,-3.3,5.8,2.3,-7.0,-4.7,-2.8,0.0,-6.4,0.0,0.0,2.4,1.6,-44.1,-43.3,-10.7,70.5,27.4,22.8,64.0,48.4,-24.2,-0.1,-19.0,44.2,-46.0,-65.1,-43.0,114.6,-149.6,-166.4,-181.1,12.7,4.7,44.4,-24.0,64.3,45.6,68.7,114.0,-19.1
decrease (increase) in other working capital,0.0,0.0,0.0,0.0,0.0,0.0,0.0,0.0,0.0,0.0,0.0,0.0,0.0,0.0,0.0,0.0,0.0,0.0,0.1,0.8,0.0,0.0,0.5,-0.1,-2.0,0.0,0.0,0.0,-1.9,0.0,0.0,0.0,-3.0,0.0,0.0,0.0,0.3,0.0,-2.2,-1.4,3.2,0.0,1.1,0.2,-0.1,0.0,0.0,0.0,0.0,0.0,0.0,0.0,0.0,0.0,0.0,0.0,0.0,0.0,0.0,0.0,0.0,0.0,0.0,0.0,0.0,0.0,0.0,0.0,0.0,0.0,0.0
decrease (increase) in payables,-5.8,10.3,-2.2,10.0,16.1,68.3,-9.5,11.0,-7.5,15.3,1.2,5.3,0.2,40.5,-15.3,-38.9,-38.2,-30.5,-27.4,-20.3,-21.6,-4.6,-2.1,8.7,4.6,6.8,-4.9,8.6,0.9,1.9,0.0,-10.0,-13.1,-19.1,3.3,3.2,19.5,41.7,-10.9,-4.3,16.9,97.0,15.5,-13.8,29.5,58.8,-79.7,-73.0,8.3,33.2,-60.6,-69.9,-14.8,-27.2,-29.1,-49.1,-54.9,-26.7,-19.8,8.7,10.1,33.3,-32.8,-33.1,-43.8,-9.8,-17.6,-7.1,5.0,10.4,6.9
deferred income taxes,-9.7,-7.5,7.1,18.8,34.8,17.3,13.9,20.6,33.7,34.7,17.9,42.6,37.8,61.4,8.3,16.8,22.9,38.5,7.6,15.5,21.0,26.2,14.2,28.7,42.7,74.3,6.7,10.4,16.5,16.6,-10.0,-9.7,-11.8,23.2,-1.7,-0.5,-1.0,0.7,11.0,22.4,54.1,65.2,4.9,6.2,17.0,0.6,3.0,4.8,10.6,1.8,10.5,22.8,33.9,61.5,8.4,37.9,58.0,85.5,-4.8,11.9,14.9,-6.9,-14.8,-15.6,-15.8,2.1,-0.8,-1.1,-6.1,-51.5,10.0
deferred revenues,0.0,0.0,0.0,0.0,0.0,0.0,0.0,0.0,0.0,0.0,0.0,0.0,0.0,0.0,0.0,0.0,0.0,0.0,0.0,0.0,0.0,0.0,0.0,0.0,0.0,0.0,0.0,0.0,0.0,0.0,0.0,0.0,0.0,0.0,0.0,0.0,0.0,0.0,0.0,0.0,0.0,0.0,0.0,0.0,0.0,0.0,10.3,0.0,20.2,36.1,38.8,0.0,0.0,0.0,0.0,0.0,0.0,0.0,0.0,84.7,0.0,0.0,0.0,0.0,47.1,67.9,79.5,65.3,64.0,71.7,0.0
depreciation,41.4,52.9,12.1,30.5,52.1,75.8,26.0,53.2,81.9,108.3,32.1,65.0,98.5,130.3,35.8,71.6,107.8,143.0,37.0,74.8,115.6,154.5,41.6,83.7,126.9,170.0,42.7,87.3,132.5,177.5,47.3,88.8,132.1,175.6,44.5,89.1,134.1,178.8,45.5,91.5,137.9,183.7,49.6,99.1,148.9,200.5,55.7,114.0,171.6,235.3,69.1,139.7,211.7,286.9,85.1,170.5,257.0,346.4,97.4,198.1,297.3,393.2,101.2,202.3,303.5,398.6,101.4,200.9,300.1,392.9,96.8
depreciation (unrecognized),13.4,11.5,12.1,18.4,21.6,23.7,26.0,27.2,28.7,26.4,32.1,32.9,33.5,31.8,35.8,35.7,36.1,35.2,37.0,37.8,40.8,38.9,41.6,42.2,43.1,43.1,42.7,44.6,45.2,45.0,47.3,41.6,43.3,43.5,44.5,44.6,45.0,44.7,45.5,46.0,46.5,45.8,49.6,49.5,49.8,51.6,55.7,58.3,57.6,63.6,69.1,70.7,72.0,75.1,85.1,85.4,86.5,89.5,97.4,100.7,99.1,95.9,101.2,101.2,101.2,95.1,101.4,99.5,99.2,92.8,96.8
domestic sales,0.0,0.0,0.0,0.0,0.0,0.0,0.0,0.0,0.0,0.0,0.0,0.0,0.0,0.0,0.0,0.0,0.0,0.0,0.0,0.0,0.0,0.0,0.0,0.0,0.0,0.0,0.0,0.0,0.0,0.0,0.0,0.0,0.0,0.0,0.0,0.0,0.0,0.0,0.0,0.0,0.0,0.0,0.0,0.0,0.0,0.0,0.0,0.0,0.0,0.0,0.0,0.0,0.0,0.0,0.0,0.0,0.0,0.0,0.0,0.0,0.0,0.0,0.0,0.0,0.0,0.0,0.0,0.0,0.0,0.0,0.0
earnings from equity interest,0.0,0.0,0.0,0.0,0.0,0.0,0.0,0.0,0.0,0.0,0.0,0.0,0.0,0.0,0.0,0.0,0.0,0.0,0.0,0.0,0.0,0.0,0.0,0.0,0.0,0.0,0.0,0.0,0.0,0.0,0.0,0.0,0.0,0.0,0.0,0.0,0.0,0.0,0.0,0.0,0.0,0.0,0.0,0.0,0.0,0.0,0.0,0.0,0.0,0.0,0.0,0.0,0.0,0.0,0.0,0.0,0.0,0.0,0.0,0.0,0.0,0.0,0.0,0.0,0.0,0.0,0.0,0.0,0.0,0.0,0.0
earnings period indicator,N,F,Q,S,N,F,Q,S,N,F,Q,S,N,F,Q,S,N,F,Q,S,N,F,Q,S,N,F,Q,S,N,F,Q,S,N,F,Q,S,N,F,Q,S,N,F,Q,S,N,F,Q,S,N,F,Q,S,N,F,Q,S,N,F,Q,S,N,F,Q,S,N,F,Q,S,N,F,Q
effect exchange rate changes,0.0,0.0,0.0,0.0,0.0,0.0,0.0,0.0,0.0,0.0,0.0,0.0,0.0,0.0,0.0,0.0,0.0,0.0,0.0,0.0,0.0,0.0,0.0,0.0,0.0,0.0,0.0,0.0,0.0,0.0,0.0,0.0,0.0,0.0,0.0,0.0,0.0,-0.4,-0.2,-0.1,-0.5,0.0,0.0,0.0,0.0,0.0,0.0,0.0,0.0,0.0,0.0,0.0,0.0,0.0,0.0,0.0,0.0,0.0,0.0,0.0,0.0,0.0,0.0,0.0,0.0,0.0,0.0,0.0,0.0,0.0,0.0
effective tax rate,0.0,0.0,0.0,30.0,30.9,31.2,32.8,33.9,34.3,35.2,35.2,35.3,35.3,35.0,35.0,34.8,34.8,35.1,35.1,35.3,35.3,34.8,33.7,33.4,33.1,33.3,33.1,33.4,33.2,35.0,0.0,0.0,0.0,0.0,0.0,0.0,0.0,0.0,37.9,30.4,31.2,27.0,27.7,27.8,26.8,26.9,26.6,27.0,27.5,32.1,32.0,31.8,32.0,29.0,27.8,26.6,24.8,26.3,27.6,28.7,31.5,28.5,25.4,23.4,21.0,18.4,20.9,19.7,19.6,21.5,18.5
excise taxes,0.0,0.0,0.0,0.0,0.0,0.0,0.0,0.0,0.0,0.0,0.0,0.0,0.0,0.0,0.0,0.0,0.0,0.0,0.0,0.0,0.0,0.0,0.0,0.0,0.0,0.0,0.0,0.0,0.0,0.0,0.0,0.0,0.0,0.0,0.0,0.0,0.0,0.0,0.0,0.0,0.0,0.0,0.0,0.0,0.0,0.0,0.0,0.0,0.0,0.0,0.0,0.0,0.0,0.0,0.0,0.0,0.0,0.0,0.0,0.0,0.0,0.0,0.0,0.0,0.0,0.0,0.0,0.0,0.0,0.0,0.0
extraordinary gains,0.0,0.0,0.0,0.0,0.0,0.0,0.0,0.0,0.0,0.0,0.0,0.0,0.0,0.0,0.0,0.0,0.0,0.0,0.0,0.0,0.0,0.0,0.0,0.0,0.0,0.0,0.0,0.0,0.0,0.0,0.0,0.0,0.0,0.0,0.0,0.0,0.0,0.0,0.0,0.0,0.0,0.0,0.0,0.0,0.0,0.0,0.0,0.0,0.0,0.0,0.0,0.0,0.0,0.0,0.0,0.0,0.0,0.0,0.0,0.0,0.0,0.0,0.0,0.0,0.0,0.0,0.0,0.0,0.0,0.0,0.0
extraordinary income/losses,0.0,0.0,0.0,0.0,0.0,0.0,0.0,0.0,0.0,0.0,0.0,0.0,0.0,0.0,0.0,0.0,0.0,0.0,0.0,0.0,0.0,0.0,0.0,0.0,0.0,0.0,0.0,0.0,0.0,0.0,0.0,0.0,0.0,0.0,0.0,0.0,0.0,0.0,0.0,0.0,0.0,0.0,0.0,0.0,0.0,0.0,0.0,0.0,0.0,0.0,0.0,0.0,0.0,0.0,0.0,0.0,0.0,0.0,0.0,0.0,0.0,0.0,0.0,0.0,0.0,0.0,0.0,0.0,0.0,0.0,0.0
foreign sales,0.0,0.0,0.0,0.0,0.0,0.0,0.0,0.0,0.0,0.0,0.0,0.0,0.0,0.0,0.0,0.0,0.0,0.0,0.0,0.0,0.0,0.0,0.0,0.0,0.0,0.0,0.0,0.0,0.0,0.0,0.0,0.0,0.0,0.0,0.0,0.0,0.0,0.0,0.0,0.0,0.0,0.0,0.0,0.0,0.0,0.0,0.0,0.0,0.0,0.0,0.0,0.0,0.0,0.0,0.0,0.0,0.0,0.0,0.0,0.0,0.0,0.0,0.0,0.0,0.0,0.0,0.0,0.0,0.0,0.0,0.0
free cash flow,-6.4,-15.9,-20.1,-32.6,-22.3,-59.2,-0.2,3.7,19.4,14.4,65.4,116.0,204.3,253.5,20.1,43.9,43.0,6.1,-49.5,-118.2,-195.8,-190.5,27.4,9.1,52.1,38.9,43.3,14.8,-8.6,-125.3,-119.4,-193.8,-224.8,-166.6,7.0,1.2,38.8,86.8,14.0,-9.9,-4.7,46.5,-241.8,-209.2,-73.9,-49.3,-289.9,-234.4,-183.2,-235.1,-18.1,-108.4,-22.3,100.7,-1.6,-532.9,-954.0,-960.9,78.5,-17.3,25.2,114.4,222.7,377.3,67.9,155.3,117.5,-17.1,126.9,119.0,-29.9
free cash flow per share,-0.03,-0.08,-0.20,-0.24,-0.16,-0.43,0.00,0.03,0.14,0.10,0.47,0.83,1.50,1.87,0.15,0.32,0.32,0.04,-0.37,-0.87,-1.41,-1.43,0.21,0.07,0.40,0.29,0.32,0.11,-0.07,-0.96,-0.92,-1.49,-1.72,-1.29,0.05,0.01,0.30,0.67,0.11,-0.08,-0.04,0.36,-1.87,-1.62,-0.57,-0.38,-2.10,-1.69,-1.32,-1.69,-0.13,-0.78,-0.16,0.72,-0.01,-3.83,-6.86,-6.91,0.56,-0.12,0.18,0.82,1.60,2.71,0.49,1.12,0.84,-0.12,0.91,0.86,-0.22
gross fixed assets,686.3,718.4,761.8,"1,320.3","1,390.9","1,471.1","1,544.7","1,705.9","1,764.1","1,821.9","1,858.7","1,894.8","1,953.9","2,045.8","2,140.8","2,200.3","2,277.5","2,368.3","2,418.8","2,515.3","2,597.0","2,662.8","2,696.0","2,758.3","2,824.0","2,763.2","2,776.9","2,792.5","3,134.6","3,269.3","3,402.9","3,425.0","3,480.8","3,511.8","3,490.5","3,563.5","3,578.7","3,568.3","3,589.1","3,696.6","3,732.0","3,875.3","4,028.0","4,132.1","4,249.1","4,400.9","4,480.3","4,593.6","4,809.0","5,047.8","5,221.4","5,426.1","5,535.6","5,650.8","5,807.7","6,343.6","6,914.1","7,033.1","7,112.9","7,084.9","7,168.5","7,264.4","7,307.8","7,342.4","7,889.8","8,046.5","7,965.9","8,186.6","8,340.7","8,222.8","8,421.7"
gross margin,0.0,0.0,0.0,0.0,0.0,0.0,0.0,0.0,0.0,0.0,0.0,0.0,0.0,0.0,0.0,0.0,0.0,0.0,67.1,41.6,49.8,76.7,96.5,112.8,121.2,100.2,77.4,64.1,65.8,62.8,30.9,29.5,60.7,47.2,47.5,48.2,65.3,57.2,107.6,121.9,142.0,190.6,262.6,300.5,275.5,345.6,387.2,414.8,348.5,363.2,486.1,663.8,567.6,576.5,558.4,619.4,581.6,649.1,540.1,463.6,401.2,436.9,427.4,482.5,470.9,328.3,358.4,321.3,357.3,363.5,325.0
gross profit margin,0.0,22.9,0.0,35.6,39.4,44.1,48.5,51.7,55.6,57.5,57.4,59.4,60.2,59.9,59.2,56.6,51.6,47.4,44.5,38.3,34.7,35.7,38.0,43.0,47.7,49.3,47.1,43.9,39.9,35.9,31.7,27.4,26.3,24.7,25.7,27.5,27.2,26.8,31.3,35.6,39.3,46.0,50.9,54.7,55.9,57.7,59.1,60.6,60.3,58.9,58.7,61.0,62.9,64.7,64.9,63.9,64.1,66.3,66.3,64.2,60.9,55.4,52.9,52.4,53.2,51.4,49.9,47.2,45.7,46.9,46.4
income before income taxes,0.0,0.0,0.0,0.0,0.0,0.0,0.0,0.0,0.0,0.0,0.0,0.0,0.0,0.0,0.0,0.0,0.0,0.0,0.0,0.0,0.0,0.0,54.7,77.0,79.4,272.4,32.5,18.6,31.5,13.6,-27.5,-18.5,-13.2,4.9,-14.7,-12.7,3.0,20.9,43.4,55.8,119.4,137.8,206.7,242.2,223.0,294.4,310.3,352.5,288.2,295.6,405.9,590.9,447.6,403.2,453.3,520.8,475.3,419.0,406.0,320.9,298.6,310.5,296.8,344.0,334.8,203.5,251.4,246.8,234.8,185.0,206.2
income from cum. effect of acct. change,0.0,0.0,0.0,0.0,0.0,0.0,0.0,0.0,0.0,0.0,0.0,0.0,0.0,0.0,0.0,0.0,0.0,0.0,0.0,0.0,0.0,0.0,0.0,0.0,0.0,0.0,0.0,0.0,0.0,0.0,0.0,0.0,0.0,0.0,0.0,0.0,0.0,0.0,0.0,0.0,0.0,0.0,0.0,0.0,0.0,0.0,0.0,0.0,0.0,0.0,0.0,0.0,0.0,0.0,0.0,0.0,0.0,0.0,0.0,0.0,0.0,0.0,0.0,0.0,0.0,0.0,0.0,0.0,0.0,0.0,0.0
income from tax loss carryforward,0.0,0.0,0.0,0.0,0.0,0.0,0.0,0.0,0.0,0.0,0.0,0.0,0.0,0.0,0.0,0.0,0.0,0.0,0.0,0.0,0.0,0.0,0.0,0.0,0.0,0.0,0.0,0.0,0.0,0.0,0.0,0.0,0.0,0.0,0.0,0.0,0.0,0.0,0.0,0.0,0.0,0.0,0.0,0.0,0.0,0.0,0.0,0.0,0.0,0.0,0.0,0.0,0.0,0.0,0.0,0.0,0.0,0.0,0.0,0.0,0.0,0.0,0.0,0.0,0.0,0.0,0.0,0.0,0.0,0.0,0.0
income per employee,None,-2800,None,None,None,38833,None,None,None,69303,None,None,None,89233,None,None,None,33935,None,None,None,18070,None,None,None,44279,None,None,None,16601,None,None,None,-12945,None,None,None,-1725,None,None,None,57853,None,None,None,147260,None,None,None,156767,None,None,None,230004,None,None,None,250222,None,None,None,180275,None,None,None,181612,None,None,None,135939,None
income taxes,1.6,2.4,7.4,13.8,19.4,25.7,30.8,35.2,41.5,44.1,43.9,60.8,58.5,43.4,27.9,28.6,20.4,7.4,15.9,2.0,5.6,15.0,17.8,25.5,26.0,21.4,9.9,6.6,9.8,7.3,-5.9,-1.8,-1.7,3.6,-3.7,-2.2,0.0,9.6,13.2,14.5,37.4,30.9,61.4,66.4,58.6,73.1,86.1,100.5,82.7,130.6,115.3,174.6,136.9,109.7,104.8,133.4,111.2,142.9,115.2,96.5,100.0,68.8,46.2,77.4,78.0,15.1,66.3,45.3,56.7,29.4,30.2
"income, acquired in process r&a;",0.0,0.0,0.0,0.0,0.0,0.0,0.0,0.0,0.0,0.0,0.0,0.0,0.0,0.0,0.0,0.0,0.0,0.0,0.0,0.0,0.0,0.0,0.0,0.0,0.0,0.0,0.0,0.0,0.0,0.0,0.0,0.0,0.0,0.0,0.0,0.0,0.0,0.0,0.0,0.0,0.0,0.0,0.0,0.0,0.0,0.0,0.0,0.0,0.0,0.0,0.0,0.0,0.0,0.0,0.0,0.0,0.0,0.0,0.0,0.0,0.0,0.0,0.0,0.0,0.0,0.0,0.0,0.0,0.0,0.0,0.0
intangibles,0.0,0.0,0.0,85.4,86.3,129.8,126.0,124.3,122.7,118.6,117.0,115.4,113.8,109.8,108.2,89.8,88.5,73.2,72.1,70.9,69.8,55.2,50.9,46.7,42.5,38.3,34.9,0.0,28.1,24.7,21.3,17.9,14.5,11.1,7.7,4.3,0.9,0.0,0.0,0.0,0.0,0.0,0.0,0.0,0.0,0.0,0.0,0.0,0.0,0.0,0.0,0.0,0.0,0.0,0.0,0.0,0.0,0.0,0.0,0.0,0.0,0.0,0.0,0.0,0.0,0.0,0.0,0.0,0.0,0.0,0.0
intangibles as % of book-value,0.0,0.0,0.0,7.8,7.6,10.9,10.1,8.9,8.4,7.7,7.3,6.8,6.7,6.3,6.0,4.9,4.8,4.0,3.9,3.9,3.8,3.1,2.8,2.6,2.3,2.1,1.9,1.7,1.5,1.4,1.2,1.0,0.9,0.7,0.5,0.3,0.1,0.0,0.0,0.0,0.0,0.0,0.0,0.0,0.0,0.0,0.0,0.0,0.0,0.0,0.0,0.0,0.0,0.0,0.0,0.0,0.0,0.0,0.0,0.0,0.0,0.0,0.0,0.0,0.0,0.0,0.0,0.0,0.0,0.0,0.0
interest as % of invested capital,0.0,5.5,0.0,0.9,0.1,0.2,0.1,0.3,0.5,0.5,0.7,0.7,0.7,0.7,0.6,0.5,0.5,0.4,0.3,0.3,0.3,0.4,0.7,0.8,0.9,0.9,0.8,0.9,0.9,0.9,0.9,0.9,0.9,0.9,1.0,1.0,1.1,1.3,1.4,1.6,1.6,1.5,1.4,1.0,0.9,0.7,0.9,0.8,0.7,0.6,0.3,0.2,0.2,0.3,0.3,0.4,0.7,1.0,1.4,1.6,1.7,1.7,1.6,1.6,1.5,1.3,1.1,1.0,0.8,0.8,0.6
interest coverage (cont. operations),0.0,0.5,0.0,9.4,127.5,93.5,120.0,60.5,43.7,42.8,34.2,38.0,41.3,41.7,40.0,38.3,33.0,27.1,29.9,20.3,11.4,11.8,7.9,9.8,11.6,11.4,11.7,9.1,7.1,5.1,2.5,1.0,0.0,0.0,0.0,0.0,0.3,0.9,2.6,3.9,6.5,9.5,14.3,25.3,31.2,41.1,39.0,46.1,56.7,66.0,139.7,203.6,206.7,184.0,193.0,95.7,62.1,38.7,26.7,21.0,17.2,15.7,14.6,14.7,16.2,17.1,18.1,19.2,19.8,20.9,23.4
interest expense,8.9,1.0,0.0,0.1,0.0,2.2,0.0,3.3,3.6,3.4,3.8,3.8,3.6,3.3,3.3,2.0,2.2,1.7,1.2,1.6,3.9,3.6,8.3,6.1,5.9,5.8,5.5,6.3,6.0,5.8,5.6,5.4,6.4,6.5,6.4,6.4,7.7,9.9,9.6,15.8,8.3,8.1,6.8,5.7,6.1,5.4,10.9,3.8,2.3,2.2,1.3,1.9,3.0,3.9,1.1,11.3,14.0,23.2,22.3,21.3,22.6,24.5,22.0,22.2,15.9,13.0,15.3,12.7,8.7,9.4,8.1
interest income,0.0,0.0,0.0,0.0,0.0,0.0,0.0,0.0,0.0,0.0,0.0,0.0,0.0,0.0,0.0,0.0,9.1,9.0,8.6,9.9,16.7,14.3,11.7,11.6,13.2,12.2,9.6,7.7,6.7,5.9,4.2,3.3,2.7,1.8,1.6,3.1,2.9,4.6,5.8,6.1,6.1,8.1,8.4,8.4,10.0,11.0,9.8,7.6,8.7,7.4,4.4,2.9,3.1,1.4,0.6,1.2,1.9,0.9,1.3,0.5,0.4,0.8,0.5,1.1,2.0,3.1,1.8,1.5,0.8,0.9,0.6
inventories,15.0,15.3,15.7,31.1,30.7,30.4,30.8,31.3,32.3,33.7,34.4,35.0,35.2,35.8,36.1,37.2,38.1,38.8,39.1,40.0,40.6,40.7,41.1,40.8,40.8,40.8,40.8,40.8,41.2,45.4,46.7,46.6,48.3,48.0,48.5,48.3,48.1,47.6,47.6,47.6,47.7,47.2,47.6,47.5,48.7,48.8,49.0,50.6,51.2,50.7,51.0,50.6,0.0,52.5,0.0,0.0,0.0,49.1,0.0,0.0,0.0,50.3,0.0,0.0,0.0,52.6,0.0,0.0,0.0,57.6,0.0
"inventories, finished goods",0.0,0.0,0.0,0.0,0.0,0.0,0.0,0.0,0.0,0.0,0.0,0.0,0.0,0.0,0.0,0.0,0.0,0.0,0.0,0.0,0.0,0.0,0.0,0.0,0.0,0.0,0.0,0.0,0.0,0.0,0.0,0.0,0.0,0.0,0.0,0.0,0.0,0.0,0.0,0.0,0.0,0.0,0.0,0.0,0.0,0.0,0.0,0.0,0.0,0.0,0.0,0.0,0.0,0.0,0.0,0.0,0.0,0.0,0.0,0.0,0.0,0.0,0.0,0.0,0.0,0.0,0.0,0.0,0.0,0.0,0.0
"inventories, other",0.0,0.0,0.0,0.0,0.0,0.0,0.0,0.0,0.0,0.0,0.0,0.0,0.0,0.0,0.0,0.0,0.0,0.0,0.0,0.0,0.0,0.0,41.1,40.8,40.8,40.8,40.8,40.8,41.2,45.4,46.7,46.6,48.3,48.0,48.5,48.3,48.1,47.6,47.6,47.6,47.7,47.2,47.6,47.5,48.7,48.8,49.0,50.6,51.2,50.7,51.0,50.6,0.0,0.0,0.0,0.0,0.0,0.0,0.0,0.0,0.0,0.0,0.0,0.0,0.0,0.0,0.0,0.0,0.0,0.0,0.0
"inventories, purchased components",0.0,0.0,0.0,0.0,0.0,0.0,0.0,0.0,0.0,0.0,0.0,0.0,0.0,0.0,0.0,0.0,0.0,0.0,0.0,0.0,0.0,0.0,0.0,0.0,0.0,0.0,0.0,0.0,0.0,0.0,0.0,0.0,0.0,0.0,0.0,0.0,0.0,0.0,0.0,0.0,0.0,0.0,0.0,0.0,0.0,0.0,0.0,0.0,0.0,0.0,0.0,0.0,0.0,0.0,0.0,0.0,0.0,0.0,0.0,0.0,0.0,0.0,0.0,0.0,0.0,0.0,0.0,0.0,0.0,0.0,0.0
"inventories, raw materials",0.0,0.0,0.0,0.0,0.0,0.0,0.0,0.0,0.0,0.0,0.0,0.0,0.0,0.0,0.0,0.0,0.0,0.0,0.0,0.0,0.0,0.0,0.0,0.0,0.0,0.0,0.0,0.0,0.0,0.0,0.0,0.0,0.0,0.0,0.0,0.0,0.0,0.0,0.0,0.0,0.0,0.0,0.0,0.0,0.0,0.0,0.0,0.0,0.0,0.0,0.0,0.0,0.0,52.5,0.0,0.0,0.0,49.1,0.0,0.0,0.0,50.3,0.0,0.0,0.0,52.6,0.0,0.0,0.0,57.6,0.0
"inventories, work in progress",0.0,0.0,0.0,0.0,0.0,0.0,0.0,0.0,0.0,0.0,0.0,0.0,0.0,0.0,0.0,0.0,0.0,0.0,0.0,0.0,0.0,0.0,0.0,0.0,0.0,0.0,0.0,0.0,0.0,0.0,0.0,0.0,0.0,0.0,0.0,0.0,0.0,0.0,0.0,0.0,0.0,0.0,0.0,0.0,0.0,0.0,0.0,0.0,0.0,0.0,0.0,0.0,0.0,0.0,0.0,0.0,0.0,0.0,0.0,0.0,0.0,0.0,0.0,0.0,0.0,0.0,0.0,0.0,0.0,0.0,0.0
inventory as % of revenue,0.0,4.5,0.0,7.0,5.9,5.0,4.3,4.0,3.7,3.5,3.3,3.1,2.9,3.0,3.1,3.6,4.1,4.7,5.1,5.8,6.4,6.2,5.9,5.2,4.8,4.6,4.7,4.9,5.4,6.0,6.6,6.8,6.9,7.1,6.7,6.5,6.3,5.8,5.4,4.8,4.4,3.9,3.4,2.9,2.6,2.4,2.2,2.2,2.1,2.0,1.9,1.7,0.0,1.5,0.0,0.0,0.0,1.4,0.0,0.0,0.0,1.5,0.0,0.0,0.0,1.6,0.0,0.0,0.0,1.9,0.0
inventory turnover,0.0,0.0,0.0,0.0,13.9,15.0,15.7,12.2,12.3,12.7,13.6,13.9,14.1,13.9,13.3,12.5,12.3,11.6,11.2,11.0,10.6,10.7,10.8,11.0,11.0,11.0,11.3,11.4,11.3,11.2,11.0,11.4,11.5,11.0,11.2,11.3,11.6,12.5,12.7,13.3,13.8,13.9,14.5,15.6,16.9,18.1,18.7,18.9,19.7,21.2,22.7,23.5,47.9,24.2,50.1,51.9,0.0,24.1,0.0,0.0,0.0,29.8,0.0,0.0,0.0,31.4,0.0,0.0,0.0,28.8,0.0
invested capital,530.0,492.9,526.6,"1,168.9","1,192.3","1,257.7","1,650.6","1,799.1","1,865.6","1,935.5","1,997.9","2,092.1","2,092.3","2,155.3","2,188.6","2,222.1","2,242.2","2,242.2","2,246.6","2,639.0","2,643.3","2,624.4","2,656.1","2,751.9","2,774.5","2,773.8","2,755.7","2,761.8","2,758.7","2,732.0","2,695.6","2,664.5","2,641.6","2,608.5","2,594.1","2,578.8","2,342.0","2,335.2","2,357.3","2,661.7","2,731.8","2,831.0","2,768.4","2,931.4","3,081.5","3,283.8","2,968.8","3,206.4","3,399.1","3,380.1","3,481.3","3,714.0","3,835.3","3,851.9","3,935.6","4,544.7","4,631.4","5,126.0","5,138.6","5,152.4","5,233.3","5,357.3","5,488.2","5,635.3","5,756.4","5,828.9","5,898.4","5,977.9","6,037.4","6,072.5","6,125.6"
issuance of capital stock,0.0,338.4,0.0,4.2,4.4,5.0,0.3,82.7,83.0,82.9,0.2,0.2,0.3,0.3,0.0,0.0,0.0,0.0,0.1,0.1,0.1,4.0,3.1,3.1,6.3,6.9,0.0,0.0,0.0,0.0,0.0,0.0,0.0,0.0,0.0,0.0,0.0,0.2,1.1,4.9,9.6,11.5,0.8,2.4,2.9,3.3,5.1,7.7,9.5,10.8,0.1,1.5,2.0,2.0,0.0,0.2,0.5,1.5,0.1,0.1,0.1,0.1,0.0,0.0,0.0,0.0,0.0,0.0,0.0,0.0,0.0
issuance of debt,0.0,0.0,37.0,70.0,55.0,73.0,400.0,400.0,400.0,400.0,0.0,0.0,0.0,0.0,0.0,0.0,0.0,0.0,0.0,402.2,402.2,0.0,0.0,460.0,460.0,460.0,0.0,0.0,0.0,0.0,0.0,0.0,0.0,0.0,0.0,0.0,249.4,249.4,0.0,249.5,249.5,249.5,0.0,0.0,0.0,0.0,0.0,0.0,0.0,0.0,0.0,0.0,0.0,0.0,0.0,499.3,499.3,499.3,0.0,0.0,0.0,0.0,0.0,0.0,0.0,0.0,0.0,0.0,0.0,0.0,0.0
land and improvements,0.0,0.0,0.0,0.0,0.0,0.0,0.0,0.0,0.0,0.0,0.0,0.0,0.0,0.0,0.0,0.0,0.0,0.0,0.0,0.0,0.0,0.0,14.2,14.3,14.4,0.0,0.0,0.0,15.0,15.0,15.0,0.0,15.0,15.2,0.0,15.7,15.8,15.8,16.0,16.1,16.3,16.3,16.4,16.5,16.7,17.4,18.4,18.5,18.9,24.1,25.1,26.6,27.5,35.1,30.3,31.8,36.5,44.6,48.3,51.5,53.3,56.5,58.5,60.0,60.4,60.9,61.2,61.7,63.3,64.3,64.6
leverage ratio,3.9,1.3,1.3,1.2,1.2,1.3,1.6,1.5,1.5,1.5,1.5,1.5,1.5,1.5,1.5,1.5,1.5,1.5,1.4,1.7,1.7,1.7,1.7,1.8,1.8,1.9,1.8,1.9,1.8,1.8,1.8,1.8,1.8,1.9,1.9,1.9,2.1,2.1,2.1,2.1,1.9,1.9,2.0,1.9,1.8,1.8,1.5,1.5,1.5,1.5,1.5,1.5,1.5,1.5,1.5,1.6,1.6,1.7,1.8,1.8,1.7,1.7,1.7,1.6,1.6,1.6,1.6,1.6,1.6,1.6,1.6
loans receivable,0.0,0.0,0.0,0.0,0.0,0.0,0.0,0.0,0.0,0.0,0.0,0.0,0.0,0.0,0.0,0.0,0.0,0.0,0.0,0.0,0.0,0.0,0.0,0.0,0.0,0.0,0.0,0.0,0.0,0.0,0.0,0.0,0.0,0.0,0.0,0.0,0.0,0.0,0.0,0.0,0.0,0.0,0.0,0.0,0.0,0.0,0.0,0.0,0.0,0.0,0.0,0.0,0.0,0.0,0.0,0.0,0.0,0.0,0.0,0.0,0.0,0.0,0.0,0.0,0.0,0.0,0.0,0.0,0.0,0.0,0.0
long-term debt,379.2,0.0,15.0,70.0,55.0,63.0,400.0,400.0,400.0,400.0,400.0,400.0,400.0,400.0,400.0,400.0,400.0,400.0,400.0,803.2,806.7,856.6,856.8,923.8,927.4,920.6,924.3,928.1,931.8,924.5,928.3,932.2,936.1,928.0,932.0,936.0,722.2,709.4,709.4,977.3,977.5,977.7,969.3,965.7,965.8,964.3,524.4,503.0,503.0,503.1,503.1,503.2,503.2,503.3,503.3,998.6,998.6,"1,495.4","1,495.4","1,495.5","1,495.5","1,495.6","1,495.7","1,495.7","1,495.8","1,495.8","1,495.9","1,495.9","1,496.0","1,496.1","1,496.1"
long-term debt per share,1.90,0.00,0.15,0.51,0.40,0.46,2.93,2.87,2.87,2.87,2.87,2.87,2.95,2.95,2.95,2.94,2.94,2.87,2.95,5.93,5.79,6.43,6.43,6.93,7.09,6.97,6.92,7.05,7.11,7.09,7.12,7.15,7.18,7.18,7.21,7.24,5.62,5.52,5.52,7.59,7.59,7.58,7.51,7.48,7.48,7.46,3.79,3.63,3.63,3.62,3.62,3.62,3.62,3.62,3.62,7.18,7.18,10.76,10.76,10.76,10.76,10.76,10.76,10.76,10.76,10.76,10.76,10.76,10.76,10.76,10.76
marketable securities,0.0,0.0,0.0,0.0,0.0,0.0,0.0,0.0,0.0,0.0,0.0,0.0,0.0,0.0,0.0,0.0,582.5,529.0,511.6,606.4,755.7,717.7,604.1,788.7,744.9,748.4,715.8,762.9,678.0,627.6,495.6,393.1,405.4,504.0,628.5,35.8,669.3,661.8,702.3,302.3,302.4,2.3,351.4,2.0,100.4,301.2,251.1,1.6,375.4,1.3,1.3,199.1,1.1,400.6,300.9,200.9,0.9,400.9,650.8,250.7,800.6,612.3,500.6,700.5,801.9,902.4,"1,276.6",975.9,"1,175.6","1,150.2","1,150.2"
minority interest,0.0,0.0,0.0,0.0,0.0,0.0,0.0,0.0,0.0,0.0,0.0,0.0,0.0,0.0,0.0,0.0,0.0,0.0,0.0,0.0,0.0,0.0,0.0,0.0,0.0,0.0,0.0,0.0,0.0,0.0,0.0,0.0,0.0,0.0,0.0,0.0,0.0,0.0,0.0,0.0,0.0,0.0,0.0,0.0,0.0,0.0,0.0,0.0,0.0,0.0,0.0,0.0,0.0,0.0,0.0,0.0,0.0,0.0,0.0,0.0,0.0,0.0,0.0,0.0,0.0,0.0,0.0,0.0,0.0,0.0,0.0
minority interest liability,0.0,0.0,0.0,0.0,0.0,0.0,0.0,0.0,0.0,0.0,0.0,0.0,0.0,0.0,0.0,0.0,0.0,0.0,0.0,0.0,0.0,0.0,0.0,0.0,0.0,0.0,0.0,0.0,0.0,0.0,0.0,0.0,0.0,0.0,0.0,0.0,0.0,0.0,0.0,0.0,0.0,0.0,0.0,0.0,0.0,0.0,0.0,0.0,0.0,0.0,0.0,0.0,0.0,0.0,0.0,0.0,0.0,0.0,0.0,0.0,0.0,0.0,0.0,0.0,0.0,0.0,0.0,0.0,0.0,0.0,0.0
net cash from continuing operations,28.3,52.8,23.7,67.9,152.6,207.8,73.7,159.7,243.7,396.4,119.9,224.1,389.1,547.2,132.1,232.4,326.1,398.1,46.7,91.3,112.7,201.0,77.9,138.8,264.5,374.0,117.0,165.6,246.9,281.2,30.6,36.4,65.0,162.4,38.5,69.9,132.8,208.3,43.7,135.6,214.5,388.6,133.2,246.6,536.1,760.1,379.6,583.9,873.5,"1,208.3",298.5,594.1,"1,039.3","1,619.7",407.1,705.4,"1,136.4","1,516.8",464.9,694.3,949.9,"1,282.3",406.5,723.6,"1,079.1","1,420.1",349.8,613.3,"1,009.6","1,311.3",276.1
net cash from discontinued operations,0.0,0.0,0.0,0.0,0.0,0.0,0.0,0.0,0.0,0.0,0.0,0.0,0.0,0.0,0.0,0.0,0.0,0.0,0.0,0.0,0.0,0.0,0.0,0.0,0.0,0.0,0.0,0.0,0.0,0.0,0.0,0.0,0.0,0.0,0.0,0.0,0.0,0.0,0.0,0.0,0.0,0.0,0.0,0.0,0.0,0.0,0.0,0.0,0.0,0.0,0.0,0.0,0.0,0.0,0.0,0.0,0.0,0.0,0.0,0.0,0.0,0.0,0.0,0.0,0.0,0.0,0.0,0.0,0.0,0.0,0.0
net fixed assets,481.6,502.3,533.6,"1,076.9","1,128.7","1,198.2","1,247.6","1,383.4","1,414.7","1,451.7","1,458.2","1,463.1","1,490.5","1,551.8","1,612.8","1,637.8","1,680.2","1,737.9","1,763.8","1,824.8","1,870.7","1,902.4","1,895.0","1,915.9","1,939.2","2,002.9","2,016.5","2,032.1","2,075.0","2,164.6","2,251.0","2,273.1","2,270.4","2,257.9","2,236.6","2,220.5","2,190.6","2,154.6","2,129.9","2,191.4","2,204.5","2,302.0","2,405.2","2,459.7","2,527.0","2,628.5","2,652.1","2,707.2","2,865.0","3,040.1","3,144.7","3,278.7","3,321.5","3,398.7","3,467.6","3,918.1","4,402.1","4,432.1","4,414.4","4,299.2","4,283.7","4,283.8","4,226.0","4,159.5","4,605.7","4,667.5","4,611.2","4,780.7","4,835.7","4,865.0","4,967.2"
net income (continuing operations),1.4,5.9,18.7,33.0,38.5,56.2,56.2,65.2,77.8,79.3,80.7,111.7,108.7,82.6,51.8,53.2,37.8,13.2,29.5,3.6,10.5,28.7,36.8,51.5,53.4,39.8,22.6,12.0,21.7,6.3,-21.6,-16.7,-11.5,1.3,-11.0,-10.5,2.9,11.3,30.1,41.3,82.0,106.9,145.3,175.7,164.5,221.4,224.2,251.9,205.5,164.9,290.6,416.3,310.7,293.5,348.6,387.4,364.1,276.1,290.9,224.4,198.5,241.7,250.6,266.6,256.9,188.5,185.2,201.5,178.2,155.7,176.0
net income (discontinued operations),0.0,0.0,0.0,0.0,0.0,0.0,0.0,0.0,0.0,0.0,0.0,0.0,0.0,0.0,0.0,0.0,0.0,0.0,0.0,0.0,0.0,0.0,0.0,0.0,0.0,0.0,0.0,0.0,0.0,0.0,0.0,0.0,0.0,0.0,0.0,0.0,0.0,0.0,0.0,0.0,0.0,0.0,0.0,0.0,0.0,0.0,0.0,0.0,0.0,0.0,0.0,0.0,0.0,0.0,0.0,0.0,0.0,0.0,0.0,0.0,0.0,0.0,0.0,0.0,0.0,0.0,0.0,0.0,0.0,0.0,0.0
net income available for common,1.4,5.9,18.7,33.0,38.5,56.2,56.2,65.2,77.8,79.3,80.7,111.7,108.7,82.6,51.8,53.2,37.8,13.2,29.5,3.6,10.5,28.7,36.8,51.5,53.4,39.8,22.6,12.0,21.7,6.3,-21.6,-16.7,-11.5,1.3,-11.0,-10.5,2.9,11.3,30.1,41.3,82.0,106.9,145.3,175.7,164.5,221.4,224.2,251.9,205.5,164.9,290.6,416.3,310.7,293.5,348.6,387.4,364.1,276.1,290.9,224.4,198.5,241.7,250.6,266.6,256.9,188.5,185.2,201.5,178.2,155.7,176.0
net income/loss,-12.9,-7.0,18.7,51.8,90.2,146.4,56.2,121.5,199.3,278.6,80.7,192.4,301.1,383.7,51.8,105.0,142.9,156.1,29.5,33.1,43.6,72.3,36.8,80.6,134.0,173.8,22.6,34.5,56.2,62.5,-21.6,-38.3,-49.7,-48.4,-11.0,-21.5,-18.5,-7.2,30.1,71.4,153.4,260.3,145.3,321.0,485.5,706.8,224.2,476.1,681.6,846.5,290.6,706.9,"1,017.6","1,311.0",348.6,736.0,"1,100.2","1,376.2",290.9,515.2,713.8,955.5,250.6,517.2,774.1,962.5,185.2,386.6,564.8,720.5,176.0
net profit margin,0.0,-2.1,0.0,13.3,18.4,23.9,25.9,27.3,29.3,29.1,29.2,30.9,31.8,31.7,30.8,28.4,24.1,19.0,17.6,12.2,8.9,11.0,11.4,16.3,20.0,20.5,19.1,15.5,12.5,8.3,2.6,-1.5,-6.2,-7.1,-5.3,-4.3,-2.3,-0.9,3.8,8.7,15.1,21.3,26.6,31.1,32.1,34.4,35.5,36.7,36.4,33.0,33.3,35.3,35.8,37.0,37.6,36.9,38.2,37.9,36.6,33.2,29.3,28.8,28.0,28.7,29.7,29.0,27.3,26.6,25.2,24.1,24.1
non-current deferred income taxes,0.0,0.0,0.0,0.0,0.0,0.0,0.0,0.0,0.0,0.0,0.0,0.0,0.0,0.0,0.0,0.0,0.0,0.0,0.0,0.0,0.0,0.0,0.0,0.0,0.0,0.0,0.0,0.0,0.0,0.0,0.0,0.0,0.0,0.0,0.0,0.0,0.0,0.0,0.0,0.0,0.0,0.0,0.0,0.0,0.0,0.0,0.0,0.0,0.0,0.0,0.0,0.0,0.0,0.0,0.0,0.0,0.0,0.0,0.0,0.0,0.0,0.0,0.0,0.0,0.0,0.0,0.0,0.0,0.0,0.0,0.0
normalized income,1.4,5.9,18.7,33.0,38.5,56.2,56.2,65.2,77.8,79.3,80.7,111.7,108.7,82.6,51.8,53.2,37.8,13.2,29.5,3.6,10.5,28.7,36.8,51.5,53.4,39.8,22.6,12.0,21.7,6.3,-21.6,-16.7,-11.5,2.9,-11.0,-10.5,2.9,1.5,30.1,33.0,48.4,106.9,145.3,175.7,164.5,220.9,224.2,251.9,205.5,164.9,290.6,416.3,310.7,293.5,348.6,387.4,364.1,276.1,290.9,224.4,198.5,241.7,250.6,266.6,256.9,188.5,185.2,201.1,178.2,218.1,174.0
normalized income per employee,None,-2800,None,None,None,38833,None,None,None,69303,None,None,None,89233,None,None,None,33935,None,None,None,18070,None,None,None,44279,None,None,None,16601,None,None,None,-12518,None,None,None,-4053,None,None,None,50385,None,None,None,147156,None,None,None,156767,None,None,None,230004,None,None,None,250222,None,None,None,180275,None,None,None,181612,None,None,None,147720,None
normalized net profit margin,0.0,-2.1,0.0,13.3,18.4,23.9,25.9,27.3,29.3,29.1,29.2,30.9,31.8,31.7,30.8,28.4,24.1,19.0,17.6,12.2,8.9,11.0,11.4,16.3,20.0,20.5,19.1,15.5,12.5,8.3,2.6,-1.5,-6.2,-6.9,-5.0,-4.1,-2.0,-2.1,2.7,6.8,10.4,18.6,23.7,29.1,32.1,34.4,35.5,36.7,36.4,33.0,33.3,35.3,35.8,37.0,37.6,36.9,38.2,37.9,36.6,33.2,29.3,28.8,28.0,28.7,29.7,29.0,27.3,26.5,25.2,26.2,26.2
notes payable,0.0,0.0,0.0,0.0,0.0,0.0,0.0,0.0,0.0,0.0,0.0,0.0,0.0,0.0,0.0,0.0,0.0,0.0,0.0,0.0,0.0,0.0,0.0,0.0,0.0,0.0,0.0,0.0,0.0,0.0,0.0,0.0,0.0,0.0,0.0,0.0,0.0,0.0,0.0,0.0,0.0,0.0,0.0,0.0,0.0,0.0,0.0,0.0,0.0,0.0,0.0,0.0,0.0,0.0,0.0,0.0,0.0,0.0,0.0,0.0,0.0,0.0,0.0,0.0,0.0,0.0,0.0,0.0,0.0,0.0,0.0
number of days cost of goods in inventory,None,None,None,None,26,24,23,29,29,28,27,26,26,26,27,29,29,31,32,33,34,34,33,33,33,33,32,32,32,32,33,31,31,33,32,32,31,29,28,27,26,26,25,23,21,20,19,19,18,17,16,15,8,15,7,7,None,15,None,None,None,12,None,None,None,11,None,None,None,13,None
number of employees,None,None,None,None,None,None,None,None,None,None,None,None,None,None,None,None,None,None,None,None,None,None,None,None,None,None,None,None,None,None,None,None,None,None,None,None,None,None,None,None,None,None,None,None,None,None,None,None,None,None,None,None,None,None,None,None,None,None,None,None,None,None,None,None,None,None,None,None,None,None,None
number of months last report period,None,3,3,3,3,3,3,3,3,3,3,3,3,3,3,3,3,3,3,3,3,3,3,3,3,3,3,3,3,3,3,3,3,3,3,3,3,3,3,3,3,3,3,3,3,3,3,3,3,3,3,3,3,3,3,3,3,3,3,3,3,3,3,3,3,3,3,3,3,3,3
number of part-time employees,None,None,None,None,None,None,None,None,None,None,None,None,None,None,None,None,None,None,None,None,None,None,None,None,None,None,None,None,None,None,None,None,None,None,None,None,None,None,None,None,None,None,None,None,None,None,None,None,None,None,None,None,None,None,None,None,None,None,None,None,None,None,None,None,None,None,None,None,None,None,None
operating gains,25.7,25.7,-0.2,-3.2,-10.2,-32.8,-2.5,-5.4,-10.9,-12.5,-2.6,-6.4,-13.7,-15.6,-3.4,-5.5,-7.4,2.2,-16.2,-17.1,-18.9,-19.5,-6.2,-5.4,-14.6,-22.1,-4.2,-14.3,-37.7,-36.6,-0.8,7.4,6.8,20.3,-1.3,-2.1,-1.1,12.5,-1.1,-11.3,-47.0,-54.9,-3.2,2.7,2.2,-1.9,-1.7,-0.7,-3.2,-2.8,2.6,-2.8,0.9,56.2,-0.6,-9.6,-9.8,-17.4,-0.9,-1.0,-33.4,-34.7,-3.4,-4.7,-5.1,-5.5,-25.4,-79.1,-79.3,-80.8,0.0
operating income,0.0,0.0,0.0,0.0,0.0,0.0,0.0,0.0,0.0,0.0,0.0,0.0,0.0,0.0,0.0,0.0,0.0,0.0,0.0,0.0,0.0,0.0,48.1,64.5,65.7,46.5,24.0,8.1,9.4,10.4,-27.7,-16.6,-3.2,9.2,-9.7,-9.5,7.7,15.5,48.0,64.9,120.6,140.9,202.9,238.1,216.1,283.2,311.9,347.6,278.0,286.0,401.2,577.4,476.0,456.2,456.9,517.6,479.5,449.2,426.7,345.8,317.2,335.7,319.3,367.6,350.3,218.3,265.4,257.2,244.8,195.0,213.7
other current assets,10.2,15.6,13.3,20.4,18.3,12.2,230.4,212.6,334.0,376.5,288.0,355.7,472.2,567.7,625.1,630.3,45.0,36.6,28.7,40.1,42.0,44.7,0.0,0.0,0.0,0.0,0.0,0.0,0.0,0.0,0.0,0.0,0.0,0.0,0.0,0.0,0.0,0.0,0.0,0.0,0.0,0.0,0.0,0.0,0.0,0.0,0.0,0.0,0.0,30.3,35.6,49.7,94.0,69.1,32.2,32.2,32.2,61.1,0.0,95.0,0.0,20.1,0.0,0.0,0.0,83.1,22.2,0.0,0.0,23.1,11.6
other current liabilities,32.5,33.9,35.9,52.4,35.3,54.8,53.3,53.9,60.0,73.6,96.3,88.1,89.4,66.5,90.6,88.4,89.3,62.8,55.2,52.9,47.8,54.3,3.8,8.5,7.2,204.9,7.8,257.3,5.4,4.4,7.4,0.9,2.3,6.8,128.5,2.9,3.8,14.7,8.3,310.1,15.2,39.0,40.3,14.9,15.9,26.5,93.9,46.8,40.0,81.7,128.7,250.4,74.2,85.6,130.3,46.6,47.7,32.4,360.6,63.2,82.0,57.9,37.4,30.6,34.6,26.7,43.3,24.8,31.6,64.5,30.6
other equity adjustments,0.0,0.0,0.0,0.0,0.0,0.0,0.0,0.0,0.0,0.0,0.0,0.0,0.0,0.0,0.0,0.0,-13.0,-9.2,-8.9,-6.4,0.5,0.7,5.6,1.4,14.0,-2.9,-9.5,-2.7,-4.2,-0.7,-3.1,-5.1,-4.1,-4.1,-3.4,-4.1,-4.0,-2.0,-2.5,-2.5,-2.2,0.0,0.1,-0.0,0.1,-4.4,-4.4,0.0,0.1,0.0,0.0,0.0,0.0,0.5,0.0,3.9,3.8,1.6,0.7,-2.4,1.1,3.1,4.4,5.5,-8.9,-4.6,0.8,-0.1,2.9,2.5,1.3
"other financing charges, net",0.0,0.0,-1.8,-1.9,-1.8,0.0,-5.8,-6.1,-6.1,0.0,0.0,0.0,0.0,0.0,0.0,0.0,0.0,0.0,0.0,0.0,3.9,447.4,0.0,-10.6,0.0,-20.6,-1.2,-1.2,-1.2,-11.6,0.0,0.0,0.0,0.0,0.0,0.0,0.0,-1.8,-0.1,-1.4,-1.9,-1.9,0.2,1.0,1.2,0.8,2.4,3.5,4.3,5.2,0.1,1.1,1.4,1.4,0.0,0.0,0.0,496.8,0.0,0.0,0.0,-4.2,0.0,0.0,0.0,0.0,0.0,0.1,-3.5,-3.6,0.1
other fixed assets,0.0,0.0,0.0,0.0,0.0,0.0,0.0,0.0,0.0,0.0,0.0,0.0,0.0,0.0,0.0,0.0,0.0,0.0,0.0,0.0,0.0,0.0,0.0,0.0,0.0,0.0,"2,776.9",0.0,"2,969.8",0.0,0.0,"3,425.0",0.0,0.0,"3,490.5",0.0,0.0,0.0,0.0,0.0,0.0,0.0,0.0,0.0,0.0,0.0,0.0,0.0,0.0,0.0,0.0,0.0,0.0,0.0,0.0,0.0,0.0,0.0,0.0,0.0,0.0,0.0,0.0,0.0,0.0,0.0,0.0,0.0,0.0,0.0,0.0
other gains/losses,0.0,0.0,0.0,0.0,0.0,0.0,0.0,0.0,0.0,0.0,0.0,0.0,0.0,0.0,0.0,0.0,0.0,0.0,0.0,0.0,0.0,0.0,0.0,-7.7,0.0,0.0,0.0,0.0,0.0,0.0,0.0,0.0,0.0,0.0,0.0,0.0,0.0,0.0,0.0,0.0,0.0,0.0,0.0,0.0,0.0,0.0,0.0,0.0,0.0,0.0,0.0,0.0,0.0,0.0,0.0,0.0,0.0,0.0,0.0,0.0,0.0,0.0,0.0,0.0,0.0,0.0,0.0,0.0,0.0,0.0,0.0
other income net,0.3,1.4,0.6,3.3,7.4,25.4,2.8,5.5,5.9,7.3,6.5,7.8,10.9,11.0,7.4,8.9,1.1,-9.6,13.9,-0.5,0.1,1.2,3.2,7.0,6.5,8.3,4.4,9.2,21.4,3.1,1.7,0.3,-7.8,2.5,0.1,-0.1,-1.5,0.6,-1.1,0.5,1.9,3.0,2.4,-1.3,3.3,6.7,0.9,4.6,4.2,7.5,1.8,12.7,-34.5,-80.1,-3.0,13.4,8.2,-103.2,1.3,-3.9,36.0,9.6,10.3,0.5,-5.8,-3.1,25.0,54.5,-1.8,-0.8,-0.1
"other investing changes, net",0.6,1.5,0.0,17.8,20.9,61.5,0.0,-80.8,-80.1,-465.9,-179.7,-204.9,0.0,0.0,0.0,0.0,0.0,0.0,0.0,0.0,0.0,0.0,0.0,0.0,0.1,201.0,1.2,2.3,1.0,-197.9,0.7,2.0,2.5,2.5,0.0,-32.9,0.0,0.0,11.8,11.8,44.1,50.5,0.4,2.0,4.5,7.3,2.4,11.1,4.9,8.1,0.8,7.5,11.1,5.9,0.0,0.0,-28.8,-28.4,0.0,1.3,0.0,0.0,-308.9,-478.3,0.0,0.0,7.8,0.0,136.9,0.0,2.2
other non-cash items,0.3,0.0,-0.3,0.0,-0.3,0.4,0.1,0.3,-0.7,-0.3,-0.4,-0.6,-1.0,-1.3,0.0,-1.5,-0.5,-1.5,0.0,0.0,0.0,1.2,0.0,0.0,0.0,-4.2,0.5,0.0,0.0,-2.6,-0.8,0.0,0.0,9.4,0.0,0.5,0.0,21.9,-0.5,40.0,0.0,0.0,0.0,-4.7,-7.6,6.9,-14.1,-17.5,-18.6,-21.5,14.0,-1.2,-8.6,-9.3,56.6,56.8,64.1,11.1,27.1,21.3,-13.0,-22.7,14.4,25.2,21.2,40.7,47.3,52.3,57.6,150.7,-22.0
other non-current assets,0.0,0.0,4.0,3.7,3.8,3.5,109.5,134.8,9.7,9.4,187.7,213.6,35.3,9.6,9.4,9.1,8.9,9.7,9.6,21.0,22.7,20.9,22.2,31.8,59.2,33.9,33.1,32.7,32.5,35.7,35.4,32.1,32.2,30.8,30.2,29.9,30.7,29.1,29.4,24.3,24.3,23.0,22.6,22.3,23.2,22.8,16.8,25.0,26.3,36.2,33.2,37.1,43.9,73.3,80.4,100.4,94.5,108.8,408.8,480.3,446.3,579.7,681.8,801.9,303.2,304.0,282.4,257.5,245.2,237.4,226.0
other non-current liabilities,0.0,0.0,1.7,5.9,5.9,12.5,16.5,18.6,20.5,22.4,23.6,28.7,29.9,30.3,27.5,11.6,11.7,12.2,11.6,11.7,13.0,15.5,13.3,14.8,18.5,17.6,13.4,14.4,13.8,33.1,33.4,35.5,41.0,42.0,38.3,41.1,42.1,60.5,58.8,62.0,66.3,61.9,67.1,67.7,77.8,67.3,96.0,89.8,103.6,110.7,118.4,109.7,119.6,118.6,119.3,129.4,154.2,178.7,220.8,222.2,200.9,201.1,203.0,197.4,189.9,171.2,178.4,176.5,174.9,186.3,182.9
other receivable,0.0,0.0,0.0,0.0,0.0,0.0,0.0,0.0,0.0,0.0,0.0,0.0,0.0,0.0,0.0,0.0,0.0,0.0,0.0,0.0,0.0,0.0,0.0,0.0,0.0,0.0,0.0,0.0,0.0,0.0,0.0,0.0,0.0,0.0,0.0,449.0,0.0,0.0,0.0,0.0,0.0,0.0,0.0,0.0,0.0,0.0,0.0,0.0,0.0,0.0,0.0,0.0,0.0,0.0,100.0,0.0,0.0,0.0,0.0,0.0,0.0,0.0,0.0,0.0,0.0,0.0,0.0,0.0,24.1,14.6,0.0
other special charges,0.0,0.0,0.0,0.0,0.0,0.0,0.0,0.0,0.0,0.0,0.0,0.0,0.0,0.0,0.0,0.0,0.0,0.0,0.0,0.0,0.0,0.0,0.0,0.0,0.0,0.0,0.0,0.0,0.0,0.0,0.0,0.0,0.0,-1.6,0.0,0.0,0.0,9.8,0.0,8.3,33.6,0.0,0.0,0.0,0.0,0.5,0.0,0.0,0.0,0.0,0.0,0.0,0.0,0.0,0.0,0.0,0.0,0.0,0.0,0.0,0.0,0.0,0.0,0.0,0.0,0.0,0.0,0.4,0.0,-62.4,2.0
payment of cash dividends,0.0,-2.1,0.0,0.0,0.0,0.0,0.0,0.0,-9.8,-19.5,-17.4,-34.8,-52.2,-69.2,-17.0,-34.0,-50.9,-67.9,-17.0,-33.9,-50.9,-67.6,-16.6,-33.3,-50.0,-66.5,-16.5,-33.0,-49.4,-65.7,-16.3,-32.6,-48.9,-57.0,-8.1,-16.2,-24.2,-32.3,-8.0,-16.1,-32.2,-48.3,-209.7,-225.9,-242.0,-258.2,-570.7,-588.0,-605.3,-796.3,-191.0,-382.6,-573.9,-852.2,-278.3,-558.0,-836.6,"-1,115.2",-278.6,-489.7,-611.7,-733.7,-122.0,-245.8,-367.9,-490.1,-122.1,-245.7,-368.0,-490.2,-122.3
payout ratio,None,None,None,None,None,None,None,None,4,7,13,17,18,19,21,25,33,45,55,85,124,94,88,55,41,38,41,54,70,106,385,None,None,None,None,None,None,None,100,39,26,20,71,54,47,39,79,72,69,94,46,55,65,65,69,77,80,81,84,90,90,76,63,51,48,51,54,59,65,68,68
post-tax profit margin,0.0,-2.1,0.0,13.3,18.4,23.9,25.9,27.3,29.3,29.1,29.2,30.9,31.8,31.7,30.8,28.4,24.1,19.0,17.6,12.2,8.9,11.0,11.4,16.3,20.0,20.5,19.1,15.5,12.5,8.3,2.6,-1.5,-6.2,-7.1,-5.3,-4.3,-2.3,-0.9,3.8,8.7,15.1,21.3,26.6,31.1,32.1,34.4,35.5,36.7,36.4,33.0,33.3,35.3,35.8,37.0,37.6,36.9,38.2,37.9,36.6,33.2,29.3,28.8,28.0,28.7,29.7,29.0,27.3,26.6,25.2,24.1,24.1
pre-tax profit margin,0.0,-4.2,0.0,18.9,26.6,34.8,38.6,41.4,44.7,45.0,45.1,47.7,49.1,48.8,47.4,43.6,37.0,29.3,27.1,18.8,13.7,16.8,17.2,24.5,29.8,30.8,28.6,23.2,18.7,12.8,5.1,-0.1,-6.5,-8.0,-5.8,-4.8,-2.6,-0.4,6.1,12.5,22.0,29.2,36.9,43.1,43.9,47.1,48.3,50.2,50.2,48.5,48.9,51.8,52.6,52.1,52.0,50.2,50.8,51.5,50.5,46.6,42.8,40.2,37.5,37.5,37.7,35.5,34.5,33.1,31.4,30.7,29.6
pref. securities of subsid. trust,0.0,0.0,0.0,0.0,0.0,0.0,0.0,0.0,0.0,0.0,0.0,0.0,0.0,0.0,0.0,0.0,0.0,0.0,0.0,0.0,0.0,0.0,0.0,0.0,0.0,0.0,0.0,0.0,0.0,0.0,0.0,0.0,0.0,0.0,0.0,0.0,0.0,0.0,0.0,0.0,0.0,0.0,0.0,0.0,0.0,0.0,0.0,0.0,0.0,0.0,0.0,0.0,0.0,0.0,0.0,0.0,0.0,0.0,0.0,0.0,0.0,0.0,0.0,0.0,0.0,0.0,0.0,0.0,0.0,0.0,0.0
preferred dividends,0.0,0.0,0.0,0.0,0.0,0.0,0.0,0.0,0.0,0.0,0.0,0.0,0.0,0.0,0.0,0.0,0.0,0.0,0.0,0.0,0.0,0.0,0.0,0.0,0.0,0.0,0.0,0.0,0.0,0.0,0.0,0.0,0.0,0.0,0.0,0.0,0.0,0.0,0.0,0.0,0.0,0.0,0.0,0.0,0.0,0.0,0.0,0.0,0.0,0.0,0.0,0.0,0.0,0.0,0.0,0.0,0.0,0.0,0.0,0.0,0.0,0.0,0.0,0.0,0.0,0.0,0.0,0.0,0.0,0.0,0.0
preferred equity outside stock equity,0.0,0.0,0.0,0.0,0.0,0.0,0.0,0.0,0.0,0.0,0.0,0.0,0.0,0.0,0.0,0.0,0.0,0.0,0.0,0.0,0.0,0.0,0.0,0.0,0.0,0.0,0.0,0.0,0.0,0.0,0.0,0.0,0.0,0.0,0.0,0.0,0.0,0.0,0.0,0.0,0.0,0.0,0.0,0.0,0.0,0.0,0.0,0.0,0.0,0.0,0.0,0.0,0.0,0.0,0.0,0.0,0.0,0.0,0.0,0.0,0.0,0.0,0.0,0.0,0.0,0.0,0.0,0.0,0.0,0.0,0.0
preferred secur. of subsid. trust,0.0,0.0,0.0,0.0,0.0,0.0,0.0,0.0,0.0,0.0,0.0,0.0,0.0,0.0,0.0,0.0,0.0,0.0,0.0,0.0,0.0,0.0,0.0,0.0,0.0,0.0,0.0,0.0,0.0,0.0,0.0,0.0,0.0,0.0,0.0,0.0,0.0,0.0,0.0,0.0,0.0,0.0,0.0,0.0,0.0,0.0,0.0,0.0,0.0,0.0,0.0,0.0,0.0,0.0,0.0,0.0,0.0,0.0,0.0,0.0,0.0,0.0,0.0,0.0,0.0,0.0,0.0,0.0,0.0,0.0,0.0
preferred shares,0.0,0.0,0.0,0.0,0.0,0.0,0.0,0.0,0.0,0.0,0.0,0.0,0.0,0.0,0.0,0.0,0.0,0.0,0.0,0.0,0.0,0.0,0.0,0.0,0.0,0.0,0.0,0.0,0.0,0.0,0.0,0.0,0.0,0.0,0.0,0.0,0.0,0.0,0.0,0.0,0.0,0.0,0.0,0.0,0.0,0.0,0.0,0.0,0.0,0.0,0.0,0.0,0.0,0.0,0.0,0.0,0.0,0.0,0.0,0.0,0.0,0.0,0.0,0.0,0.0,0.0,0.0,0.0,0.0,0.0,0.0
preferred stock equity,0.0,0.0,0.0,0.0,0.0,0.0,0.0,0.0,0.0,0.0,0.0,0.0,0.0,0.0,0.0,0.0,0.0,0.0,0.0,0.0,0.0,0.0,0.0,0.0,0.0,0.0,0.0,0.0,0.0,0.0,0.0,0.0,0.0,0.0,0.0,0.0,0.0,0.0,0.0,0.0,0.0,0.0,0.0,0.0,0.0,0.0,0.0,0.0,0.0,0.0,0.0,0.0,0.0,0.0,0.0,0.0,0.0,0.0,0.0,0.0,0.0,0.0,0.0,0.0,0.0,0.0,0.0,0.0,0.0,0.0,0.0
prepaid expenses,0.0,0.0,0.0,0.0,0.0,0.0,0.0,0.0,0.0,0.0,0.0,0.0,0.0,0.0,0.0,0.0,0.0,0.0,0.0,0.0,0.0,0.0,44.3,56.4,20.3,45.6,26.8,33.0,30.1,28.9,27.2,25.7,22.3,22.8,19.9,32.5,34.1,32.7,25.5,37.7,34.4,32.7,34.2,69.2,58.5,39.4,28.5,58.5,77.1,13.1,6.3,26.7,34.2,24.3,106.0,150.1,170.2,37.6,146.9,170.8,185.3,29.9,159.6,196.7,157.4,50.0,134.7,160.0,143.4,78.5,117.8
price/cash flow ratio,0.0,73.4,0.0,33.9,23.5,17.5,17.1,17.2,21.3,17.3,15.1,12.0,7.0,6.3,8.8,8.9,12.4,14.2,19.5,20.7,27.5,23.5,22.0,15.2,9.6,10.9,11.8,11.7,9.1,11.3,11.9,15.8,17.1,20.7,23.0,20.0,26.2,29.9,29.9,25.1,22.5,19.5,20.1,15.4,11.9,11.4,11.2,13.0,13.8,18.1,13.9,14.4,9.8,5.1,5.2,7.0,7.7,7.9,7.4,5.6,6.8,6.9,8.2,7.2,5.4,5.6,7.2,6.7,8.0,8.5,8.8
price/equity ratio,0.00,6.86,4.19,3.54,3.30,3.26,3.74,3.88,5.25,4.37,3.96,3.32,2.09,1.83,2.40,2.11,2.46,2.31,2.93,2.59,3.11,3.01,2.91,2.41,1.78,2.17,2.28,2.04,1.43,1.58,1.43,1.58,1.46,1.58,1.88,1.88,2.62,3.17,3.89,4.08,4.50,4.84,6.42,5.51,4.42,4.45,4.58,5.21,5.43,6.85,5.43,6.02,4.30,2.45,2.55,3.26,3.66,3.77,3.39,2.36,2.52,2.41,2.71,2.36,1.79,1.77,2.11,1.83,2.01,2.06,2.09
price/free cash flow ratio,0.0,-210.9,-107.2,-118.8,-171.9,-66.3,0.0,1297.9,394.2,481.3,96.5,48.6,17.4,12.7,210.8,88.7,104.3,764.1,-107.9,-40.4,-29.1,-28.0,187.4,472.1,63.1,104.8,97.7,259.1,-285.0,-22.8,-21.1,-14.1,-11.1,-15.9,483.8,2383.0,110.0,59.8,453.6,-667.9,-1531.3,193.2,-47.9,-51.8,-127.0,-210.4,-38.5,-60.1,-85.8,-84.0,-895.4,-178.4,-644.1,81.9,-6286.0,-21.7,-13.9,-14.2,158.6,-518.3,376.5,81.5,48.6,26.0,111.7,49.3,79.5,-492.8,72.3,79.0,-316.2
price/revenue ratio,0.00,10.04,0.00,8.77,7.18,6.38,6.60,6.86,8.83,7.02,6.09,4.96,2.95,2.66,3.73,3.69,4.86,5.19,7.12,6.91,8.93,8.08,7.52,5.64,3.86,4.54,4.78,4.54,3.40,3.79,3.59,3.98,3.56,3.89,4.35,4.16,5.54,6.32,7.21,6.97,7.24,7.35,8.20,6.61,5.08,5.03,5.06,5.99,6.34,7.68,5.89,6.34,4.33,2.31,2.40,3.17,3.64,3.77,3.42,2.48,2.79,2.80,3.30,2.93,2.23,2.31,2.82,2.62,3.07,3.16,3.28
price/tangible book ratio,0.00,6.86,4.19,3.84,3.57,3.66,4.16,4.26,5.72,4.73,4.27,3.56,2.24,1.95,2.56,2.23,2.59,2.41,3.05,2.70,3.23,3.11,3.00,2.47,1.83,2.21,2.32,2.08,1.45,1.60,1.45,1.60,1.47,1.59,1.89,1.88,2.62,3.17,3.89,4.08,4.50,4.84,6.42,5.51,4.42,4.45,4.58,5.21,5.43,6.85,5.43,6.02,4.30,2.45,2.55,3.26,3.66,3.77,3.39,2.36,2.52,2.41,2.71,2.36,1.79,1.77,2.11,1.83,2.01,2.06,2.09
purchase of  short-term investments,0.0,-0.1,-0.1,-0.2,-1.8,0.0,-310.7,-430.5,-417.9,-2.5,-261.1,-307.4,-948.9,-167.8,-51.5,-49.7,-46.9,0.0,0.0,-70.8,-208.1,-169.0,0.0,-54.5,0.0,0.0,-199.1,0.0,-199.1,"-5,098.3",-748.7,"-1,374.8","-2,359.5","-2,972.1",-623.5,"-1,895.6","-2,956.0","-4,651.9","-1,468.7","-3,412.7","-4,511.4","-4,956.6",-789.2,-936.6,"-1,727.2","-2,472.4",-842.6,-842.6,"-2,377.4","-2,850.1",-299.5,-649.1,"-1,291.3","-1,905.6","-1,149.1","-2,998.8","-3,698.6","-4,473.6","-1,349.9","-2,399.8","-4,099.5","-5,660.5","-1,249.8","-3,399.8","-5,051.5","-5,653.7",-976.7,"-1,477.1","-2,352.6","-2,977.3",-724.8
purchase of long-term investments,0.0,0.0,0.0,0.0,0.0,0.0,0.0,0.0,0.0,0.0,0.0,0.0,0.0,0.0,0.0,0.0,0.0,0.0,0.0,0.0,0.0,0.0,0.0,0.0,0.0,0.0,0.0,0.0,0.0,0.0,0.0,0.0,0.0,0.0,0.0,0.0,0.0,0.0,0.0,0.0,0.0,0.0,0.0,0.0,0.0,0.0,0.0,0.0,0.0,0.0,0.0,0.0,0.0,0.0,-24.8,-28.9,0.0,0.0,0.0,0.0,0.0,0.0,0.0,0.0,0.0,0.0,0.0,0.0,0.0,0.0,0.0
quarterly indicator,3,4,1,2,3,4,1,2,3,4,1,2,3,4,1,2,3,4,1,2,3,4,1,2,3,4,1,2,3,4,1,2,3,4,1,2,3,4,1,2,3,4,1,2,3,4,1,2,3,4,1,2,3,4,1,2,3,4,1,2,3,4,1,2,3,4,1,2,3,4,1
quick ratio,2.1,1.6,1.8,2.0,1.8,1.6,2.0,2.1,2.5,2.4,2.0,2.3,2.5,2.1,1.5,1.7,5.3,5.8,7.2,10.3,10.5,8.3,8.6,8.1,8.5,4.0,8.4,3.5,7.9,8.1,6.8,7.3,7.3,7.6,4.0,7.7,1.8,1.8,1.9,2.9,6.0,4.5,3.9,4.3,4.5,4.2,3.4,4.2,3.7,2.6,2.5,2.3,2.9,2.6,2.1,3.3,2.5,3.8,2.1,2.5,3.1,2.7,3.9,4.2,4.8,4.2,4.8,4.8,4.5,4.1,4.2
receivables,66.2,74.5,87.6,144.8,135.0,172.2,180.3,197.1,217.2,205.6,238.3,272.8,235.9,233.7,200.2,160.6,153.0,143.6,129.8,119.4,144.5,153.5,161.7,211.5,198.4,193.7,160.9,170.2,136.6,147.0,138.3,151.0,168.5,154.1,149.4,596.0,154.0,187.6,220.2,263.2,303.5,357.1,437.3,462.2,448.2,567.5,464.8,505.3,545.2,522.8,600.4,674.1,708.1,574.8,785.8,736.5,764.6,791.0,797.9,693.8,600.4,609.6,550.8,592.2,622.9,563.9,574.9,532.3,463.2,488.1,485.9
receivables as % of revenue,0.0,22.1,0.0,32.6,25.8,28.2,25.4,24.9,24.9,21.5,23.0,24.1,19.7,19.3,17.4,15.4,16.4,17.5,17.1,17.3,22.6,23.3,23.2,27.1,23.2,21.9,18.4,20.6,17.8,19.5,19.6,21.9,24.1,22.6,20.8,80.5,20.1,23.0,24.8,26.7,27.8,29.2,31.0,28.2,24.3,27.6,21.0,21.5,22.0,20.4,21.9,22.1,21.4,16.2,21.6,20.3,21.0,21.8,22.1,19.9,17.8,18.3,16.8,17.7,18.2,17.0,17.5,17.0,15.5,16.3,16.5
receivables per day sales,0.00,79.68,0.00,117.51,93.01,101.39,91.51,89.73,89.80,77.41,82.70,86.73,70.91,69.60,62.63,55.46,59.01,62.97,61.41,62.43,81.33,83.77,83.54,97.53,83.60,78.74,66.30,74.17,63.90,70.30,70.62,78.95,86.86,81.48,74.83,289.68,72.45,82.88,89.16,95.94,100.23,105.29,111.66,101.54,87.56,99.53,75.61,77.41,79.17,73.30,78.72,79.54,77.07,58.39,77.64,72.93,75.55,78.42,79.68,71.75,64.08,66.04,60.64,63.89,65.67,61.10,63.01,61.16,55.88,58.84,59.34
receivables turnover,0.0,0.0,0.0,0.0,5.2,5.0,5.3,4.6,4.9,5.1,5.0,4.8,5.3,5.5,5.2,4.8,4.8,4.4,4.6,4.9,4.3,4.4,4.8,4.7,5.0,5.1,5.4,4.3,4.6,4.4,4.7,4.3,4.6,4.5,5.0,2.0,4.7,4.8,4.8,2.3,4.8,4.5,4.3,4.5,4.9,4.4,4.9,4.9,5.0,4.7,5.2,5.2,5.3,6.5,5.3,5.2,4.9,5.3,4.6,4.9,4.9,4.7,4.8,5.2,5.6,5.7,5.8,5.6,5.5,5.7,5.6
repayment of long-term debt,-2.0,-331.2,-22.0,-67.5,-67.5,-67.5,-73.0,-73.0,-73.0,-79.1,0.0,0.0,0.0,0.0,0.0,0.0,0.0,0.0,0.0,-9.1,-9.3,0.0,0.0,-395.6,-406.5,-395.6,0.0,0.0,0.0,0.0,0.0,0.0,0.0,-11.2,0.0,0.0,-1.6,-12.0,0.0,-460.0,-460.0,-472.8,0.0,0.0,0.0,0.0,0.0,0.0,0.0,0.0,0.0,-0.1,-0.1,-0.1,0.0,-3.8,-3.9,-8.7,-0.1,-4.3,-4.3,-0.1,0.0,0.0,0.0,0.0,0.0,0.0,0.0,0.0,0.0
repurchase of capital stock,0.0,0.0,0.0,0.0,0.0,0.0,0.0,0.0,0.0,0.0,0.0,0.0,-88.7,-88.7,0.0,0.0,0.0,0.0,-8.5,-8.5,-12.0,-93.0,0.0,0.0,-31.0,-37.8,-20.0,-20.0,-30.6,-43.4,0.0,0.0,0.0,-18.2,0.0,0.0,-18.1,-18.1,0.0,0.0,0.0,0.0,0.0,0.0,0.0,0.0,0.0,0.0,0.0,0.0,0.0,0.0,0.0,0.0,0.0,0.0,0.0,0.0,0.0,0.0,0.0,0.0,0.0,0.0,0.0,0.0,0.0,0.0,0.0,0.0,0.0
restricted cash,0.0,0.0,0.0,0.0,0.0,0.0,0.0,0.0,0.0,0.0,0.0,0.0,0.0,0.0,0.0,0.0,0.0,0.0,0.0,0.0,0.0,0.0,0.0,0.0,0.0,0.0,0.0,0.0,0.0,0.0,0.0,0.0,0.0,0.0,0.0,0.0,0.0,0.0,0.0,0.0,0.0,0.0,0.0,0.0,0.0,0.0,0.0,0.0,0.0,0.0,0.0,0.0,0.0,0.0,0.0,0.0,0.0,0.0,0.0,0.0,0.0,0.0,0.0,0.0,0.0,0.0,0.0,0.0,0.0,0.0,0.0
retained earnings,-177.3,-171.4,-152.7,-119.7,-81.2,-25.1,31.2,96.4,163.8,233.4,296.7,390.9,482.2,547.8,582.6,618.9,639.7,635.9,648.5,635.1,628.7,517.2,537.4,564.4,601.2,624.5,630.6,626.1,631.3,621.3,583.5,550.5,522.8,515.9,496.9,478.3,473.1,476.4,498.5,531.7,597.7,688.5,624.1,783.6,931.9,"1,137.2",762.2,996.8,"1,185.0","1,158.5","1,257.7","1,482.3","1,601.2","1,615.8","1,586.4","1,694.8","1,779.7","1,776.5","1,788.0","1,803.0","1,879.2","1,999.0","2,127.3","2,271.6","2,406.2","2,472.3","2,535.1","2,614.1","2,669.8","2,702.9","2,756.3"
revenue per $  plant (net),0.00,0.67,0.00,0.41,0.46,0.51,0.57,0.57,0.62,0.66,0.71,0.77,0.80,0.78,0.71,0.64,0.56,0.47,0.43,0.38,0.34,0.35,0.37,0.41,0.44,0.44,0.43,0.41,0.37,0.35,0.31,0.30,0.31,0.30,0.32,0.33,0.35,0.38,0.42,0.45,0.49,0.53,0.59,0.67,0.73,0.78,0.83,0.87,0.87,0.84,0.87,0.93,1.00,1.04,1.05,0.93,0.83,0.82,0.82,0.81,0.79,0.78,0.77,0.80,0.74,0.71,0.71,0.66,0.62,0.61,0.59
revenue per $ cash,0.00,32.68,0.00,86.98,45.83,21.68,18.05,19.24,12.28,9.28,13.28,19.69,9.77,11.94,16.46,10.90,9.52,7.31,7.14,2.02,5.08,4.56,2.29,4.97,3.50,2.22,3.50,1.84,2.86,4.07,3.61,3.11,3.98,6.40,6.20,5.73,3.58,3.06,3.67,1.44,2.24,1.45,5.49,2.54,2.68,3.91,7.31,3.81,8.14,4.02,4.42,5.63,5.21,10.55,7.15,7.73,14.53,9.65,11.78,6.63,18.29,7.16,6.63,11.92,9.81,9.95,26.59,8.33,9.43,8.90,9.57
revenue per $ common equity,0.00,0.68,0.00,0.40,0.46,0.51,0.57,0.57,0.59,0.62,0.65,0.67,0.71,0.69,0.64,0.57,0.51,0.45,0.41,0.38,0.35,0.37,0.39,0.43,0.46,0.48,0.48,0.45,0.42,0.42,0.40,0.40,0.41,0.41,0.43,0.45,0.47,0.50,0.54,0.59,0.62,0.66,0.78,0.83,0.87,0.88,0.91,0.87,0.86,0.89,0.92,0.95,0.99,1.06,1.06,1.03,1.00,1.00,0.99,0.95,0.90,0.86,0.82,0.81,0.80,0.77,0.75,0.70,0.66,0.65,0.64
revenue per $ invested capital,0.00,0.68,0.00,0.38,0.44,0.49,0.43,0.44,0.47,0.49,0.52,0.54,0.57,0.56,0.53,0.47,0.42,0.37,0.34,0.26,0.24,0.25,0.26,0.28,0.31,0.32,0.32,0.30,0.28,0.28,0.26,0.26,0.26,0.26,0.28,0.29,0.33,0.35,0.38,0.37,0.40,0.43,0.51,0.56,0.60,0.63,0.75,0.73,0.73,0.76,0.79,0.82,0.86,0.92,0.93,0.80,0.79,0.71,0.70,0.68,0.64,0.62,0.60,0.59,0.59,0.57,0.56,0.52,0.49,0.49,0.48
revenue per share,0.00,1.68,0.00,3.25,3.83,4.47,5.19,5.68,6.25,6.86,7.45,8.13,8.82,8.90,8.47,7.68,6.87,5.89,5.61,5.08,4.59,4.95,5.23,5.86,6.53,6.70,6.54,6.28,5.87,5.77,5.41,5.28,5.36,5.27,5.56,5.73,5.95,6.34,6.92,7.67,8.46,9.47,10.92,12.69,14.26,15.88,16.00,16.95,17.87,18.49,19.77,21.95,23.80,25.50,26.21,26.16,26.21,26.12,25.93,25.04,24.26,23.90,23.52,24.00,24.56,23.90,23.63,22.54,21.47,21.48,21.20
revenue/assets,0.0,0.5,0.0,0.3,0.4,0.4,0.4,0.4,0.4,0.4,0.4,0.5,0.5,0.5,0.4,0.4,0.3,0.3,0.3,0.2,0.2,0.2,0.2,0.2,0.3,0.3,0.3,0.2,0.2,0.2,0.2,0.2,0.2,0.2,0.2,0.2,0.2,0.2,0.3,0.3,0.3,0.3,0.4,0.4,0.5,0.5,0.6,0.6,0.6,0.6,0.6,0.6,0.7,0.7,0.7,0.6,0.6,0.6,0.5,0.5,0.5,0.5,0.5,0.5,0.5,0.5,0.5,0.4,0.4,0.4,0.4
sale of long-term investments,0.0,0.0,0.0,0.0,0.0,0.0,0.0,0.0,0.0,0.0,0.0,0.0,0.0,0.0,0.0,0.0,0.0,0.0,0.0,0.0,0.0,0.0,0.0,0.0,0.0,0.0,0.0,0.0,0.0,0.0,0.0,0.0,0.0,0.0,0.0,0.0,0.0,0.0,0.0,0.0,0.0,0.0,0.0,0.0,0.0,0.0,0.0,0.0,0.0,0.0,0.0,0.0,0.0,0.0,0.0,0.0,0.0,0.0,0.0,0.0,0.0,0.0,0.0,0.0,0.0,0.0,0.0,0.0,0.0,0.0,0.0
sale of short-term investments,0.0,0.0,0.0,0.0,0.0,5.0,0.0,115.0,115.0,125.1,350.0,350.0,851.9,0.0,0.0,0.0,0.0,4.3,20.0,0.0,0.0,0.0,128.9,0.0,17.1,1.8,26.5,53.9,106.9,"5,260.9",878.0,"1,603.0","2,571.6","3,087.2",625.5,"1,949.2","2,793.5","4,500.5","1,418.0","4,063.8","4,876.5","5,623.8",443.5,941.8,"1,638.1","2,187.8",896.6,"1,146.7","2,314.1","3,163.5",300.0,650.0,"1,293.7","1,493.8","1,349.0","3,198.8","4,098.9","4,473.9","1,200.1","2,550.1","3,700.2","5,450.2","1,362.0","3,312.1","4,862.1","5,362.1",600.0,"1,400.1","2,075.1","2,725.1",725.0
sales per $ inventory,0.00,22.00,0.00,14.26,17.02,20.11,23.03,25.27,26.96,28.37,30.16,32.35,34.03,33.77,31.88,28.02,24.50,21.16,19.43,17.22,15.74,16.20,16.95,19.14,20.94,21.69,21.40,20.27,18.67,16.57,15.09,14.78,14.46,14.18,14.82,15.34,15.91,17.12,18.67,20.74,22.84,25.87,29.62,34.49,37.87,42.06,45.18,46.40,48.41,50.65,53.79,60.30,0.00,67.53,0.00,0.00,0.00,73.92,0.00,0.00,0.00,66.08,0.00,0.00,0.00,63.12,0.00,0.00,0.00,51.89,0.00
sales per $ receivables,0.00,4.52,0.00,3.06,3.87,3.55,3.93,4.01,4.01,4.65,4.35,4.15,5.08,5.17,5.75,6.49,6.10,5.72,5.86,5.77,4.43,4.30,4.31,3.69,4.31,4.57,5.43,4.85,5.63,5.12,5.10,4.56,4.14,4.42,4.81,1.24,4.97,4.34,4.04,3.75,3.59,3.42,3.22,3.55,4.11,3.62,4.76,4.65,4.55,4.91,4.57,4.53,4.67,6.17,4.64,4.94,4.77,4.59,4.52,5.02,5.62,5.45,5.94,5.63,5.48,5.89,5.71,5.89,6.44,6.12,6.07
sales per employee,None,134640,None,None,None,162175,None,None,None,237836,None,None,None,281116,None,None,None,178478,None,None,None,164859,None,None,None,215939,None,None,None,199830,None,None,None,182070,None,None,None,193967,None,None,None,271334,None,None,None,427619,None,None,None,475504,None,None,None,621764,None,None,None,660233,None,None,None,626976,None,None,None,626872,None,None,None,563492,None
shares out (common class only),200.0,200.0,100.0,136.5,136.6,136.7,136.7,139.3,139.3,139.3,139.3,139.3,135.8,135.8,135.8,135.8,135.8,139.3,135.5,135.5,139.3,133.2,133.2,133.4,130.7,132.1,131.6,131.6,131.0,130.3,130.3,130.3,130.3,129.3,129.3,129.3,128.5,128.6,128.6,128.7,128.8,128.9,129.1,129.2,129.2,129.2,138.3,138.7,138.7,138.9,138.9,139.0,139.0,139.0,139.0,139.0,139.0,139.0,139.0,139.0,139.0,139.0,139.0,139.0,139.0,139.0,139.0,139.0,139.0,139.0,139.0
short-term debt,0.0,0.0,0.0,0.0,0.0,10.0,0.0,0.0,0.0,0.0,0.0,0.0,0.0,0.0,0.0,0.0,0.0,0.0,0.0,0.0,0.0,9.7,9.7,9.7,9.7,10.4,10.4,10.4,10.4,11.2,11.2,11.2,11.2,12.0,12.0,12.0,479.2,484.1,488.2,12.8,12.8,0.0,0.0,0.0,0.0,0.0,0.0,9.5,9.4,3.6,3.4,0.0,0.0,0.0,0.0,4.1,4.1,4.2,4.2,0.0,0.0,0.0,0.0,0.0,0.0,0.0,0.0,0.0,0.0,0.0,0.0
special income charges,0.0,0.0,0.0,0.0,0.0,0.0,0.0,0.0,0.0,0.0,0.0,0.0,0.0,0.0,0.0,0.0,0.0,0.0,0.0,0.0,0.0,0.0,0.0,0.0,0.0,0.0,0.0,0.0,0.0,0.0,0.0,0.0,0.0,-1.6,0.0,0.0,0.0,9.8,0.0,8.3,33.6,0.0,0.0,0.0,0.0,0.5,0.0,0.0,0.0,0.0,0.0,0.0,0.0,0.0,0.0,0.0,0.0,0.0,0.0,0.0,0.0,0.0,0.0,0.0,0.0,0.0,0.0,0.4,0.0,-62.4,2.0
tangible book value per share,0.75,2.46,5.12,7.42,7.70,7.79,8.23,9.15,9.64,10.17,10.63,11.32,11.62,12.12,12.37,12.75,12.91,12.70,13.09,13.02,12.68,12.86,13.12,13.36,13.80,13.74,13.45,13.70,13.73,13.68,13.40,13.15,12.97,12.91,12.79,12.67,12.59,12.65,12.82,13.09,13.62,14.38,13.94,15.22,16.38,17.95,17.67,19.50,20.88,20.72,21.44,23.10,23.97,24.09,24.69,25.51,26.13,26.11,26.20,26.30,26.88,27.78,28.72,29.78,30.65,31.17,31.67,32.24,32.67,32.92,33.30
total assets per share,2.92,3.09,6.58,10.02,10.35,11.52,14.37,15.25,15.80,16.50,17.24,18.04,18.45,19.21,19.60,19.59,19.84,19.24,19.64,22.60,22.05,23.13,23.45,24.36,25.16,26.52,24.55,27.00,25.12,25.00,24.64,24.26,24.07,24.24,25.03,23.95,26.00,26.29,26.42,27.62,26.42,27.98,27.55,28.70,30.14,31.98,27.21,28.59,30.60,31.26,32.42,35.01,34.87,35.53,38.01,40.35,41.12,45.06,48.37,46.86,46.76,48.39,47.56,48.41,49.19,50.09,50.53,50.95,51.64,52.04,52.27
total capitalization,0.0,0.0,0.0,0.0,0.0,0.0,0.0,0.0,0.0,0.0,0.0,0.0,0.0,0.0,0.0,0.0,"2,242.2","2,242.2","2,246.6","2,639.0","2,643.3","2,624.4","2,656.1","2,751.9","2,774.5","2,773.8","2,755.7","2,761.8","2,758.7","2,732.0","2,695.6","2,664.5","2,641.6","2,608.5","2,594.1","2,578.8","2,342.0","2,335.2","2,357.3","2,661.7","2,731.8","2,831.0","2,768.4","2,931.4","3,081.5","3,283.8","2,968.8","3,206.4","3,399.1","3,380.1","3,481.3","3,714.0","3,835.3","3,851.9","3,935.6","4,544.7","4,631.4","5,126.0","5,138.6","5,152.4","5,233.3","5,357.3","5,488.2","5,635.3","5,756.4","5,828.9","5,898.4","5,977.9","6,037.4","6,072.5","6,125.6"
total debt as % total assets,74.1,20.3,22.3,19.6,19.6,24.1,36.3,34.2,33.4,33.2,33.5,32.7,32.5,32.7,32.8,31.5,31.6,31.3,30.6,40.1,40.2,42.6,42.4,43.7,43.8,47.1,44.1,48.4,44.5,44.5,45.0,45.2,45.6,46.4,48.6,46.9,51.5,51.9,51.5,52.6,48.5,48.6,49.4,47.0,45.7,43.9,35.1,31.8,31.8,33.7,33.9,34.0,31.3,32.2,35.0,36.8,36.4,42.0,45.8,43.9,42.5,42.6,39.6,38.5,37.7,37.8,37.3,36.7,36.7,36.7,36.3
total debt/equity ratio,2.51,0.00,0.03,0.06,0.05,0.06,0.32,0.29,0.27,0.26,0.25,0.24,0.24,0.23,0.22,0.22,0.22,0.22,0.22,0.44,0.44,0.49,0.48,0.51,0.51,0.50,0.51,0.51,0.52,0.52,0.53,0.54,0.56,0.56,0.57,0.58,0.74,0.73,0.73,0.59,0.56,0.53,0.54,0.49,0.46,0.42,0.21,0.19,0.18,0.18,0.17,0.16,0.15,0.15,0.15,0.28,0.28,0.41,0.41,0.41,0.40,0.39,0.37,0.36,0.35,0.35,0.34,0.33,0.33,0.33,0.32
total non-current assets,481.6,502.3,537.6,"1,166.0","1,218.8","1,331.5","1,483.1","1,642.5","1,547.1","1,579.7","1,762.9","1,792.1","1,639.6","1,671.2","1,730.4","1,736.7","1,777.6","1,820.8","1,845.4","1,916.7","1,963.1","1,978.5","1,968.1","1,994.3","2,040.9","2,075.1","2,084.5","2,096.3","2,135.6","2,225.0","2,307.8","2,323.1","2,317.1","2,299.8","2,274.4","2,254.7","2,222.2","2,183.7","2,159.4","2,215.8","2,228.8","2,325.0","2,427.8","2,482.0","2,550.2","2,651.3","2,669.0","2,732.1","2,891.3","3,076.3","3,177.9","3,315.8","3,365.4","3,472.0","3,548.0","4,018.4","4,496.7","4,540.9","4,823.1","4,779.5","4,730.0","4,863.5","4,907.8","4,961.4","4,909.0","4,971.5","4,893.6","5,038.3","5,080.9","5,102.3","5,193.3"
total ordinary shares,0.0,0.0,0.0,0.0,0.0,0.0,0.0,0.0,0.0,0.0,0.0,0.0,0.0,0.0,0.0,0.0,0.0,0.0,0.0,0.0,0.0,0.0,0.0,0.0,0.0,0.0,0.0,0.0,0.0,0.0,0.0,0.0,0.0,0.0,0.0,0.0,0.0,0.0,0.0,0.0,0.0,0.0,0.0,0.0,0.0,0.0,0.0,0.0,0.0,0.0,0.0,0.0,0.0,0.0,0.0,0.0,0.0,0.0,0.0,0.0,0.0,0.0,0.0,0.0,0.0,0.0,0.0,0.0,0.0,0.0,0.0
total revenue,91.7,98.0,106.9,147.0,170.6,187.0,204.7,228.5,250.5,272.3,286.1,323.5,315.8,283.4,228.0,215.3,206.7,170.9,167.8,143.3,157.3,190.9,205.2,227.3,230.6,222.2,193.7,179.7,174.1,205.1,146.1,163.2,183.9,187.7,184.2,184.9,208.2,237.3,258.8,283.4,310.5,368.3,447.7,512.2,514.5,578.2,608.2,648.9,644.0,666.7,786.1,954.4,900.4,903.2,885.7,946.4,908.4,890.8,859.7,822.6,799.7,841.0,806.4,889.5,878.2,748.4,768.6,738.2,729.1,750.5,729.7
treasury shares,0.0,0.0,0.0,0.0,0.0,0.0,0.0,0.0,0.0,0.0,0.0,0.0,0.0,0.0,3.5,3.5,3.5,3.5,3.8,3.8,3.9,0.0,0.0,0.1,1.4,1.4,1.9,1.9,2.4,3.1,3.1,3.1,3.1,4.1,4.1,4.1,4.9,4.9,4.9,4.9,4.9,4.9,4.9,4.9,4.9,4.9,4.9,4.9,4.9,4.9,4.9,4.9,4.9,4.9,4.9,4.9,0.5,4.9,4.9,4.9,4.9,4.9,4.9,4.9,4.9,4.9,4.9,4.9,4.9,4.9,4.9
treasury stock,0.0,0.0,0.0,0.0,0.0,0.0,0.0,0.0,0.0,0.0,0.0,0.0,0.0,0.0,0.0,0.0,-88.7,-88.7,-97.2,-97.2,-100.8,0.0,0.0,-3.3,-36.8,-37.8,-54.7,-54.7,-65.3,-78.1,-78.1,-78.1,-78.1,-96.3,-96.3,-96.3,-114.4,-114.4,-114.4,-114.4,-114.4,-114.4,-114.4,-114.4,-114.4,-114.4,-114.4,-114.4,-114.4,-114.4,-114.4,-114.4,-114.4,-114.4,-114.4,-114.4,-114.4,-114.4,-114.4,-114.4,-114.4,-114.4,-114.4,-114.4,-114.4,-114.4,-114.4,-114.4,-114.4,-114.4,-114.4
working capital,65.4,63.6,70.5,126.6,113.8,115.0,372.2,366.4,541.2,587.6,483.8,577.0,723.4,778.0,756.2,774.5,759.3,724.9,712.1,"1,042.6","1,011.0",977.9,"1,031.5","1,111.3","1,108.3","1,092.4","1,060.4","1,059.6","1,018.5",915.4,781.9,733.3,717.1,735.3,737.3,742.6,535.5,581.8,637.4,900.2,993.3,"1,012.9",857.8,968.4,"1,071.3","1,148.0",796.2,967.4,"1,020.6",812.2,829.9,927.9,"1,020.5",957.6,977.0,"1,157.4",810.7,"1,309.9","1,076.9","1,150.9","1,264.7","1,237.2","1,311.6","1,399.1","1,557.3","1,565.4","1,722.2","1,652.2","1,666.1","1,647.4","1,615.4"
working capital as % of price,0.0,1.9,3.3,3.3,3.0,2.9,7.9,6.8,7.0,8.8,7.6,10.3,20.5,24.2,17.6,20.1,16.7,17.0,13.1,21.9,17.7,18.4,19.7,25.2,33.6,27.2,25.4,28.2,38.9,32.1,30.9,26.8,28.8,27.7,23.6,24.1,12.6,11.3,9.9,13.1,12.6,11.3,7.4,8.9,11.5,11.1,7.1,6.9,6.5,4.1,5.1,4.8,7.1,11.7,11.2,10.0,6.1,9.6,8.7,13.3,13.4,13.3,12.1,14.3,20.5,20.4,18.6,20.1,18.2,17.4,16.7
working capital per share,0.33,0.32,0.71,0.93,0.83,0.84,2.72,2.63,3.88,4.22,3.47,4.14,5.33,5.73,5.57,5.70,5.59,5.20,5.25,7.69,7.26,7.34,7.74,8.33,8.48,8.27,7.94,8.05,7.77,7.02,6.00,5.63,5.50,5.69,5.70,5.74,4.17,4.53,4.96,6.99,7.71,7.86,6.65,7.50,8.29,8.88,5.76,6.98,7.36,5.85,5.98,6.68,7.34,6.89,7.03,8.33,5.83,9.42,7.75,8.28,9.10,8.90,9.43,10.06,11.20,11.26,12.39,11.88,11.98,11.85,11.62
working captial as % of equity,43.4,12.9,13.8,11.5,10.0,9.6,29.8,26.2,36.9,38.3,30.3,34.1,42.7,44.3,42.3,42.5,41.2,39.3,38.6,56.8,55.0,55.3,57.3,60.8,60.0,58.9,57.9,57.8,55.8,50.6,44.2,42.3,42.0,43.8,44.4,45.2,33.1,35.8,38.7,53.4,56.6,54.7,47.7,49.3,50.6,49.5,32.6,35.8,35.2,28.2,27.9,28.9,30.6,28.6,28.5,32.6,22.3,36.1,29.6,31.5,33.8,32.0,32.9,33.8,36.6,36.1,39.1,36.9,36.7,36.0,34.9
