,2000/03,2000/06,2000/09,2000/12,2001/03,2001/06,2001/09,2001/12,2002/03,2002/06,2002/09,2002/12,2003/03,2003/06,2003/09,2003/12,2004/03,2004/06,2004/09,2004/12,2005/03,2005/06,2005/09,2005/12,2006/03,2006/06,2006/09,2006/12,2007/03,2007/06,2007/09,2007/12,2008/03,2008/06,2008/09,2008/12,2009/03,2009/06,2009/09,2009/12,2010/03,2010/06,2010/09,2010/12,2011/03,2011/06,2011/09,2011/12,2012/03,2012/06,2012/09,2012/12,2013/03
% of EPS-to-Industry,-3737.5,0.0,0.0,0.0,33.7,115.7,244.4,678.3,-156.7,-153.8,-178.8,-168.0,1800.0,1150.0,1850.0,466.7,184.9,194.5,150.0,113.9,66.7,71.9,65.9,108.3,0.0,0.0,128.1,121.0,107.0,111.1,14.3,27.5,48.4,31.8,108.6,-633.4,-812.5,-1716.7,-2387.4,-979.4,-974.3,132.5,55.5,-111.5,-152.0,-170.6,-327.7,-267.8,-215.3,-314.6,-76.3,-30.3,0.5
% of PE-to-Industry,0.0,0.0,0.0,0.0,475.3,96.4,41.3,24.2,0.0,0.0,0.0,0.0,3.8,6.2,4.0,17.3,53.2,43.0,62.0,73.2,141.9,106.4,122.7,94.9,0.0,0.0,103.0,125.5,146.2,128.7,947.6,552.5,272.6,377.6,76.3,0.0,0.0,0.0,0.0,0.0,0.0,70.9,124.6,0.0,0.0,0.0,0.0,0.0,0.0,0.0,0.0,0.0,0.0
% of ROE-to-Industry,0.0,0.0,0.0,0.0,7.8,34.5,79.2,180.6,0.0,0.0,0.0,0.0,450.0,233.3,272.7,94.3,50.0,53.4,39.9,33.7,20.6,22.7,20.9,31.2,0.0,0.0,39.2,35.4,33.1,33.1,0.0,4.5,7.5,8.0,25.1,0.0,0.0,0.0,0.0,0.0,0.0,71.9,32.4,0.0,0.0,0.0,0.0,0.0,0.0,0.0,0.0,0.0,8.9
% of current ratio-to-industry,72.2,125.0,81.3,100.0,106.3,100.0,70.6,94.1,153.3,143.8,137.5,131.3,166.7,126.7,125.0,118.8,135.3,94.7,100.0,95.0,94.7,90.0,89.5,100.0,85.0,89.5,94.4,89.5,80.0,85.7,85.7,90.0,90.0,90.0,94.7,94.7,81.8,81.8,69.6,73.9,73.9,81.8,81.0,71.4,72.7,81.0,72.7,81.0,81.0,85.0,85.7,72.7,81.0
% of debt/equity-to-industry,961.5,166.7,128.3,138.6,58.2,57.1,50.9,55.8,50.8,50.8,50.8,209.7,188.1,190.3,182.5,185.2,218.0,220.5,229.3,288.2,293.9,276.5,255.9,293.9,300.0,285.3,274.3,228.2,230.8,223.1,186.8,205.6,197.3,200.0,217.1,323.7,314.6,421.1,402.7,394.3,382.4,403.2,371.0,380.6,335.5,330.0,348.5,361.8,345.5,394.1,331.4,294.4,288.9
% of earnings-to-industry,-0.4,0.0,0.0,0.0,0.2,0.7,1.8,4.2,-1.5,-1.5,-1.7,-1.5,11.5,6.1,7.6,2.6,1.1,1.1,0.8,0.6,0.4,0.4,0.4,0.6,0.0,0.0,0.7,0.6,0.5,0.5,-0.1,0.2,0.3,0.3,0.9,-6.1,-7.7,-15.7,-21.1,-8.4,-8.4,1.2,0.5,-1.2,-1.5,-1.7,-3.6,-3.3,-2.9,-5.1,-1.1,-0.2,0.1
% of gross profit margin-to-industry,188.0,0.0,0.0,0.0,157.5,153.6,152.6,154.9,204.1,208.6,205.5,217.3,179.0,180.2,184.3,181.0,170.8,160.0,152.6,147.8,144.4,139.1,140.1,156.3,0.0,0.0,141.4,136.3,131.6,121.2,106.4,92.5,102.8,99.7,102.7,102.9,102.4,106.3,107.7,107.9,109.6,109.8,108.3,106.3,103.9,101.3,98.7,97.3,97.7,101.0,104.4,108.4,105.2
% of leverage-to-industry,286.4,90.9,87.5,91.3,78.3,78.3,82.6,78.3,69.2,69.2,66.7,103.8,92.9,92.6,96.2,100.0,108.7,109.5,109.5,115.0,115.0,115.0,110.0,120.0,125.0,125.0,125.0,123.8,130.0,125.0,115.8,115.8,115.8,115.8,115.8,150.0,155.0,184.2,188.9,177.8,172.2,166.7,161.1,161.1,155.6,150.0,166.7,166.7,161.1,177.8,161.1,152.6,147.4
% of net profit margin-to-industry,-137.5,0.0,0.0,0.0,40.0,122.9,216.7,388.9,-128.1,-126.8,-157.1,-143.9,1080.0,680.0,875.0,285.7,115.4,112.7,86.5,67.3,42.3,45.9,44.7,86.5,0.0,0.0,73.1,64.8,57.8,53.7,-6.7,9.3,15.0,12.4,40.8,-281.1,-353.2,-713.5,-909.8,-365.5,-371.4,53.6,23.1,-59.0,-80.0,-93.2,-206.7,-208.2,-186.7,-351.1,-78.0,-16.9,6.5
% of post-tax profit margin-to-industry,-141.9,0.0,0.0,0.0,39.3,120.4,197.0,333.3,-152.1,-151.1,-188.6,-178.8,225.0,136.0,112.9,93.0,81.8,87.3,79.0,74.2,42.7,46.4,45.4,87.4,0.0,0.0,68.3,65.2,58.2,56.8,-7.1,9.8,15.8,12.3,39.7,-278.5,-349.5,-539.0,-682.8,-158.6,-136.5,-12.7,-35.9,-82.1,-97.5,-93.0,-204.0,-200.0,-185.0,-300.0,-128.0,-48.7,-38.2
% of pre-tax profit margin-to-industry,-105.5,0.0,0.0,0.0,39.2,110.2,161.2,241.7,-406.9,-414.3,-757.1,-593.8,197.7,122.2,109.6,94.2,84.3,94.2,85.6,78.9,48.2,50.0,47.8,101.4,0.0,0.0,72.7,67.1,59.6,60.4,-5.9,10.3,17.8,15.5,44.9,-175.8,-221.4,-351.3,-456.7,-86.9,-75.0,19.5,-8.7,-82.0,-92.0,-91.8,-155.2,-101.6,-85.1,-123.3,-51.2,-51.8,-44.1
% of pric/free cashlow-to-industry,0.0,50.3,22.4,35.5,21.7,15.1,5.1,5.4,1.1,-32.1,-19.8,-16.5,-6.5,-12.7,2.2,1.1,5.5,-1169.8,81.9,12.9,14.0,-153.1,-28.3,-37.7,-24.1,158.1,-16.0,-55.2,20.6,19.9,2.7,58.2,-22.9,3465.2,19.9,16.0,-2.1,-13.8,110.6,35.5,-16.0,-27.4,-18.7,-1.6,37.7,9.7,7.1,6.0,21.2,21.5,29.1,89.2,24.2
% of price-to-industry,0.0,113.8,119.0,199.5,160.0,111.6,101.0,164.3,127.9,116.5,69.2,84.7,68.1,71.1,73.9,80.7,98.4,83.6,93.0,83.4,94.7,76.5,80.8,102.8,107.0,128.0,131.9,151.9,156.4,143.0,135.9,151.8,131.9,119.5,83.0,107.0,84.1,63.2,79.3,69.0,75.0,93.8,69.4,54.8,44.9,40.5,30.0,23.3,33.1,36.3,50.6,57.2,63.3
% of price/book-to-industry,0.0,67.0,66.8,112.4,70.5,52.6,43.5,69.5,48.3,45.1,26.7,31.9,24.2,23.4,22.1,21.3,27.0,24.5,26.2,25.6,29.4,23.6,25.0,27.5,31.4,37.7,39.9,44.3,49.2,44.4,31.5,36.5,33.3,32.7,23.2,42.7,36.2,34.2,43.0,36.8,39.7,53.0,42.2,35.9,28.1,26.4,22.3,18.6,26.4,32.3,42.6,48.7,51.4
% of price/cashflow-to-industry,0.0,0.0,0.0,0.0,291.8,138.1,78.0,92.8,12.4,11.8,13.3,16.3,30.4,32.9,27.6,26.9,36.8,32.1,39.9,40.9,54.2,43.1,49.9,52.6,0.0,0.0,59.1,70.0,77.8,70.8,181.1,128.7,93.7,73.6,40.3,-43.8,-27.6,-9.6,-10.7,-59.0,-109.2,31.1,26.9,34.2,31.8,43.0,376.2,64.7,63.8,-203.0,36.3,41.4,40.3
% of price/sales-to-industry,0.0,0.0,0.0,0.0,365.8,189.6,118.9,153.0,100.8,93.0,58.3,76.7,65.6,65.6,64.4,60.8,62.9,51.5,57.7,50.3,60.5,48.2,53.2,76.0,0.0,0.0,74.7,81.7,86.3,71.9,103.4,73.4,65.3,52.1,36.9,45.6,35.6,26.2,31.9,27.1,30.6,39.5,31.3,25.8,20.4,21.3,16.2,13.3,19.3,22.1,31.6,34.7,34.9
% of sales-to-industry,0.3,0.0,0.0,0.0,0.4,0.6,0.8,1.1,1.2,1.2,1.1,1.0,1.0,0.9,0.9,0.9,1.0,1.0,1.0,0.9,0.9,0.9,0.8,0.7,0.0,0.0,0.9,0.9,0.9,1.0,1.4,2.1,2.1,2.4,2.3,2.2,2.2,2.2,2.3,2.3,2.3,2.2,2.1,2.0,1.9,1.8,1.7,1.6,1.5,1.5,1.4,1.4,1.5
(increase) decrease in inventories,1.5,0.0,-6.0,-11.8,-19.3,0.0,26.6,23.2,40.0,0.0,-8.9,5.2,11.9,0.4,3.2,3.5,5.0,-4.9,-0.5,7.3,-2.2,4.4,-10.8,-12.6,1.2,-20.8,-56.5,-67.2,-41.4,-31.2,78.9,93.9,-67.7,-26.1,-88.3,-125.6,-115.5,-51.8,-43.3,39.3,8.8,73.1,85.1,97.1,-0.6,-5.7,3.2,26.1,-23.9,-63.0,-52.7,-34.9,-43.2
(increase) decrease in other current assets,-0.6,0.0,0.0,0.0,0.0,0.0,0.0,0.0,21.2,0.0,0.0,0.0,12.9,0.0,0.0,0.0,-2.9,0.0,0.0,0.0,-7.1,0.0,0.0,-5.9,0.0,0.0,0.0,0.0,0.0,0.0,0.0,0.0,0.0,0.0,0.0,53.7,0.0,0.0,0.0,0.0,0.0,0.0,0.0,0.0,0.0,0.0,0.0,-16.2,6.4,14.9,16.0,9.5,-63.7
(increase) decrease in prepaid expenses,0.0,0.0,0.0,0.0,-19.0,0.0,0.0,0.0,0.0,0.0,0.0,0.0,0.0,0.0,0.0,0.0,0.0,0.0,0.0,0.0,0.0,0.0,0.0,0.0,0.0,0.0,0.0,0.0,0.0,0.0,-10.6,-19.9,-23.7,-13.1,-6.0,-16.1,2.0,-15.1,8.9,1.4,10.1,24.0,19.6,20.2,5.4,-4.1,-10.6,0.0,0.0,0.0,0.0,0.0,0.0
(increase) decrease in receivables,5.2,0.0,-14.5,-21.9,-21.9,0.0,-4.6,10.6,-10.4,20.1,13.4,19.8,37.1,0.2,-14.8,-24.9,-1.3,-13.2,-16.2,-15.6,-35.8,9.3,14.3,-4.2,-14.6,-46.5,-73.8,-68.7,11.4,-4.0,-100.0,-37.8,62.8,64.4,-12.1,-112.2,-114.0,4.5,121.9,147.1,53.7,21.3,11.1,36.4,-2.8,-1.8,-54.5,-58.3,71.6,-36.8,-55.5,34.1,-5.6
Basic EPS (Continuing),0.00,-0.53,0.13,0.21,0.33,0.37,0.42,0.45,0.41,0.34,0.25,0.28,0.22,-0.06,0.30,0.38,0.38,0.38,0.39,0.45,-0.15,0.57,0.55,0.62,0.70,0.73,0.83,0.66,0.48,0.84,-1.55,1.37,0.75,0.33,0.57,-16.33,-0.97,-3.06,0.36,-0.42,0.10,-0.35,-0.27,-1.86,-0.45,-0.44,-3.42,-1.03,0.09,-1.73,0.04,-0.09,0.26
Basic EPS (Cum. Effect of Acct. Change),0.00,0.00,0.00,0.00,0.00,0.00,0.00,0.00,0.00,0.00,0.00,0.00,0.00,0.00,0.00,0.00,0.00,0.00,0.00,0.00,0.00,0.00,0.00,0.00,0.00,0.00,0.00,0.00,0.00,0.00,0.00,0.00,0.00,0.00,0.00,0.00,0.00,0.00,0.00,0.00,0.00,0.00,0.00,0.00,0.00,0.00,0.00,0.00,0.00,0.00,0.00,0.00,0.00
Basic EPS (Discontinued),0.00,0.00,0.00,0.00,0.00,0.00,0.00,0.00,0.00,0.00,0.00,0.00,0.00,0.00,0.00,0.00,0.00,0.00,0.00,0.00,0.00,0.00,0.00,0.00,0.00,0.00,0.00,0.00,0.00,0.00,0.00,0.00,0.01,0.00,0.00,0.00,0.00,-5.60,-0.06,0.80,0.17,0.63,-0.02,-0.04,-0.03,-0.01,-0.02,-0.03,0.00,-0.67,1.71,0.00,0.51
Basic EPS (Extraordinary Items),0.00,0.00,0.00,0.00,0.00,0.00,0.00,0.00,0.00,0.00,0.00,0.00,0.00,0.00,0.00,0.00,0.00,0.00,0.00,0.00,0.00,0.00,0.00,0.00,0.00,0.00,0.00,0.00,0.00,0.00,0.00,0.00,0.00,0.00,0.00,0.00,0.00,0.00,0.00,0.00,0.00,0.00,0.00,0.00,0.00,0.00,0.00,0.00,0.00,0.00,0.00,0.00,0.00
Basic EPS (Other Gains/Losses),0.00,-0.71,0.00,0.00,-0.14,0.00,0.00,0.00,0.00,0.00,0.00,0.00,0.00,0.00,0.00,0.00,0.00,0.00,0.00,0.00,0.00,0.00,0.00,0.00,0.00,0.00,0.00,0.00,0.00,0.00,0.00,0.00,0.00,0.00,0.00,0.00,0.00,0.00,0.00,0.00,0.00,0.00,0.00,0.00,0.00,0.00,0.00,0.00,0.00,0.00,0.00,0.00,0.00
Basic EPS (Tax Loss Carry Forward),0.00,0.00,0.00,0.00,0.00,0.00,0.00,0.00,0.00,0.00,0.00,0.00,0.00,0.00,0.00,0.00,0.00,0.00,0.00,0.00,0.00,0.00,0.00,0.00,0.00,0.00,0.00,0.00,0.00,0.00,0.00,0.00,0.00,0.00,0.00,0.00,0.00,0.00,0.00,0.00,0.00,0.00,0.00,0.00,0.00,0.00,0.00,0.00,0.00,0.00,0.00,0.00,0.00
Close PE Ratio,0.0,0.0,0.0,0.0,102.9,27.6,17.0,18.9,16.2,15.0,11.3,15.2,16.2,30.2,29.1,31.1,33.6,21.6,22.7,22.4,36.4,29.5,28.6,24.3,0.0,0.0,19.2,22.0,26.0,26.7,223.2,109.1,47.8,82.2,10.7,0.0,0.0,0.0,0.0,0.0,0.0,21.0,35.5,0.0,0.0,0.0,0.0,0.0,0.0,0.0,0.0,0.0,0.0
Diluted EPS (Continuing),0.00,-0.53,0.13,0.21,0.32,0.37,0.42,0.45,0.40,0.33,0.25,0.28,0.22,-0.06,0.30,0.38,0.37,0.37,0.38,0.44,-0.15,0.56,0.54,0.60,0.68,0.70,0.80,0.64,0.46,0.81,-1.55,1.36,0.73,0.33,0.56,-16.30,-0.97,-3.06,0.35,-0.42,0.10,-0.35,-0.27,-1.86,-0.45,-0.44,-3.42,-1.03,0.09,-1.73,0.04,-0.09,0.26
Diluted EPS (Cum. Effect of Acct. Change),0.00,0.00,0.00,0.00,0.00,0.00,0.00,0.00,0.00,0.00,0.00,0.00,0.00,0.00,0.00,0.00,0.00,0.00,0.00,0.00,0.00,0.00,0.00,0.00,0.00,0.00,0.00,0.00,0.00,0.00,0.00,0.00,0.00,0.00,0.00,0.00,0.00,0.00,0.00,0.00,0.00,0.00,0.00,0.00,0.00,0.00,0.00,0.00,0.00,0.00,0.00,0.00,0.00
Diluted EPS (Discontinued),0.00,0.00,0.00,0.00,0.00,0.00,0.00,0.00,0.00,0.00,0.00,0.00,0.00,0.00,0.00,0.00,0.00,0.00,0.00,0.00,0.00,0.00,0.00,0.00,0.00,0.00,0.00,0.00,0.00,0.00,0.00,0.00,0.00,0.00,0.00,0.00,0.00,-5.60,-0.05,0.80,0.17,0.63,-0.02,-0.04,-0.03,-0.01,-0.02,-0.03,0.00,-0.67,1.70,0.00,0.50
Diluted EPS (Extraordinary),0.00,0.00,0.00,0.00,0.00,0.00,0.00,0.00,0.00,0.00,0.00,0.00,0.00,0.00,0.00,0.00,0.00,0.00,0.00,0.00,0.00,0.00,0.00,0.00,0.00,0.00,0.00,0.00,0.00,0.00,0.00,0.00,0.00,0.00,0.00,0.00,0.00,0.00,0.00,0.00,0.00,0.00,0.00,0.00,0.00,0.00,0.00,0.00,0.00,0.00,0.00,0.00,0.00
Diluted EPS (Other Gains/Losses),0.00,-0.71,0.00,0.00,-0.14,0.00,0.00,0.00,0.00,0.00,0.00,0.00,0.00,0.00,0.00,0.00,0.00,0.00,0.00,0.00,0.00,0.00,0.00,0.00,0.00,0.00,0.00,0.00,0.00,0.00,0.00,0.00,0.00,0.00,0.00,0.00,0.00,0.00,0.00,0.00,0.00,0.00,0.00,0.00,0.00,0.00,0.00,0.00,0.00,0.00,0.00,0.00,0.00
Diluted EPS (Tax Loss Carry Forward),0.00,0.00,0.00,0.00,0.00,0.00,0.00,0.00,0.00,0.00,0.00,0.00,0.00,0.00,0.00,0.00,0.00,0.00,0.00,0.00,0.00,0.00,0.00,0.00,0.00,0.00,0.00,0.00,0.00,0.00,0.00,0.00,0.00,0.00,0.00,0.00,0.00,0.00,0.00,0.00,0.00,0.00,0.00,0.00,0.00,0.00,0.00,0.00,0.00,0.00,0.00,0.00,0.00
Dividends Paid Per Share (YTD),0.00,0.00,0.00,0.00,0.00,0.00,0.00,0.00,0.00,0.00,0.00,0.00,0.00,0.00,0.00,0.00,0.00,0.00,0.00,0.00,0.00,0.00,0.00,0.00,0.00,0.00,0.00,0.00,0.00,0.00,0.00,0.00,0.00,0.00,0.00,0.00,0.00,0.00,0.00,0.00,0.00,0.00,0.00,0.00,0.00,0.00,0.00,0.00,0.00,0.00,0.00,0.00,0.00
EPS from Total Operations (YTD),-17.94,-0.53,-0.26,0.02,0.34,0.37,0.79,1.23,1.63,0.33,0.58,0.86,1.08,-0.06,0.24,0.61,0.98,0.37,0.75,1.19,1.04,0.56,1.09,1.69,0.68,1.38,2.18,2.82,0.46,1.27,-0.61,0.75,0.73,1.07,1.63,-14.67,-0.97,-9.63,-9.33,-8.95,0.27,0.55,0.26,-1.64,-0.48,-0.93,-4.38,-5.44,0.09,-2.32,-0.53,-0.62,0.76
High PE Ratio,0.0,0.0,0.0,0.0,119.1,39.3,30.7,26.0,23.3,19.5,21.1,23.4,25.0,36.0,33.5,32.1,35.3,24.4,23.2,24.0,38.2,32.3,30.2,25.9,0.0,0.0,23.5,23.2,27.5,30.1,229.4,123.7,68.7,106.6,31.1,0.0,0.0,0.0,0.0,0.0,0.0,24.6,47.3,0.0,0.0,0.0,0.0,0.0,0.0,0.0,0.0,0.0,0.0
"Income, Restructuring and M&A;",0.0,0.0,0.0,0.0,0.0,0.0,0.0,0.0,0.0,0.0,0.0,0.0,0.0,0.0,0.0,0.0,0.0,0.0,0.0,0.0,0.0,0.0,0.0,0.0,0.0,0.0,0.0,0.0,-1.4,-4.8,-29.0,-27.1,-4.4,-1.5,-3.7,-1.8,0.0,-8.1,-2.6,-2.3,0.0,0.0,0.0,0.0,0.0,0.0,-2.9,-8.7,-3.0,-1.3,-1.5,5.8,0.0
LT-Debt as % of Invested Capital,83.3,46.0,43.6,44.1,24.5,24.3,22.5,22.6,24.1,24.5,24.3,56.5,55.8,54.0,53.5,53.0,52.1,49.3,48.5,49.4,49.3,48.5,46.6,49.3,50.5,49.3,49.1,47.1,47.3,46.5,41.6,42.5,42.2,41.2,43.2,55.1,56.3,61.5,59.8,58.0,56.4,55.6,53.5,54.1,50.9,49.9,53.4,55.2,53.3,57.2,53.6,51.4,51.1
LT-Debt as % of Total Debt,94.4,83.7,72.9,71.3,40.4,40.0,32.7,34.9,38.7,38.1,38.4,76.8,77.8,76.1,75.2,72.6,74.2,72.4,73.0,73.0,72.1,72.3,70.1,71.6,68.8,67.1,66.0,57.2,56.2,57.4,61.3,63.0,60.5,60.9,61.7,62.1,61.3,64.1,63.1,61.9,62.0,62.9,59.9,60.6,58.1,57.7,58.0,60.6,59.4,61.1,59.8,56.4,58.2
LT-Debt to Equity Ratio,5.00,0.85,0.77,0.79,0.32,0.32,0.29,0.29,0.32,0.32,0.32,1.30,1.26,1.18,1.15,1.13,1.09,0.97,0.94,0.98,0.97,0.94,0.87,0.97,1.02,0.97,0.96,0.89,0.90,0.87,0.71,0.74,0.73,0.70,0.76,1.23,1.29,1.60,1.49,1.38,1.30,1.25,1.15,1.18,1.04,0.99,1.15,1.23,1.14,1.34,1.16,1.06,1.04
Low PE Ratio,0.0,0.0,0.0,0.0,60.7,21.5,16.8,12.1,10.3,10.5,10.6,11.6,13.5,21.2,19.7,18.3,17.2,13.0,14.3,16.3,27.7,24.9,23.2,19.5,0.0,0.0,12.3,14.4,18.9,18.1,138.9,75.6,44.3,68.8,10.3,0.0,0.0,0.0,0.0,0.0,0.0,11.1,30.1,0.0,0.0,0.0,0.0,0.0,0.0,0.0,0.0,0.0,0.0
Net Income from Total Operations (YTD),-6.0,-4.7,-2.9,0.6,5.1,10.5,23.3,37.1,49.4,10.4,18.0,26.6,33.5,-2.0,7.3,19.1,30.8,11.8,24.0,38.1,33.6,18.1,35.8,55.4,20.9,42.7,67.7,87.7,14.3,39.5,-23.9,34.6,49.4,71.0,108.1,-947.3,-57.9,-587.9,-569.1,-545.5,16.7,33.4,15.0,-113.2,-30.5,-60.7,-275.2,-339.6,7.3,-159.6,-40.3,-37.2,58.8
Normalized Close PE Ratio,0.0,0.0,0.0,0.0,38.0,25.6,16.2,18.2,16.2,15.0,11.3,15.2,16.2,30.2,29.1,31.1,21.8,23.1,24.2,23.6,20.4,17.0,17.4,24.3,0.0,0.0,19.2,21.7,25.3,24.6,0.0,17.7,10.7,17.7,8.7,5.8,7.9,6.1,10.1,102.1,20.5,0.0,0.0,0.0,0.0,0.0,0.0,0.0,0.0,0.0,0.0,0.0,0.0
Normalized High PE Ratio,0.0,0.0,0.0,0.0,44.0,36.5,29.1,25.0,23.3,19.5,21.1,23.4,25.0,36.0,33.5,32.1,22.9,26.0,24.7,25.3,21.3,18.6,18.4,25.9,0.0,0.0,23.5,22.9,26.7,27.7,0.0,20.0,15.4,23.0,25.2,22.7,38.8,27.9,13.7,128.5,22.4,0.0,0.0,0.0,0.0,0.0,0.0,0.0,0.0,0.0,0.0,0.0,0.0
Normalized Low PE Ratio,0.0,0.0,0.0,0.0,22.4,19.9,16.0,11.6,10.3,10.5,10.6,11.6,13.5,21.2,19.7,18.3,11.1,13.9,15.2,17.2,15.5,14.4,14.1,19.5,0.0,0.0,12.3,14.2,18.3,16.7,0.0,12.2,9.9,14.8,8.4,3.3,5.9,4.6,5.1,65.2,11.6,0.0,0.0,0.0,0.0,0.0,0.0,0.0,0.0,0.0,0.0,0.0,0.0
Normalized ROA,-1.3,0.0,0.0,0.0,1.2,1.8,2.4,3.2,3.9,3.8,3.4,2.0,1.7,1.1,1.2,1.3,2.4,2.2,2.3,2.4,3.0,3.4,3.7,2.5,0.0,0.0,3.8,3.8,3.4,3.7,2.2,3.1,3.6,3.6,2.8,3.9,2.1,3.0,2.8,0.2,1.4,-0.2,-1.0,-0.2,-1.0,-1.2,-1.1,-2.7,-1.7,-1.0,-0.4,-2.4,-2.1
Normalized ROCI,-1.3,0.0,0.0,0.0,1.6,2.5,3.4,4.5,5.4,5.3,4.7,2.3,2.0,1.3,1.4,1.6,2.8,2.6,2.8,2.8,3.5,4.1,4.4,3.0,0.0,0.0,4.8,5.1,4.7,5.0,2.8,3.9,4.6,4.5,3.6,5.2,2.9,4.1,3.8,0.3,1.9,-0.2,-1.3,-0.3,-1.4,-1.6,-1.6,-3.7,-2.3,-1.3,-0.5,-3.4,-2.8
Normalized ROE,0.0,0.0,0.0,0.0,2.1,3.2,4.4,5.8,7.1,7.0,6.2,5.4,4.5,2.8,3.0,3.3,5.9,5.1,5.4,5.5,7.0,7.9,8.2,5.9,0.0,0.0,9.4,9.7,8.9,9.3,4.8,6.7,8.0,7.7,6.3,11.6,6.6,10.6,9.3,0.8,4.3,0.0,0.0,0.0,0.0,0.0,0.0,0.0,0.0,0.0,0.0,0.0,0.0
Return on Assets (ROA),-1.3,0.0,0.0,0.0,0.4,1.7,2.2,3.0,3.9,3.8,3.4,2.0,1.7,1.1,1.2,1.3,1.6,2.3,2.5,2.5,1.7,2.0,2.2,2.5,0.0,0.0,3.8,3.7,3.3,3.4,-0.2,0.5,0.8,0.8,2.3,-15.5,-17.2,-29.3,-30.1,-10.3,-9.2,1.5,0.8,-2.4,-3.4,-4.4,-9.1,-7.8,-6.9,-10.2,-2.4,-0.9,0.3
Return on Capital Invested (ROCI),-1.3,0.0,0.0,0.0,0.6,2.3,3.3,4.3,5.4,5.3,4.7,2.3,2.0,1.3,1.4,1.6,1.8,2.8,2.9,2.9,2.0,2.4,2.7,3.0,0.0,0.0,4.8,5.1,4.6,4.6,-0.3,0.6,1.0,1.0,2.9,-20.8,-23.3,-39.4,-40.7,-14.0,-12.4,2.0,1.0,-3.2,-4.7,-6.1,-12.6,-10.6,-9.4,-13.9,-3.3,-1.2,0.4
Return on Stock Equity (ROE),0.0,0.0,0.0,0.0,0.8,3.0,4.2,5.6,7.1,7.0,6.2,5.4,4.5,2.8,3.0,3.3,3.9,5.5,5.7,5.8,3.9,4.6,5.0,5.9,0.0,0.0,9.4,9.6,8.7,8.6,0.0,1.1,1.8,1.7,5.1,0.0,0.0,0.0,0.0,0.0,0.0,4.6,2.3,0.0,0.0,0.0,0.0,0.0,0.0,0.0,0.0,0.0,0.9
Revenue (YTD),136.4,34.8,73.6,133.6,232.8,140.3,314.7,492.0,680.0,151.5,306.0,470.6,625.2,152.2,327.9,498.1,688.8,184.9,376.8,569.4,763.1,207.7,388.8,613.6,229.1,447.8,694.7,947.7,239.4,574.0,"1,717.7","2,540.5",740.1,"1,552.3","2,348.3","3,178.7",737.9,"1,381.2","2,060.9","2,715.6",576.3,"1,220.1","1,845.8","2,461.5",618.5,"1,276.1","1,980.5","2,683.5",626.5,"1,246.0","1,964.7","2,803.6",811.4
accounts payable,4.2,15.2,15.7,20.4,67.5,130.7,167.4,174.1,43.0,43.8,53.1,46.2,43.2,36.7,44.7,52.5,44.9,45.0,49.8,40.7,57.9,48.4,44.2,55.0,64.5,79.0,85.8,92.1,94.9,105.0,328.0,309.1,400.2,369.9,396.7,224.2,218.8,165.4,150.4,287.6,291.0,145.1,165.3,157.2,283.3,263.8,201.1,216.3,215.3,350.2,325.2,396.4,267.1
accounts receivable,0.0,0.0,0.0,0.0,87.1,95.3,118.8,103.3,111.8,91.0,95.2,89.4,77.6,77.4,92.8,102.8,79.6,93.4,96.4,95.9,116.3,107.0,103.1,121.6,139.9,171.8,199.0,194.0,191.9,207.3,690.4,516.1,772.8,718.5,806.4,625.4,738.7,551.9,436.1,627.7,576.9,420.8,434.0,429.0,560.3,578.5,460.4,585.2,406.1,503.0,525.3,451.5,457.4
accrued expenses,0.0,0.0,0.0,0.0,0.0,0.0,0.0,0.0,0.0,0.0,0.0,0.0,0.0,0.0,0.0,0.0,0.0,0.0,0.0,0.0,0.0,0.0,0.0,0.0,0.0,0.0,0.0,0.0,0.0,0.0,0.0,0.0,0.0,0.0,0.0,0.0,0.0,0.0,0.0,0.0,0.0,0.0,0.0,0.0,0.0,0.0,0.0,0.0,0.0,0.0,0.0,0.0,0.0
accrued liabilities,0.0,0.0,0.0,0.0,61.9,0.0,0.0,0.0,64.7,70.5,58.9,74.7,55.5,67.7,66.1,57.3,51.7,61.4,45.8,57.3,43.5,42.7,48.6,46.3,64.4,47.8,56.6,64.9,71.1,67.9,266.4,326.2,324.5,274.5,291.6,337.4,328.0,294.5,326.1,321.4,298.3,288.0,315.4,330.6,304.3,279.2,301.2,279.1,272.3,226.0,274.0,159.1,266.5
accumulated depreciation,38.5,38.4,44.4,50.6,55.6,63.7,74.9,91.0,86.6,99.0,110.0,123.5,145.9,165.2,183.4,198.7,216.6,235.1,257.6,279.9,301.0,325.9,352.0,375.6,405.1,433.5,462.0,468.6,498.8,527.6,"1,189.5","1,222.5","1,295.1","1,355.7","1,419.2","1,502.3","1,549.1","1,416.9","1,379.5","1,458.0","1,521.4","1,584.6","1,686.7","1,743.9","1,677.9","1,762.1","1,812.0","1,877.9","1,943.9","1,859.6","1,931.2","1,975.4","2,016.0"
acquisitions,-5.5,0.0,-124.9,-125.4,-464.8,-25.0,-153.0,-175.2,-160.0,0.0,0.0,-1.5,-1.5,0.0,-0.8,-0.8,-0.8,-3.1,-3.1,-60.0,-61.9,0.0,0.0,0.0,-4.5,-6.3,-6.3,-6.3,-17.6,-23.3,25.9,25.9,-25.1,-24.9,-133.3,-133.6,0.0,5.6,5.6,5.6,0.0,0.0,0.0,0.0,0.0,0.0,0.0,-3.0,37.6,42.1,46.9,51.5,4.7
additional paid-in capital,82.7,239.6,278.8,279.3,663.9,664.3,722.7,723.3,723.8,724.6,724.0,723.9,724.5,725.2,725.7,726.2,734.1,737.3,739.1,731.5,751.9,753.5,744.1,745.9,757.3,771.0,774.7,786.7,793.6,800.1,"3,300.2","3,317.3","3,323.5","3,333.5","3,344.7","3,354.9","3,360.3","3,424.0","3,430.2","3,434.6","3,440.6","3,447.0","3,494.4","3,500.3","3,580.8","3,635.5","3,641.1","3,645.3","3,697.8","3,702.0","3,705.5","3,710.8","3,752.0"
adjustments to revenue,0.0,0.0,0.0,0.0,0.0,0.0,0.0,0.0,0.0,0.0,0.0,0.0,0.0,0.0,0.0,0.0,0.0,0.0,0.0,0.0,0.0,0.0,0.0,0.0,0.0,0.0,0.0,0.0,0.0,0.0,0.0,0.0,0.0,0.0,0.0,0.0,0.0,0.0,0.0,0.0,0.0,0.0,0.0,0.0,0.0,0.0,0.0,0.0,0.0,0.0,0.0,0.0,0.0
advertising,0.0,0.0,0.0,0.0,0.0,0.0,0.0,0.0,0.0,0.0,0.0,0.0,0.0,0.0,0.0,0.0,0.0,0.0,0.0,0.0,0.0,0.0,0.0,0.0,0.0,0.0,0.0,0.0,0.0,0.0,0.0,0.0,0.0,0.0,0.0,0.0,0.0,0.0,0.0,0.0,0.0,0.0,0.0,0.0,0.0,0.0,0.0,0.0,0.0,0.0,0.0,0.0,0.0
amortization,0.0,0.0,0.0,0.0,1.5,0.7,1.3,2.0,3.4,6.3,1.9,2.9,4.0,1.2,2.5,3.7,4.9,1.2,2.6,3.2,4.9,1.1,2.1,3.0,0.5,0.9,1.4,1.9,0.6,1.2,0.0,21.1,0.7,1.7,0.0,3.4,0.8,2.5,7.4,12.2,5.2,10.5,15.9,21.7,12.2,23.0,35.9,47.6,11.7,22.1,31.1,38.5,9.0
amortization of intangibles,0.0,0.0,0.0,0.0,0.0,0.0,0.0,0.0,0.0,0.0,0.0,0.0,0.0,0.0,0.0,0.0,0.0,0.0,0.0,0.0,0.0,0.0,0.0,0.0,0.0,0.0,0.0,0.0,0.0,0.0,0.0,0.0,0.0,0.0,0.0,0.0,0.0,0.0,0.0,0.0,0.0,0.0,0.0,0.0,0.0,0.0,0.0,0.0,0.0,0.0,0.0,0.0,0.0
asset turnover,0.0,0.0,0.0,0.0,0.3,0.4,0.5,0.6,0.6,0.6,0.5,0.4,0.4,0.4,0.4,0.3,0.4,0.4,0.4,0.4,0.4,0.4,0.4,0.3,0.0,0.0,0.4,0.4,0.4,0.5,0.3,0.6,0.6,0.7,0.5,0.5,0.5,0.5,0.5,0.5,0.5,0.5,0.5,0.5,0.5,0.5,0.5,0.6,0.6,0.6,0.6,0.7,0.7
auditor name,None,None,None,None,None,None,None,None,None,None,None,None,None,None,None,None,None,None,None,None,None,None,None,None,None,None,None,None,None,None,None,None,None,None,None,None,None,None,None,None,None,None,None,None,None,None,None,None,None,None,None,None,None
auditor report,None,None,None,None,None,None,None,None,None,None,None,None,None,None,None,None,None,None,None,None,None,None,None,None,None,None,None,None,None,None,None,None,None,None,None,None,None,None,None,None,None,None,None,None,None,None,None,None,None,None,None,None,None
basic earnings indicator,N,Y,Y,Y,Y,Y,Y,Y,Y,Y,Y,Y,Y,Y,Y,Y,Y,Y,Y,Y,Y,Y,Y,Y,Y,Y,Y,Y,Y,Y,Y,Y,Y,Y,Y,Y,Y,Y,Y,Y,Y,Y,Y,Y,Y,Y,Y,Y,Y,Y,Y,Y,Y
book value per share,0.22,16.66,17.85,18.03,22.92,21.77,23.99,24.38,22.89,22.76,23.10,23.54,24.22,24.32,24.60,25.11,25.54,25.86,26.41,27.07,26.93,27.19,28.17,31.18,28.57,29.77,30.50,30.42,30.95,32.39,48.07,48.44,48.56,49.27,50.07,33.14,31.72,25.13,25.69,26.23,26.20,26.36,27.11,25.45,26.28,26.79,23.30,22.36,23.14,20.83,22.75,22.78,23.77
building and improvements,0.0,0.0,0.0,0.0,0.0,0.0,0.0,0.0,0.0,0.0,0.0,0.0,0.0,0.0,0.0,0.0,0.0,0.0,0.0,0.0,0.0,0.0,0.0,0.0,0.0,0.0,0.0,0.0,0.0,0.0,0.0,0.0,0.0,0.0,0.0,0.0,0.0,0.0,0.0,0.0,0.0,0.0,0.0,0.0,0.0,0.0,0.0,0.0,0.0,0.0,0.0,0.0,0.0
capital lease obligations,0.0,0.0,0.0,0.0,6.1,5.6,5.2,4.4,3.6,3.9,2.9,3.2,3.2,3.3,1.5,1.3,1.0,0.7,0.5,0.4,0.3,0.3,0.3,0.3,0.3,0.2,0.1,0.0,0.0,0.0,0.0,0.0,0.0,0.0,0.0,0.0,0.0,0.0,0.0,0.0,0.0,0.0,0.0,0.0,0.0,0.0,0.0,0.0,0.0,0.0,0.0,0.0,0.0
cash as % of revenue,1.0,0.0,0.0,0.0,5.3,3.1,1.2,3.2,0.9,5.5,4.0,7.7,11.5,3.8,6.7,15.6,17.6,5.3,3.9,7.1,5.1,4.6,3.5,6.4,0.0,0.0,1.8,5.0,4.5,4.3,6.0,5.9,4.7,3.6,3.7,4.0,3.6,3.3,2.9,3.1,2.6,2.9,3.3,1.8,1.5,1.4,1.1,0.8,0.9,0.8,0.8,1.2,1.1
cash at beginning of period,2.9,1.4,1.4,1.4,1.4,12.3,12.3,12.3,12.3,6.2,6.2,6.2,6.2,71.7,71.7,71.7,71.7,121.2,121.2,121.2,121.2,38.7,38.7,38.7,39.3,39.3,39.3,39.3,47.0,47.0,73.3,73.3,149.2,149.2,149.2,149.2,126.4,123.9,123.9,123.9,83.7,83.7,83.7,83.7,44.6,44.6,44.6,44.6,22.0,21.9,21.9,21.9,34.6
cash end of period,1.4,6.8,1.5,7.4,12.3,10.6,5.6,19.0,6.2,38.0,27.1,50.9,71.7,23.7,43.6,101.5,121.2,38.1,28.7,54.0,38.7,36.5,27.0,39.3,42.2,24.6,16.9,47.0,42.9,45.7,95.5,149.2,125.3,113.4,118.3,126.4,113.6,101.2,86.2,83.7,67.4,73.8,81.4,44.6,37.8,35.1,29.6,22.0,23.6,21.4,22.1,34.6,33.2
cash flow,21.2,0.0,0.0,0.0,38.6,57.6,74.0,89.4,101.4,109.5,101.9,100.6,101.2,90.7,104.6,113.8,121.3,136.8,142.0,145.9,132.3,141.5,150.0,138.3,0.0,0.0,208.3,212.3,210.9,220.2,187.2,308.4,387.1,440.7,546.7,-570.4,-675.0,"-1,243.3","-1,261.5",-180.4,-102.5,478.8,452.8,309.9,268.4,213.6,17.4,73.8,107.9,-35.1,289.1,352.1,396.3
cash flow per share,0.06,0.00,0.00,0.00,1.36,1.89,2.42,2.92,3.31,3.55,3.32,3.27,3.29,2.94,3.37,3.66,3.88,4.35,4.50,4.61,4.14,4.39,4.65,4.63,0.00,0.00,6.85,7.05,6.98,7.23,2.86,4.72,5.90,6.70,8.45,-9.25,-10.81,-19.90,-20.17,-2.89,-1.62,7.58,7.16,4.90,4.20,3.34,0.27,1.15,1.66,-0.54,4.45,5.42,6.03
cash from discontinued financing activities,0.0,0.0,0.0,0.0,0.0,0.0,0.0,0.0,0.0,0.0,0.0,0.0,0.0,0.0,0.0,0.0,0.0,0.0,0.0,0.0,0.0,0.0,0.0,0.0,0.0,0.0,0.0,0.0,0.0,0.0,0.0,0.0,0.0,0.0,0.0,0.0,0.0,0.0,0.0,0.0,0.0,0.0,0.0,0.0,0.0,0.0,0.0,0.0,0.0,0.0,0.0,0.0,0.0
cash from discontinued investing activities,0.0,0.0,0.0,0.0,0.0,0.0,0.0,0.0,0.0,0.0,0.0,0.0,0.0,0.0,0.0,0.0,0.0,0.0,0.0,0.0,0.0,0.0,0.0,0.0,0.0,0.0,0.0,0.0,0.0,0.0,0.0,0.0,2.6,2.6,1.8,1.8,0.0,-0.8,-0.8,-0.7,50.0,89.5,89.5,89.5,0.0,0.0,0.0,0.0,0.0,-1.0,121.0,136.0,30.7
cash per share,0.00,0.52,0.10,0.51,0.43,0.35,0.18,0.62,0.20,1.23,0.88,1.66,2.33,0.77,1.41,3.27,3.87,1.21,0.91,1.71,1.21,1.13,0.84,1.31,1.40,0.81,0.55,1.56,1.42,1.50,1.46,2.29,1.91,1.72,1.83,2.05,1.82,1.62,1.38,1.34,1.07,1.17,1.29,0.71,0.59,0.55,0.46,0.34,0.36,0.33,0.34,0.53,0.51
common par,0.0,0.1,0.1,0.1,0.3,0.3,0.3,0.3,0.3,0.3,0.3,0.3,0.3,0.3,0.3,0.3,0.3,0.3,0.3,0.0,0.3,0.3,0.0,0.0,0.3,0.3,0.3,0.3,0.3,0.3,0.7,0.7,0.7,0.7,0.7,0.7,0.7,0.7,0.7,0.7,0.7,0.7,0.7,0.7,0.7,0.7,0.7,0.7,0.7,0.7,0.7,0.7,0.7
common stock equity,74.7,220.8,261.7,265.4,652.6,664.3,733.1,745.7,700.3,703.2,708.1,722.9,744.5,750.5,762.9,779.8,799.2,813.5,832.6,856.3,861.7,876.0,908.6,931.5,861.3,904.3,927.7,916.4,935.9,986.1,"3,151.4","3,162.3","3,186.3","3,239.7","3,239.2","2,043.8","1,980.7","1,570.3","1,606.4","1,640.0","1,654.7","1,665.4","1,713.6","1,609.4","1,679.9","1,712.9","1,490.4","1,437.2","1,500.0","1,351.2","1,476.3","1,478.6","1,561.3"
construction in progress,0.0,0.0,0.0,0.0,0.0,0.0,0.0,0.0,0.0,0.0,0.0,0.0,0.0,0.0,0.0,0.0,0.0,0.0,0.0,0.0,0.0,0.0,0.0,0.0,0.0,0.0,0.0,0.0,0.0,0.0,0.0,0.0,0.0,0.0,0.0,0.0,0.0,0.0,0.0,0.0,0.0,0.0,0.0,0.0,0.0,0.0,0.0,0.0,0.0,0.0,0.0,0.0,0.0
cost in excess,0.0,0.0,0.0,0.0,0.0,0.0,0.0,0.0,0.0,0.0,0.0,0.0,0.0,0.0,0.0,0.0,0.0,0.0,0.0,0.0,0.0,0.0,0.0,0.0,403.1,404.4,404.7,412.1,432.9,435.9,"1,461.9","1,455.9","1,458.9","1,460.5","1,514.4",340.6,341.8,194.3,195.5,195.2,195.6,195.5,196.1,196.7,197.2,197.5,0.0,0.0,0.0,0.0,0.0,0.0,0.0
cost of sales,0.0,15.2,18.0,33.2,56.7,80.2,105.5,105.5,117.1,77.4,94.2,96.8,84.8,82.8,102.5,96.4,112.7,109.9,112.9,112.4,112.8,120.6,93.5,125.2,126.8,113.9,132.3,144.2,132.5,204.5,494.2,532.9,457.7,565.3,511.3,519.9,476.1,458.8,444.9,432.8,360.5,429.1,425.3,420.5,421.1,470.4,502.2,504.2,423.9,428.2,499.1,592.2,577.1
cost of sales with depreciation,0.0,15.2,18.0,33.2,56.7,80.8,106.2,106.1,118.5,83.7,89.8,97.8,85.9,84.0,103.8,97.6,113.9,111.1,114.2,113.0,114.5,121.7,94.5,126.1,127.2,114.4,132.7,144.7,133.0,205.0,526.0,554.0,458.3,566.4,509.6,523.3,476.9,449.7,449.8,437.6,365.7,434.4,430.7,426.3,433.3,481.2,515.1,515.8,435.7,436.4,508.0,599.5,586.1
cumulative translation adjustments,0.0,0.0,0.0,0.0,0.0,0.0,0.0,0.9,0.0,0.0,0.0,0.0,0.0,0.0,0.0,0.0,0.0,0.0,0.0,0.0,0.0,0.0,0.0,0.0,0.0,0.0,0.0,0.0,0.0,0.0,0.0,0.0,0.0,0.0,0.0,0.0,0.0,0.0,0.0,0.0,0.0,0.0,0.0,0.0,0.0,0.0,0.0,0.0,0.0,0.0,0.0,0.0,0.0
current assets per share,0.09,2.46,3.05,4.33,8.59,7.86,9.18,9.25,8.22,8.77,8.40,8.56,8.51,6.93,7.99,10.25,9.95,7.93,7.41,8.03,8.43,7.87,8.06,10.06,10.55,11.85,13.61,14.94,16.20,16.62,21.17,22.62,24.41,22.54,25.17,27.49,29.43,24.78,23.13,22.70,20.47,19.68,20.03,18.36,17.70,18.15,18.37,17.49,17.55,18.98,19.46,19.07,20.13
current defered income taxes,0.0,0.0,0.0,0.0,0.0,0.0,0.0,0.0,8.4,0.0,0.0,0.0,10.9,10.9,10.9,10.9,5.8,5.8,5.8,6.7,6.1,6.1,6.1,7.4,7.1,7.6,5.6,7.3,7.0,6.5,38.4,41.6,35.8,42.3,38.4,38.8,28.9,29.0,27.2,25.9,22.5,20.2,20.8,36.1,36.9,38.1,47.9,37.4,33.4,33.2,40.2,88.5,82.5
current deferred income taxes,0.0,0.0,0.0,0.0,13.9,0.0,0.0,0.0,0.0,0.0,0.0,0.0,0.0,0.0,0.0,0.0,0.0,0.0,0.0,0.0,0.0,0.0,0.0,0.0,0.0,0.0,0.0,0.0,0.0,0.0,0.0,0.0,0.0,0.0,0.0,0.0,0.0,0.0,0.0,0.0,0.0,0.0,0.0,0.0,0.0,0.0,0.0,0.0,0.0,0.0,0.0,1.5,0.0
current liabilities per share,0.07,1.25,2.28,2.49,5.15,4.62,7.47,5.81,3.64,3.84,3.79,4.12,3.35,3.64,4.00,5.32,4.37,4.30,3.84,4.27,4.81,4.29,4.64,5.22,6.20,6.97,7.86,8.80,10.10,9.22,11.52,12.35,13.94,12.57,13.76,14.87,16.15,14.14,14.25,13.39,12.37,11.24,11.67,11.99,11.23,10.54,11.32,10.42,10.09,10.89,11.04,11.93,11.91
current ratio,1.3,2.0,1.3,1.7,1.7,1.7,1.2,1.6,2.3,2.3,2.2,2.1,2.5,1.9,2.0,1.9,2.3,1.8,1.9,1.9,1.8,1.8,1.7,1.9,1.7,1.7,1.7,1.7,1.6,1.8,1.8,1.8,1.8,1.8,1.8,1.8,1.8,1.8,1.6,1.7,1.7,1.8,1.7,1.5,1.6,1.7,1.6,1.7,1.7,1.7,1.8,1.6,1.7
decrease (increase) in other current liabilities,20.6,0.0,10.3,7.9,-32.8,0.0,0.0,-4.4,-14.9,0.0,0.0,8.2,-10.0,12.9,12.2,47.7,21.3,10.9,-11.7,10.9,1.7,-11.1,4.9,7.1,13.0,27.5,48.4,73.4,26.4,-1.5,-92.6,-67.1,39.4,51.3,0.0,97.4,37.7,-11.8,-3.7,-62.3,-39.9,-72.9,-70.8,-85.7,0.0,0.0,0.0,0.0,0.0,0.0,0.0,0.0,0.0
decrease (increase) in other working capital,0.0,4.6,-6.3,0.0,0.0,0.0,-6.3,0.0,0.0,0.0,4.4,0.0,0.0,0.0,2.2,0.0,0.0,-4.2,-0.1,-5.5,0.0,-1.3,0.1,0.0,-2.7,-5.0,-1.6,-7.6,-5.5,6.9,8.2,-93.9,-4.2,-3.0,-5.5,-8.8,158.1,78.4,16.2,-9.0,-1.9,-40.6,-82.5,-6.6,-15.0,-58.6,-38.6,-86.5,-65.8,15.7,3.8,-1.1,-6.2
decrease (increase) in payables,2.3,0.0,4.8,9.5,23.6,0.0,-32.8,-42.9,-44.9,0.0,3.8,9.2,-2.0,-6.5,1.1,8.9,1.0,-0.1,4.4,-4.7,12.5,-9.6,-13.7,-2.9,7.7,22.1,28.9,35.2,-6.1,4.0,23.9,23.8,-48.3,-54.1,53.9,18.5,-35.3,-114.7,-131.7,-68.5,-25.6,1.3,33.0,7.4,-33.6,-66.7,-9.0,-5.5,-11.3,-9.4,1.6,30.2,26.7
deferred income taxes,-2.9,-3.8,-1.1,-1.1,108.2,-0.0,10.2,17.4,20.8,0.0,11.6,16.6,18.1,0.0,0.3,4.8,7.8,5.1,8.9,13.3,8.2,6.2,15.2,25.1,6.5,15.5,22.4,26.2,5.1,7.9,-29.4,-43.2,16.1,11.7,11.3,-47.6,0.2,-19.2,-28.2,-6.7,-9.9,-21.4,-41.9,-129.3,-7.5,-24.8,-82.9,-52.4,-11.1,-53.0,-60.2,-93.9,2.5
deferred revenues,0.0,0.0,0.0,0.0,0.0,0.0,0.0,0.0,0.0,0.0,0.0,0.0,0.0,0.0,0.0,45.0,25.6,27.4,17.0,27.0,32.2,21.7,31.7,36.4,38.6,65.3,77.1,93.3,124.4,92.8,157.9,169.8,189.7,182.2,202.1,197.6,246.1,240.8,239.2,206.2,165.8,133.2,137.8,124.3,114.6,115.4,130.6,84.2,84.1,110.0,102.7,95.2,97.0
depreciation,27.2,7.8,14.9,23.0,33.5,11.4,23.1,35.3,48.6,14.1,28.4,44.1,63.7,21.0,41.9,63.4,85.7,22.7,45.8,69.4,93.8,25.6,52.1,79.9,29.8,59.8,91.0,122.7,34.9,70.7,170.8,252.7,90.4,182.9,277.2,373.6,92.9,168.0,255.8,352.8,91.8,198.0,296.5,401.5,90.5,183.2,274.2,365.9,87.3,174.0,259.3,350.8,82.6
depreciation (unrecognized),0.0,7.8,7.1,8.1,10.5,11.4,11.7,12.2,13.3,14.1,14.3,15.7,19.6,21.0,20.9,21.5,22.2,22.7,23.1,23.6,24.4,25.6,26.4,27.8,29.8,30.0,31.2,31.7,34.9,35.8,67.1,81.9,90.4,92.4,94.3,96.5,92.9,85.9,87.8,97.0,91.8,106.2,98.5,105.0,90.5,92.7,91.0,91.7,87.3,88.9,85.2,91.6,82.6
domestic sales,0.0,0.0,0.0,0.0,0.0,0.0,0.0,0.0,0.0,0.0,0.0,0.0,0.0,0.0,0.0,0.0,0.0,0.0,0.0,0.0,0.0,0.0,0.0,0.0,0.0,0.0,0.0,0.0,0.0,0.0,0.0,0.0,0.0,0.0,0.0,0.0,0.0,0.0,0.0,0.0,0.0,0.0,0.0,0.0,0.0,0.0,0.0,0.0,0.0,0.0,0.0,0.0,0.0
earnings from equity interest,0.0,0.0,0.0,0.0,0.0,0.0,0.0,0.0,0.0,0.0,0.0,0.0,0.0,0.0,0.0,0.0,0.0,0.0,0.0,0.0,0.0,0.0,0.0,0.0,0.0,0.0,0.0,0.0,0.0,0.0,-5.0,5.5,6.1,7.0,6.7,-19.7,-91.1,-0.6,0.0,-91.2,0.0,-0.3,0.0,-0.6,0.0,0.0,0.0,-0.5,37.3,-4.7,4.8,4.6,4.7
earnings period indicator,F,Q,S,N,F,Q,S,N,F,Q,S,N,F,Q,S,N,F,Q,S,N,F,Q,S,F,Q,S,N,F,Q,S,N,F,Q,S,N,F,Q,S,N,F,Q,S,N,F,Q,S,N,F,Q,S,N,F,Q
effect exchange rate changes,0.0,0.0,0.0,0.0,0.8,0.8,1.1,0.0,0.0,0.0,0.0,0.0,0.0,0.0,0.0,0.0,0.0,0.0,0.3,0.9,0.5,0.3,0.9,0.9,0.3,-0.7,-0.1,0.3,0.4,2.8,4.7,2.8,1.5,3.3,-1.3,-10.4,0.5,5.2,7.6,7.3,-0.6,-3.7,-1.9,-1.9,-1.4,-1.0,-2.5,-3.0,0.2,-0.5,-0.3,-0.5,-0.5
effective tax rate,0.0,0.0,0.0,0.0,41.6,39.4,39.2,39.2,38.5,38.4,38.3,38.1,38.5,38.5,38.5,38.5,36.6,36.8,36.5,34.8,33.9,33.5,33.2,35.9,0.0,0.0,34.0,32.2,30.9,32.0,0.0,22.5,26.2,30.1,32.8,0.0,0.0,0.0,0.0,0.0,0.0,0.0,0.0,0.0,0.0,0.0,0.0,0.0,0.0,0.0,0.0,0.0,0.0
excise taxes,0.0,0.0,0.0,0.0,0.0,0.0,0.0,0.0,0.0,0.0,0.0,0.0,0.0,0.0,0.0,0.0,0.0,0.0,0.0,0.0,0.0,0.0,0.0,0.0,0.0,0.0,0.0,0.0,0.0,0.0,0.0,0.0,0.0,0.0,0.0,0.0,0.0,0.0,0.0,0.0,0.0,0.0,0.0,0.0,0.0,0.0,0.0,0.0,0.0,0.0,0.0,0.0,0.0
extraordinary gains,0.0,0.0,0.0,0.0,0.0,0.0,0.0,0.0,0.0,0.0,0.0,0.0,0.0,0.0,0.0,0.0,0.0,0.0,0.0,0.0,0.0,0.0,0.0,0.0,0.0,0.0,0.0,0.0,0.0,0.0,0.0,0.0,0.0,0.0,0.0,0.0,0.0,0.0,0.0,0.0,0.0,0.0,0.0,0.0,0.0,0.0,0.0,0.0,0.0,0.0,0.0,0.0,0.0
extraordinary income/losses,0.0,0.0,0.0,0.0,0.0,0.0,0.0,0.0,0.0,0.0,0.0,0.0,0.0,0.0,0.0,0.0,0.0,0.0,0.0,0.0,0.0,0.0,0.0,0.0,0.0,0.0,0.0,0.0,0.0,0.0,0.0,0.0,0.0,0.0,0.0,0.0,0.0,0.0,0.0,0.0,0.0,0.0,0.0,0.0,0.0,0.0,0.0,0.0,0.0,0.0,0.0,0.0,0.0
foreign sales,0.0,0.0,0.0,0.0,0.0,0.0,0.0,0.0,0.0,0.0,0.0,0.0,0.0,0.0,0.0,0.0,0.0,0.0,0.0,0.0,0.0,0.0,0.0,0.0,0.0,0.0,0.0,0.0,0.0,0.0,0.0,0.0,0.0,0.0,0.0,0.0,0.0,0.0,0.0,0.0,0.0,0.0,0.0,0.0,0.0,0.0,0.0,0.0,0.0,0.0,0.0,0.0,0.0
free cash flow,-18.4,-15.9,-146.8,-159.0,-444.1,-47.3,-193.8,-221.7,-215.0,30.2,23.5,47.2,64.8,22.7,31.6,69.4,78.8,0.6,-8.0,-53.1,-71.5,2.7,19.3,26.8,21.4,-5.0,-30.1,-13.4,-34.6,-54.8,-99.2,-86.6,-15.2,-0.3,-164.1,-173.2,-50.7,-89.0,26.6,114.3,59.2,82.4,79.7,128.4,-31.8,-128.1,-132.2,-205.3,-52.8,-159.1,-179.5,-44.4,-94.8
free cash flow per share,-0.06,-1.20,-10.02,-10.80,-15.60,-1.55,-6.34,-7.25,-7.02,0.98,0.77,1.54,2.11,0.73,1.02,2.23,2.52,0.02,-0.25,-1.68,-2.23,0.08,0.60,0.90,0.71,-0.17,-0.99,-0.44,-1.14,-1.80,-1.51,-1.33,-0.23,-0.01,-2.54,-2.81,-0.81,-1.42,0.43,1.83,0.94,1.30,1.26,2.03,-0.50,-2.00,-2.07,-3.20,-0.81,-2.45,-2.77,-0.68,-1.44
gross fixed assets,368.8,336.7,386.5,394.3,645.3,668.4,765.9,739.0,703.2,723.7,745.7,"1,395.5","1,422.7","1,442.4","1,446.6","1,453.1","1,461.3","1,475.9","1,515.1","1,601.7","1,626.8","1,665.2","1,702.4","1,735.4","1,776.2","1,834.4","1,883.9","1,915.1","1,977.8","2,031.0","4,684.7","4,756.1","4,858.7","4,972.0","5,110.0","5,176.1","5,230.4","4,861.6","4,816.1","4,862.4","4,874.1","4,874.8","4,960.4","4,836.6","4,738.1","4,797.3","4,807.7","4,882.3","4,956.5","4,694.6","4,782.3","4,817.4","4,875.4"
gross margin,0.0,19.6,20.9,26.8,42.4,60.1,68.8,71.9,70.8,74.0,60.4,67.8,69.8,69.4,73.2,73.8,78.0,75.0,79.0,80.3,80.9,87.1,87.7,99.6,102.3,104.8,114.7,108.8,106.9,130.1,259.3,289.9,282.4,246.9,284.6,310.5,261.8,219.2,234.8,222.0,215.8,214.7,200.4,195.3,197.4,187.2,202.3,198.8,202.6,202.5,219.7,246.8,234.3
gross profit margin,51.5,0.0,0.0,0.0,47.1,44.4,41.8,41.2,40.0,41.3,41.3,41.5,43.5,42.7,43.3,43.8,42.7,41.6,41.5,41.1,41.3,41.6,43.3,44.7,0.0,0.0,45.8,45.4,45.4,42.9,38.3,33.2,36.3,34.5,34.8,35.4,34.7,35.4,35.1,34.2,34.4,34.7,34.1,33.6,32.3,31.0,30.1,29.3,29.4,30.3,30.7,31.1,30.1
income before income taxes,0.0,0.0,0.0,0.0,8.8,17.3,20.9,22.5,19.6,16.8,12.5,14.0,11.3,-3.2,15.1,19.1,17.5,18.7,19.4,20.8,-8.1,27.9,27.3,31.2,32.8,30.3,37.8,29.1,21.4,37.9,-111.7,82.4,81.6,42.0,60.4,"-1,082.3",-40.8,-209.8,36.3,24.7,2.3,-22.1,-24.1,-181.2,-33.3,-42.2,-246.5,-25.1,6.2,-159.5,9.7,-24.7,40.7
income from cum. effect of acct. change,0.0,0.0,0.0,0.0,0.0,0.0,0.0,0.0,0.0,0.0,0.0,0.0,0.0,0.0,0.0,0.0,0.0,0.0,0.0,0.0,0.0,0.0,0.0,0.0,0.0,0.0,0.0,0.0,0.0,0.0,0.0,0.0,0.0,0.0,0.0,0.0,0.0,0.0,0.0,0.0,0.0,0.0,0.0,0.0,0.0,0.0,0.0,0.0,0.0,0.0,0.0,0.0,0.0
income from tax loss carryforward,0.0,0.0,0.0,0.0,0.0,0.0,0.0,0.0,0.0,0.0,0.0,0.0,0.0,0.0,0.0,0.0,0.0,0.0,0.0,0.0,0.0,0.0,0.0,0.0,0.0,0.0,0.0,0.0,0.0,0.0,0.0,0.0,0.0,0.0,0.0,0.0,0.0,0.0,0.0,0.0,0.0,0.0,0.0,0.0,0.0,0.0,0.0,0.0,0.0,0.0,0.0,0.0,0.0
income per employee,-10876,None,None,None,3098,None,None,None,21766,None,None,None,14701,None,None,None,12990,None,None,None,14181,None,None,20208,None,None,None,28322,None,None,None,3231,None,None,None,-75186,None,None,None,-49141,None,None,None,-11212,None,None,None,-32656,None,None,None,-3717,None
income taxes,0.0,-2.8,1.1,1.9,3.3,6.7,8.1,8.8,7.3,6.5,4.8,5.4,4.3,-1.2,5.8,7.3,5.8,6.9,7.2,6.7,-3.6,9.8,9.6,11.6,11.9,8.5,12.8,9.1,7.1,12.8,-38.7,20.0,30.0,17.1,20.4,-30.2,17.1,-23.2,13.7,50.2,-4.0,0.2,-7.1,-55.7,-5.0,-12.5,-33.5,37.5,-1.7,-35.5,1.3,-27.8,15.2
"income, acquired in process r&a;",0.0,0.0,0.0,0.0,0.0,0.0,0.0,0.0,0.0,0.0,0.0,0.0,0.0,0.0,0.0,0.0,0.0,0.0,0.0,0.0,0.0,0.0,0.0,0.0,0.0,0.0,0.0,0.0,0.0,0.0,0.0,0.0,0.0,0.0,0.0,0.0,0.0,0.0,0.0,0.0,0.0,0.0,0.0,0.0,0.0,0.0,0.0,0.0,0.0,0.0,0.0,0.0,0.0
intangibles,99.3,98.6,131.6,130.5,294.4,304.7,364.3,389.4,380.6,380.9,382.2,384.2,387.7,389.2,389.6,390.0,390.4,391.0,392.4,401.1,401.3,401.4,402.9,403.3,0.0,0.0,0.0,0.0,0.0,0.0,375.2,311.5,313.9,310.6,305.4,299.1,283.7,295.4,288.2,273.9,263.7,243.4,268.0,282.4,277.8,265.3,265.8,118.4,229.1,208.0,203.5,59.2,181.2
intangibles as % of book-value,132.9,44.6,50.3,49.2,45.1,45.9,49.7,52.2,54.3,54.2,54.0,53.1,52.1,51.9,51.1,50.0,48.8,48.1,47.1,46.8,46.6,45.8,44.3,43.3,46.8,44.7,43.6,45.0,46.3,44.2,58.3,55.9,55.6,54.7,56.2,31.3,31.6,31.2,30.1,28.6,27.8,26.4,27.1,29.8,28.3,27.0,17.8,8.2,15.3,15.4,13.8,4.0,11.6
interest as % of invested capital,7.7,0.0,0.0,0.0,2.7,2.4,2.4,2.4,2.5,2.5,2.3,1.3,2.2,3.1,3.9,4.6,4.4,4.4,4.2,4.0,3.8,3.5,3.3,2.2,0.0,0.0,3.2,3.3,3.2,3.1,1.5,2.4,2.2,2.5,2.4,2.8,2.7,3.0,3.1,3.1,3.4,3.5,3.6,3.9,4.1,4.2,4.6,4.7,4.7,4.8,4.6,4.4,3.9
interest coverage (cont. operations),0.8,0.0,0.0,0.0,1.4,2.5,3.2,4.0,4.5,4.4,4.3,3.9,2.5,1.7,1.6,1.6,1.7,2.0,2.1,2.1,1.8,2.0,2.2,3.1,0.0,0.0,3.3,3.3,3.1,3.2,0.7,1.4,1.7,1.6,2.9,0.0,0.0,0.0,0.0,0.0,0.0,1.3,0.9,0.0,0.0,0.0,0.0,0.0,0.0,0.0,0.0,0.0,0.0
interest expense,0.0,8.0,5.2,5.4,5.2,5.5,6.6,5.4,5.6,5.7,4.8,5.7,20.2,19.9,18.0,18.0,17.6,16.8,16.2,16.8,14.4,12.5,13.0,14.7,14.1,14.6,15.2,13.5,14.0,14.1,37.5,39.0,33.2,30.1,33.4,33.0,26.6,29.2,33.4,33.6,32.9,32.6,33.1,37.6,37.2,34.6,38.7,39.0,38.0,37.0,31.7,27.7,27.9
interest income,0.0,0.0,0.0,0.0,0.0,0.0,0.0,0.0,0.0,0.0,0.0,0.0,0.0,0.0,0.0,0.0,0.0,0.0,0.0,0.0,0.0,0.0,0.0,0.0,0.0,0.0,0.0,0.0,0.0,0.0,0.0,0.0,0.0,0.0,0.0,0.0,0.0,0.0,0.0,0.0,0.0,0.0,0.0,0.0,0.0,0.0,0.0,0.0,0.0,0.0,0.0,0.0,0.0
inventories,8.7,8.2,14.7,20.5,120.9,109.2,125.2,129.1,102.7,107.1,111.6,97.8,91.3,90.9,91.2,91.0,90.0,96.3,93.3,85.9,95.4,91.0,106.2,108.3,107.3,129.3,165.0,175.8,219.0,208.7,427.9,411.4,482.0,433.5,503.5,527.1,664.0,580.4,574.8,490.0,488.3,427.9,412.6,396.3,395.6,396.7,383.9,361.7,397.4,414.0,405.6,387.7,430.9
"inventories, finished goods",0.0,0.0,0.0,0.0,38.7,30.5,12.5,9.5,9.7,0.0,7.4,4.5,5.5,6.1,5.0,3.4,4.4,2.8,3.6,3.7,3.2,2.0,1.7,1.2,0.8,0.9,0.0,0.4,0.9,2.6,22.3,24.9,31.2,23.0,22.5,17.4,24.9,30.5,44.4,50.4,47.1,48.3,46.1,35.3,38.1,35.1,31.2,32.5,33.6,47.0,43.4,34.0,40.9
"inventories, other",0.0,0.0,0.0,0.0,0.0,0.0,0.0,0.0,0.0,107.1,0.0,0.0,0.0,0.0,0.0,0.0,0.0,0.0,0.0,0.0,0.0,0.0,0.0,0.0,0.0,0.0,0.0,0.0,0.0,0.0,228.7,246.5,266.2,266.1,0.0,0.0,0.0,0.0,0.0,0.0,0.0,0.0,0.0,0.0,0.0,0.0,0.0,0.0,0.0,0.0,0.0,0.0,0.0
"inventories, purchased components",0.0,0.0,0.0,0.0,0.0,0.0,0.0,0.0,0.0,0.0,0.0,0.0,0.0,0.0,0.0,0.0,0.0,0.0,0.0,0.0,0.0,0.0,0.0,0.0,0.0,0.0,0.0,0.0,0.0,0.0,0.0,0.0,0.0,0.0,0.0,0.0,0.0,0.0,0.0,0.0,0.0,0.0,0.0,0.0,0.0,0.0,0.0,0.0,0.0,0.0,0.0,0.0,0.0
"inventories, raw materials",0.0,0.0,0.0,0.0,47.2,64.3,75.7,80.7,67.9,0.0,75.4,71.9,73.8,65.0,61.5,62.4,60.1,62.5,61.1,61.5,62.6,63.9,66.3,67.1,68.3,71.6,82.4,83.7,96.7,113.7,0.0,0.0,0.0,0.0,288.4,318.0,378.4,311.6,299.8,284.8,272.2,264.8,249.5,244.6,242.9,233.4,227.9,225.8,238.5,240.7,239.4,232.7,238.6
"inventories, work in progress",0.0,0.0,0.0,0.0,35.0,14.5,37.0,38.9,25.1,0.0,38.8,30.7,22.5,31.9,37.2,39.3,37.5,43.8,41.6,33.2,40.6,36.3,50.0,50.8,48.9,67.6,92.5,100.9,131.2,103.0,176.9,140.0,184.7,144.4,192.6,191.7,260.7,238.3,230.6,154.8,169.0,114.9,117.0,116.4,114.6,128.2,124.7,103.4,125.2,126.3,122.8,120.9,151.3
inventory as % of revenue,6.4,0.0,0.0,0.0,52.0,32.3,26.4,21.8,15.1,15.5,16.6,14.8,14.6,14.5,14.1,13.9,13.1,13.3,12.7,11.3,12.5,11.6,13.7,17.6,0.0,0.0,17.9,18.6,22.9,19.4,27.1,16.2,18.2,13.9,15.9,16.6,20.9,19.1,19.6,18.0,18.9,16.8,16.5,16.1,15.8,15.8,14.8,13.5,14.8,15.5,15.1,13.8,14.4
inventory turnover,0.0,0.0,0.0,0.0,1.9,3.2,3.9,4.6,3.6,3.7,3.3,3.4,3.6,3.6,3.6,3.9,4.4,4.5,4.7,5.1,4.8,4.9,4.4,3.3,0.0,0.0,4.0,3.6,3.4,3.9,3.3,5.8,4.8,6.4,4.4,4.4,3.6,3.9,3.5,3.5,2.9,3.3,3.3,3.7,3.8,4.2,4.6,5.0,4.8,4.6,4.7,5.2,5.1
invested capital,448.0,409.2,464.1,474.4,864.2,878.0,946.4,963.9,923.3,931.0,935.1,"1,662.2","1,685.3","1,632.7","1,639.3","1,658.5","1,669.3","1,604.7","1,617.2","1,693.3","1,699.4","1,700.0","1,702.1","1,836.6","1,740.1","1,783.7","1,822.2","1,732.1","1,777.4","1,844.1","5,394.4","5,495.2","5,512.3","5,512.7","5,706.9","4,556.1","4,534.5","4,079.9","3,992.1","3,900.9","3,798.7","3,746.7","3,684.9","3,506.6","3,419.4","3,417.1","3,199.4","3,210.3","3,209.5","3,155.1","3,182.0","3,043.5","3,190.9"
issuance of capital stock,0.0,157.1,196.2,196.8,151.8,0.4,56.0,56.6,36.3,0.0,0.1,0.2,1.1,0.0,0.0,0.0,7.6,1.1,2.5,0.0,9.3,1.2,5.1,6.0,0.0,8.7,9.7,136.5,3.4,5.5,15.5,27.3,2.6,339.0,8.5,9.3,1.0,54.8,56.3,2.8,1.0,1.9,2.6,3.1,0.7,1.4,2.0,2.4,0.4,0.9,1.4,2.2,2.9
issuance of debt,0.0,0.0,9.9,10.7,0.0,46.0,137.0,181.0,0.0,0.0,0.0,0.0,0.0,175.0,175.0,175.0,175.0,0.0,12.0,67.0,693.2,0.0,0.0,155.0,19.0,40.0,68.0,632.0,39.0,98.4,"2,330.9","2,545.4",257.0,7.2,920.8,"1,181.8",81.5,580.5,692.8,"1,204.0",53.0,385.2,856.3,"2,098.2",605.0,"1,003.4","1,602.9","1,893.7",844.5,"1,179.0","1,548.0","1,878.0","1,204.0"
land and improvements,0.0,0.0,0.0,0.0,0.0,0.0,0.0,0.0,0.0,0.0,0.0,0.0,0.0,0.0,0.0,0.0,117.1,122.8,133.0,0.0,141.1,0.0,163.6,0.0,0.0,0.0,0.0,0.0,0.0,0.0,169.3,175.9,181.7,194.1,180.5,183.0,177.8,171.7,176.5,174.0,172.1,161.2,164.6,166.3,170.6,174.0,175.4,176.8,179.5,179.9,185.0,186.4,185.9
leverage ratio,6.3,2.0,2.1,2.1,1.8,1.8,1.9,1.8,1.8,1.8,1.8,2.7,2.6,2.5,2.5,2.6,2.5,2.3,2.3,2.3,2.3,2.3,2.2,2.4,2.5,2.5,2.5,2.6,2.6,2.5,2.2,2.2,2.2,2.2,2.2,3.0,3.1,3.5,3.4,3.2,3.1,3.0,2.9,2.9,2.8,2.7,3.0,3.0,2.9,3.2,2.9,2.9,2.8
loans receivable,0.0,0.0,0.0,0.0,3.9,0.0,0.0,0.0,3.0,0.0,0.0,0.0,2.7,2.6,1.3,0.9,0.7,0.2,0.0,0.2,0.1,0.1,0.1,0.0,0.0,0.0,0.0,0.0,0.0,0.0,0.0,0.0,0.0,0.0,0.0,0.0,0.0,0.0,0.0,0.0,0.0,0.0,0.0,0.0,0.0,0.0,0.0,0.0,0.0,0.0,0.0,0.0,0.0
long-term debt,373.3,188.4,202.4,209.1,205.6,208.1,208.1,213.8,219.3,224.0,224.2,936.1,937.7,878.9,874.9,877.4,869.1,790.5,784.1,836.6,837.3,823.7,793.1,904.8,878.6,879.2,894.4,815.6,841.5,858.0,"2,243.0","2,332.9","2,325.9","2,273.0","2,467.7","2,512.3","2,553.8","2,509.7","2,385.6","2,260.9","2,143.9","2,081.3","1,971.3","1,897.1","1,739.6","1,704.2","1,709.0","1,773.0","1,709.5","1,803.9","1,705.6","1,564.9","1,629.7"
long-term debt per share,1.12,14.21,13.80,14.20,7.43,7.00,6.98,7.13,7.29,7.37,7.41,30.59,30.62,28.59,28.26,28.30,27.80,25.15,24.89,26.46,26.18,25.57,24.60,30.29,29.15,28.95,29.41,27.07,27.83,28.19,34.22,35.73,35.44,34.57,38.15,40.74,40.90,40.16,38.15,36.16,33.95,32.95,31.18,30.00,27.21,26.65,26.71,27.59,26.37,27.81,26.29,24.11,24.81
marketable securities,0.0,0.0,0.0,0.0,0.0,0.0,0.0,0.0,0.0,0.0,0.0,0.0,0.0,0.0,0.0,0.0,0.0,0.0,0.0,0.0,0.0,0.0,0.0,0.0,0.0,0.0,0.0,0.0,0.0,0.0,0.0,0.0,0.0,0.0,0.0,0.0,0.0,0.0,0.0,0.0,0.0,0.0,0.0,0.0,0.0,0.0,0.0,0.0,0.0,0.0,0.0,0.0,0.0
minority interest,0.0,0.0,0.0,0.0,0.0,0.0,0.0,0.0,0.0,0.0,0.0,0.0,0.0,0.0,0.0,0.0,0.0,0.0,0.0,0.0,0.0,0.0,0.0,0.0,0.0,0.0,0.0,1.4,1.3,1.6,2.4,3.9,2.6,3.2,3.0,3.4,1.5,0.8,0.6,1.0,0.1,-0.9,-0.4,-10.2,-0.4,-2.2,1.4,2.2,1.8,-14.3,6.0,8.8,8.6
minority interest liability,0.0,0.0,0.0,0.0,0.0,0.0,0.0,0.0,0.0,0.0,0.0,0.0,0.0,0.0,0.0,0.0,0.0,0.0,0.0,0.0,0.0,0.0,0.0,0.0,0.0,0.0,0.0,122.1,121.8,121.3,192.0,191.3,188.2,189.3,188.6,184.3,183.1,181.3,177.4,176.9,173.0,168.8,207.5,193.0,229.9,265.2,251.4,242.8,268.0,238.3,229.2,223.6,168.7
net cash from continuing operations,47.1,2.7,8.8,13.7,88.6,18.0,50.7,92.8,133.1,56.5,82.6,147.8,187.1,39.4,69.7,138.6,166.1,24.1,54.7,112.2,134.1,44.6,99.8,144.9,64.6,99.4,132.8,212.2,42.5,100.1,107.8,239.7,112.8,281.2,345.7,484.1,72.4,140.8,323.7,476.8,107.1,195.7,252.0,368.3,25.5,-5.5,73.1,119.0,38.6,52.6,142.0,387.9,19.4
net cash from discontinued operations,0.0,0.0,0.0,0.0,0.0,0.0,0.0,0.0,0.0,0.0,0.0,0.0,0.0,0.0,0.0,0.0,0.0,0.0,0.0,0.0,0.0,0.0,0.0,0.0,0.0,0.0,0.0,0.0,0.0,0.0,0.0,0.0,-0.4,-0.4,-0.4,0.0,0.0,0.8,0.8,0.7,0.0,-3.9,-3.9,-3.9,0.7,0.7,1.3,1.3,0.0,1.1,2.4,2.1,3.3
net fixed assets,330.3,298.3,342.1,343.7,589.6,604.7,691.0,648.1,616.6,624.8,635.7,"1,271.9","1,276.8","1,277.2","1,263.2","1,254.3","1,244.8","1,240.8","1,257.5","1,321.8","1,325.8","1,339.3","1,350.5","1,359.8","1,371.1","1,401.0","1,421.9","1,446.5","1,479.1","1,503.4","3,495.2","3,533.5","3,563.5","3,616.4","3,690.7","3,673.9","3,681.3","3,444.6","3,436.6","3,404.4","3,352.7","3,290.2","3,273.8","3,092.7","3,060.3","3,035.2","2,995.7","3,004.5","3,012.6","2,835.1","2,851.1","2,842.0","2,859.4"
net income (continuing operations),0.0,-4.7,1.8,3.1,4.5,10.5,12.8,13.8,12.3,10.4,7.7,8.6,6.9,-2.0,9.3,11.7,11.7,11.8,12.2,14.1,-4.5,18.1,17.7,19.6,20.9,21.8,25.0,20.0,14.3,25.2,-75.4,58.5,49.0,21.7,37.0,"-1,055.4",-57.9,-186.6,22.6,-25.5,6.3,-22.3,-17.0,-125.5,-28.3,-29.7,-213.0,-62.6,7.9,-124.0,8.4,3.1,25.5
net income (discontinued operations),0.0,0.0,0.0,0.0,0.0,0.0,0.0,0.0,0.0,0.0,0.0,0.0,0.0,0.0,0.0,0.0,0.0,0.0,0.0,0.0,0.0,0.0,0.0,0.0,0.0,0.0,0.0,0.0,0.0,0.0,0.0,0.0,0.4,0.0,0.0,0.0,0.0,-343.3,-3.8,49.1,10.4,39.0,-1.3,-2.7,-2.1,-0.6,-1.5,-1.8,-0.6,-42.9,110.9,-0.0,33.3
net income available for common,0.0,-4.7,1.8,3.1,4.5,10.5,12.8,13.8,12.3,10.4,7.7,8.6,6.9,-2.0,9.3,11.7,11.7,11.8,12.2,14.1,-4.5,18.1,17.7,19.6,20.9,21.8,25.0,20.0,14.3,25.2,-75.4,58.5,49.0,21.7,37.0,"-1,055.4",-57.9,-186.6,22.6,-25.5,6.3,-22.3,-17.0,-125.5,-28.3,-29.7,-213.0,-62.6,7.9,-124.0,8.4,3.1,25.5
net income/loss,-6.0,-4.7,-2.9,0.6,-4.4,10.5,23.3,37.1,49.4,10.4,18.0,26.6,33.5,-2.0,7.3,19.1,30.8,11.8,24.0,38.1,33.6,18.1,35.8,55.5,21.8,42.7,67.7,87.7,14.3,39.5,-23.9,34.6,49.4,71.0,108.1,-947.3,-57.9,-587.9,-569.1,-545.5,16.7,33.4,15.0,-113.2,-30.5,-60.7,-275.2,-339.6,7.3,-159.6,-40.3,-37.2,58.8
net profit margin,-4.4,0.0,0.0,0.0,2.2,5.9,6.5,7.0,7.3,7.1,6.6,5.9,5.4,3.4,3.5,4.0,4.5,6.2,6.4,6.6,4.4,5.1,5.9,9.0,0.0,0.0,9.5,9.2,8.5,7.9,-1.0,1.4,2.2,1.7,5.3,-29.8,-33.2,-52.8,-55.5,-20.1,-18.2,3.0,1.5,-4.6,-6.4,-8.2,-15.5,-12.7,-11.2,-16.5,-3.9,-1.3,0.5
non-current deferred income taxes,0.0,0.0,0.0,0.0,12.1,0.0,0.0,0.0,0.0,0.0,0.0,0.0,0.0,0.0,0.0,0.0,0.0,0.0,0.0,0.0,0.0,0.0,0.0,0.0,0.0,0.0,0.0,0.0,0.0,0.0,0.0,0.0,0.0,0.0,0.0,0.0,0.0,0.0,0.0,0.0,0.0,0.0,0.0,0.0,0.0,0.0,0.0,27.8,0.0,0.0,0.0,0.0,0.0
normalized income,0.0,2.4,1.8,3.1,6.2,10.5,12.8,13.8,12.3,10.4,7.7,8.6,6.9,-2.0,9.3,11.7,12.2,8.6,12.2,14.1,24.7,18.1,17.7,19.6,20.9,21.8,25.0,21.1,15.7,30.0,85.8,85.5,54.9,23.2,41.8,116.4,-50.6,58.9,25.2,-18.9,5.8,-21.6,-14.8,16.7,-28.3,-27.6,-11.7,-50.6,15.3,5.8,13.1,-138.6,29.1
normalized income per employee,-10876,None,None,None,8370,None,None,None,21766,None,None,None,14701,None,None,None,20047,None,None,None,25332,None,None,20208,None,None,None,28685,None,None,None,19943,None,None,None,18747,None,None,None,1160,None,None,None,-1155,None,None,None,-11366,None,None,None,-10401,None
normalized net profit margin,-4.4,0.0,0.0,0.0,5.9,6.4,6.9,7.3,7.3,7.1,6.6,5.9,5.4,3.4,3.5,4.0,6.9,5.8,6.1,6.2,7.9,8.8,9.6,9.0,0.0,0.0,9.5,9.4,8.7,8.5,9.7,8.4,9.7,8.0,6.5,7.4,4.1,5.5,5.1,0.5,2.7,-0.4,-2.0,-0.5,-1.9,-2.1,-2.0,-4.4,-2.8,-1.5,-0.6,-3.7,-3.0
notes payable,0.0,0.0,0.0,0.0,0.0,0.0,0.0,0.0,0.0,0.0,0.0,0.0,0.0,0.0,0.0,0.0,0.0,0.0,0.0,0.0,0.0,0.0,0.0,0.0,0.0,0.0,0.0,0.0,0.0,0.0,0.0,0.0,0.0,0.0,0.0,0.0,0.0,0.0,0.0,0.0,0.0,0.0,0.0,0.0,0.0,0.0,0.0,0.0,0.0,0.0,0.0,0.0,0.0
number of days cost of goods in inventory,None,None,None,None,190,112,91,77,99,96,108,106,99,99,99,93,83,80,77,71,74,73,82,108,None,None,91,99,107,92,109,62,75,56,81,82,100,93,102,102,122,109,108,98,94,85,79,72,75,79,77,70,71
number of employees,None,None,None,None,None,None,None,None,None,None,None,None,None,None,None,None,None,None,None,None,None,None,None,None,None,None,None,None,None,None,None,None,None,None,None,None,None,None,None,None,None,None,None,None,None,None,None,None,None,None,None,None,None
number of months last report period,None,3,3,3,3,3,3,3,3,3,3,3,3,3,3,3,3,3,3,3,3,3,3,3,3,3,3,3,3,3,3,3,3,3,3,3,3,3,3,3,3,3,3,3,3,3,3,3,3,3,3,3,3
number of part-time employees,None,None,None,None,None,None,None,None,None,None,None,None,None,None,None,None,None,None,None,None,None,None,None,None,None,None,None,None,None,None,None,None,None,None,None,None,None,None,None,None,None,None,None,None,None,None,None,None,None,None,None,None,None
operating gains,-0.1,-1.3,9.6,7.6,19.2,5.0,9.7,14.5,19.8,-0.3,10.1,15.2,17.9,9.5,13.8,12.5,13.9,-2.4,-2.4,-4.1,24.5,0.5,-0.2,-0.1,1.4,-0.3,-0.3,1.3,0.5,1.6,-18.9,12.3,-2.8,-11.3,-15.0,-14.3,89.2,84.2,76.5,39.7,0.2,0.6,-7.3,-13.5,-0.9,-4.3,9.1,6.5,-43.1,-38.8,-43.8,-56.2,-12.0
operating income,0.0,0.0,0.0,0.0,0.0,0.0,0.0,0.0,0.0,0.0,0.0,0.0,0.0,0.0,0.0,0.0,0.0,0.0,0.0,0.0,0.0,0.0,0.0,0.0,0.0,0.0,0.0,0.0,0.0,0.0,0.0,0.0,0.0,0.0,0.0,-898.3,69.2,-218.7,36.3,185.3,2.3,8.4,-24.1,-58.3,-33.8,-45.1,-246.5,119.4,0.1,-118.5,35.2,187.7,54.1
other current assets,1.8,1.4,1.6,1.7,20.3,24.7,30.9,31.7,19.3,34.9,23.6,24.9,7.3,8.4,7.9,11.2,13.9,15.8,9.0,11.5,13.2,12.9,12.6,19.8,19.0,22.5,21.8,21.8,25.4,34.0,135.6,349.1,170.4,159.7,154.1,369.9,281.2,277.8,317.0,177.0,116.9,283.8,310.0,252.6,99.0,110.1,252.4,116.5,276.0,147.9,125.5,115.2,316.9
other current liabilities,6.9,0.0,15.7,13.2,0.0,0.0,0.0,0.0,0.0,0.0,0.0,0.0,0.0,0.0,0.0,0.0,0.0,0.0,0.0,0.0,0.0,0.0,0.0,0.0,0.0,0.0,0.0,0.0,0.0,0.0,0.0,0.0,0.0,0.0,0.0,158.0,215.4,182.5,175.3,21.9,26.0,143.8,119.1,146.2,15.7,15.4,91.4,90.3,82.6,20.1,14.2,122.4,151.9
other equity adjustments,0.0,0.0,0.0,0.0,0.8,1.7,-0.8,-2.6,-60.0,-68.2,-70.2,-64.8,-51.0,-43.6,-41.1,-36.4,-36.6,-37.3,-32.2,-22.1,-25.6,-30.9,-13.8,-12.4,-7.6,0.4,-4.8,-11.8,-11.8,7.1,27.7,13.0,-18.5,4.2,5.4,-94.8,-103.5,-46.7,-34.4,-27.9,-34.1,-47.1,-28.3,-20.2,2.1,8.4,-3.7,6.1,12.6,12.3,20.6,23.9,18.5
"other financing charges, net",13.7,-5.3,-5.3,-0.4,-12.2,-0.7,-1.7,-3.8,-7.0,0.8,-0.6,-5.1,-9.1,-17.1,-17.1,-17.1,-17.6,-0.4,-0.4,0.5,-26.7,0.0,0.0,0.0,-0.2,0.0,-1.5,-2.8,-1.8,-4.0,-1.8,-5.7,-3.5,-7.1,-4.9,14.8,-3.9,-9.9,-22.1,-404.7,-3.1,-7.0,-10.5,-16.8,-0.1,-0.2,-7.8,-7.8,114.2,114.2,114.2,114.7,-10.1
other fixed assets,0.0,0.0,0.0,0.0,52.8,52.9,66.8,79.4,84.3,85.7,92.9,102.7,106.5,0.0,112.6,113.0,0.0,0.0,0.0,139.9,0.0,155.0,0.0,167.9,176.0,190.9,195.3,199.8,210.9,218.3,48.9,72.4,85.5,89.0,108.3,110.9,117.6,121.7,123.6,125.4,127.8,129.9,134.8,142.8,145.1,147.6,149.8,151.9,156.9,150.8,157.9,161.7,164.9
other gains/losses,0.0,-6.3,0.0,0.0,-6.1,0.0,0.0,0.0,0.0,0.0,0.0,0.0,0.0,0.0,0.0,0.0,0.0,0.0,0.0,0.0,0.0,0.0,0.0,0.0,0.0,0.0,0.0,0.0,0.0,0.0,0.0,0.0,0.0,0.0,0.0,0.0,0.0,0.0,0.0,0.0,0.0,0.0,0.0,0.0,0.0,0.0,0.0,0.0,0.0,0.0,0.0,0.0,0.0
other income net,0.0,0.0,0.0,0.0,0.0,0.0,-0.2,-0.2,0.3,0.5,-0.5,0.8,-0.0,1.2,-0.6,2.1,-0.7,-0.5,-0.8,0.8,0.8,0.5,1.1,-1.1,1.3,0.1,0.0,1.1,2.4,1.5,4.7,40.0,13.0,8.6,-5.7,26.8,7.7,9.4,11.8,120.5,0.0,2.5,2.9,6.5,0.4,3.0,-13.9,15.9,6.8,0.7,1.5,-189.3,9.8
"other investing changes, net",0.0,-0.3,-0.7,-1.3,0.0,0.0,0.0,0.0,0.0,0.0,0.0,0.0,0.0,0.0,0.0,0.0,0.0,0.0,0.0,0.0,0.0,0.0,-4.8,-4.2,3.4,0.2,-1.4,-0.1,0.6,0.6,0.0,-12.2,-6.5,-5.9,1.5,1.6,-4.0,-0.4,2.6,-4.2,-5.5,-1.5,116.8,122.3,0.3,0.2,0.8,0.8,-0.2,-0.2,-0.2,-0.2,0.0
other non-cash items,0.0,0.0,0.0,0.0,0.0,-9.6,0.0,0.0,0.0,6.0,0.0,0.0,0.0,2.8,0.0,0.0,0.0,-2.8,0.0,0.0,0.0,1.4,0.0,0.0,0.0,3.6,5.4,7.4,2.3,5.0,101.4,63.3,0.8,5.7,22.2,"1,209.6",14.1,603.8,613.1,576.3,-2.2,-31.5,-21.6,132.4,8.2,15.2,221.6,231.4,9.5,186.4,82.7,148.1,-29.6
other non-current assets,11.1,16.4,21.0,20.7,35.6,49.2,48.9,50.8,28.6,23.7,23.3,27.6,27.9,29.3,28.0,27.8,26.1,25.5,24.0,26.1,25.8,21.3,27.2,131.9,45.5,50.5,42.6,33.2,32.6,34.8,89.9,86.1,92.2,99.7,102.6,83.9,1.2,2.7,21.8,0.4,7.1,1.2,0.8,9.2,8.6,8.8,0.3,86.1,0.0,29.4,9.9,115.6,0.3
other non-current liabilities,0.0,20.0,42.0,47.5,75.1,89.4,104.0,122.5,115.1,117.7,110.2,17.0,16.8,20.6,16.1,13.0,17.0,12.0,10.7,11.6,11.3,12.6,12.7,16.4,15.9,18.6,17.0,17.5,19.3,18.8,96.2,89.0,137.3,141.3,151.7,209.2,193.3,145.2,153.6,196.0,188.5,200.3,200.0,163.3,147.2,136.5,122.5,112.9,101.2,94.4,87.1,92.2,84.4
other receivable,0.0,0.0,0.0,0.0,0.0,0.0,0.0,0.0,0.0,0.0,0.0,0.0,0.0,0.0,0.0,0.0,0.0,0.0,0.3,0.0,0.0,0.0,0.0,0.0,0.0,0.0,0.0,0.0,0.0,0.0,0.0,0.0,0.0,0.0,0.0,0.0,0.0,0.0,0.0,0.0,0.0,0.0,0.0,0.0,0.0,0.0,0.0,0.0,0.0,110.3,142.8,159.1,0.0
other special charges,0.0,-7.1,0.0,0.0,-1.6,0.0,0.0,0.0,0.0,0.0,0.0,0.0,0.0,0.0,0.0,0.0,-0.5,3.2,0.0,0.0,-29.1,0.0,0.0,0.0,0.0,0.0,0.0,-1.1,0.0,0.0,-132.2,0.1,-1.5,0.0,-1.0,"-1,170.0",-7.3,-237.5,0.0,-4.3,0.5,-0.7,-2.2,-142.2,0.0,-2.1,-198.5,-3.3,-4.3,-128.5,-3.2,135.9,-3.6
payment of cash dividends,0.0,0.0,0.0,0.0,0.0,0.0,0.0,0.0,0.0,0.0,0.0,0.0,0.0,0.0,0.0,0.0,0.0,0.0,0.0,0.0,0.0,0.0,0.0,0.0,0.0,0.0,0.0,0.0,0.0,0.0,0.0,0.0,0.0,0.0,0.0,-14.5,0.0,-7.7,0.0,0.0,0.0,0.0,0.0,0.0,-6.5,-15.8,-27.8,-39.9,-12.2,-27.0,-42.0,-57.1,-15.3
payout ratio,None,None,None,None,None,None,None,None,None,None,None,None,None,None,None,None,None,None,None,None,None,None,None,None,None,None,None,None,None,None,None,None,None,None,None,None,None,None,None,None,None,None,None,None,None,None,None,None,None,None,None,None,None
post-tax profit margin,-4.4,0.0,0.0,0.0,2.2,5.9,6.5,7.0,7.3,7.1,6.6,5.9,5.4,3.4,3.5,4.0,4.5,6.2,6.4,6.6,4.4,5.1,5.9,9.0,0.0,0.0,9.5,9.2,8.5,7.9,-1.0,1.4,2.2,1.7,5.2,-29.8,-33.2,-41.5,-43.7,-9.2,-7.1,-0.7,-2.3,-6.4,-7.7,-8.0,-15.3,-12.4,-11.1,-14.7,-6.4,-3.7,-2.9
pre-tax profit margin,-5.8,0.0,0.0,0.0,3.8,9.7,10.8,11.6,11.8,11.6,10.6,9.5,8.7,5.5,5.7,6.5,7.0,9.8,10.1,10.1,6.7,7.6,8.8,14.1,0.0,0.0,14.4,13.9,12.7,12.2,-1.2,2.1,3.5,3.0,8.4,-28.3,-32.1,-41.8,-44.3,-7.3,-5.7,1.6,-0.8,-9.1,-10.4,-11.2,-19.4,-12.9,-11.4,-15.9,-6.3,-5.9,-4.5
pref. securities of subsid. trust,0.0,0.0,0.0,0.0,0.0,0.0,0.0,0.0,0.0,0.0,0.0,0.0,0.0,0.0,0.0,0.0,0.0,0.0,0.0,0.0,0.0,0.0,0.0,0.0,0.0,0.0,0.0,0.0,0.0,0.0,0.0,0.0,0.0,0.0,0.0,0.0,0.0,0.0,0.0,0.0,0.0,0.0,0.0,0.0,0.0,0.0,0.0,0.0,0.0,0.0,0.0,0.0,0.0
preferred dividends,0.0,0.0,0.0,0.0,0.0,0.0,0.0,0.0,0.0,0.0,0.0,0.0,0.0,0.0,0.0,0.0,0.0,0.0,0.0,0.0,0.0,0.0,0.0,0.0,0.0,0.0,0.0,0.0,0.0,0.0,0.0,0.0,0.0,0.0,0.0,0.0,0.0,0.0,0.0,0.0,0.0,0.0,0.0,0.0,0.0,0.0,0.0,0.0,0.0,0.0,0.0,0.0,0.0
preferred equity outside stock equity,0.0,0.0,0.0,0.0,0.0,0.0,0.0,0.0,0.0,0.0,0.0,0.0,0.0,0.0,0.0,0.0,0.0,0.0,0.0,0.0,0.0,0.0,0.0,0.0,0.0,0.0,0.0,0.0,0.0,0.0,0.0,0.0,0.0,0.0,0.0,0.0,0.0,0.0,0.0,0.0,0.0,0.0,0.0,0.0,0.0,0.0,0.0,0.0,0.0,0.0,0.0,0.0,0.0
preferred secur. of subsid. trust,0.0,0.0,0.0,0.0,0.0,0.0,0.0,0.0,0.0,0.0,0.0,0.0,0.0,0.0,0.0,0.0,0.0,0.0,0.0,0.0,0.0,0.0,0.0,0.0,0.0,0.0,0.0,0.0,0.0,0.0,0.0,0.0,0.0,0.0,0.0,0.0,0.0,0.0,0.0,0.0,0.0,0.0,0.0,0.0,0.0,0.0,0.0,0.0,0.0,0.0,0.0,0.0,0.0
preferred shares,"1,318.9",0.0,0.0,0.0,0.0,0.0,0.0,0.0,0.0,0.0,0.0,0.0,0.0,0.0,0.0,0.0,0.0,0.0,0.0,0.0,0.0,0.0,0.0,0.0,0.0,0.0,0.0,0.0,0.0,0.0,0.0,0.0,0.0,0.0,0.0,0.0,0.0,0.0,0.0,0.0,0.0,0.0,0.0,0.0,0.0,0.0,0.0,0.0,0.0,0.0,0.0,0.0,0.0
preferred stock equity,0.0,0.0,0.0,0.0,0.0,0.0,0.0,0.0,0.0,0.0,0.0,0.0,0.0,0.0,0.0,0.0,0.0,0.0,0.0,0.0,0.0,0.0,0.0,0.0,0.0,0.0,0.0,0.0,0.0,0.0,0.0,0.0,0.0,0.0,0.0,0.0,0.0,0.0,0.0,0.0,0.0,0.0,0.0,0.0,0.0,0.0,0.0,0.0,0.0,0.0,0.0,0.0,0.0
prepaid expenses,0.0,0.0,0.0,0.0,0.0,0.0,0.0,0.0,0.0,0.0,0.0,0.0,0.0,0.0,0.0,0.0,0.0,0.0,0.0,0.0,0.0,0.0,0.0,0.0,0.0,0.0,0.0,0.0,0.0,0.0,0.0,0.0,0.0,0.0,0.0,0.0,0.0,0.0,0.0,0.0,0.0,0.0,0.0,0.0,0.0,0.0,0.0,0.0,0.0,0.0,0.0,0.0,0.0
price/cash flow ratio,0.0,0.0,0.0,0.0,25.7,15.0,9.3,10.1,8.0,6.8,4.9,5.9,5.3,7.1,6.4,7.1,8.5,7.1,7.6,7.6,9.1,8.3,8.6,8.9,0.0,0.0,7.8,8.8,9.7,10.0,28.1,17.3,10.9,10.7,3.8,-2.3,-1.5,-0.8,-1.2,-7.4,-14.9,3.4,3.2,4.9,5.7,5.9,36.0,7.9,7.9,-23.6,4.6,4.0,4.5
price/equity ratio,0.00,2.01,1.73,2.09,1.53,1.30,0.94,1.21,1.15,1.05,0.70,0.81,0.72,0.86,0.87,1.04,1.29,1.19,1.29,1.29,1.41,1.33,1.41,1.32,1.77,2.12,1.75,2.04,2.19,2.24,1.67,1.69,1.33,1.45,0.64,0.64,0.51,0.64,0.92,0.82,0.92,0.98,0.84,0.94,0.90,0.74,0.42,0.41,0.57,0.61,0.89,0.96,1.14
price/free cash flow ratio,0.0,-27.9,-3.1,-3.5,-2.2,-18.3,-3.5,-4.1,-3.8,24.5,21.0,12.4,8.3,28.6,21.1,11.7,13.1,1534.0,-136.3,-20.8,-17.0,453.0,66.3,45.7,71.4,-370.4,-54.0,-141.2,-59.4,-40.3,-53.2,-61.5,-280.6,-7149.0,-12.6,-7.6,-19.8,-11.3,55.2,11.7,25.7,19.9,18.0,11.8,-47.5,-9.9,-4.7,-2.8,-16.3,-5.2,-7.3,-32.2,-18.8
price/revenue ratio,0.00,0.00,0.00,0.00,4.28,2.56,1.45,1.53,1.19,1.07,0.74,0.89,0.86,1.03,1.03,1.24,1.49,1.34,1.46,1.45,1.59,1.49,1.66,2.00,0.00,0.00,1.77,1.97,2.14,2.05,3.33,2.10,1.60,1.50,0.65,0.41,0.31,0.33,0.51,0.49,0.59,0.64,0.57,0.62,0.61,0.50,0.24,0.22,0.32,0.31,0.49,0.51,0.59
price/tangible book ratio,0.00,3.63,3.49,4.11,2.78,2.41,1.86,2.53,2.53,2.30,1.52,1.73,1.50,1.78,1.79,2.08,2.52,2.28,2.44,2.43,2.63,2.46,2.54,2.33,3.33,3.83,3.11,3.71,4.07,4.01,4.01,3.83,3.00,3.20,1.46,0.94,0.74,0.93,1.32,1.15,1.28,1.33,1.15,1.34,1.26,1.01,0.51,0.44,0.67,0.72,1.03,1.00,1.29
purchase of  short-term investments,0.0,0.0,0.0,0.0,0.0,0.0,0.0,0.0,0.0,0.0,0.0,0.0,0.0,0.0,0.0,0.0,0.0,0.0,0.0,0.0,0.0,0.0,0.0,-100.0,0.0,0.0,0.0,0.0,0.0,0.0,0.0,0.0,0.0,0.0,0.0,0.0,0.0,0.0,0.0,0.0,0.0,0.0,0.0,0.0,0.0,0.0,0.0,0.0,0.0,0.0,0.0,0.0,0.0
purchase of long-term investments,0.0,0.0,0.0,0.0,0.0,0.0,0.0,0.0,0.0,0.0,0.0,0.0,0.0,0.0,0.0,0.0,0.0,0.0,0.0,0.0,0.0,0.0,0.0,0.0,0.0,0.0,0.0,0.0,0.0,0.0,-3.1,0.0,0.0,0.0,0.0,0.0,0.0,-0.6,-1.6,-2.0,0.0,-0.3,-0.3,-0.6,0.0,0.0,-0.3,-0.5,0.0,0.0,0.0,0.0,0.0
quarterly indicator,4,1,2,3,4,1,2,3,4,1,2,3,4,1,2,3,4,1,2,3,4,1,2,4,1,2,3,4,1,2,3,4,1,2,3,4,1,2,3,4,1,2,3,4,1,2,3,4,1,2,3,4,1
quick ratio,0.8,1.4,0.8,1.1,0.7,0.8,0.5,0.7,1.1,1.1,1.1,1.1,1.5,0.9,1.1,1.2,1.5,1.0,1.0,1.1,1.0,1.0,0.9,1.0,1.0,0.9,0.9,0.9,0.8,0.9,1.0,0.8,1.0,1.0,1.0,0.8,0.8,0.7,0.6,0.8,0.8,0.7,0.7,0.6,0.8,0.9,0.7,0.9,0.7,0.9,1.0,0.8,0.6
receivables,17.3,16.1,26.8,34.1,91.0,95.3,118.8,103.3,114.8,91.0,95.2,89.4,80.3,80.0,94.0,103.7,80.3,93.6,96.7,96.0,116.4,107.1,103.2,121.6,139.9,171.8,199.0,194.0,191.9,207.3,690.4,516.1,772.8,718.5,806.4,625.4,738.7,551.9,436.1,627.7,576.9,420.8,434.0,429.0,560.3,578.5,460.4,585.2,406.1,613.4,668.1,610.6,457.4
receivables as % of revenue,12.7,0.0,0.0,0.0,39.1,28.2,25.1,17.5,16.9,13.2,14.2,13.6,12.8,12.8,14.5,15.9,11.7,13.0,13.1,12.6,15.3,13.6,13.3,19.8,0.0,0.0,21.6,20.5,20.0,19.3,43.7,20.3,29.2,23.0,25.4,19.7,23.3,18.1,14.9,23.1,22.3,16.5,17.4,17.4,22.4,23.0,17.7,21.8,15.1,23.0,24.9,21.8,15.2
receivables per day sales,45.56,0.00,0.00,0.00,140.77,101.36,90.28,62.89,60.80,47.42,51.05,48.85,46.23,46.00,52.31,57.22,41.97,46.70,47.20,45.48,54.91,49.07,47.93,71.36,0.00,0.00,77.92,73.68,72.12,69.50,157.25,73.13,104.95,82.67,91.55,70.83,83.72,65.31,53.65,83.21,80.23,59.30,62.48,62.75,80.56,82.72,63.83,78.51,54.32,82.87,89.79,78.41,54.89
receivables turnover,0.0,0.0,0.0,0.0,4.3,6.1,6.5,8.6,6.6,7.4,6.3,6.8,6.4,7.3,6.8,6.8,8.6,8.3,7.7,7.6,7.8,7.8,7.8,5.2,0.0,0.0,6.2,6.0,6.4,6.9,3.6,7.2,5.5,6.8,4.2,5.6,4.2,4.8,4.7,4.3,3.9,5.3,5.7,4.7,4.4,5.0,5.8,5.3,5.6,4.5,4.7,4.7,6.9
repayment of long-term debt,-1.2,-192.7,-192.8,-195.3,-214.9,-1.9,-7.4,-7.8,-7.4,-0.6,-5.8,-6.7,-5.8,-229.8,-229.8,-229.8,-234.8,-86.3,-103.6,-100.5,-711.4,-10.8,-40.4,-95.7,-42.6,-62.9,-77.3,-720.5,-14.1,-56.2,"-2,204.6","-2,331.3",-264.8,-399.8,-786.9,"-1,004.0",-40.0,-575.5,-815.5,"-1,025.1",-173.9,-572.8,"-1,158.1","-2,490.4",-767.0,"-1,205.3","-1,804.6","-2,036.2",-913.0,"-1,158.1","-1,630.6","-2,106.6","-1,145.3"
repurchase of capital stock,-0.1,-0.0,-0.0,-0.0,-0.0,0.0,0.0,0.0,-0.8,0.0,0.0,0.0,0.0,0.0,0.0,0.0,0.0,0.0,0.0,0.0,0.0,0.0,0.0,0.0,0.0,-0.5,-0.6,-36.8,-0.7,-1.1,-50.0,-100.0,0.0,-1.0,-50.9,-101.0,-0.4,-0.5,-1.0,-1.0,-1.7,-2.0,-2.0,-2.1,-2.4,-2.4,-2.5,-2.9,-1.8,-1.8,-1.9,-2.4,-3.4
restricted cash,0.0,0.0,0.0,0.0,0.0,0.0,0.0,0.0,0.0,0.0,0.0,0.0,0.0,0.0,0.0,0.0,0.0,0.0,0.0,0.0,0.0,0.0,4.8,4.2,2.7,4.0,5.6,4.3,3.7,3.7,0.0,9.1,15.6,15.1,7.6,7.6,11.6,8.0,5.0,14.9,20.4,16.4,7.4,1.9,1.6,1.8,1.1,1.1,1.1,1.3,1.3,1.3,1.3
retained earnings,-7.9,-18.8,-17.1,-14.0,-12.3,-1.8,11.0,24.8,37.1,47.5,55.1,63.7,70.6,68.7,78.0,89.7,101.4,113.2,125.4,146.9,135.0,153.2,178.3,198.0,211.3,233.1,258.0,278.0,291.3,316.5,-127.2,-68.7,-19.4,2.3,39.3,"-1,016.1","-1,075.5","-1,606.3","-1,588.1","-1,565.5","-1,548.8","-1,531.3","-1,549.3","-1,667.3","-1,697.3","-1,725.4","-1,941.3","-2,007.9","-2,002.4","-2,155.0","-2,041.7","-2,047.4","-1,997.2"
revenue per $  plant (net),0.41,0.00,0.00,0.00,0.39,0.56,0.69,0.91,1.10,1.11,1.06,0.52,0.49,0.49,0.51,0.52,0.55,0.58,0.59,0.58,0.58,0.59,0.57,0.45,0.00,0.00,0.65,0.66,0.65,0.71,0.45,0.72,0.74,0.87,0.86,0.87,0.86,0.88,0.85,0.80,0.77,0.78,0.76,0.80,0.82,0.83,0.87,0.89,0.89,0.94,0.94,0.99,1.05
revenue per $ cash,97.26,0.00,0.00,0.00,18.96,31.95,84.27,31.16,110.10,18.17,24.77,12.94,8.72,26.42,14.83,6.43,5.68,18.92,25.68,14.09,19.71,21.53,28.73,15.63,0.00,0.00,54.53,20.17,22.33,23.48,16.55,17.02,21.15,27.59,26.81,25.15,27.97,30.07,33.95,32.43,38.41,34.59,30.73,55.17,66.26,71.73,87.62,121.76,114.25,124.64,121.38,81.03,90.36
revenue per $ common equity,1.83,0.00,0.00,0.00,0.36,0.51,0.65,0.79,0.97,0.98,0.95,0.91,0.84,0.83,0.85,0.84,0.86,0.89,0.89,0.89,0.89,0.90,0.85,0.66,0.00,0.00,0.99,1.03,1.02,1.09,0.50,0.80,0.83,0.97,0.98,1.56,1.60,1.94,1.82,1.66,1.56,1.53,1.46,1.53,1.49,1.47,1.74,1.87,1.79,1.97,1.81,1.90,1.92
revenue per $ invested capital,0.30,0.00,0.00,0.00,0.27,0.39,0.50,0.61,0.74,0.74,0.72,0.40,0.37,0.38,0.39,0.39,0.41,0.45,0.46,0.45,0.45,0.46,0.46,0.33,0.00,0.00,0.50,0.55,0.54,0.58,0.29,0.46,0.48,0.57,0.56,0.70,0.70,0.75,0.73,0.70,0.68,0.68,0.68,0.70,0.73,0.74,0.81,0.84,0.84,0.84,0.84,0.92,0.94
revenue per share,0.41,0.00,0.00,0.00,8.17,11.09,15.51,19.33,22.22,22.37,21.90,21.44,20.34,20.28,20.87,21.02,22.01,22.94,23.40,24.03,23.84,24.39,24.03,20.54,0.00,0.00,30.24,31.45,31.68,35.28,24.11,38.91,40.40,47.58,49.02,51.55,50.87,48.69,46.79,43.43,40.99,40.44,39.55,38.93,39.17,39.37,40.58,41.76,41.52,41.08,41.28,43.19,45.67
revenue/assets,0.3,0.0,0.0,0.0,0.2,0.3,0.3,0.4,0.5,0.5,0.5,0.3,0.3,0.3,0.3,0.3,0.3,0.4,0.4,0.4,0.4,0.4,0.4,0.3,0.0,0.0,0.4,0.4,0.4,0.4,0.2,0.4,0.4,0.4,0.4,0.5,0.5,0.6,0.5,0.5,0.5,0.5,0.5,0.5,0.5,0.5,0.6,0.6,0.6,0.6,0.6,0.7,0.7
sale of long-term investments,0.0,0.0,0.0,0.0,0.0,0.0,0.0,0.0,0.0,0.0,0.0,0.0,0.0,0.0,0.0,0.0,0.0,0.0,0.0,0.0,0.0,0.0,0.0,0.0,0.0,0.0,0.0,0.0,0.0,0.0,0.0,0.0,0.0,0.0,0.0,0.0,0.0,0.0,0.0,0.0,0.0,0.0,0.0,0.0,162.2,289.9,289.9,289.9,0.0,0.0,0.0,0.0,0.0
sale of short-term investments,0.0,0.0,0.0,0.0,0.0,0.0,0.0,0.0,0.0,0.0,0.0,0.0,0.0,0.0,0.0,0.0,0.0,0.0,0.0,0.0,0.0,0.0,0.0,0.0,0.0,0.0,0.0,0.0,0.0,0.0,0.0,0.0,0.0,0.0,0.0,0.0,0.0,0.0,0.0,0.0,0.0,0.0,0.0,0.0,0.0,0.0,0.0,0.0,0.0,0.0,0.0,0.0,0.0
sales per $ inventory,15.64,0.00,0.00,0.00,1.92,3.10,3.79,4.58,6.62,6.45,6.02,6.74,6.85,6.88,7.09,7.18,7.66,7.49,7.90,8.85,8.00,8.64,7.30,5.67,0.00,0.00,5.57,5.39,4.38,5.14,3.69,6.17,5.50,7.22,6.30,6.03,4.78,5.24,5.09,5.54,5.30,5.97,6.06,6.21,6.33,6.35,6.76,7.42,6.77,6.44,6.60,7.23,6.96
sales per $ receivables,7.90,0.00,0.00,0.00,2.56,3.55,3.99,5.72,5.92,7.59,7.05,7.37,7.79,7.83,6.88,6.29,8.58,7.71,7.63,7.92,6.56,7.34,7.51,5.04,0.00,0.00,4.62,4.89,4.99,5.18,2.29,4.92,3.43,4.35,3.93,5.08,4.30,5.51,6.71,4.33,4.49,6.07,5.76,5.74,4.47,4.35,5.64,4.59,6.63,4.34,4.01,4.59,6.56
sales per employee,248089,None,None,None,141067,None,None,None,299555,None,None,None,274218,None,None,None,290627,None,None,None,321970,None,None,223959,None,None,None,306206,None,None,None,237429,None,None,None,252274,None,None,None,244649,None,None,None,243716,None,None,None,258026,None,None,None,280360,None
shares out (common class only),332.9,13.3,14.7,14.7,28.5,30.5,30.6,30.6,30.6,30.9,30.7,30.7,30.7,30.9,31.0,31.1,31.3,31.5,31.5,31.6,32.0,32.2,32.3,29.9,30.1,30.4,30.4,30.1,30.2,30.4,65.6,65.3,65.6,65.8,64.7,61.7,62.4,62.5,62.5,62.5,63.2,63.2,63.2,63.2,63.9,63.9,64.0,64.3,64.8,64.9,64.9,64.9,65.7
short-term debt,10.9,1.4,2.0,3.1,3.5,10.1,60.9,3.7,3.8,4.4,4.3,5.7,4.3,8.0,13.3,10.6,14.4,1.4,8.4,10.1,20.4,25.5,25.2,18.2,19.5,19.5,19.6,14.9,15.1,15.0,3.1,1.0,0.2,0.1,0.1,0.1,0.1,0.1,0.1,0.0,0.0,0.0,0.0,0.0,0.0,0.0,0.0,0.0,0.0,0.0,0.0,0.0,0.0
special income charges,0.0,-7.1,0.0,0.0,-1.6,0.0,0.0,0.0,0.0,0.0,0.0,0.0,0.0,0.0,0.0,0.0,-0.5,3.2,0.0,0.0,-29.1,0.0,0.0,0.0,0.0,0.0,0.0,-1.1,-1.4,-4.8,-161.2,-27.0,-5.9,-1.5,-4.7,"-1,171.8",-7.3,-245.5,-2.6,-6.6,0.5,-0.7,-2.2,-142.2,0.0,-2.1,-201.4,-12.0,-7.4,-129.8,-4.7,141.7,-3.6
tangible book value per share,-0.07,9.22,8.87,9.16,12.58,11.79,12.07,11.65,10.45,10.43,10.63,11.03,11.61,11.71,12.04,12.55,13.07,13.43,13.96,14.39,14.39,14.73,15.68,17.68,15.20,16.46,17.20,16.74,16.63,18.07,20.05,21.37,21.54,22.33,21.94,22.77,21.70,17.29,17.96,18.73,18.93,19.42,19.77,17.88,18.85,19.55,19.14,20.52,19.60,17.63,19.62,21.87,21.01
total assets per share,1.41,33.63,36.79,37.94,41.31,39.27,45.32,44.83,41.73,42.09,42.36,63.39,63.58,61.88,62.19,64.10,63.03,60.62,60.52,63.32,63.21,62.55,63.26,73.48,70.92,72.95,75.07,77.73,80.51,81.48,103.89,105.13,107.13,105.99,111.94,98.80,98.42,87.78,86.17,84.65,80.94,78.73,79.17,74.99,73.13,72.99,69.35,67.86,67.55,66.35,66.69,65.55,66.42
total capitalization,448.0,409.2,464.1,474.4,858.1,872.5,941.3,959.6,919.7,927.2,932.2,"1,659.0","1,682.1","1,629.4","1,637.8","1,657.2","1,668.3","1,604.0","1,616.7","1,692.9","1,699.0","1,699.7","1,701.7","1,836.3","1,739.9","1,783.5","1,822.1","1,732.1","1,777.4","1,844.1","5,394.4","5,495.2","5,512.3","5,512.7","5,706.9","4,556.1","4,534.5","4,079.9","3,992.1","3,900.9","3,798.7","3,746.7","3,684.9","3,506.6","3,419.4","3,417.1","3,199.4","3,210.3","3,209.5","3,155.1","3,182.0","3,043.5","3,190.9"
total debt as % total assets,84.1,50.5,51.5,52.5,44.5,44.6,47.1,45.6,45.2,45.9,45.5,62.9,61.9,60.7,60.4,60.8,59.5,57.3,56.4,57.3,57.4,56.5,55.5,57.6,59.7,59.2,59.4,60.9,61.6,60.2,53.7,53.9,54.7,53.5,55.3,66.5,67.8,71.4,70.2,69.0,67.6,66.5,65.8,66.1,64.1,63.3,66.4,67.0,65.7,68.6,65.9,65.2,64.2
total debt/equity ratio,5.15,0.86,0.78,0.80,0.33,0.34,0.37,0.30,0.32,0.33,0.33,1.31,1.27,1.19,1.17,1.14,1.11,0.97,0.95,0.99,1.00,0.97,0.90,0.99,1.04,0.99,0.99,0.91,0.92,0.89,0.71,0.74,0.73,0.70,0.76,1.23,1.29,1.60,1.49,1.38,1.30,1.25,1.15,1.18,1.04,0.99,1.15,1.23,1.14,1.34,1.16,1.06,1.04
total non-current assets,440.7,413.2,494.7,494.9,931.7,958.6,"1,104.2","1,088.3","1,025.8","1,029.4","1,041.3","1,683.8","1,692.4","1,695.6","1,680.8","1,672.2","1,661.2","1,657.3","1,674.0","1,749.1","1,752.9","1,762.0","1,780.6","1,895.0","1,819.7","1,855.9","1,869.2","1,891.8","1,944.6","1,974.2","5,422.3","5,386.9","5,428.5","5,487.1","5,613.2","4,397.5","4,308.0","3,937.0","3,942.1","3,873.8","3,819.1","3,730.3","3,738.7","3,580.9","3,543.9","3,506.8","3,261.9","3,236.7","3,241.7","3,072.5","3,064.5","3,016.9","3,041.0"
total ordinary shares,0.0,0.0,0.0,0.0,0.0,0.0,0.0,0.0,0.0,0.0,0.0,0.0,0.0,0.0,0.0,0.0,0.0,0.0,0.0,0.0,0.0,0.0,0.0,0.0,0.0,0.0,0.0,0.0,0.0,0.0,0.0,0.0,0.0,0.0,0.0,0.0,0.0,0.0,0.0,0.0,0.0,0.0,0.0,0.0,0.0,0.0,0.0,0.0,0.0,0.0,0.0,0.0,0.0
total revenue,0.0,34.8,38.9,60.0,99.1,140.3,174.3,177.4,187.9,151.5,154.6,164.6,154.6,152.2,175.7,170.2,190.7,184.9,191.9,192.7,193.6,207.7,181.1,224.8,229.1,218.7,246.9,253.0,239.4,334.6,753.5,822.8,740.1,812.2,796.0,830.4,737.9,678.0,679.7,654.7,576.3,643.8,625.6,615.8,618.5,657.6,704.5,702.9,626.5,630.7,718.7,838.9,811.4
treasury shares,2.5,0.0,0.0,0.0,0.0,0.0,0.0,0.0,0.0,0.0,0.1,0.0,0.0,0.0,0.0,0.0,0.0,0.0,0.0,0.0,0.0,0.0,0.0,0.0,0.0,0.0,0.0,0.0,0.0,0.0,0.7,1.3,1.3,1.3,2.4,5.5,5.6,5.6,5.6,5.7,5.8,5.8,5.8,5.8,6.0,6.0,6.0,6.1,6.3,6.3,6.3,6.4,6.5
treasury stock,-0.1,-0.1,-0.1,-0.1,-0.1,-0.1,-0.1,-0.9,-0.9,-0.9,-1.2,-0.2,-0.0,-0.0,-0.0,-0.0,-0.0,-0.0,-0.0,0.0,-0.0,-0.0,0.0,0.0,-100.0,-100.5,-100.6,-136.8,-137.6,-137.9,-50.0,-100.0,-100.0,-101.0,-150.9,-201.0,-201.4,-201.5,-202.0,-201.9,-203.6,-203.9,-203.9,-204.0,-206.4,-206.4,-206.5,-206.9,-208.7,-208.8,-208.8,-209.4,-212.7
working capital,7.2,16.0,11.3,27.1,97.8,98.9,52.2,105.2,139.9,152.4,141.2,136.3,158.4,101.6,123.7,152.9,174.6,114.3,112.6,119.0,115.8,115.5,110.2,144.7,131.2,148.2,174.9,185.0,184.4,225.3,632.4,670.5,687.4,655.7,737.9,777.9,829.4,664.9,555.0,582.1,511.3,532.8,528.6,402.4,413.3,486.5,451.0,454.0,483.3,524.8,546.7,463.4,539.7
working capital as % of price,0.0,3.6,2.5,4.9,9.8,11.4,7.6,11.7,17.3,20.6,28.5,23.2,29.5,15.8,18.5,18.8,17.0,11.9,10.5,10.8,9.6,9.9,8.6,11.8,8.6,7.7,10.8,9.9,9.0,10.2,12.0,12.6,16.2,13.9,35.7,59.2,82.9,66.3,37.4,43.4,33.5,32.7,36.8,26.6,27.2,38.4,72.5,77.7,56.5,63.5,41.5,32.6,30.4
working capital per share,0.02,1.21,0.77,1.84,3.43,3.24,1.71,3.44,4.57,4.93,4.61,4.44,5.15,3.29,3.99,4.93,5.58,3.64,3.57,3.76,3.62,3.58,3.42,4.84,4.35,4.88,5.75,6.14,6.10,7.40,9.65,10.27,10.48,9.97,11.41,12.62,13.28,10.64,8.88,9.31,8.10,8.43,8.36,6.36,6.46,7.61,7.05,7.07,7.45,8.09,8.42,7.14,8.22
working captial as % of equity,9.7,7.2,4.3,10.2,15.0,14.9,7.1,14.1,20.0,21.7,19.9,18.9,21.3,13.5,16.2,19.6,21.8,14.1,13.5,13.9,13.4,13.2,12.1,15.5,15.2,16.4,18.9,20.2,19.7,22.8,20.1,21.2,21.6,20.2,22.8,38.1,41.9,42.3,34.5,35.5,30.9,32.0,30.8,25.0,24.6,28.4,30.3,31.6,32.2,38.8,37.0,31.3,34.6
