,1997/06,1997/09,1997/12,1998/03,1998/06,1998/09,1998/12,1999/03,1999/06,1999/09,1999/12,2000/03,2000/06,2000/09,2000/12,2001/03,2001/06,2001/09,2001/12,2002/03,2002/06,2002/09,2002/12,2003/03,2003/06,2003/09,2003/12,2004/03,2004/06,2004/09,2004/12,2005/03,2005/06,2005/09,2005/12,2006/03,2006/06,2006/09,2006/12,2007/03,2007/06,2007/09,2007/12,2008/03,2008/06,2008/09,2008/12,2009/03,2009/06,2009/09,2009/12,2010/03,2010/06,2010/09,2010/12,2011/03,2011/06,2011/09,2011/12,2012/03,2012/06,2012/09,2012/12,2013/03
% of EPS-to-Industry,0.0,0.0,36.6,52.3,70.3,214.0,217.2,620.0,-1133.3,157.1,78.6,-97.5,-75.9,15.8,99.0,112.7,287.7,259.3,223.3,274.7,283.3,621.7,-117.3,-72.1,-60.0,-21.3,50.0,16.7,-400.0,-111.1,24.5,101.4,118.0,134.3,119.2,101.2,92.9,149.3,183.7,207.4,234.8,206.0,157.1,165.9,194.3,209.2,326.4,332.8,412.1,448.0,217.8,286.9,-286.6,-209.1,-92.5,-143.1,99.0,83.6,94.0,82.0,86.4,85.2,35.7,50.3
% of PE-to-Industry,0.0,0.0,118.2,71.6,51.9,20.6,20.3,4.1,0.0,21.9,37.8,0.0,0.0,273.9,42.8,48.5,21.1,24.5,28.9,25.9,32.8,15.5,0.0,0.0,0.0,0.0,109.2,0.0,0.0,0.0,271.7,69.6,63.1,57.4,62.1,58.0,56.5,52.7,49.8,48.6,43.0,40.0,55.3,67.4,50.4,55.7,36.7,37.8,26.4,24.3,41.7,28.7,0.0,0.0,0.0,0.0,91.2,133.7,114.2,140.7,111.9,97.0,251.3,181.6
% of ROE-to-Industry,0.0,0.0,53.3,74.2,100.0,224.4,295.4,472.5,1316.7,156.9,58.1,0.0,0.0,20.7,150.0,185.1,390.5,310.1,278.4,243.7,224.5,361.3,0.0,0.0,0.0,0.0,20.0,0.0,0.0,0.0,10.3,47.6,54.5,68.0,63.5,52.2,45.2,67.9,61.3,72.2,78.5,71.5,59.8,61.7,75.0,76.4,121.5,124.2,143.2,150.6,76.1,100.0,0.0,0.0,0.0,0.0,45.2,44.8,61.7,60.3,75.0,68.7,18.3,25.7
% of current ratio-to-industry,0.0,0.0,123.5,44.4,250.0,264.7,258.8,238.9,288.9,216.7,200.0,157.1,220.0,214.3,288.9,312.5,156.3,129.4,150.0,152.9,158.8,182.4,120.0,87.5,106.3,100.0,126.7,113.3,87.5,106.3,70.6,68.4,84.2,115.0,105.3,115.0,121.1,166.7,194.7,180.0,166.7,161.9,135.0,135.0,310.0,110.5,147.4,154.5,45.5,117.4,82.6,65.2,72.7,95.2,100.0,104.5,114.3,118.2,185.7,114.3,215.0,204.8,172.7,185.7
% of debt/equity-to-industry,0.0,0.0,131.6,303.0,353.8,263.0,222.2,230.2,241.2,223.1,221.4,255.8,284.0,275.0,255.8,276.5,255.0,261.4,245.5,144.6,117.5,125.0,103.2,111.1,107.9,124.2,120.9,130.6,130.2,144.3,164.0,181.8,192.7,217.6,233.3,211.8,188.2,165.7,74.4,71.8,66.7,63.2,66.7,59.5,111.4,151.4,142.1,126.8,65.8,113.5,94.3,94.1,116.1,109.7,100.0,100.0,96.7,84.8,91.2,103.0,100.0,105.7,136.1,141.7
% of earnings-to-industry,0.0,0.0,0.2,0.3,0.4,0.9,1.1,1.9,4.9,0.6,0.2,-0.3,-0.3,0.1,0.5,0.6,1.4,1.3,1.2,1.5,1.6,2.7,-0.7,-0.5,-0.4,-0.1,0.2,0.0,-1.1,-0.4,0.1,0.4,0.4,0.5,0.4,0.4,0.3,0.5,0.6,0.7,0.8,0.7,0.5,0.6,0.7,0.7,1.2,1.2,1.5,1.6,0.8,1.0,-1.0,-0.8,-0.4,-0.5,0.4,0.4,0.5,0.5,0.6,0.5,0.1,0.2
% of gross profit margin-to-industry,0.0,0.0,202.0,204.9,206.5,211.7,226.5,229.0,221.8,201.6,172.0,146.6,140.9,146.5,176.3,182.4,189.0,192.7,182.6,188.2,196.4,195.5,257.1,237.9,227.4,226.7,173.3,182.7,183.4,189.3,166.4,185.0,180.1,183.8,188.5,179.3,179.0,181.5,182.9,184.1,185.9,178.3,173.0,183.6,184.1,186.7,185.8,187.3,191.0,189.0,174.4,159.9,146.5,146.3,153.2,152.4,152.9,151.8,166.4,165.1,169.0,165.0,149.8,149.7
% of leverage-to-industry,0.0,0.0,81.8,123.8,128.6,108.7,104.2,108.7,108.7,113.6,113.0,128.6,127.3,133.3,122.7,127.3,116.7,121.7,113.0,87.0,82.6,82.6,73.1,76.9,70.4,76.9,71.4,74.1,76.9,76.9,87.0,95.2,95.2,95.0,95.0,95.0,90.0,85.0,66.7,70.0,70.0,68.4,73.7,73.7,78.9,94.7,90.0,90.0,89.5,94.4,88.9,88.9,88.9,88.9,83.3,83.3,83.3,83.3,83.3,88.9,83.3,88.9,89.5,89.5
% of net profit margin-to-industry,0.0,0.0,179.7,256.3,279.0,602.3,753.1,1227.8,3133.3,400.0,130.0,-200.0,-186.7,47.2,318.8,348.8,907.3,784.4,603.6,689.6,680.0,1066.7,-314.0,-207.1,-176.2,-63.4,80.0,0.0,-625.0,-221.4,48.7,180.0,189.2,200.0,180.8,157.7,145.5,221.5,252.1,272.8,300.0,274.7,213.9,224.5,270.8,276.9,420.8,403.2,452.7,465.6,236.4,324.5,-342.9,-264.6,-124.4,-201.3,146.6,149.3,214.8,206.7,263.8,242.0,64.9,81.8
% of post-tax profit margin-to-industry,0.0,0.0,240.5,256.3,279.0,602.3,753.1,1227.8,3760.0,415.4,123.8,-200.0,-186.7,47.2,329.0,365.9,907.3,784.4,592.9,675.5,618.2,914.3,-372.9,-246.8,-211.4,-78.8,16.7,0.0,-80.6,-72.1,34.5,139.4,172.8,220.2,182.5,159.1,147.7,207.2,253.9,274.7,317.3,292.2,225.9,237.4,268.8,274.8,416.8,398.9,435.1,443.8,224.1,305.8,-349.1,-268.8,-124.4,-203.8,150.0,149.3,211.3,206.7,253.1,242.0,65.8,82.9
% of pre-tax profit margin-to-industry,0.0,0.0,229.2,246.3,272.4,520.5,642.6,935.3,1643.8,363.4,81.1,-183.7,-155.6,38.1,256.4,298.6,354.3,297.4,246.4,272.7,361.2,472.9,-686.2,-471.4,-600.0,-187.5,13.6,13.3,-40.4,-62.3,-32.5,54.8,90.7,143.8,147.5,126.3,113.6,153.5,178.7,195.8,227.2,214.9,207.9,214.7,235.2,234.2,295.0,246.9,264.7,267.0,148.8,217.1,-208.5,-168.5,-118.9,-135.4,104.1,87.2,112.6,100.7,107.0,109.8,49.1,71.6
% of pric/free cashlow-to-industry,0.0,0.0,48.6,22.4,34.7,198.3,117.0,185.8,-90.8,-120.7,28.2,-78.0,27.4,720.7,-277.9,-416.5,42.8,38.5,254.0,10.2,17.9,25.2,1.8,80.2,41.5,11.1,3.4,-16.2,0.0,-4.1,-8.9,-89.8,-18.6,-16.2,-23.0,-23.5,-19.7,10.8,5.7,-47.3,23.8,1.5,16.3,-4.2,-47.8,15.4,50.7,4.4,13.7,17.3,23.5,12.8,39.3,102.9,-6.0,-271.9,-56.9,-37.1,-52.5,66.6,102.6,87.5,22.1,22.8
% of price-to-industry,0.0,0.0,43.3,37.4,36.6,43.3,43.6,25.6,34.9,34.4,29.7,31.2,36.8,43.2,42.8,55.0,60.5,63.5,64.7,71.0,92.9,96.5,71.5,65.3,71.6,62.8,54.6,53.6,54.2,50.4,66.6,70.6,74.5,77.1,74.0,58.7,52.5,78.6,91.5,100.9,101.0,82.3,86.8,111.8,97.2,116.6,119.5,125.2,108.7,109.3,91.1,82.4,95.2,93.8,69.6,84.2,90.2,112.0,107.5,115.2,96.9,82.5,89.9,91.3
% of price/book-to-industry,0.0,0.0,68.8,70.4,59.1,68.1,60.8,41.4,49.8,53.5,8.3,51.5,63.4,78.6,66.2,95.3,87.6,83.9,80.2,75.7,68.5,83.9,48.3,47.2,49.2,42.1,32.2,29.3,28.2,23.5,29.7,34.0,36.0,40.3,39.4,30.2,25.2,36.4,33.9,39.1,37.8,31.5,34.3,43.9,39.4,46.4,47.3,50.4,39.0,39.7,33.2,30.2,42.2,43.2,32.1,38.1,42.5,52.7,50.7,56.0,47.6,40.7,45.7,47.7
% of price/cashflow-to-industry,0.0,0.0,122.9,106.1,69.6,58.8,45.3,29.3,33.5,58.0,10.3,101.0,114.9,110.5,59.7,72.6,46.1,50.8,49.0,56.9,61.2,66.4,9.8,11.7,25.2,25.4,54.2,48.0,47.7,43.3,66.6,58.0,59.2,56.7,51.8,44.8,43.3,50.6,55.4,56.9,52.5,47.5,59.4,74.7,57.1,66.0,49.0,52.0,38.8,42.4,51.8,41.9,-1138.3,2897.5,188.4,1090.3,77.9,98.3,78.0,85.5,64.6,60.2,106.9,98.4
% of price/sales-to-industry,0.0,0.0,232.4,242.2,164.0,183.3,155.8,105.0,118.4,137.8,18.4,123.0,131.0,170.3,139.3,181.5,201.4,212.8,173.5,216.3,209.0,249.0,185.6,176.5,199.2,189.7,164.9,150.3,150.6,122.1,135.9,129.2,124.5,117.4,112.5,90.9,81.1,119.0,139.4,148.4,144.6,121.4,122.7,159.2,141.3,169.3,162.2,162.1,120.6,124.4,103.3,97.9,119.1,123.1,91.7,110.7,138.3,176.4,176.5,191.0,165.7,145.8,161.9,154.4
% of sales-to-industry,0.0,0.0,0.1,0.1,0.1,0.2,0.1,0.2,0.2,0.2,0.2,0.1,0.1,0.1,0.2,0.2,0.2,0.2,0.2,0.2,0.2,0.2,0.2,0.2,0.2,0.2,0.2,0.2,0.2,0.2,0.2,0.2,0.2,0.2,0.2,0.2,0.2,0.2,0.2,0.2,0.3,0.2,0.3,0.3,0.2,0.3,0.3,0.3,0.3,0.3,0.3,0.3,0.3,0.3,0.3,0.3,0.3,0.2,0.2,0.2,0.2,0.2,0.2,0.2
(increase) decrease in inventories,0.1,0.1,0.0,0.0,-0.6,0.0,0.0,-0.2,0.0,0.0,0.0,0.0,0.0,0.0,0.0,0.0,0.0,0.0,0.0,0.0,0.0,0.0,0.0,0.0,0.0,0.0,0.0,0.0,0.0,0.0,0.0,0.0,0.0,0.0,0.0,0.0,0.0,0.0,0.0,0.0,0.0,0.0,0.0,0.0,0.0,0.0,0.0,0.0,0.0,0.0,0.0,0.0,0.0,0.0,0.0,0.0,0.0,0.0,0.0,0.0,0.0,0.0,0.0,0.0
(increase) decrease in other current assets,0.0,0.0,0.0,0.0,0.0,-0.5,-1.8,0.0,0.2,-0.6,0.8,-0.5,-1.7,-0.3,-0.4,0.0,0.0,0.0,0.0,0.0,0.0,0.0,0.0,0.0,0.0,0.0,0.0,0.0,-5.0,0.0,0.0,0.0,0.0,0.0,0.0,0.0,0.0,0.0,0.0,0.0,0.0,0.0,0.0,0.0,0.0,0.0,0.0,0.0,0.0,0.0,0.0,0.0,0.0,0.0,0.0,0.0,0.0,0.0,0.0,0.0,0.0,0.0,0.0,0.0
(increase) decrease in prepaid expenses,0.0,0.0,0.0,0.0,0.0,0.0,0.0,0.0,0.0,0.0,0.0,0.0,0.0,0.0,0.0,0.1,-0.5,-1.2,-0.7,-1.2,-1.4,-1.1,-3.0,0.8,0.7,0.5,0.5,1.4,1.8,1.2,1.5,1.3,0.9,0.7,-0.5,-1.3,-0.3,0.6,1.2,-2.7,-2.0,-0.9,-0.3,-5.6,-3.0,0.7,1.1,-7.1,-4.4,-5.8,-2.3,-0.1,-4.5,-2.8,-1.8,-4.7,-1.9,-0.4,-1.2,-3.7,-3.4,-3.1,-3.6,-1.3
(increase) decrease in receivables,-2.7,-1.3,-1.8,-2.3,-6.4,-6.9,-6.6,-0.5,0.9,2.2,-0.4,2.5,-4.5,-6.0,-3.6,-2.2,-5.9,-4.9,-3.1,-5.1,-4.8,-4.1,-0.3,4.3,1.7,1.1,-2.0,1.8,1.5,3.4,2.1,-4.9,-6.6,-17.1,-8.0,2.1,-3.2,-20.6,-11.1,-0.9,-10.3,-20.6,-30.0,-7.6,1.7,-8.9,-6.6,-2.9,7.2,20.2,29.1,-1.1,-3.7,-7.8,3.3,-2.4,-16.6,-15.5,-16.0,-0.3,-2.5,-7.8,-3.4,-9.5
Basic EPS (Continuing),0.13,0.18,0.18,0.22,0.34,0.51,0.23,0.18,0.11,0.04,-0.21,-0.13,0.09,0.33,0.21,0.16,1.32,0.44,0.40,0.32,0.41,0.33,0.18,-0.16,0.13,0.01,0.06,-0.19,-0.04,-0.03,0.38,0.45,0.41,0.65,0.41,0.31,0.64,1.96,1.47,1.09,1.37,1.39,0.56,1.43,2.06,1.83,2.41,0.57,1.39,0.50,-0.45,0.85,-3.55,0.75,0.60,-0.05,0.51,0.54,0.91,-0.11,0.53,0.49,-0.19,0.11
Basic EPS (Cum. Effect of Acct. Change),0.00,0.00,0.00,0.00,0.00,0.00,0.00,0.00,0.00,0.00,0.00,0.00,0.00,0.00,0.00,0.00,0.00,0.00,0.00,0.00,0.00,0.00,0.00,0.00,0.00,0.00,0.00,0.00,0.00,0.00,-0.36,0.00,0.00,0.00,0.00,0.00,0.00,0.00,0.00,0.00,0.00,0.00,0.00,0.00,0.00,0.00,0.00,0.00,0.00,0.00,0.00,0.00,0.00,0.00,0.00,0.00,0.00,0.00,0.00,0.00,0.00,0.00,0.00,0.00
Basic EPS (Discontinued),0.00,0.00,0.00,0.00,0.00,0.00,0.00,0.00,0.00,0.00,0.00,0.00,0.00,0.00,0.00,0.00,0.00,0.00,0.00,0.00,0.00,0.00,0.00,0.00,0.00,0.00,0.00,0.00,0.00,0.00,0.00,0.00,0.00,0.00,0.00,0.00,0.00,0.00,0.00,0.00,0.00,0.00,0.00,0.00,0.00,0.00,0.00,0.00,0.00,0.00,0.00,0.00,0.00,0.00,0.00,0.00,0.00,0.00,0.00,0.00,0.00,0.00,0.00,0.00
Basic EPS (Extraordinary Items),0.00,0.00,0.00,0.00,0.00,0.00,0.00,0.00,0.00,0.00,0.00,0.00,0.00,0.00,0.00,0.00,0.00,0.00,0.00,0.00,0.00,0.00,0.00,0.00,0.00,0.00,0.00,0.00,0.00,0.00,0.00,0.00,0.00,0.00,0.00,0.00,0.00,0.00,0.00,0.00,0.00,0.00,0.00,0.00,0.00,0.00,0.00,0.00,0.00,0.00,0.00,0.00,0.00,0.00,0.00,0.00,0.00,0.00,0.00,0.00,0.00,0.00,0.00,0.00
Basic EPS (Other Gains/Losses),0.00,0.00,0.00,0.00,0.00,0.00,0.00,0.00,0.00,0.00,0.00,0.00,0.00,0.00,0.00,0.00,0.00,0.00,0.00,0.00,0.00,0.00,0.00,0.00,0.00,0.00,0.00,0.00,0.00,0.00,0.00,0.00,0.00,0.00,0.00,0.00,0.00,0.00,0.00,0.00,0.00,0.00,0.00,0.00,0.00,0.00,0.00,0.00,0.00,0.00,0.00,0.00,0.00,0.00,0.00,0.00,0.00,0.00,0.00,0.00,0.00,0.00,0.00,0.00
Basic EPS (Tax Loss Carry Forward),0.00,0.00,0.00,0.00,0.00,0.00,0.00,0.00,0.00,0.00,0.00,0.00,0.00,0.00,0.00,0.00,0.00,0.00,0.00,0.00,0.00,0.00,0.00,0.00,0.00,0.00,0.00,0.00,0.00,0.00,0.00,0.00,0.00,0.00,0.00,0.00,0.00,0.00,0.00,0.00,0.00,0.00,0.00,0.00,0.00,0.00,0.00,0.00,0.00,0.00,0.00,0.00,0.00,0.00,0.00,0.00,0.00,0.00,0.00,0.00,0.00,0.00,0.00,0.00
Close PE Ratio,0.0,0.0,40.2,19.9,12.6,7.1,6.3,4.8,9.3,16.4,66.5,0.0,0.0,244.8,29.6,21.3,7.9,5.7,6.3,7.4,13.5,12.1,12.1,17.9,34.9,88.6,466.7,0.0,0.0,0.0,171.3,35.0,23.1,17.5,15.9,16.1,13.2,9.8,8.7,8.7,8.9,9.4,10.9,11.8,11.0,7.8,3.1,3.6,4.5,6.8,14.2,11.7,0.0,0.0,0.0,0.0,24.4,22.7,22.0,24.8,18.2,18.2,47.2,41.4
Diluted EPS (Continuing),0.12,0.18,0.18,0.21,0.33,0.50,0.23,0.18,0.11,0.04,-0.21,-0.13,0.09,0.32,0.20,0.16,1.32,0.43,0.39,0.31,0.40,0.33,0.18,-0.16,0.13,0.01,0.06,-0.19,-0.04,-0.03,0.38,0.43,0.40,0.63,0.40,0.30,0.63,1.91,1.44,1.06,1.32,1.35,0.56,1.40,2.00,1.78,2.37,0.56,1.38,0.50,-0.45,0.84,-3.55,0.75,0.60,-0.05,0.51,0.54,0.91,-0.11,0.53,0.49,-0.19,0.11
Diluted EPS (Cum. Effect of Acct. Change),0.00,0.00,0.00,0.00,0.00,0.00,0.00,0.00,0.00,0.00,0.00,0.00,0.00,0.00,0.00,0.00,0.00,0.00,0.00,0.00,0.00,0.00,0.00,0.00,0.00,0.00,0.00,0.00,0.00,0.00,-0.36,0.00,0.00,0.00,0.00,0.00,0.00,0.00,0.00,0.00,0.00,0.00,0.00,0.00,0.00,0.00,0.00,0.00,0.00,0.00,0.00,0.00,0.00,0.00,0.00,0.00,0.00,0.00,0.00,0.00,0.00,0.00,0.00,0.00
Diluted EPS (Discontinued),0.00,0.00,0.00,0.00,0.00,0.00,0.00,0.00,0.00,0.00,0.00,0.00,0.00,0.00,0.00,0.00,0.00,0.00,0.00,0.00,0.00,0.00,0.00,0.00,0.00,0.00,0.00,0.00,0.00,0.00,0.00,0.00,0.00,0.00,0.00,0.00,0.00,0.00,0.00,0.00,0.00,0.00,0.00,0.00,0.00,0.00,0.00,0.00,0.00,0.00,0.00,0.00,0.00,0.00,0.00,0.00,0.00,0.00,0.00,0.00,0.00,0.00,0.00,0.00
Diluted EPS (Extraordinary),0.00,0.00,0.00,0.00,0.00,0.00,0.00,0.00,0.00,0.00,0.00,0.00,0.00,0.00,0.00,0.00,0.00,0.00,0.00,0.00,0.00,0.00,0.00,0.00,0.00,0.00,0.00,0.00,0.00,0.00,0.00,0.00,0.00,0.00,0.00,0.00,0.00,0.00,0.00,0.00,0.00,0.00,0.00,0.00,0.00,0.00,0.00,0.00,0.00,0.00,0.00,0.00,0.00,0.00,0.00,0.00,0.00,0.00,0.00,0.00,0.00,0.00,0.00,0.00
Diluted EPS (Other Gains/Losses),0.00,0.00,0.00,0.00,0.00,0.00,0.00,0.00,0.00,0.00,0.00,0.00,0.00,0.00,0.00,0.00,0.00,0.00,0.00,0.00,0.00,0.00,0.00,0.00,0.00,0.00,0.00,0.00,0.00,0.00,0.00,0.00,0.00,0.00,0.00,0.00,0.00,0.00,0.00,0.00,0.00,0.00,0.00,0.00,0.00,0.00,0.00,0.00,0.00,0.00,0.00,0.00,0.00,0.00,0.00,0.00,0.00,0.00,0.00,0.00,0.00,0.00,0.00,0.00
Diluted EPS (Tax Loss Carry Forward),0.00,0.00,0.00,0.00,0.00,0.00,0.00,0.00,0.00,0.00,0.00,0.00,0.00,0.00,0.00,0.00,0.00,0.00,0.00,0.00,0.00,0.00,0.00,0.00,0.00,0.00,0.00,0.00,0.00,0.00,0.00,0.00,0.00,0.00,0.00,0.00,0.00,0.00,0.00,0.00,0.00,0.00,0.00,0.00,0.00,0.00,0.00,0.00,0.00,0.00,0.00,0.00,0.00,0.00,0.00,0.00,0.00,0.00,0.00,0.00,0.00,0.00,0.00,0.00
Dividends Paid Per Share (YTD),0.00,0.00,0.00,0.00,0.00,0.00,0.00,0.00,0.00,0.00,0.00,0.00,0.00,0.00,0.00,0.00,0.00,0.00,0.00,0.00,0.00,0.00,0.00,0.00,0.00,0.00,0.00,0.00,0.00,0.00,0.00,0.00,0.00,0.00,0.00,0.00,0.00,0.00,0.00,0.00,0.00,0.00,0.00,0.00,0.00,0.00,0.00,0.00,0.00,0.00,0.00,0.00,0.00,0.00,0.00,0.00,0.00,0.00,0.00,0.00,0.00,0.00,1.00,0.25
EPS from Total Operations (YTD),0.04,0.23,0.41,0.21,0.54,1.03,1.26,0.18,0.29,0.32,0.11,-0.13,-0.05,0.28,0.48,0.16,1.48,1.87,2.26,0.31,0.72,1.04,1.22,-0.16,-0.03,-0.03,0.03,-0.19,-0.23,-0.25,0.13,0.43,0.83,1.46,1.86,0.30,0.93,2.84,4.28,1.06,2.39,3.73,4.29,1.40,3.40,5.19,7.56,0.56,1.94,2.44,1.99,0.84,-2.72,-1.96,-1.36,-0.05,0.46,1.00,1.91,-0.11,0.42,0.92,0.73,0.11
High PE Ratio,0.0,0.0,49.4,29.3,22.5,16.6,15.1,15.3,12.3,20.3,101.7,0.0,0.0,264.6,33.1,23.0,10.1,9.5,8.8,8.3,16.1,17.2,20.2,32.8,45.3,116.4,621.0,0.0,0.0,0.0,175.0,38.3,24.0,17.8,18.7,20.1,17.8,10.8,9.6,8.9,9.5,11.1,13.3,12.4,13.4,12.4,9.4,10.6,9.7,9.3,17.8,15.6,0.0,0.0,0.0,0.0,26.1,31.2,26.2,30.5,30.2,31.0,77.3,52.7
"Income, Restructuring and M&A;",0.0,0.0,0.0,0.0,0.0,0.0,0.0,0.0,0.0,0.0,0.0,0.0,0.0,0.0,0.0,0.0,0.0,0.0,0.0,0.0,0.0,0.0,0.0,0.0,0.0,0.0,0.0,0.0,0.0,0.0,0.0,0.0,0.0,0.0,0.0,0.0,0.0,0.0,0.0,0.0,0.0,0.0,0.0,0.0,0.0,0.0,0.0,0.0,0.0,0.0,0.0,0.0,0.0,0.0,0.0,0.0,0.0,0.0,0.0,0.0,0.0,0.0,0.0,0.0
LT-Debt as % of Invested Capital,50.7,35.8,33.5,49.9,57.9,54.7,54.5,54.9,55.1,53.6,55.4,57.1,58.7,58.9,57.1,58.5,60.5,59.9,57.5,44.6,40.2,39.4,39.3,41.1,40.3,43.6,44.7,44.9,45.0,46.9,44.9,44.4,44.3,42.6,43.6,42.0,39.2,36.9,22.8,21.9,20.6,19.3,19.1,18.1,28.0,34.6,35.1,34.4,19.9,29.5,24.8,24.4,26.2,25.1,23.7,23.4,22.5,21.6,23.5,25.4,25.4,27.1,32.8,33.9
LT-Debt as % of Total Debt,65.0,66.8,61.8,61.3,81.7,79.0,79.9,79.3,80.2,77.9,78.4,78.2,80.3,78.1,78.2,76.2,84.0,83.8,82.6,77.3,71.3,71.4,71.3,73.3,74.3,78.9,83.7,82.9,81.0,84.6,81.5,82.1,83.0,85.8,84.3,84.5,84.6,83.9,76.2,74.0,72.5,69.6,61.9,61.0,74.7,66.1,65.9,68.2,36.4,61.8,56.4,58.2,57.2,56.9,56.5,56.7,55.3,54.8,60.8,55.8,63.8,66.3,69.8,71.5
LT-Debt to Equity Ratio,1.03,0.56,0.50,1.00,1.38,1.21,1.20,1.22,1.23,1.16,1.24,1.33,1.42,1.43,1.33,1.41,1.53,1.49,1.35,0.81,0.67,0.65,0.65,0.70,0.68,0.77,0.81,0.81,0.82,0.88,0.82,0.80,0.79,0.74,0.77,0.72,0.64,0.58,0.29,0.28,0.26,0.24,0.24,0.22,0.39,0.53,0.54,0.52,0.25,0.42,0.33,0.32,0.36,0.34,0.31,0.31,0.29,0.28,0.31,0.34,0.34,0.37,0.49,0.51
Low PE Ratio,0.0,0.0,15.9,9.4,10.0,4.8,4.1,4.1,5.0,9.3,47.7,0.0,0.0,87.5,12.0,11.0,4.7,5.0,4.9,4.5,7.2,8.1,9.4,15.3,24.0,71.9,412.7,0.0,0.0,0.0,100.6,17.7,11.5,8.7,10.5,12.2,11.8,7.1,5.4,4.6,4.4,5.9,7.4,7.2,6.3,5.8,2.7,2.4,2.6,3.3,7.9,10.3,0.0,0.0,0.0,0.0,13.9,17.9,15.7,17.5,16.1,16.5,37.2,28.9
Net Income from Total Operations (YTD),0.6,3.2,6.1,3.5,8.8,17.0,20.8,2.9,4.7,5.3,1.9,-2.2,-0.7,4.6,7.9,2.6,24.2,31.4,37.9,5.4,13.5,20.1,24.0,-3.3,-0.7,-0.5,0.5,-3.9,-4.6,-5.1,2.7,8.9,17.2,30.2,38.4,6.3,19.3,59.1,89.7,24.4,55.1,86.3,99.0,32.3,79.0,124.5,183.8,14.2,49.1,61.8,50.6,21.5,-69.2,-50.0,-34.7,-1.2,12.1,26.3,49.9,-2.9,11.2,24.2,19.3,2.9
Normalized Close PE Ratio,0.0,0.0,29.5,19.9,12.6,7.1,7.3,5.6,11.3,24.3,66.5,0.0,0.0,163.2,29.6,21.0,7.9,5.7,6.3,7.4,13.5,12.1,12.1,17.9,34.9,88.6,466.7,0.0,0.0,136.1,171.3,35.0,23.1,21.2,15.9,16.1,13.2,9.8,8.7,8.7,8.9,9.4,10.9,11.8,11.0,7.8,3.1,2.8,3.5,4.9,7.4,11.7,22.4,21.5,12.4,28.4,24.4,22.7,21.2,23.9,17.5,17.2,78.3,59.0
Normalized High PE Ratio,0.0,0.0,36.2,29.3,22.5,16.6,17.6,17.9,14.9,30.2,101.7,0.0,0.0,176.4,33.1,22.7,10.0,9.5,8.8,8.3,16.1,17.2,20.2,32.8,45.3,116.4,621.0,0.0,0.0,154.9,175.0,38.3,24.0,21.5,18.7,20.1,17.8,10.8,9.6,8.9,9.5,11.1,13.3,12.4,13.4,12.4,9.4,8.3,7.4,6.7,9.3,15.6,30.5,24.9,14.5,30.1,26.1,31.2,25.2,29.4,29.1,29.4,128.2,75.0
Normalized Low PE Ratio,0.0,0.0,11.6,9.4,10.0,4.8,4.7,4.8,6.1,13.9,47.7,0.0,0.0,58.3,12.0,10.9,4.6,5.0,4.9,4.5,7.2,8.1,9.4,15.3,24.0,71.9,412.7,0.0,0.0,105.3,100.6,17.7,11.5,10.5,10.5,12.2,11.8,7.1,5.4,4.6,4.4,5.9,7.4,7.2,6.3,5.8,2.7,1.8,2.0,2.4,4.1,10.3,19.9,16.3,9.5,15.2,13.9,17.9,15.2,16.8,15.5,15.6,61.8,41.2
Normalized ROA,0.0,0.0,5.3,4.6,5.6,7.3,6.6,6.4,5.1,2.2,0.7,-1.1,-1.2,0.6,3.0,4.9,10.3,9.9,10.8,10.4,6.1,5.9,4.9,3.2,2.0,0.6,0.1,0.0,-0.6,0.4,0.4,2.5,4.0,5.2,6.3,5.7,6.1,9.6,12.0,13.8,15.0,13.1,10.6,10.9,10.5,8.6,11.8,13.7,12.3,10.1,6.2,3.8,2.1,2.5,4.3,2.7,3.1,2.8,3.4,3.0,3.2,3.1,0.7,1.0
Normalized ROCI,0.0,0.0,6.4,6.0,6.4,8.4,7.5,7.3,5.8,2.5,0.8,-1.3,-1.4,0.7,3.5,5.8,11.4,11.1,12.1,11.8,7.1,6.8,5.7,3.7,2.3,0.7,0.1,0.0,-0.6,0.5,0.5,2.7,4.4,5.6,6.8,6.2,6.6,10.3,12.8,14.8,16.2,14.2,11.8,12.1,11.5,10.1,13.9,15.9,16.6,11.9,7.4,4.4,2.5,2.9,5.1,3.2,3.7,3.3,4.0,3.7,3.7,3.5,0.8,1.2
Normalized ROE,0.0,0.0,9.6,12.1,15.1,18.4,16.5,16.2,13.0,5.4,1.8,0.0,0.0,1.8,8.1,13.9,29.0,27.6,28.4,21.2,11.9,11.2,9.4,6.3,3.8,1.3,0.2,0.0,0.0,0.9,0.8,4.9,7.8,9.7,12.0,10.6,10.8,16.3,16.6,19.0,20.4,17.6,14.6,14.8,15.9,15.5,21.5,24.3,20.7,16.9,9.8,5.9,3.4,3.9,6.7,4.2,4.7,4.3,5.2,4.9,5.0,4.8,1.1,1.8
Return on Assets (ROA),0.0,0.0,3.9,4.6,5.6,7.3,7.7,7.5,6.2,3.2,0.7,-1.2,-1.5,0.4,3.0,4.8,10.2,9.9,10.8,10.4,6.1,5.9,4.9,3.2,2.0,0.6,0.1,0.0,-0.6,-0.7,0.4,2.5,4.0,6.3,6.3,5.7,6.1,9.6,12.0,13.8,15.0,13.1,10.6,10.9,10.5,8.6,11.8,10.7,9.5,7.3,3.2,3.8,-4.8,-4.2,-2.4,-3.9,3.1,2.8,3.3,2.9,3.1,2.9,1.1,1.5
Return on Capital Invested (ROCI),0.0,0.0,4.8,6.0,6.4,8.4,8.7,8.5,7.1,3.7,0.8,-1.4,-1.7,0.5,3.5,5.7,11.4,11.1,12.1,11.8,7.1,6.8,5.7,3.7,2.3,0.7,0.1,0.0,-0.6,-0.7,0.5,2.7,4.4,6.7,6.8,6.2,6.6,10.3,12.8,14.8,16.2,14.2,11.8,12.1,11.5,10.1,13.9,12.4,12.8,8.6,3.9,4.4,-5.7,-4.9,-2.8,-4.6,3.7,3.3,3.8,3.5,3.6,3.3,1.3,1.7
Return on Stock Equity (ROE),0.0,0.0,7.2,12.1,15.1,18.4,19.2,18.9,15.8,8.0,1.8,0.0,0.0,1.2,8.1,13.7,28.9,27.6,28.4,21.2,11.9,11.2,9.4,6.3,3.8,1.3,0.2,0.0,0.0,0.0,0.8,4.9,7.8,11.7,12.0,10.6,10.8,16.3,16.6,19.0,20.4,17.6,14.6,14.8,15.9,15.5,21.5,19.0,15.9,12.2,5.1,5.9,0.0,0.0,0.0,0.0,4.7,4.3,5.0,4.7,4.8,4.6,1.9,2.6
Revenue (YTD),21.0,33.7,46.0,16.0,38.5,62.8,86.2,21.1,41.0,60.0,72.3,14.4,34.5,55.4,77.7,21.0,45.1,76.0,114.1,29.8,64.4,100.6,133.9,28.3,62.6,95.7,129.9,31.6,63.8,97.9,139.3,48.1,99.4,152.5,204.0,47.7,106.1,181.9,250.9,65.5,139.9,214.6,306.0,83.3,165.2,289.9,411.7,108.8,213.5,304.2,388.9,84.7,177.4,271.9,359.8,81.3,178.2,282.0,381.9,87.4,192.3,294.2,389.2,96.9
accounts payable,2.3,2.0,3.8,3.0,5.1,5.6,7.0,4.9,5.7,7.4,8.6,7.0,5.8,6.0,6.2,4.2,6.4,7.2,10.0,9.7,9.4,7.8,12.8,12.0,12.4,11.2,9.7,8.3,11.3,14.9,14.8,14.0,14.7,15.1,16.2,14.7,17.6,21.7,16.5,20.1,19.9,23.2,21.4,21.5,17.1,26.9,15.1,17.1,14.1,19.8,19.5,21.2,17.7,20.2,15.1,17.5,21.1,16.3,14.5,20.3,16.9,19.6,29.1,23.9
accounts receivable,0.0,0.0,0.0,0.0,0.0,0.0,0.0,0.0,0.0,0.0,0.0,0.0,0.0,0.0,0.0,23.2,31.0,33.6,29.2,32.7,36.1,35.2,32.1,27.2,31.2,32.1,37.6,35.1,40.2,37.0,37.8,38.7,38.9,48.9,41.7,40.2,47.4,65.2,57.6,59.4,66.2,77.4,90.6,99.3,90.3,116.4,104.9,106.7,102.7,89.0,80.8,79.8,80.8,88.2,77.0,80.5,95.4,91.2,91.5,93.4,93.9,100.4,85.7,92.3
accrued expenses,0.0,0.0,0.0,0.0,0.0,0.0,0.0,0.0,0.0,0.0,0.0,0.0,0.0,0.0,0.0,4.7,1.1,5.6,1.3,4.1,1.0,8.8,1.2,4.0,1.2,0.0,1.3,5.2,2.6,3.3,6.0,3.9,7.4,3.6,6.5,3.7,5.7,2.6,5.7,2.8,5.8,2.8,5.8,2.7,0.0,2.8,6.4,0.0,0.0,0.0,0.0,0.0,0.0,0.0,0.0,0.0,0.0,0.0,0.0,0.0,0.0,0.0,0.0,0.0
accrued liabilities,0.0,0.0,0.0,0.0,0.0,0.0,0.0,0.0,0.0,0.0,0.0,0.0,0.0,0.0,0.0,2.9,1.1,7.4,0.0,7.1,10.7,1.9,6.6,5.8,6.1,10.9,9.9,9.7,10.7,8.2,9.3,10.3,8.7,9.4,9.6,8.9,10.3,12.5,11.3,11.6,13.1,14.9,20.8,19.4,28.6,25.5,31.4,28.1,33.6,32.4,40.8,35.6,41.1,35.9,36.9,24.3,36.4,32.1,37.4,32.2,37.8,35.6,44.4,34.7
accumulated depreciation,21.4,22.2,23.6,25.6,27.8,30.5,31.8,33.6,35.5,38.9,40.1,42.3,43.6,41.6,45.1,"45,818.0","48,304.0","53,114.0",56.2,59.9,65.6,73.7,80.3,85.0,91.0,97.2,108.7,116.5,121.7,124.5,139.5,143.8,145.2,151.0,154.5,163.7,0.0,181.3,192.1,192.1,202.5,213.8,218.3,231.2,225.8,211.9,182.3,187.2,216.8,225.6,239.5,244.0,249.1,268.9,282.4,302.5,318.4,320.9,329.3,350.1,354.9,372.6,389.5,389.8
acquisitions,0.0,0.0,0.0,0.0,0.0,0.0,0.0,0.0,0.0,0.0,0.0,0.0,0.0,0.0,0.0,0.0,-34.7,-34.7,0.0,0.0,0.0,0.0,0.0,0.0,0.0,0.0,0.0,0.0,0.0,0.0,0.0,0.0,0.0,0.0,0.0,0.0,0.0,0.0,0.0,0.0,0.0,0.0,0.0,0.0,0.0,-152.6,-121.6,0.0,0.0,0.0,0.0,0.0,0.0,0.0,0.0,0.0,0.0,0.0,0.0,0.0,0.0,0.0,0.0,0.0
additional paid-in capital,0.0,0.0,0.0,0.0,0.0,0.0,0.0,0.0,62.8,62.9,62.9,63.0,63.0,63.1,63.1,63.1,63.1,63.1,63.2,120.7,120.6,120.5,120.6,120.6,120.7,120.8,120.9,121.4,121.4,121.5,122.1,123.7,123.9,124.1,125.2,126.1,126.7,127.5,205.0,206.0,207.9,209.2,211.0,212.7,215.7,351.1,352.8,354.7,357.8,359.4,362.0,364.2,366.3,367.9,370.2,373.3,375.0,376.7,379.7,382.2,385.9,388.2,389.9,391.8
adjustments to revenue,0.0,0.0,0.0,0.0,0.0,0.0,0.0,0.0,0.0,0.0,0.0,0.0,0.0,0.0,0.0,0.0,0.0,0.0,0.0,0.0,0.0,0.0,0.0,0.0,0.0,0.0,0.0,0.0,0.0,0.0,0.0,0.0,0.0,0.0,0.0,0.0,0.0,0.0,0.0,0.0,0.0,0.0,0.0,0.0,0.0,0.0,0.0,0.0,0.0,0.0,0.0,0.0,0.0,0.0,0.0,0.0,0.0,0.0,0.0,0.0,0.0,0.0,0.0,0.0
advertising,0.0,0.0,0.0,0.0,0.0,0.0,0.0,0.0,0.0,0.0,0.0,0.0,0.0,0.0,0.0,0.0,0.0,0.0,0.0,0.0,0.0,0.0,0.0,0.0,0.0,0.0,0.0,0.0,0.0,0.0,0.0,0.0,0.0,0.0,0.0,0.0,0.0,0.0,0.0,0.0,0.0,0.0,0.0,0.0,0.0,0.0,0.0,0.0,0.0,0.0,0.0,0.0,0.0,0.0,0.0,0.0,0.0,0.0,0.0,0.0,0.0,0.0,0.0,0.0
amortization,0.0,0.0,0.0,0.0,0.0,0.0,0.0,0.0,0.0,0.0,0.0,0.0,0.0,0.0,0.0,0.0,0.0,0.0,0.6,0.1,0.3,0.4,4.6,0.3,0.6,0.9,8.3,0.2,0.4,0.4,0.3,0.4,0.7,1.2,1.8,0.7,1.4,2.1,2.9,1.0,2.2,3.5,4.9,1.5,3.0,4.8,6.6,1.8,4.7,6.2,7.9,1.7,3.7,5.5,7.3,0.4,0.0,0.0,7.8,0.0,5.5,2.4,9.8,0.4
amortization of intangibles,0.0,0.0,0.0,0.0,0.0,0.0,0.0,0.0,0.0,0.0,0.0,0.0,0.0,0.0,0.0,0.0,0.0,0.0,0.0,0.0,0.0,0.0,0.0,0.0,0.0,0.0,0.0,0.0,0.0,0.0,0.0,0.0,0.0,0.0,0.0,0.0,0.0,0.0,0.0,0.0,0.0,0.0,0.0,0.0,0.0,0.0,0.0,0.0,0.0,0.0,0.0,0.0,0.0,0.0,0.0,0.0,0.0,0.0,0.0,0.0,0.0,0.0,0.0,0.0
asset turnover,0.0,0.0,0.0,0.0,0.3,0.4,0.4,0.4,0.3,0.3,0.3,0.2,0.3,0.3,0.3,0.3,0.3,0.3,0.4,0.4,0.3,0.3,0.3,0.3,0.3,0.3,0.2,0.3,0.2,0.2,0.2,0.3,0.3,0.3,0.3,0.3,0.3,0.4,0.4,0.4,0.4,0.4,0.4,0.4,0.3,0.3,0.3,0.3,0.3,0.3,0.2,0.2,0.2,0.2,0.2,0.2,0.2,0.3,0.3,0.2,0.3,0.3,0.2,0.2
auditor name,None,None,None,None,None,None,None,None,None,None,None,None,None,None,None,None,None,None,None,None,None,None,None,None,None,None,None,None,None,None,None,None,None,None,None,None,None,None,None,None,None,None,None,None,None,None,None,None,None,None,None,None,None,None,None,None,None,None,None,None,None,None,None,None
auditor report,None,None,None,None,None,None,None,None,None,None,None,None,None,None,None,None,None,None,None,None,None,None,None,None,None,None,None,None,None,None,None,None,None,None,None,None,None,None,None,None,None,None,None,None,None,None,None,None,None,None,None,None,None,None,None,None,None,None,None,None,None,None,None,None
basic earnings indicator,Y,Y,Y,Y,Y,Y,Y,Y,Y,Y,Y,Y,Y,Y,Y,Y,Y,Y,Y,Y,Y,Y,Y,Y,Y,Y,Y,Y,Y,Y,Y,Y,Y,Y,Y,Y,Y,Y,Y,Y,Y,Y,Y,Y,Y,Y,Y,Y,Y,Y,Y,Y,Y,Y,Y,Y,Y,Y,Y,Y,Y,Y,Y,Y
book value per share,3.44,5.16,5.39,5.56,5.92,6.65,6.68,6.59,6.52,6.91,6.29,5.99,5.61,5.55,5.98,5.66,6.92,7.68,8.13,9.65,13.97,11.90,12.80,12.22,12.98,13.21,14.60,14.54,14.20,14.24,15.70,15.68,15.39,15.91,15.71,16.37,18.14,19.94,24.03,25.03,26.80,29.21,29.42,31.25,33.32,34.99,33.72,33.84,38.04,38.36,38.43,37.99,33.62,35.73,36.36,36.42,37.23,36.70,37.45,37.97,37.79,38.94,38.20,36.66
building and improvements,0.0,0.0,0.0,0.0,0.0,0.0,0.0,0.0,0.0,0.0,0.0,0.0,0.0,0.0,0.0,0.0,0.0,0.0,0.0,0.0,0.0,0.0,0.0,0.0,0.0,0.0,0.0,0.0,0.0,0.0,0.0,0.0,0.0,0.0,0.0,0.0,0.0,0.0,0.0,0.0,0.0,0.0,0.0,0.0,0.0,0.0,0.0,0.0,0.0,0.0,0.0,0.0,0.0,0.0,0.0,0.0,0.0,0.0,0.0,0.0,0.0,0.0,0.0,0.0
capital lease obligations,0.0,0.0,0.0,0.0,0.0,0.0,0.0,0.0,0.0,0.0,0.0,0.0,0.0,0.0,0.0,0.0,0.0,0.0,0.0,0.0,0.0,0.0,0.0,0.0,0.0,0.0,0.0,0.0,0.0,0.0,0.0,0.0,0.0,0.0,0.0,0.0,0.0,0.0,0.0,0.0,0.0,0.0,0.0,0.0,0.0,0.0,0.0,0.0,0.0,0.0,0.0,0.0,0.0,0.0,0.0,0.0,0.0,0.0,0.0,0.0,0.0,0.0,0.0,0.0
cash as % of revenue,0.0,0.0,56.3,28.5,36.0,47.5,37.1,34.5,40.1,47.1,39.6,44.5,30.7,51.5,44.6,40.7,14.2,16.5,19.2,18.3,16.1,20.5,7.0,6.1,5.2,6.4,5.8,9.6,5.8,9.7,12.6,12.0,14.9,9.2,11.9,16.4,12.1,18.1,33.0,35.7,24.4,21.4,13.1,5.0,64.8,10.3,24.5,26.6,36.1,46.5,23.7,13.2,14.1,24.7,27.0,29.6,31.6,30.5,33.7,57.3,37.0,37.8,47.6,29.9
cash at beginning of period,17.2,17.2,17.2,25.9,25.9,25.9,25.9,32.0,32.0,32.0,32.0,28.7,28.7,28.7,28.7,34.7,34.7,34.7,34.7,21.9,21.9,21.9,21.9,9.4,9.4,9.4,9.4,7.5,7.5,8.3,8.3,17.5,17.5,17.5,17.5,24.2,24.2,24.2,24.2,82.8,82.8,82.8,82.8,40.1,40.1,40.1,40.1,100.8,100.8,100.8,100.8,92.1,92.1,92.1,92.1,97.2,97.2,97.2,97.2,128.8,128.8,128.8,128.8,185.2
cash end of period,0.0,0.0,0.0,0.0,0.0,0.0,0.0,0.0,35.6,39.3,28.7,29.2,20.2,34.8,34.7,34.3,12.6,16.2,21.9,22.5,21.5,28.4,9.4,8.1,6.9,8.2,7.5,12.8,7.6,12.8,17.5,18.6,26.1,17.9,24.2,33.5,25.5,42.4,82.8,96.0,69.5,60.6,40.1,16.2,214.7,39.5,100.8,116.4,165.9,198.1,92.1,48.2,49.8,87.9,97.2,105.5,113.9,113.0,128.8,222.2,146.5,149.0,185.2,119.1
cash flow,0.0,0.0,12.8,18.2,23.1,29.9,33.0,33.1,29.8,23.0,14.8,9.7,9.5,13.6,21.1,25.9,46.1,49.1,53.8,58.0,46.5,47.7,46.3,40.1,36.3,31.2,29.7,30.5,28.6,28.6,29.1,41.0,49.2,62.3,69.1,66.6,71.8,98.7,121.1,139.5,157.8,150.3,134.5,144.6,163.1,183.5,234.6,220.6,213.6,180.8,111.5,120.3,-5.4,2.3,29.5,6.2,108.8,102.4,117.4,115.6,122.1,117.6,88.8,95.1
cash flow per share,0.00,0.00,0.81,1.14,1.45,1.84,2.03,2.04,1.83,1.41,0.89,0.59,0.58,0.83,1.29,1.59,2.81,3.00,3.28,2.92,2.84,2.40,2.33,2.01,1.82,1.56,1.48,1.52,1.43,1.42,1.45,2.03,2.43,3.07,3.39,3.24,3.48,4.77,5.37,6.15,6.88,6.60,5.85,6.27,7.03,7.24,9.26,8.54,8.41,7.00,4.34,4.64,-0.21,0.09,1.13,0.23,4.11,3.86,4.41,4.31,4.53,4.37,3.30,3.56
cash from discontinued financing activities,0.0,0.0,0.0,0.0,0.0,0.0,0.0,0.0,0.0,0.0,0.0,0.0,0.0,0.0,0.0,0.0,0.0,0.0,0.0,0.0,0.0,0.0,0.0,0.0,0.0,0.0,0.0,0.0,0.0,0.0,0.0,0.0,0.0,0.0,0.0,0.0,0.0,0.0,0.0,0.0,0.0,0.0,0.0,0.0,0.0,0.0,0.0,0.0,0.0,0.0,0.0,0.0,0.0,0.0,0.0,0.0,0.0,0.0,0.0,0.0,0.0,0.0,0.0,0.0
cash from discontinued investing activities,0.0,0.0,0.0,0.0,0.0,0.0,0.0,0.0,0.0,0.0,0.0,0.0,0.0,0.0,0.0,0.0,0.0,0.0,0.0,0.0,0.0,0.0,0.0,0.0,0.0,0.0,0.0,0.0,0.0,0.0,0.0,0.0,0.0,0.0,0.0,0.0,0.0,0.0,0.0,0.0,0.0,0.0,0.0,0.0,0.0,0.0,0.0,0.0,0.0,0.0,0.0,0.0,0.0,0.0,0.0,0.0,0.0,0.0,0.0,0.0,0.0,0.0,0.0,0.0
cash per share,0.44,2.50,1.64,0.93,1.43,2.19,1.97,1.94,2.19,2.42,1.72,1.79,1.24,2.13,2.12,2.10,0.77,0.99,1.34,1.13,1.31,1.43,0.47,0.41,0.35,0.41,0.38,0.64,0.38,0.64,0.87,0.92,1.29,0.88,1.19,1.63,1.24,2.05,3.67,4.23,3.03,2.66,1.75,0.70,9.25,1.56,3.97,4.51,6.53,7.67,3.58,1.86,1.92,3.39,3.74,3.98,4.30,4.26,4.84,8.29,5.44,5.53,6.88,4.46
common par,0.0,0.0,0.0,0.0,0.0,0.0,0.0,0.0,0.1,0.1,0.1,0.1,0.1,0.1,0.1,0.1,0.1,0.1,0.1,0.1,0.2,0.2,0.2,0.2,0.2,0.2,0.2,0.2,0.2,0.2,0.2,0.2,0.2,0.2,0.2,0.2,0.2,0.2,0.2,0.2,0.2,0.2,0.2,0.2,0.2,0.3,0.3,0.3,0.3,0.3,0.0,0.3,0.3,0.3,0.0,0.3,0.3,0.3,0.3,0.3,0.3,0.3,0.3,0.3
common stock equity,46.6,81.7,85.3,88.7,94.6,108.0,108.5,107.0,106.0,112.4,104.7,97.8,91.5,90.9,97.6,92.5,113.5,126.0,133.4,191.7,229.1,236.9,254.8,244.1,259.3,264.0,292.1,291.4,284.1,286.3,316.2,317.1,311.3,323.2,320.1,336.9,374.0,412.4,541.4,567.6,614.9,665.4,676.1,720.6,773.1,887.0,854.8,874.0,966.2,991.2,987.5,985.0,871.9,927.6,946.0,965.1,987.2,973.8,996.9,"1,017.7","1,018.2","1,049.1","1,027.9",978.8
construction in progress,0.0,0.0,0.0,0.0,0.0,0.0,0.0,0.0,0.0,0.0,0.0,0.0,0.0,0.0,0.0,0.0,0.0,0.0,0.0,0.0,0.0,0.0,25.5,23.7,31.8,20.3,19.6,0.0,24.5,12.5,18.4,23.1,0.0,2.8,25.0,25.9,33.1,37.6,47.3,63.5,91.9,97.8,112.7,131.2,116.2,132.6,134.1,73.7,72.4,44.9,40.3,54.9,30.2,3.4,2.9,3.0,3.9,11.1,37.1,49.4,91.8,117.7,169.4,202.5
cost in excess,0.0,0.0,0.0,0.0,0.0,0.0,0.0,0.0,0.0,0.0,0.0,0.0,0.0,0.0,0.0,15.4,0.0,0.0,0.0,0.0,0.0,0.0,0.0,26.5,0.0,0.0,0.0,0.0,0.0,0.0,0.0,0.0,0.0,0.0,0.0,28.4,29.9,28.6,29.9,30.6,31.6,34.1,34.3,36.5,36.6,129.0,124.0,124.9,126.6,130.0,129.8,129.0,28.6,31.7,32.0,33.6,34.5,31.8,31.2,32.7,31.3,32.4,33.4,31.8
cost of sales,4.6,4.7,4.6,5.8,7.8,9.3,10.1,9.9,10.6,10.9,9.2,9.7,10.3,10.3,9.8,10.2,11.0,13.1,17.6,14.4,16.5,18.1,17.3,18.1,18.3,19.5,19.3,18.4,17.3,16.5,28.3,18.8,25.7,22.2,25.5,21.1,25.4,24.2,24.6,23.9,24.5,28.6,34.6,26.2,31.0,48.2,39.6,40.9,39.0,44.3,49.8,48.4,46.8,47.2,43.2,50.4,51.0,53.8,35.4,55.0,51.0,61.4,54.3,61.3
cost of sales with depreciation,4.6,4.7,4.6,5.8,7.8,9.3,10.1,9.9,10.6,10.9,9.2,9.7,10.3,10.3,9.8,13.3,11.0,13.1,18.1,14.5,16.7,18.3,17.8,18.4,18.6,19.8,19.6,18.6,17.5,16.4,28.2,19.2,26.0,22.6,26.1,21.8,26.1,25.0,25.4,24.9,25.7,29.9,36.0,27.7,32.5,50.0,41.3,42.7,41.8,45.9,51.5,50.0,48.8,49.0,45.0,50.8,50.6,53.8,43.3,55.0,56.5,58.3,61.7,61.7
cumulative translation adjustments,0.0,0.0,0.0,0.0,0.0,0.0,0.0,0.0,-8.7,-2.9,-7.2,-12.1,-19.7,-25.7,-22.4,-30.1,-30.7,-25.4,-24.7,-29.2,0.1,1.3,15.3,7.8,20.4,24.8,51.8,54.5,47.8,50.4,79.2,69.8,0.0,54.1,41.7,0.0,0.0,0.0,0.0,0.0,0.0,0.0,0.0,0.0,0.0,0.0,0.0,0.0,0.0,0.0,0.0,0.0,0.0,0.0,0.0,0.0,0.0,0.0,0.0,0.0,0.0,0.0,0.0,0.0
current assets per share,1.43,3.23,2.34,1.98,2.76,3.51,3.31,3.32,3.45,3.68,2.99,2.94,2.80,3.69,3.58,3.62,2.76,3.15,3.25,3.30,4.17,3.70,2.32,1.97,2.11,2.24,2.48,2.54,2.52,2.64,2.90,3.07,3.43,3.51,3.40,3.82,3.73,5.36,6.35,7.09,6.30,6.46,5.83,5.40,13.42,6.47,8.40,9.19,11.05,11.63,7.20,5.41,5.88,7.42,7.34,7.83,8.59,8.31,9.07,12.72,9.83,10.17,11.32,9.27
current defered income taxes,0.0,0.0,0.0,0.0,0.0,0.0,0.0,0.0,0.0,0.0,0.0,0.0,0.0,0.0,0.0,0.0,0.0,0.0,0.0,0.0,0.0,0.0,0.0,0.0,0.0,0.0,0.0,0.0,0.0,0.0,0.0,0.0,0.0,0.0,0.0,0.0,0.0,0.0,0.0,0.0,0.0,0.0,0.0,0.0,0.0,0.0,0.0,0.0,0.0,0.0,0.0,0.0,0.0,0.0,0.0,0.0,0.0,0.0,0.0,0.0,0.0,0.0,0.0,0.0
current deferred income taxes,0.0,0.0,0.0,0.0,0.0,0.0,0.0,0.0,0.0,0.0,0.0,0.0,0.0,0.0,0.0,0.0,0.0,0.0,0.0,0.0,0.0,0.0,0.0,0.0,0.0,0.0,0.0,0.0,0.0,0.0,0.0,0.0,0.0,0.0,0.0,0.0,0.0,0.0,0.0,0.0,0.0,0.0,0.0,0.0,0.0,0.0,0.0,0.0,0.0,0.0,0.0,0.0,0.0,0.0,0.0,0.0,0.0,0.0,0.0,0.0,0.0,0.0,0.0,0.0
current liabilities per share,1.43,0.97,1.11,2.44,0.61,0.79,0.76,0.78,0.66,0.94,0.83,0.90,0.64,0.83,0.69,0.73,1.10,1.40,1.34,1.27,1.55,1.18,1.30,1.36,1.25,1.38,1.33,1.50,1.80,1.52,2.46,2.32,2.13,1.54,1.69,1.64,1.63,1.78,1.69,1.99,1.81,1.90,2.20,2.03,2.15,3.13,2.95,2.67,11.33,4.34,3.78,3.57,3.63,3.64,3.44,3.41,3.62,3.24,2.35,5.26,2.31,2.34,2.96,2.37
current ratio,1.0,3.3,2.1,0.8,4.5,4.5,4.4,4.3,5.2,3.9,3.6,3.3,4.4,4.5,5.2,5.0,2.5,2.2,2.4,2.6,2.7,3.1,1.8,1.4,1.7,1.6,1.9,1.7,1.4,1.7,1.2,1.3,1.6,2.3,2.0,2.3,2.3,3.0,3.7,3.6,3.5,3.4,2.7,2.7,6.2,2.1,2.8,3.4,1.0,2.7,1.9,1.5,1.6,2.0,2.1,2.3,2.4,2.6,3.9,2.4,4.3,4.3,3.8,3.9
decrease (increase) in other current liabilities,0.1,0.1,0.3,-1.5,-0.9,3.9,-0.4,2.1,-0.4,2.6,-0.8,2.2,-0.8,2.0,-0.6,2.6,-0.0,2.1,-0.4,2.6,-2.0,-1.3,-1.5,4.0,1.2,4.6,2.4,3.7,-2.3,-5.0,-4.4,-4.2,-0.5,-2.3,0.0,-4.0,-2.5,-2.5,4.7,-1.8,-1.4,-2.6,7.9,-6.1,-1.8,-9.9,9.4,-12.6,-8.2,-6.4,-10.1,-13.5,-10.5,-19.1,-20.7,-5.9,-6.1,-9.6,-4.7,-4.4,2.8,1.8,0.0,0.0
decrease (increase) in other working capital,0.0,0.0,0.0,0.0,0.0,0.0,0.0,0.0,0.0,0.0,0.0,0.0,0.0,0.0,0.0,0.0,0.0,0.0,0.0,0.0,0.0,0.1,-1.7,0.0,0.0,0.0,0.0,0.0,0.0,0.0,0.0,0.0,0.0,0.0,0.0,0.0,0.0,0.0,0.0,0.0,0.0,0.0,23.6,0.0,0.0,0.0,-0.9,0.0,0.0,0.0,0.0,0.0,0.0,0.0,0.0,0.0,0.0,0.0,0.0,0.0,0.0,0.0,12.3,-10.2
decrease (increase) in payables,0.4,0.1,2.1,-0.7,1.4,1.3,2.5,-2.0,-1.1,0.4,1.8,-1.2,-1.9,-1.4,-1.5,-1.3,0.9,0.6,3.7,-0.0,-1.5,-3.1,-0.2,-0.4,-1.1,-2.3,-3.5,-2.0,-2.6,-1.6,0.5,0.2,-0.4,0.9,1.9,-1.2,-0.3,2.5,-0.1,3.4,2.7,4.9,3.7,-0.4,-4.7,0.8,-8.3,2.0,-2.0,3.1,2.8,2.3,-0.8,0.9,-4.1,2.1,5.7,1.0,-0.5,5.4,2.3,4.8,14.1,-4.4
deferred income taxes,0.9,2.0,3.4,1.6,4.0,6.9,8.5,1.2,1.7,1.8,0.2,-1.0,-0.4,1.6,3.0,1.0,-14.7,-13.6,-12.7,0.6,1.6,2.4,2.0,-0.2,-0.1,-0.1,-0.2,0.3,0.3,-1.9,-7.9,-0.7,-0.8,-0.3,1.0,-0.1,-0.6,-1.8,-2.4,-0.5,1.7,2.8,0.5,0.4,0.2,3.3,7.2,-16.0,-23.6,-22.2,-3.5,-1.5,-2.9,-4.4,-8.4,0.8,-1.1,-0.3,-0.2,0.1,0.7,-1.4,-2.9,0.1
deferred revenues,0.0,0.0,0.0,0.0,0.0,0.0,0.0,0.0,0.0,0.0,0.0,0.0,0.0,0.0,0.0,0.0,0.0,0.0,0.0,0.0,0.0,0.0,0.0,0.0,0.0,0.0,0.0,0.0,0.0,0.0,0.0,0.0,0.0,0.0,0.0,0.0,0.0,0.0,0.0,0.0,0.0,0.0,0.0,0.0,0.0,0.0,0.0,0.0,0.0,0.0,0.0,0.0,0.0,0.0,0.0,0.0,0.0,0.0,0.0,0.0,0.0,0.0,0.0,0.0
depreciation,3.3,5.0,6.7,2.4,5.3,8.3,12.2,3.1,6.3,10.1,13.0,3.1,6.5,9.6,13.2,3.2,6.6,10.8,15.3,4.4,9.7,15.5,17.7,6.7,13.6,20.6,20.9,8.2,16.5,24.6,26.1,7.2,14.5,21.7,28.9,7.1,14.4,21.4,28.5,7.1,14.5,22.1,30.6,8.7,18.3,31.7,44.3,12.4,25.5,39.0,53.0,14.0,28.0,42.4,57.0,14.7,29.7,44.6,59.6,15.0,29.9,44.6,59.7,15.2
depreciation (unrecognized),1.7,1.7,1.7,2.4,3.0,2.9,3.9,3.1,3.2,3.8,2.9,3.1,3.4,3.1,3.6,0.0,3.4,4.2,4.5,4.4,5.3,5.8,5.9,6.7,6.8,7.0,7.4,8.2,8.3,8.1,1.5,7.2,7.3,7.3,7.2,7.1,7.4,7.0,7.0,7.1,7.4,7.6,8.5,8.7,9.5,13.5,12.6,12.4,13.1,13.5,14.0,14.0,14.0,14.5,14.5,14.7,15.0,14.9,15.0,15.0,14.9,14.7,15.1,15.2
domestic sales,0.0,0.0,0.0,0.0,0.0,0.0,0.0,0.0,0.0,0.0,0.0,0.0,0.0,0.0,0.0,0.0,0.0,0.0,0.0,0.0,0.0,0.0,0.0,0.0,0.0,0.0,0.0,0.0,0.0,0.0,0.0,0.0,0.0,0.0,0.0,0.0,0.0,0.0,0.0,0.0,0.0,0.0,0.0,0.0,0.0,0.0,0.0,0.0,0.0,0.0,0.0,0.0,0.0,0.0,0.0,0.0,0.0,0.0,0.0,0.0,0.0,0.0,0.0,0.0
earnings from equity interest,0.0,0.0,0.0,0.0,0.0,0.0,0.0,0.0,0.0,0.0,0.0,0.0,0.0,0.0,0.0,0.0,0.0,0.0,0.0,0.0,0.0,0.0,0.0,0.0,0.0,0.0,0.0,0.0,0.0,0.0,0.0,0.0,0.0,0.0,0.0,0.0,0.0,0.0,0.0,0.0,0.0,0.0,0.0,0.0,0.0,0.0,0.0,0.0,0.0,0.0,0.0,0.0,0.0,0.0,0.0,0.0,0.0,0.0,0.0,0.0,0.0,0.0,0.0,0.0
earnings period indicator,S,N,F,Q,S,N,F,Q,S,N,F,Q,S,N,F,Q,S,N,F,Q,S,N,F,Q,S,N,F,Q,S,N,F,Q,S,N,F,Q,S,N,F,Q,S,N,F,Q,S,N,F,Q,S,N,F,Q,S,N,F,Q,S,N,F,Q,S,N,F,Q
effect exchange rate changes,-0.4,-0.5,-0.5,0.1,-0.9,-0.7,-0.7,-0.1,-0.2,0.0,-0.0,-0.2,-0.8,-1.9,-2.2,-0.2,0.6,-1.0,-0.8,-0.1,1.0,1.3,1.2,-0.3,0.9,0.4,1.7,-0.1,0.3,1.0,1.0,0.1,-0.2,0.2,0.8,0.7,4.4,3.8,2.7,0.1,2.7,2.9,3.8,0.5,-0.8,-0.5,-14.5,-0.2,6.9,7.4,8.7,-1.2,-2.2,-0.2,0.2,2.0,2.1,0.1,-0.2,1.3,0.3,1.0,1.8,-2.3
effective tax rate,0.0,0.0,30.3,30.8,31.1,29.8,29.4,29.0,27.5,26.6,14.2,0.0,0.0,13.7,27.9,28.4,0.0,0.0,0.0,0.0,11.7,11.1,11.1,12.7,11.8,13.6,26.4,0.0,0.0,0.0,0.0,0.0,0.0,0.0,8.1,8.4,8.0,5.2,3.3,3.7,4.0,5.0,23.4,21.9,18.2,17.9,6.0,0.0,0.0,0.0,0.0,3.6,0.0,0.0,0.0,0.0,0.0,0.0,8.6,7.8,10.1,10.3,12.2,13.5
excise taxes,0.0,0.0,0.0,0.0,0.0,0.0,0.0,0.0,0.0,0.0,0.0,0.0,0.0,0.0,0.0,0.0,0.0,0.0,0.0,0.0,0.0,0.0,0.0,0.0,0.0,0.0,0.0,0.0,0.0,0.0,0.0,0.0,0.0,0.0,0.0,0.0,0.0,0.0,0.0,0.0,0.0,0.0,0.0,0.0,0.0,0.0,0.0,0.0,0.0,0.0,0.0,0.0,0.0,0.0,0.0,0.0,0.0,0.0,0.0,0.0,0.0,0.0,0.0,0.0
extraordinary gains,0.0,0.0,0.0,0.0,0.0,0.0,0.0,0.0,0.0,0.0,0.0,0.0,0.0,0.0,0.0,0.0,0.0,0.0,0.0,0.0,0.0,0.0,0.0,0.0,0.0,0.0,0.0,0.0,0.0,0.0,0.0,0.0,0.0,0.0,0.0,0.0,0.0,0.0,0.0,0.0,0.0,0.0,0.0,0.0,0.0,0.0,0.0,0.0,0.0,0.0,0.0,0.0,0.0,0.0,0.0,0.0,0.0,0.0,0.0,0.0,0.0,0.0,0.0,0.0
extraordinary income/losses,0.0,0.0,0.0,0.0,0.0,0.0,0.0,0.0,0.0,0.0,0.0,0.0,0.0,0.0,0.0,0.0,0.0,0.0,0.0,0.0,0.0,0.0,0.0,0.0,0.0,0.0,0.0,0.0,0.0,0.0,0.0,0.0,0.0,0.0,0.0,0.0,0.0,0.0,0.0,0.0,0.0,0.0,0.0,0.0,0.0,0.0,0.0,0.0,0.0,0.0,0.0,0.0,0.0,0.0,0.0,0.0,0.0,0.0,0.0,0.0,0.0,0.0,0.0,0.0
foreign sales,0.0,0.0,0.0,0.0,0.0,0.0,0.0,0.0,0.0,0.0,0.0,0.0,0.0,0.0,0.0,0.0,0.0,0.0,0.0,0.0,0.0,0.0,0.0,0.0,0.0,0.0,0.0,0.0,0.0,0.0,0.0,0.0,0.0,0.0,0.0,0.0,0.0,0.0,0.0,0.0,0.0,0.0,0.0,0.0,0.0,0.0,0.0,0.0,0.0,0.0,0.0,0.0,0.0,0.0,0.0,0.0,0.0,0.0,0.0,0.0,0.0,0.0,0.0,0.0
free cash flow,-14.2,-9.3,-11.1,-14.8,-13.0,-3.9,-7.1,-0.4,5.1,7.3,-3.4,0.7,-5.8,-0.5,2.0,1.1,-43.7,-52.0,-8.8,-28.9,-27.2,-18.4,-46.8,-4.3,-7.5,-33.8,-64.7,8.5,-0.1,-7.4,-21.2,4.4,17.8,25.2,21.6,8.3,11.5,17.9,57.4,7.3,-24.3,-38.6,-62.6,-24.8,13.7,-117.2,-25.0,14.7,62.4,98.3,93.6,-33.5,-23.8,-8.1,18.1,3.5,20.1,39.2,45.2,-24.2,-36.9,-40.3,-115.9,-58.7
free cash flow per share,-1.05,-0.59,-0.70,-0.93,-0.81,-0.24,-0.44,-0.02,0.31,0.45,-0.20,0.04,-0.35,-0.03,0.12,0.07,-2.66,-3.17,-0.54,-1.46,-1.66,-0.92,-2.35,-0.22,-0.38,-1.69,-3.23,0.43,0.00,-0.37,-1.05,0.22,0.88,1.24,1.06,0.40,0.56,0.87,2.55,0.32,-1.06,-1.69,-2.72,-1.07,0.59,-4.62,-0.99,0.57,2.46,3.80,3.64,-1.29,-0.92,-0.31,0.70,0.13,0.76,1.48,1.70,-0.90,-1.37,-1.50,-4.31,-2.20
gross fixed assets,119.0,117.7,128.9,205.2,212.7,220.5,224.4,225.9,223.6,234.2,235.4,233.3,226.9,215.8,227.7,"45,996.0","48,540.2","53,376.2",318.5,351.4,385.8,395.6,459.5,468.3,488.9,529.2,594.2,584.2,602.2,614.7,678.4,671.0,650.7,648.9,664.9,676.2,546.2,735.6,764.1,778.3,855.8,914.9,972.3,"1,033.3","1,035.2","1,462.3","1,351.8","1,318.2","1,388.8","1,403.5","1,443.9","1,468.1","1,445.3","1,474.9","1,476.6","1,499.0","1,509.6","1,483.1","1,509.8","1,563.2","1,569.9","1,598.3","1,695.3","1,697.0"
gross margin,0.0,0.0,0.0,0.0,0.0,0.0,0.0,0.0,0.0,0.0,0.0,4.7,9.7,10.7,12.5,10.8,13.1,17.9,20.5,15.4,18.1,18.2,16.0,10.2,16.1,13.6,14.8,13.2,14.9,17.6,13.2,29.3,25.7,30.9,26.1,26.6,33.0,51.6,44.4,41.6,49.8,46.1,56.9,57.2,50.9,76.4,82.3,67.9,65.7,46.4,34.8,36.3,46.0,47.3,44.6,30.9,45.9,49.9,64.5,32.4,53.9,40.5,40.7,35.6
gross profit margin,0.0,0.0,60.4,62.3,63.8,63.3,61.6,59.3,55.0,50.2,43.7,38.4,38.9,41.6,48.3,51.8,53.3,55.3,54.6,54.4,53.8,52.0,50.4,47.1,45.7,43.3,42.1,43.3,43.1,45.8,41.6,48.1,49.0,51.1,53.9,53.6,55.3,58.8,60.9,63.5,65.8,64.2,62.1,64.8,63.7,63.3,63.9,63.5,63.6,61.6,55.3,50.2,46.3,46.1,48.4,47.4,46.8,46.3,50.1,49.7,50.7,48.5,43.0,42.8
income before income taxes,0.0,0.0,0.0,0.0,0.0,0.0,0.0,0.0,0.0,0.0,0.0,0.0,0.0,0.0,0.0,3.6,6.2,8.3,7.6,6.0,9.1,7.4,4.4,-3.4,0.3,0.2,1.3,-3.4,-0.8,-2.8,3.2,9.3,9.1,14.1,9.3,6.6,14.1,41.1,31.1,25.7,32.9,33.3,37.3,33.4,46.4,49.9,65.8,-5.7,35.0,15.3,4.0,5.8,-85.3,20.2,11.9,-1.4,15.0,14.8,26.2,-3.7,17.2,13.6,-5.2,3.3
income from cum. effect of acct. change,0.0,0.0,0.0,0.0,0.0,0.0,0.0,0.0,0.0,0.0,0.0,0.0,0.0,0.0,0.0,0.0,0.0,0.0,0.0,0.0,0.0,0.0,0.0,0.0,0.0,0.0,0.0,0.0,0.0,0.0,-7.3,0.0,0.0,0.0,0.0,0.0,0.0,0.0,0.0,0.0,0.0,0.0,0.0,0.0,0.0,0.0,0.0,0.0,0.0,0.0,0.0,0.0,0.0,0.0,0.0,0.0,0.0,0.0,0.0,0.0,0.0,0.0,0.0,0.0
income from tax loss carryforward,0.0,0.0,0.0,0.0,0.0,0.0,0.0,0.0,0.0,0.0,0.0,0.0,0.0,0.0,0.0,0.0,0.0,0.0,0.0,0.0,0.0,0.0,0.0,0.0,0.0,0.0,0.0,0.0,0.0,0.0,0.0,0.0,0.0,0.0,0.0,0.0,0.0,0.0,0.0,0.0,0.0,0.0,0.0,0.0,0.0,0.0,0.0,0.0,0.0,0.0,0.0,0.0,0.0,0.0,0.0,0.0,0.0,0.0,0.0,0.0,0.0,0.0,0.0,0.0
income per employee,None,None,12298,None,None,None,26804,None,None,None,2041,None,None,None,8985,None,None,None,126407,None,None,None,50023,None,None,None,454,None,None,None,2468,None,None,None,31675,None,None,None,72187,None,None,None,76135,None,None,None,102102,None,None,None,31614,None,None,None,-20438,None,None,None,29373,None,None,None,10418,None
income taxes,0.7,1.2,1.3,1.6,2.5,3.1,1.6,1.2,0.5,0.0,-1.5,-1.0,0.5,2.2,1.3,1.0,-15.4,1.1,1.1,0.6,1.0,0.8,0.6,-0.2,0.1,0.0,0.2,0.5,-0.1,-2.3,-4.6,0.4,0.8,1.1,1.1,0.3,1.1,1.2,0.5,1.4,2.2,2.1,24.6,1.1,-0.4,4.5,6.5,-20.0,0.0,2.6,15.3,-15.7,5.4,1.0,-3.4,-0.2,1.7,0.7,2.5,-0.8,3.2,0.6,-0.3,0.4
"income, acquired in process r&a;",0.0,0.0,0.0,0.0,0.0,0.0,0.0,0.0,0.0,0.0,0.0,0.0,0.0,0.0,0.0,0.0,0.0,0.0,0.0,0.0,0.0,0.0,0.0,0.0,0.0,0.0,0.0,0.0,0.0,0.0,0.0,0.0,0.0,0.0,0.0,0.0,0.0,0.0,0.0,0.0,0.0,0.0,0.0,0.0,0.0,0.0,0.0,0.0,0.0,0.0,0.0,0.0,0.0,0.0,0.0,0.0,0.0,0.0,0.0,0.0,0.0,0.0,0.0,0.0
intangibles,0.0,0.0,0.0,18.0,17.8,18.4,17.7,17.3,17.0,17.3,18.1,17.1,16.7,15.8,16.1,0.0,21.5,21.9,22.1,22.4,26.1,26.1,27.8,0.0,26.8,27.3,28.8,28.0,27.8,27.3,30.2,28.9,28.1,28.0,27.6,0.0,0.0,0.0,0.0,0.0,0.0,0.0,0.0,0.0,0.0,33.9,33.2,32.6,31.7,31.0,30.3,29.6,28.8,28.1,27.4,26.7,25.9,25.2,24.6,23.8,23.1,22.3,21.6,20.9
intangibles as % of book-value,0.0,0.0,0.0,20.3,18.8,17.0,16.3,16.2,16.0,15.4,17.3,17.5,18.3,17.4,16.5,16.7,19.0,17.4,16.6,11.7,11.4,11.0,10.9,10.9,10.3,10.3,9.9,9.6,9.8,9.6,9.6,9.1,9.0,8.7,8.6,8.4,8.0,6.9,5.5,5.4,5.1,5.1,5.1,5.1,4.7,18.4,18.4,18.0,16.4,16.2,16.2,16.1,6.6,6.4,6.3,6.2,6.1,5.9,5.6,5.6,5.3,5.2,5.4,5.4
interest as % of invested capital,0.0,0.0,3.7,2.9,2.8,3.2,3.9,4.5,4.6,4.6,4.9,5.1,5.5,5.6,5.4,5.3,4.0,3.9,4.0,3.8,3.5,3.1,2.9,3.0,2.9,2.8,2.5,2.6,2.8,2.9,3.0,3.1,3.3,3.4,3.3,3.2,2.9,2.6,2.2,1.9,1.5,1.2,0.9,0.7,0.5,0.7,1.1,1.4,1.8,1.6,1.5,1.5,1.7,1.7,1.8,1.8,1.8,1.8,1.7,1.9,1.8,1.6,1.5,1.4
interest coverage (cont. operations),0.0,0.0,3.5,4.0,4.4,4.7,4.1,3.7,3.1,2.1,1.2,0.6,0.5,1.1,1.9,2.5,2.9,2.9,3.0,3.1,3.3,3.5,3.2,2.4,1.9,1.3,1.1,1.1,0.8,0.6,0.8,1.5,2.0,2.9,3.2,3.1,3.5,5.2,6.9,9.0,12.0,13.9,17.3,22.1,28.9,19.4,14.7,9.6,7.5,6.0,3.4,4.0,0.0,0.0,0.0,0.0,3.0,2.8,3.4,3.1,3.2,3.3,1.9,2.4
interest expense,1.4,1.2,1.0,1.6,2.4,2.6,2.8,2.8,2.7,2.8,3.1,3.1,3.1,3.0,3.0,2.8,2.7,3.7,3.3,3.3,3.0,2.6,3.2,3.4,3.2,3.4,3.0,4.1,4.0,4.2,4.9,4.8,4.8,4.7,4.8,4.3,4.1,3.8,3.4,2.6,2.0,1.5,1.8,1.2,0.9,5.2,7.0,5.1,4.9,5.1,5.1,5.0,5.1,5.8,5.8,5.7,5.6,5.8,5.2,8.9,4.8,4.3,5.2,6.4
interest income,0.0,0.0,0.0,0.0,0.0,0.0,0.0,0.0,0.4,0.4,0.5,0.3,0.3,0.3,0.5,0.4,0.3,0.2,0.2,0.3,0.2,0.4,0.3,0.1,0.0,0.0,0.1,0.0,0.0,0.0,0.3,0.0,0.2,0.1,0.3,0.2,0.3,0.1,0.7,1.0,0.8,0.8,0.5,0.3,0.3,0.4,0.5,0.1,0.1,0.1,0.1,0.1,0.0,0.6,0.2,0.1,0.1,0.2,0.4,0.1,0.1,0.1,0.1,0.1
inventories,0.6,0.5,0.0,0.0,0.0,0.0,0.0,0.0,0.0,0.0,0.0,0.0,0.0,0.0,0.0,0.0,0.0,0.0,0.0,0.0,0.0,0.0,0.0,0.0,0.0,0.0,0.0,0.0,0.0,0.0,0.0,0.0,0.0,0.0,0.0,0.0,0.0,0.0,0.0,0.0,0.0,0.0,0.0,0.0,0.0,0.0,0.0,0.0,0.0,0.0,0.0,0.0,0.0,0.0,0.0,0.0,0.0,0.0,0.0,0.0,0.0,0.0,0.0,0.0
"inventories, finished goods",0.0,0.0,0.0,0.0,0.0,0.0,0.0,0.0,0.0,0.0,0.0,0.0,0.0,0.0,0.0,0.0,0.0,0.0,0.0,0.0,0.0,0.0,0.0,0.0,0.0,0.0,0.0,0.0,0.0,0.0,0.0,0.0,0.0,0.0,0.0,0.0,0.0,0.0,0.0,0.0,0.0,0.0,0.0,0.0,0.0,0.0,0.0,0.0,0.0,0.0,0.0,0.0,0.0,0.0,0.0,0.0,0.0,0.0,0.0,0.0,0.0,0.0,0.0,0.0
"inventories, other",0.0,0.0,0.0,0.0,0.0,0.0,0.0,0.0,0.0,0.0,0.0,0.0,0.0,0.0,0.0,0.0,0.0,0.0,0.0,0.0,0.0,0.0,0.0,0.0,0.0,0.0,0.0,0.0,0.0,0.0,0.0,0.0,0.0,0.0,0.0,0.0,0.0,0.0,0.0,0.0,0.0,0.0,0.0,0.0,0.0,0.0,0.0,0.0,0.0,0.0,0.0,0.0,0.0,0.0,0.0,0.0,0.0,0.0,0.0,0.0,0.0,0.0,0.0,0.0
"inventories, purchased components",0.0,0.0,0.0,0.0,0.0,0.0,0.0,0.0,0.0,0.0,0.0,0.0,0.0,0.0,0.0,0.0,0.0,0.0,0.0,0.0,0.0,0.0,0.0,0.0,0.0,0.0,0.0,0.0,0.0,0.0,0.0,0.0,0.0,0.0,0.0,0.0,0.0,0.0,0.0,0.0,0.0,0.0,0.0,0.0,0.0,0.0,0.0,0.0,0.0,0.0,0.0,0.0,0.0,0.0,0.0,0.0,0.0,0.0,0.0,0.0,0.0,0.0,0.0,0.0
"inventories, raw materials",0.0,0.0,0.0,0.0,0.0,0.0,0.0,0.0,0.0,0.0,0.0,0.0,0.0,0.0,0.0,0.0,0.0,0.0,0.0,0.0,0.0,0.0,0.0,0.0,0.0,0.0,0.0,0.0,0.0,0.0,0.0,0.0,0.0,0.0,0.0,0.0,0.0,0.0,0.0,0.0,0.0,0.0,0.0,0.0,0.0,0.0,0.0,0.0,0.0,0.0,0.0,0.0,0.0,0.0,0.0,0.0,0.0,0.0,0.0,0.0,0.0,0.0,0.0,0.0
"inventories, work in progress",0.0,0.0,0.0,0.0,0.0,0.0,0.0,0.0,0.0,0.0,0.0,0.0,0.0,0.0,0.0,0.0,0.0,0.0,0.0,0.0,0.0,0.0,0.0,0.0,0.0,0.0,0.0,0.0,0.0,0.0,0.0,0.0,0.0,0.0,0.0,0.0,0.0,0.0,0.0,0.0,0.0,0.0,0.0,0.0,0.0,0.0,0.0,0.0,0.0,0.0,0.0,0.0,0.0,0.0,0.0,0.0,0.0,0.0,0.0,0.0,0.0,0.0,0.0,0.0
inventory as % of revenue,0.0,0.0,0.0,0.0,0.0,0.0,0.0,0.0,0.0,0.0,0.0,0.0,0.0,0.0,0.0,0.0,0.0,0.0,0.0,0.0,0.0,0.0,0.0,0.0,0.0,0.0,0.0,0.0,0.0,0.0,0.0,0.0,0.0,0.0,0.0,0.0,0.0,0.0,0.0,0.0,0.0,0.0,0.0,0.0,0.0,0.0,0.0,0.0,0.0,0.0,0.0,0.0,0.0,0.0,0.0,0.0,0.0,0.0,0.0,0.0,0.0,0.0,0.0,0.0
inventory turnover,0.0,0.0,0.0,0.0,76.3,110.0,0.0,0.0,0.0,0.0,0.0,0.0,0.0,0.0,0.0,0.0,0.0,0.0,0.0,0.0,0.0,0.0,0.0,0.0,0.0,0.0,0.0,0.0,0.0,0.0,0.0,0.0,0.0,0.0,0.0,0.0,0.0,0.0,0.0,0.0,0.0,0.0,0.0,0.0,0.0,0.0,0.0,0.0,0.0,0.0,0.0,0.0,0.0,0.0,0.0,0.0,0.0,0.0,0.0,0.0,0.0,0.0,0.0,0.0
invested capital,94.6,127.3,128.2,177.0,224.8,238.2,238.6,237.1,236.1,242.5,234.8,227.9,221.6,221.0,227.7,222.5,287.3,314.2,314.1,346.1,383.2,390.6,420.0,414.4,434.7,468.0,528.7,528.9,516.3,538.6,574.2,569.9,558.8,562.9,567.8,580.5,614.9,653.3,700.9,727.1,774.4,824.9,835.6,880.2,"1,073.6","1,355.4","1,317.8","1,332.2","1,205.9","1,405.9","1,313.8","1,303.0","1,181.7","1,239.0","1,239.1","1,259.9","1,273.6","1,241.9","1,302.7","1,364.7","1,364.9","1,439.1","1,528.9","1,479.8"
issuance of capital stock,0.2,33.7,33.7,0.1,0.2,0.7,0.7,0.0,0.0,0.0,0.1,0.1,0.1,0.2,0.2,0.0,0.0,0.0,0.2,57.4,57.2,57.3,57.4,0.0,0.1,0.3,0.3,0.1,0.2,0.4,0.3,1.1,1.3,1.3,1.8,0.5,0.6,0.9,77.8,0.2,1.0,1.1,1.2,0.3,0.4,0.5,0.6,0.8,1.1,1.3,2.3,0.9,1.4,1.6,2.5,1.1,1.2,1.4,2.8,0.9,2.8,3.0,3.1,0.2
issuance of debt,7.1,7.4,7.7,31.7,140.0,139.6,156.2,0.0,0.0,0.0,0.0,0.0,0.0,0.0,0.0,0.0,23.9,38.6,38.5,18.8,18.8,18.8,30.8,10.0,19.0,53.0,84.2,0.0,4.0,160.1,185.4,0.0,0.0,0.3,12.3,0.0,80.5,80.5,80.8,0.0,0.3,0.3,20.3,12.0,152.1,163.4,163.4,0.0,0.0,0.0,200.0,0.0,0.0,51.0,0.0,10.0,10.0,10.0,0.0,301.0,301.0,344.0,495.0,0.0
land and improvements,0.0,0.0,0.0,0.0,0.0,0.0,0.0,0.0,0.0,0.0,0.0,0.0,0.0,0.0,0.0,0.0,0.0,0.0,0.0,0.0,0.0,0.0,0.0,0.0,0.0,0.0,0.0,0.0,0.0,0.0,0.0,0.0,0.0,0.0,0.0,0.0,0.0,0.0,0.0,0.0,0.0,0.0,0.0,0.0,0.0,0.0,0.0,0.0,0.0,0.0,0.0,0.0,0.0,0.0,0.0,0.0,0.0,0.0,0.0,0.0,0.0,0.0,0.0,0.0
leverage ratio,2.6,1.8,1.8,2.6,2.7,2.5,2.5,2.5,2.5,2.5,2.6,2.7,2.8,2.8,2.7,2.8,2.8,2.8,2.6,2.0,1.9,1.9,1.9,2.0,1.9,2.0,2.0,2.0,2.0,2.0,2.0,2.0,2.0,1.9,1.9,1.9,1.8,1.7,1.4,1.4,1.4,1.3,1.4,1.4,1.5,1.8,1.8,1.8,1.7,1.7,1.6,1.6,1.6,1.6,1.5,1.5,1.5,1.5,1.5,1.6,1.5,1.6,1.7,1.7
loans receivable,0.0,0.0,0.0,0.0,0.0,0.0,0.0,0.0,0.0,0.0,0.0,0.0,0.0,0.0,0.0,0.0,0.0,0.0,0.0,5.8,6.2,6.0,0.0,0.0,0.0,0.0,0.0,0.0,0.0,0.0,0.0,0.0,0.0,0.0,0.0,0.0,0.0,0.0,0.0,0.0,0.0,0.0,0.0,0.0,0.0,0.0,0.0,0.0,0.0,0.0,0.0,0.0,0.0,0.0,0.0,0.0,0.0,0.0,0.0,0.0,0.0,0.0,0.0,0.0
long-term debt,48.0,45.6,42.9,88.3,130.2,130.2,130.1,130.1,130.1,130.1,130.1,130.1,130.1,130.1,130.1,130.1,173.8,188.2,180.7,154.5,154.1,153.7,165.2,170.4,175.3,203.9,236.6,237.5,232.2,252.4,258.0,252.8,247.5,239.6,247.7,243.6,240.9,240.9,159.5,159.5,159.5,159.5,159.6,159.6,300.5,468.4,462.9,458.2,239.7,414.7,326.4,318.0,309.7,311.4,293.1,294.8,286.5,268.1,305.8,347.0,346.7,390.0,501.0,501.0
long-term debt per share,3.55,2.88,2.71,5.54,8.15,8.01,8.01,8.01,8.00,8.00,7.82,7.97,7.97,7.95,7.97,7.97,10.60,11.48,11.02,7.78,9.40,7.72,8.30,8.53,8.78,10.21,11.82,11.85,11.60,12.55,12.82,12.50,12.23,11.79,12.16,11.84,11.69,11.65,7.08,7.03,6.95,7.00,6.94,6.92,12.95,18.48,18.26,17.74,9.44,16.05,12.70,12.27,11.94,12.00,11.27,11.12,10.80,10.11,11.49,12.95,12.87,14.48,18.62,18.76
marketable securities,0.0,0.0,0.0,0.0,0.0,0.0,0.0,0.0,0.0,0.0,0.0,0.0,0.0,0.0,0.0,0.0,0.0,0.0,0.0,0.0,0.0,0.0,0.0,0.0,0.0,0.0,0.0,0.0,0.0,0.0,0.0,0.0,0.0,0.0,0.0,0.0,0.0,0.0,0.0,0.0,0.0,0.0,0.0,0.0,0.0,0.0,0.0,0.0,0.0,0.0,0.0,0.0,0.0,0.0,0.0,0.0,0.0,0.0,0.0,0.0,0.0,0.0,0.0,0.0
minority interest,0.0,0.1,0.1,0.1,0.1,0.1,0.0,0.0,0.0,-0.2,0.3,0.0,0.0,0.0,0.0,0.0,0.0,0.0,1.5,-0.1,-0.1,0.0,0.0,0.0,0.0,0.0,0.0,0.0,0.0,0.0,0.0,0.0,0.0,0.0,0.0,0.0,0.0,0.0,0.0,0.0,0.0,0.0,0.0,0.0,0.0,0.0,0.0,0.0,0.0,0.0,0.0,0.0,0.0,0.0,0.0,0.0,0.0,0.0,0.0,0.0,0.0,0.0,0.0,0.0
minority interest liability,0.5,0.5,0.6,0.7,0.8,0.0,0.0,0.0,0.0,0.0,0.0,0.0,0.0,0.0,0.0,0.0,0.0,0.0,1.1,1.0,0.0,0.0,0.0,0.0,0.0,0.0,0.0,0.0,0.0,0.0,0.0,0.0,0.0,0.0,0.0,0.0,0.0,0.0,0.0,0.0,0.0,0.0,0.0,0.0,0.0,0.0,0.0,0.0,0.0,0.0,0.0,0.0,0.0,0.0,0.0,0.0,0.0,0.0,0.0,0.0,0.0,0.0,0.0,0.0
net cash from continuing operations,4.8,11.6,19.1,2.6,12.4,25.8,32.5,6.7,12.3,20.5,16.4,3.4,-3.6,6.8,14.3,6.1,10.3,24.3,41.8,6.6,14.2,27.5,41.2,12.3,16.0,24.8,26.9,9.7,7.1,14.6,25.1,9.7,26.1,36.0,64.9,9.4,29.4,55.6,104.9,24.9,56.4,86.2,128.6,23.0,76.6,128.5,205.2,37.1,91.2,138.7,171.0,21.9,39.4,57.4,91.6,5.0,25.0,54.2,97.5,11.4,44.0,65.2,102.7,-6.2
net cash from discontinued operations,-1.4,-1.4,-1.4,0.0,0.0,0.0,0.0,0.0,0.0,0.0,0.0,0.0,0.0,0.0,0.0,0.0,0.0,0.0,0.0,0.0,0.0,0.0,0.0,0.0,0.0,0.0,0.0,0.0,0.0,0.0,0.0,0.0,0.0,0.0,0.0,0.0,0.0,0.0,0.0,0.0,0.0,0.0,0.0,0.0,0.0,0.0,0.0,0.0,0.0,0.0,0.0,0.0,0.0,0.0,0.0,0.0,0.0,0.0,0.0,0.0,0.0,0.0,0.0,0.0
net fixed assets,97.6,95.5,105.3,179.6,184.9,190.0,192.6,192.3,188.1,195.3,195.4,191.0,183.3,174.3,182.6,178.0,236.2,262.2,262.4,291.5,320.2,321.9,379.2,383.3,397.9,432.0,485.5,467.6,480.5,490.2,539.0,527.2,505.4,498.0,510.4,512.5,546.2,554.3,572.0,586.3,653.4,701.1,754.0,802.1,809.5,"1,250.3","1,169.5","1,131.0","1,172.0","1,177.9","1,204.4","1,224.1","1,196.2","1,206.0","1,194.2","1,196.4","1,191.2","1,162.1","1,180.5","1,213.1","1,215.0","1,225.7","1,305.8","1,307.2"
net income (continuing operations),1.7,2.6,2.9,3.5,5.3,8.2,3.8,2.9,1.8,0.5,-3.4,-2.2,1.4,5.3,3.3,2.6,21.6,7.2,6.5,5.4,8.1,6.6,3.8,-3.3,2.6,0.2,1.0,-3.9,-0.7,-0.5,7.8,8.9,8.3,13.0,8.2,6.3,13.0,39.9,30.6,24.4,30.7,31.2,12.7,32.3,46.8,45.4,59.3,14.2,34.9,12.7,-11.3,21.5,-90.7,19.2,15.2,-1.2,13.3,14.2,23.6,-2.9,14.1,13.0,-4.9,2.9
net income (discontinued operations),0.0,0.0,0.0,0.0,0.0,0.0,0.0,0.0,0.0,0.0,0.0,0.0,0.0,0.0,0.0,0.0,0.0,0.0,0.0,0.0,0.0,0.0,0.0,0.0,0.0,0.0,0.0,0.0,0.0,0.0,0.0,0.0,0.0,0.0,0.0,0.0,0.0,0.0,0.0,0.0,0.0,0.0,0.0,0.0,0.0,0.0,0.0,0.0,0.0,0.0,0.0,0.0,0.0,0.0,0.0,0.0,0.0,0.0,0.0,0.0,0.0,0.0,0.0,0.0
net income available for common,1.7,2.6,2.9,3.5,5.3,8.2,3.8,2.9,1.8,0.5,-3.4,-2.2,1.4,5.3,3.3,2.6,21.6,7.2,6.5,5.4,8.1,6.6,3.8,-3.3,2.6,0.2,1.0,-3.9,-0.7,-0.5,7.8,8.9,8.3,13.0,8.2,6.3,13.0,39.9,30.6,24.4,30.7,31.2,12.7,32.3,46.8,45.4,59.3,14.2,34.9,12.7,-11.3,21.5,-90.7,19.2,15.2,-1.2,13.3,14.2,23.6,-2.9,14.1,13.0,-4.9,2.9
net income/loss,0.6,3.2,6.1,3.5,8.8,17.0,20.8,2.9,4.7,5.3,1.9,-2.2,-0.7,4.6,7.9,2.6,24.2,31.4,37.9,5.4,13.5,20.1,24.0,-3.3,-0.7,-0.5,0.5,-3.9,-4.6,-5.1,-4.6,8.9,17.2,30.2,38.4,6.3,19.3,59.1,89.7,24.4,55.1,86.3,99.0,32.3,79.0,124.5,183.8,14.2,49.1,61.8,50.6,21.5,-69.2,-50.0,-34.7,-1.2,12.1,26.3,49.9,-2.9,11.2,24.2,19.3,2.9
net profit margin,0.0,0.0,13.3,20.5,22.6,26.5,24.1,22.1,18.8,10.8,2.6,-5.0,-5.6,1.7,10.2,15.0,37.2,35.3,33.2,33.1,20.4,19.2,17.9,11.6,7.4,2.6,0.4,0.0,-2.5,-3.1,1.9,9.9,14.0,19.6,18.8,17.5,19.2,28.8,35.8,40.1,44.1,41.2,32.3,33.0,37.1,36.0,44.6,37.9,33.5,28.4,13.0,15.9,-19.2,-17.2,-9.7,-16.1,12.9,11.2,13.1,12.4,12.4,12.1,5.0,6.3
non-current deferred income taxes,0.0,0.0,0.0,0.0,0.0,0.0,0.0,0.0,0.0,0.0,0.0,0.0,0.0,0.0,0.0,0.0,0.0,0.0,0.0,0.0,0.0,0.0,0.0,0.0,0.0,0.0,0.0,0.0,0.0,0.0,0.0,0.0,0.0,0.0,0.0,0.0,0.0,0.0,0.0,0.0,0.0,0.0,0.0,0.0,0.0,0.0,0.0,0.0,0.0,0.0,0.0,0.0,0.0,0.0,0.0,0.0,0.0,0.0,0.0,0.0,0.0,0.0,0.0,0.0
normalized income,1.7,2.6,2.9,3.5,5.3,8.2,0.9,2.9,1.8,0.5,-3.4,-1.8,1.6,5.3,3.3,2.6,21.6,7.2,6.5,5.4,8.1,6.6,3.8,-3.3,2.6,0.2,1.0,-3.9,-0.7,6.0,1.2,8.9,8.3,13.0,8.2,6.3,13.0,39.9,30.6,24.4,30.7,31.2,12.7,32.3,46.8,45.4,59.3,60.5,34.9,12.7,-11.3,21.5,6.9,19.2,15.2,-1.2,13.3,14.2,25.4,-2.9,14.1,13.9,-13.3,2.9
normalized income per employee,None,None,16532,None,None,None,23067,None,None,None,2041,None,None,None,8985,None,None,None,126407,None,None,None,50023,None,None,None,454,None,None,None,2468,None,None,None,31675,None,None,None,72187,None,None,None,76135,None,None,None,102102,None,None,None,60519,None,None,None,37012,None,None,None,30402,None,None,None,6316,None
normalized net profit margin,0.0,0.0,17.8,20.5,22.6,26.5,20.8,19.0,15.6,7.3,2.6,-4.5,-4.8,2.4,10.2,15.3,37.2,35.4,33.2,33.1,20.4,19.2,17.9,11.6,7.4,2.6,0.4,0.0,-2.5,1.9,1.9,9.9,14.0,16.2,18.8,17.5,19.2,28.8,35.8,40.1,44.1,41.2,32.3,33.0,37.1,36.0,44.6,48.5,43.5,39.3,24.9,15.9,8.5,10.2,17.5,11.3,12.9,11.2,13.5,12.9,12.8,12.8,3.0,4.4
notes payable,0.0,0.0,0.0,0.0,0.0,0.0,0.0,0.0,0.0,0.0,0.0,0.0,0.0,0.0,0.0,0.0,0.0,0.0,0.0,0.0,0.0,0.0,0.0,0.0,0.0,0.0,0.0,0.0,0.0,0.0,0.0,0.0,0.0,0.0,0.0,0.0,0.0,0.0,0.0,0.0,0.0,0.0,0.0,0.0,0.0,0.0,0.0,0.0,0.0,0.0,0.0,0.0,0.0,0.0,0.0,0.0,0.0,0.0,0.0,0.0,0.0,0.0,0.0,0.0
number of days cost of goods in inventory,None,None,None,None,5,3,None,None,None,None,None,None,None,None,None,None,None,None,None,None,None,None,None,None,None,None,None,None,None,None,None,None,None,None,None,None,None,None,None,None,None,None,None,None,None,None,None,None,None,None,None,None,None,None,None,None,None,None,None,None,None,None,None,None
number of employees,None,None,None,None,None,None,None,None,None,None,None,None,None,None,None,None,None,None,None,None,None,None,None,None,None,None,None,None,None,None,None,None,None,None,None,None,None,None,None,None,None,None,None,None,None,None,None,None,None,None,None,None,None,None,None,None,None,None,None,None,None,None,None,None
number of months last report period,None,3,3,3,3,3,3,3,3,3,3,3,3,3,3,3,3,3,3,3,3,3,3,3,3,3,3,3,3,3,3,3,3,3,3,3,3,3,3,3,3,3,3,3,3,3,3,3,3,3,3,3,3,3,3,3,3,3,3,3,3,3,3,3
number of part-time employees,None,None,None,None,None,None,None,None,None,None,None,None,None,None,None,None,None,None,None,None,None,None,None,None,None,None,None,None,None,None,None,None,None,None,None,None,None,None,None,None,None,None,None,None,None,None,None,None,None,None,None,None,None,None,None,None,None,None,None,None,None,None,None,None
operating gains,2.0,2.1,2.2,0.1,0.2,-3.1,-2.7,0.0,0.0,-0.4,0.0,0.0,0.0,-3.2,-3.7,0.0,0.0,0.0,1.1,-0.1,-1.1,-1.3,-0.4,0.0,0.0,-0.0,-0.0,0.0,1.1,4.9,11.5,1.5,1.1,1.1,1.3,-0.2,0.8,-5.7,-9.0,-5.0,-5.7,-9.1,-12.2,-0.2,-16.4,-18.6,-34.8,-1.4,-3.8,-4.1,-2.7,-1.6,0.8,-5.2,-3.9,-0.1,-0.3,2.4,1.0,-1.1,-2.5,-6.5,-6.6,0.0
operating income,0.0,0.0,0.0,0.0,0.0,0.0,0.0,0.0,0.0,0.0,0.0,0.0,0.0,0.0,0.0,6.1,7.9,11.6,13.1,8.6,10.2,9.6,6.8,0.4,6.4,3.4,4.5,0.8,3.4,5.2,6.4,15.1,13.1,18.5,13.1,10.2,18.8,44.4,34.0,27.4,33.9,33.8,39.2,34.4,46.8,52.4,73.1,1.6,39.0,19.8,9.2,8.9,-79.2,26.0,17.7,4.3,20.4,23.2,30.6,6.4,25.2,17.5,1.8,9.1
other current assets,0.0,0.0,0.6,0.9,1.4,1.3,2.2,2.8,2.4,3.2,1.4,1.9,2.6,1.6,1.7,0.0,0.0,0.0,0.0,0.0,0.0,0.0,0.0,0.0,0.0,0.0,0.0,0.0,0.0,0.0,0.0,0.0,0.0,0.0,0.0,0.0,0.0,0.0,0.0,0.0,0.0,0.0,0.0,0.0,0.0,0.0,0.0,0.0,0.0,0.0,0.0,0.0,0.0,0.0,0.0,0.0,0.0,0.0,0.0,0.0,0.0,0.0,0.0,0.0
other current liabilities,3.0,3.0,3.3,3.9,4.5,7.2,5.2,7.8,5.0,7.8,5.2,7.7,4.6,7.5,5.1,0.0,7.0,0.0,6.2,0.0,0.0,0.0,0.0,0.0,0.0,0.0,0.0,0.0,0.0,0.0,0.0,0.0,0.0,0.0,0.0,0.0,0.0,0.0,3.8,9.9,2.7,2.5,2.5,3.3,4.2,5.1,3.0,4.8,11.6,11.0,3.4,2.4,1.9,4.9,4.1,15.3,5.0,4.4,9.1,8.8,7.6,8.0,6.3,4.7
other equity adjustments,0.0,0.0,0.0,0.0,0.0,0.0,0.0,0.0,0.0,0.0,0.0,0.0,0.0,0.0,0.0,0.0,0.0,0.0,0.2,0.4,0.4,0.5,0.5,0.7,0.7,0.8,0.9,1.0,1.1,1.2,1.3,1.3,57.1,1.8,2.0,53.7,77.5,75.4,96.5,102.6,118.3,136.4,132.2,143.2,148.4,81.4,-12.0,-9.6,44.7,55.3,60.1,34.5,10.3,45.4,46.5,65.5,72.3,43.0,39.5,60.8,44.0,59.8,70.2,34.7
"other financing charges, net",0.0,0.0,0.0,0.0,0.0,0.0,0.0,0.0,0.0,0.0,0.0,0.0,0.0,0.0,0.0,0.0,0.0,0.0,0.0,0.0,0.0,0.0,0.0,0.0,0.0,0.0,0.0,0.0,0.0,-4.4,-3.8,0.0,0.0,0.0,0.0,0.0,0.0,0.0,0.0,0.0,0.0,0.0,0.0,0.0,0.0,0.0,0.0,0.0,0.0,0.0,-0.3,-2.0,-2.0,-2.0,-2.0,0.0,0.0,0.0,0.0,-89.1,-169.0,-171.7,-176.7,-1.6
other fixed assets,0.0,0.0,0.0,0.0,0.0,0.0,0.0,0.0,0.0,0.0,0.0,0.0,0.0,0.0,0.0,0.0,"48,540.2","53,376.2",318.5,0.0,0.0,395.6,434.0,444.6,457.0,508.9,574.6,584.2,577.7,602.2,660.0,647.9,650.7,646.1,639.9,0.0,513.1,0.0,716.7,714.8,0.0,817.1,859.7,0.0,919.0,"1,329.7","1,217.7",0.0,0.0,0.0,0.0,0.0,0.0,0.0,0.0,0.0,0.0,0.0,0.0,0.0,0.0,0.0,0.0,0.0
other gains/losses,0.0,0.0,0.0,0.0,0.0,0.0,0.0,0.0,0.0,0.0,0.0,0.0,0.0,0.0,0.0,0.0,0.0,0.0,0.0,0.0,0.0,0.0,0.0,0.0,0.0,0.0,0.0,0.0,0.0,0.0,0.0,0.0,0.0,0.0,0.0,0.0,0.0,0.0,0.0,0.0,0.0,0.0,0.0,0.0,0.0,0.0,0.0,0.0,0.0,0.0,0.0,0.0,0.0,0.0,0.0,0.0,0.0,0.0,0.0,0.0,0.0,0.0,0.0,0.0
other income net,0.1,0.3,0.5,0.3,0.2,3.2,-2.5,0.5,0.0,-0.1,-1.0,0.1,0.1,4.1,-0.1,-0.1,0.7,0.3,-0.8,0.3,1.5,0.1,0.5,-0.4,-0.7,0.1,-0.3,-0.1,-0.2,2.8,-5.2,-1.0,0.6,0.2,0.8,0.5,-0.8,7.0,3.4,4.9,1.4,4.3,1.3,-0.1,16.6,4.6,15.3,2.4,1.7,0.5,-0.2,1.8,-1.1,4.6,-0.3,-0.1,0.1,-2.8,2.5,-0.2,0.4,4.3,-10.6,0.5
"other investing changes, net",0.0,0.0,-8.4,-25.5,-25.5,-25.5,-22.4,0.0,-1.3,0.0,0.0,0.0,-2.0,0.0,-2.4,-1.3,-3.0,-4.1,-34.7,-1.5,-4.6,-5.7,-7.1,-2.2,-5.4,-5.9,-7.5,-2.7,0.0,0.0,0.0,0.0,0.0,0.0,0.0,0.0,0.0,0.0,0.0,0.0,0.0,0.0,0.0,0.0,0.0,31.0,0.0,0.0,0.0,0.0,0.0,0.0,0.0,0.0,0.0,0.0,0.0,0.0,0.0,0.0,0.0,-52.4,-47.0,7.9
other non-cash items,0.0,0.2,0.0,-0.3,0.4,-1.1,0.0,0.0,0.0,-0.9,0.0,0.4,0.0,0.0,0.0,0.3,-0.2,-0.9,0.0,0.0,0.0,0.0,0.0,0.0,0.0,0.0,0.0,0.0,0.0,-6.3,0.0,0.0,0.0,0.0,0.0,0.0,0.4,0.4,0.4,0.0,-0.4,-0.2,1.0,0.0,0.3,0.1,3.5,46.6,46.6,46.8,46.2,0.3,98.6,97.8,97.7,1.3,3.6,5.7,1.7,3.3,0.1,6.3,4.2,0.6
other non-current assets,3.4,3.5,12.4,3.4,7.0,7.4,7.2,7.4,6.9,7.1,7.5,8.0,7.8,7.0,6.6,10.8,17.5,15.0,14.4,12.1,30.6,30.6,33.3,27.3,28.5,18.3,10.7,31.3,12.0,14.0,5.1,6.6,6.6,5.5,6.5,5.8,5.8,5.8,5.8,5.6,5.4,12.5,11.7,19.0,17.7,18.1,17.4,19.6,13.6,22.3,16.0,8.1,7.1,16.1,20.0,21.2,25.9,23.8,22.0,29.0,27.3,83.0,80.3,71.7
other non-current liabilities,0.0,0.0,0.0,0.0,0.0,0.0,0.0,0.0,0.0,0.0,0.0,0.0,0.0,0.0,0.0,0.0,0.0,0.0,1.2,4.1,20.9,20.4,22.8,17.4,17.6,9.0,0.8,0.0,0.0,0.0,0.0,0.0,0.0,0.0,2.3,1.8,1.6,1.6,4.5,7.4,15.7,23.2,45.2,53.6,50.7,45.9,48.1,44.4,39.3,50.1,41.8,24.4,28.5,34.2,33.5,31.6,34.1,32.6,29.3,27.6,28.2,30.8,31.2,30.2
other receivable,0.0,0.0,0.0,0.0,0.0,0.0,0.0,0.0,0.0,0.0,0.0,0.0,0.0,0.0,0.0,0.0,0.0,0.0,0.0,0.0,0.0,0.0,0.0,0.0,0.0,0.0,0.0,0.0,0.0,0.0,0.0,3.0,2.2,2.0,0.0,0.0,0.0,0.0,0.0,0.0,4.0,5.3,0.0,0.0,0.0,0.0,0.0,0.0,0.0,0.0,0.0,0.0,0.0,0.0,0.0,0.0,0.0,0.0,0.0,0.0,0.0,0.0,8.5,9.3
other special charges,0.0,0.0,0.0,0.0,0.0,0.0,2.9,0.0,0.0,0.0,0.0,-0.4,-0.2,0.0,0.0,-0.1,0.0,0.0,0.0,0.0,0.0,0.0,0.0,0.0,0.0,0.0,0.0,0.0,0.0,-6.5,6.5,0.0,0.0,0.0,0.0,0.0,0.0,0.0,0.0,0.0,0.0,0.0,0.0,0.0,0.0,0.0,0.0,-46.2,0.0,0.0,0.0,0.0,-97.7,0.0,0.0,0.0,0.0,0.0,-1.8,0.0,0.0,-0.9,8.4,0.0
payment of cash dividends,0.0,0.0,0.0,0.0,0.0,0.0,0.0,0.0,0.0,0.0,0.0,0.0,0.0,0.0,0.0,0.0,0.0,0.0,0.0,0.0,0.0,0.0,0.0,0.0,0.0,0.0,0.0,0.0,0.0,0.0,0.0,0.0,0.0,0.0,0.0,0.0,0.0,0.0,0.0,0.0,0.0,0.0,0.0,0.0,0.0,0.0,0.0,0.0,0.0,0.0,0.0,0.0,0.0,0.0,0.0,0.0,0.0,0.0,0.0,0.0,0.0,0.0,-26.4,-6.6
payout ratio,None,None,None,None,None,None,None,None,None,None,None,None,None,None,None,None,None,None,None,None,None,None,None,None,None,None,None,None,None,None,None,None,None,None,None,None,None,None,None,None,None,None,None,None,None,None,None,None,None,None,None,None,None,None,None,None,None,None,None,None,None,None,137,133
post-tax profit margin,0.0,0.0,17.8,20.5,22.6,26.5,24.1,22.1,18.8,10.8,2.6,-5.0,-5.6,1.7,10.2,15.0,37.2,35.3,33.2,33.1,20.4,19.2,17.9,11.6,7.4,2.6,0.4,0.0,-2.5,-3.1,1.9,9.9,14.0,19.6,18.8,17.5,19.2,28.8,35.8,40.1,44.1,41.2,32.3,33.0,37.1,36.0,44.6,37.9,33.5,28.4,13.0,15.9,-19.2,-17.2,-9.7,-16.1,12.9,11.2,13.1,12.4,12.4,12.1,5.0,6.3
pre-tax profit margin,0.0,0.0,25.9,29.8,33.5,38.0,34.7,31.8,26.3,14.9,3.0,-7.9,-8.4,2.4,14.1,20.9,24.8,23.2,23.9,24.0,24.2,22.7,19.9,13.2,8.4,3.0,0.6,0.6,-2.1,-4.3,-2.7,5.7,10.7,18.4,20.5,19.2,20.9,30.4,37.0,41.7,45.9,43.4,42.2,42.3,45.4,43.8,47.5,35.8,31.5,25.9,12.5,16.5,-17.1,-15.5,-13.2,-15.3,12.7,10.9,14.3,13.5,13.8,13.5,5.6,7.3
pref. securities of subsid. trust,0.0,0.0,0.0,0.0,0.0,0.0,0.0,0.0,0.0,0.0,0.0,0.0,0.0,0.0,0.0,0.0,0.0,0.0,0.0,0.0,0.0,0.0,0.0,0.0,0.0,0.0,0.0,0.0,0.0,0.0,0.0,0.0,0.0,0.0,0.0,0.0,0.0,0.0,0.0,0.0,0.0,0.0,0.0,0.0,0.0,0.0,0.0,0.0,0.0,0.0,0.0,0.0,0.0,0.0,0.0,0.0,0.0,0.0,0.0,0.0,0.0,0.0,0.0,0.0
preferred dividends,0.0,0.0,0.0,0.0,0.0,0.0,0.0,0.0,0.0,0.0,0.0,0.0,0.0,0.0,0.0,0.0,0.0,0.0,0.0,0.0,0.0,0.0,0.0,0.0,0.0,0.0,0.0,0.0,0.0,0.0,0.0,0.0,0.0,0.0,0.0,0.0,0.0,0.0,0.0,0.0,0.0,0.0,0.0,0.0,0.0,0.0,0.0,0.0,0.0,0.0,0.0,0.0,0.0,0.0,0.0,0.0,0.0,0.0,0.0,0.0,0.0,0.0,0.0,0.0
preferred equity outside stock equity,0.0,0.0,0.0,0.0,0.0,0.0,0.0,0.0,0.0,0.0,0.0,0.0,0.0,0.0,0.0,0.0,0.0,0.0,0.0,0.0,0.0,0.0,0.0,0.0,0.0,0.0,0.0,0.0,0.0,0.0,0.0,0.0,0.0,0.0,0.0,0.0,0.0,0.0,0.0,0.0,0.0,0.0,0.0,0.0,0.0,0.0,0.0,0.0,0.0,0.0,0.0,0.0,0.0,0.0,0.0,0.0,0.0,0.0,0.0,0.0,0.0,0.0,0.0,0.0
preferred secur. of subsid. trust,0.0,0.0,0.0,0.0,0.0,0.0,0.0,0.0,0.0,0.0,0.0,0.0,0.0,0.0,0.0,0.0,0.0,0.0,0.0,0.0,0.0,0.0,0.0,0.0,0.0,0.0,0.0,0.0,0.0,0.0,0.0,0.0,0.0,0.0,0.0,0.0,0.0,0.0,0.0,0.0,0.0,0.0,0.0,0.0,0.0,0.0,0.0,0.0,0.0,0.0,0.0,0.0,0.0,0.0,0.0,0.0,0.0,0.0,0.0,0.0,0.0,0.0,0.0,0.0
preferred shares,0.0,0.0,0.0,0.0,0.0,0.0,0.0,0.0,0.0,0.0,0.0,0.0,0.0,0.0,0.0,0.0,0.0,0.0,0.0,0.0,0.0,0.0,0.0,0.0,0.0,0.0,0.0,0.0,0.0,0.0,0.0,0.0,0.0,0.0,0.0,0.0,0.0,0.0,0.0,0.0,0.0,0.0,0.0,0.0,0.0,0.0,0.0,0.0,0.0,0.0,0.0,0.0,0.0,0.0,0.0,0.0,0.0,0.0,0.0,0.0,0.0,0.0,0.0,0.0
preferred stock equity,0.0,0.0,0.0,0.0,0.0,0.0,0.0,0.0,0.0,0.0,0.0,0.0,0.0,0.0,0.0,0.0,0.0,0.0,0.0,0.0,0.0,0.0,0.0,0.0,0.0,0.0,0.0,0.0,0.0,0.0,0.0,0.0,0.0,0.0,0.0,0.0,0.0,0.0,0.0,0.0,0.0,0.0,0.0,0.0,0.0,0.0,0.0,0.0,0.0,0.0,0.0,0.0,0.0,0.0,0.0,0.0,0.0,0.0,0.0,0.0,0.0,0.0,0.0,0.0
prepaid expenses,0.0,0.0,0.0,0.0,0.0,0.0,0.0,0.0,0.0,0.0,0.0,0.0,0.0,0.0,0.0,1.6,1.7,1.8,2.1,4.5,4.6,3.9,4.8,3.9,4.2,4.4,4.6,3.1,2.7,3.3,3.1,1.8,2.1,2.4,3.5,4.9,4.1,3.2,2.7,5.5,4.8,3.8,3.3,9.0,6.4,8.1,7.2,14.3,12.1,13.5,12.2,12.1,21.9,16.6,16.6,21.5,18.3,16.4,21.2,25.3,24.6,24.6,25.2,26.9
price/cash flow ratio,0.0,0.0,20.4,12.1,7.8,4.7,3.9,2.9,5.2,6.4,8.2,17.5,21.1,17.7,11.0,10.2,5.6,4.0,4.3,6.2,7.3,7.2,6.3,6.7,9.2,9.1,9.5,10.3,11.0,11.5,15.4,12.8,11.2,10.5,8.7,8.6,7.4,6.7,7.0,7.1,7.4,7.4,8.0,8.7,8.3,6.2,2.6,2.8,3.3,4.7,6.5,5.7,-124.8,341.3,26.9,193.5,10.8,9.4,9.5,10.7,7.5,7.6,10.4,10.9
price/equity ratio,3.74,3.34,3.06,2.47,1.92,1.30,1.18,0.91,1.46,1.30,1.16,1.73,2.18,2.65,2.37,2.86,2.27,1.56,1.74,1.87,1.48,1.46,1.15,1.10,1.29,1.07,0.96,1.08,1.11,1.15,1.42,1.65,1.77,2.03,1.89,1.70,1.42,1.60,1.56,1.74,1.91,1.67,1.59,1.75,1.75,1.28,0.71,0.71,0.73,0.85,0.74,0.70,0.78,0.86,0.84,1.22,1.19,0.99,1.12,1.21,0.90,0.85,0.90,1.06
price/free cash flow ratio,-12.3,-29.2,-23.6,-14.8,-14.0,-35.9,-17.9,-298.4,30.6,20.0,-36.6,258.6,-35.0,-489.6,118.2,231.3,-5.9,-3.8,-26.2,-12.4,-12.5,-18.8,-6.3,-61.1,-44.1,-8.4,-4.3,36.5,0.0,-44.1,-21.2,117.8,31.0,26.0,27.9,69.5,46.1,36.6,14.7,136.4,-48.3,-28.8,-17.2,-51.1,98.6,-9.7,-24.0,41.9,11.2,8.6,7.8,-20.6,-28.5,-99.1,43.4,342.4,58.1,24.6,24.7,-51.1,-24.8,-22.0,-8.0,-17.7
price/revenue ratio,0.00,0.00,5.67,4.19,2.87,1.87,1.48,1.06,1.74,1.75,1.69,2.57,3.04,3.56,2.98,3.14,2.92,2.00,2.03,2.92,2.55,2.49,2.19,2.03,2.53,2.20,2.16,2.36,2.41,2.49,3.22,3.36,3.15,3.38,2.96,2.81,2.53,2.82,3.36,3.68,4.12,3.91,3.51,3.90,4.07,2.98,1.46,1.41,1.52,1.99,1.87,1.89,1.93,2.24,2.20,3.31,3.25,2.61,2.93,3.17,2.32,2.26,2.38,2.61
price/tangible book ratio,3.74,3.34,3.06,3.10,2.36,1.56,1.41,1.08,1.74,1.54,1.40,2.09,2.67,3.20,2.84,3.43,2.80,1.89,2.08,2.12,1.67,1.64,1.29,1.23,1.44,1.20,1.06,1.20,1.23,1.27,1.57,1.82,1.95,2.22,2.06,1.85,1.55,1.72,1.65,1.84,2.01,1.76,1.68,1.84,1.83,1.57,0.86,0.86,0.87,1.02,0.88,0.83,0.83,0.92,0.89,1.30,1.26,1.05,1.19,1.28,0.95,0.90,0.95,1.12
purchase of  short-term investments,0.0,0.0,0.0,0.0,0.0,0.0,0.0,0.0,0.0,0.0,0.0,0.0,0.0,0.0,0.0,0.0,0.0,0.0,0.0,0.0,0.0,0.0,0.0,0.0,0.0,0.0,0.0,0.0,0.0,0.0,0.0,0.0,0.0,0.0,0.0,0.0,0.0,0.0,0.0,0.0,0.0,0.0,0.0,0.0,0.0,0.0,0.0,0.0,0.0,0.0,0.0,0.0,0.0,0.0,0.0,0.0,0.0,0.0,0.0,0.0,0.0,0.0,0.0,0.0
purchase of long-term investments,0.0,0.0,0.0,0.0,0.0,0.0,0.0,0.0,0.0,0.0,0.0,0.0,0.0,0.0,0.0,0.0,0.0,0.0,0.0,0.0,0.0,0.0,0.0,0.0,0.0,0.0,0.0,0.0,0.0,0.0,0.0,0.0,0.0,0.0,0.0,0.0,0.0,0.0,0.0,0.0,0.0,0.0,0.0,0.0,0.0,0.0,0.0,0.0,0.0,0.0,0.0,0.0,0.0,0.0,0.0,0.0,0.0,0.0,0.0,0.0,0.0,0.0,0.0,0.0
quarterly indicator,2,3,4,1,2,3,4,1,2,3,4,1,2,3,4,1,2,3,4,1,2,3,4,1,2,3,4,1,2,3,4,1,2,3,4,1,2,3,4,1,2,3,4,1,2,3,4,1,2,3,4,1,2,3,4,1,2,3,4,1,2,3,4,1
quick ratio,1.0,3.3,2.1,0.8,4.4,4.4,4.2,4.0,5.0,3.7,3.5,3.1,4.1,4.3,5.0,4.8,2.4,2.2,2.3,2.4,2.5,3.0,1.6,1.3,1.5,1.5,1.7,1.6,1.3,1.6,1.1,1.3,1.6,2.2,1.9,2.2,2.2,2.9,3.7,3.4,3.4,3.3,2.6,2.5,6.1,2.0,2.7,3.2,0.9,2.6,1.8,1.4,1.4,1.9,1.9,2.1,2.2,2.4,3.5,2.2,3.9,3.9,3.5,3.5
receivables,12.8,11.2,10.5,15.8,19.8,20.3,19.6,19.7,18.1,17.3,19.6,17.0,22.9,24.0,22.1,23.2,31.0,33.6,29.2,38.5,42.3,41.3,32.1,27.2,31.2,32.1,37.6,35.1,40.2,37.0,37.8,41.7,41.1,51.0,41.7,40.2,47.4,65.2,57.6,59.4,70.2,82.7,90.6,99.3,90.3,116.4,104.9,106.7,102.7,89.0,80.8,79.8,80.8,88.2,77.0,80.5,95.4,91.2,91.5,93.4,93.9,100.4,94.2,101.7
receivables as % of revenue,0.0,0.0,22.8,30.2,31.3,27.1,22.7,21.6,20.4,20.7,27.2,25.9,34.9,35.4,28.5,27.5,35.1,34.1,25.6,31.3,31.7,29.8,23.9,20.5,23.6,24.9,28.9,26.3,30.7,28.0,27.1,26.7,23.5,26.3,20.4,19.7,22.5,27.9,23.0,22.1,24.7,29.2,29.6,30.7,27.2,30.5,25.5,24.4,22.3,20.9,20.8,21.9,22.9,24.7,21.4,22.6,26.5,24.7,24.0,24.1,23.7,25.5,24.2,25.5
receivables per day sales,0.00,0.00,82.17,108.76,112.61,97.44,81.86,77.76,73.46,74.68,97.84,93.08,125.68,127.59,102.56,98.91,126.25,122.90,92.24,112.79,114.15,107.14,86.21,73.97,84.85,89.58,104.17,94.75,110.45,100.94,97.67,96.29,84.58,94.61,73.57,71.09,81.00,100.57,82.66,79.53,88.80,105.05,106.63,110.40,98.08,109.92,91.72,87.86,80.36,75.21,74.79,78.77,82.44,89.04,77.09,81.33,95.28,88.74,86.29,86.70,85.34,91.72,87.14,91.80
receivables turnover,0.0,0.0,0.0,0.0,3.9,4.8,5.7,5.1,4.7,4.4,3.7,3.6,3.2,3.3,3.7,4.2,3.3,3.4,4.4,4.0,3.6,3.7,4.4,4.0,3.6,3.5,3.7,4.3,3.7,3.8,3.7,4.1,4.3,4.4,5.1,5.0,4.8,4.0,5.1,5.4,4.8,3.8,4.1,4.1,4.1,3.8,4.2,4.2,4.8,4.1,4.2,3.9,3.8,4.0,4.6,4.4,4.1,4.1,4.5,4.5,4.2,4.1,4.2,4.1
repayment of long-term debt,-4.0,-9.0,-12.7,-2.5,-103.8,-103.6,-120.4,0.0,0.0,0.0,-0.1,-0.0,-0.0,-0.0,-0.0,-0.0,-0.0,-0.0,-7.2,-45.0,-45.5,-47.5,-48.6,-4.5,-9.7,-15.2,-16.0,-1.2,-4.9,-151.1,-158.4,-4.5,-10.2,-26.6,-29.7,-0.5,-96.0,-96.0,-179.3,0.0,-1.1,-1.1,-21.1,-12.0,-12.0,-101.8,-107.3,-4.7,-13.7,-18.5,-322.3,-8.3,-16.7,-66.0,-33.3,-8.3,-16.7,-35.0,-19.0,-102.9,-103.9,-103.9,-143.9,0.0
repurchase of capital stock,0.0,0.0,0.0,0.0,0.0,0.0,0.0,0.0,0.0,0.0,0.0,0.0,0.0,0.0,0.0,0.0,0.0,0.0,0.0,0.0,0.0,0.0,0.0,0.0,0.0,0.0,0.0,0.0,0.0,0.0,0.0,0.0,0.0,0.0,0.0,0.0,0.0,0.0,0.0,0.0,0.0,0.0,0.0,0.0,0.0,0.0,0.0,0.0,0.0,0.0,0.0,0.0,0.0,0.0,0.0,0.0,0.0,0.0,0.0,0.0,0.0,0.0,-0.5,-12.4
restricted cash,0.0,0.0,0.0,0.0,0.0,0.0,0.0,0.0,0.0,0.0,0.0,0.0,0.0,0.0,0.0,0.0,0.0,0.0,0.0,0.0,0.0,0.0,0.0,0.0,0.0,0.0,0.0,0.0,0.0,0.0,0.0,0.0,0.0,0.0,0.0,0.0,0.0,0.0,0.0,0.0,0.0,0.0,0.0,0.0,0.0,0.0,0.0,0.0,0.0,0.0,0.0,0.0,0.0,0.0,0.0,0.0,0.0,0.0,0.0,0.0,0.0,0.0,0.0,0.0
retained earnings,20.8,23.4,26.3,29.7,35.1,43.3,47.1,50.0,51.8,52.3,48.9,46.8,48.2,53.5,56.8,59.4,81.0,88.2,94.8,100.1,108.2,114.9,118.7,115.5,118.0,118.2,119.2,115.4,114.7,114.2,114.6,123.5,131.8,144.8,153.0,159.3,172.3,212.2,242.7,262.2,292.9,324.2,336.8,369.1,415.9,461.3,520.6,534.9,569.8,582.5,571.2,592.8,502.0,521.2,536.5,535.3,548.6,562.8,586.4,583.5,597.6,610.6,579.1,575.4
revenue per $  plant (net),0.00,0.00,0.44,0.29,0.34,0.39,0.45,0.47,0.47,0.43,0.37,0.34,0.36,0.39,0.43,0.47,0.37,0.37,0.43,0.42,0.42,0.43,0.35,0.35,0.33,0.30,0.27,0.28,0.27,0.27,0.26,0.30,0.35,0.39,0.40,0.40,0.39,0.42,0.44,0.46,0.44,0.40,0.41,0.40,0.41,0.30,0.35,0.39,0.39,0.36,0.32,0.30,0.29,0.30,0.30,0.30,0.30,0.32,0.32,0.32,0.33,0.32,0.30,0.30
revenue per $ cash,0.00,0.00,1.78,3.51,2.78,2.11,2.69,2.90,2.49,2.12,2.52,2.25,3.26,1.94,2.24,2.46,7.03,6.06,5.20,5.45,6.21,4.88,14.23,16.32,19.17,15.68,17.30,10.41,17.26,10.32,7.95,8.36,6.69,10.82,8.43,6.08,8.28,5.51,3.03,2.80,4.10,4.68,7.63,19.94,1.54,9.67,4.09,3.76,2.77,2.15,4.22,7.56,7.09,4.05,3.70,3.38,3.16,3.27,2.96,1.75,2.70,2.64,2.10,3.35
revenue per $ common equity,0.00,0.00,0.54,0.59,0.67,0.69,0.79,0.85,0.84,0.74,0.69,0.67,0.72,0.74,0.80,0.91,0.78,0.78,0.86,0.64,0.58,0.59,0.53,0.54,0.51,0.49,0.44,0.46,0.46,0.46,0.44,0.49,0.56,0.60,0.64,0.60,0.56,0.57,0.46,0.47,0.46,0.43,0.45,0.45,0.43,0.43,0.48,0.50,0.48,0.43,0.39,0.37,0.40,0.38,0.38,0.37,0.37,0.38,0.38,0.38,0.39,0.38,0.38,0.41
revenue per $ invested capital,0.00,0.00,0.36,0.30,0.28,0.31,0.36,0.38,0.38,0.34,0.31,0.29,0.30,0.31,0.34,0.38,0.31,0.31,0.36,0.35,0.35,0.35,0.32,0.32,0.30,0.28,0.25,0.25,0.25,0.25,0.24,0.27,0.31,0.34,0.36,0.35,0.34,0.36,0.36,0.37,0.37,0.34,0.37,0.37,0.31,0.28,0.31,0.33,0.38,0.30,0.30,0.28,0.30,0.29,0.29,0.28,0.28,0.30,0.29,0.28,0.29,0.27,0.25,0.27
revenue per share,0.00,0.00,2.91,3.28,3.96,4.62,5.31,5.61,5.46,5.13,4.34,4.02,4.03,4.13,4.76,5.16,5.39,6.00,6.96,6.19,8.13,6.96,6.73,6.63,6.62,6.46,6.49,6.65,6.55,6.57,6.92,7.70,8.65,9.54,10.02,9.90,10.22,11.29,11.14,11.85,12.41,12.45,13.32,14.04,14.28,15.04,16.24,16.93,18.11,16.49,15.13,14.07,13.61,13.74,13.83,13.45,13.60,13.94,14.35,14.48,14.70,14.63,14.47,14.93
revenue/assets,0.0,0.0,0.3,0.2,0.2,0.3,0.3,0.3,0.3,0.3,0.3,0.2,0.3,0.3,0.3,0.3,0.3,0.3,0.3,0.3,0.3,0.3,0.3,0.3,0.3,0.2,0.2,0.2,0.2,0.2,0.2,0.2,0.3,0.3,0.3,0.3,0.3,0.3,0.3,0.3,0.3,0.3,0.3,0.3,0.3,0.2,0.3,0.3,0.3,0.3,0.2,0.2,0.2,0.2,0.2,0.2,0.2,0.3,0.3,0.2,0.3,0.2,0.2,0.2
sale of long-term investments,0.0,0.0,0.0,0.0,0.0,0.0,0.0,0.0,0.0,0.0,0.0,0.0,0.0,0.0,0.0,0.0,0.0,0.0,0.0,0.0,0.0,0.0,0.0,0.0,0.0,0.0,0.0,0.0,0.0,0.0,0.0,0.0,0.0,0.0,0.0,0.0,0.0,0.0,0.0,0.0,0.0,0.0,0.0,0.0,0.0,0.0,0.0,0.0,0.0,0.0,0.0,0.0,0.0,0.0,0.0,0.0,0.0,0.0,0.0,0.0,0.0,0.0,0.0,0.0
sale of short-term investments,0.0,0.0,0.0,0.0,0.0,3.1,0.0,0.0,0.0,0.0,0.0,0.0,0.0,0.0,0.0,0.0,0.0,0.0,0.0,0.0,0.0,0.0,0.0,0.0,0.0,0.0,0.0,0.0,0.0,0.0,0.0,0.0,0.0,0.0,0.0,0.0,0.0,0.0,0.0,0.0,0.0,0.0,0.0,0.0,0.0,0.0,0.0,0.0,0.0,0.0,0.0,0.0,0.0,0.0,0.0,0.0,0.0,0.0,0.0,0.0,0.0,0.0,0.0,0.0
sales per $ inventory,0.00,0.00,0.00,0.00,0.00,0.00,0.00,0.00,0.00,0.00,0.00,0.00,0.00,0.00,0.00,0.00,0.00,0.00,0.00,0.00,0.00,0.00,0.00,0.00,0.00,0.00,0.00,0.00,0.00,0.00,0.00,0.00,0.00,0.00,0.00,0.00,0.00,0.00,0.00,0.00,0.00,0.00,0.00,0.00,0.00,0.00,0.00,0.00,0.00,0.00,0.00,0.00,0.00,0.00,0.00,0.00,0.00,0.00,0.00,0.00,0.00,0.00,0.00,0.00
sales per $ receivables,0.00,0.00,4.38,3.31,3.20,3.69,4.40,4.63,4.90,4.82,3.68,3.87,2.86,2.82,3.51,3.64,2.85,2.93,3.90,3.19,3.15,3.36,4.18,4.87,4.24,4.02,3.46,3.80,3.26,3.57,3.69,3.74,4.26,3.81,4.89,5.06,4.44,3.58,4.36,4.53,4.05,3.43,3.38,3.26,3.67,3.28,3.93,4.10,4.48,4.79,4.81,4.57,4.37,4.04,4.67,4.43,3.78,4.06,4.17,4.15,4.22,3.92,4.13,3.92
sales per employee,None,None,92742,None,None,None,111082,None,None,None,79230,None,None,None,88298,None,None,None,380210,None,None,None,279580,None,None,None,110553,None,None,None,128398,None,None,None,168351,None,None,None,201867,None,None,None,235405,None,None,None,228744,None,None,None,243044,None,None,None,211627,None,None,None,224629,None,None,None,210381,None
shares out (common class only),13.5,15.8,15.8,16.0,16.0,16.2,16.2,16.2,16.3,16.3,16.3,16.3,16.3,16.4,16.3,16.3,16.4,16.4,16.4,19.9,16.4,19.9,19.9,20.0,20.0,20.0,20.0,20.0,20.0,20.1,20.1,20.2,20.2,20.3,20.4,20.6,20.6,20.7,22.5,22.7,22.9,22.8,23.0,23.1,23.2,25.4,25.4,25.8,25.4,25.8,25.7,25.9,25.9,26.0,26.0,26.5,26.5,26.5,26.6,26.8,26.9,26.9,26.9,26.7
short-term debt,14.0,10.3,10.5,32.0,0.1,0.1,0.1,0.0,0.0,0.1,0.1,0.1,0.0,0.0,0.0,0.0,2.5,2.8,4.4,4.3,4.4,5.1,5.3,5.2,5.3,5.4,5.7,6.8,11.4,4.0,19.5,18.7,12.3,3.3,2.1,6.4,0.0,0.0,0.8,0.8,0.0,0.0,0.0,0.0,0.0,19.0,19.0,19.0,228.6,48.8,33.3,33.3,33.3,33.3,33.3,33.3,33.3,33.3,1.7,79.7,0.0,0.0,0.0,0.0
special income charges,0.0,0.0,0.0,0.0,0.0,0.0,2.9,0.0,0.0,0.0,0.0,-0.4,-0.2,0.0,0.0,-0.1,0.0,0.0,0.0,0.0,0.0,0.0,0.0,0.0,0.0,0.0,0.0,0.0,0.0,-6.5,6.5,0.0,0.0,0.0,0.0,0.0,0.0,0.0,0.0,0.0,0.0,0.0,0.0,0.0,0.0,0.0,0.0,-46.2,0.0,0.0,0.0,0.0,-97.7,0.0,0.0,0.0,0.0,0.0,-1.8,0.0,0.0,-0.9,8.4,0.0
tangible book value per share,3.44,5.16,5.39,4.43,4.81,5.52,5.59,5.52,5.47,5.85,5.21,4.94,4.58,4.59,4.99,4.72,5.61,6.35,6.79,8.53,12.38,10.59,11.40,10.90,11.64,11.85,13.16,13.14,12.81,12.88,14.20,14.25,14.00,14.53,14.36,14.99,16.69,18.56,22.71,23.68,25.43,27.71,27.93,29.67,31.74,28.56,27.52,27.74,31.81,32.13,32.20,31.87,31.41,33.43,34.08,34.15,34.95,34.55,35.36,35.86,35.78,36.91,36.16,34.68
total assets per share,8.90,9.48,9.77,14.58,15.89,16.80,16.71,16.67,16.49,17.19,16.27,16.19,15.54,15.72,16.17,16.12,19.55,21.39,21.47,19.72,27.16,22.71,24.44,23.86,24.80,26.14,28.72,28.84,28.52,29.08,31.43,30.90,30.13,29.66,30.13,30.38,31.96,33.83,33.33,34.54,36.39,39.27,40.64,42.59,50.65,62.93,61.42,59.84,63.96,64.31,60.93,59.05,54.50,56.80,56.30,56.06,56.77,55.16,56.35,61.17,57.96,60.78,64.88,62.89
total capitalization,0.0,0.0,0.0,0.0,0.0,0.0,0.0,0.0,236.1,242.5,234.8,227.9,221.6,221.0,227.7,222.5,287.3,314.2,314.1,346.1,383.2,390.6,420.0,414.4,434.7,468.0,528.7,528.9,516.3,538.6,574.2,569.9,558.8,562.9,567.8,580.5,614.9,653.3,700.9,727.1,774.4,824.9,835.6,880.2,"1,073.6","1,355.4","1,317.8","1,332.2","1,205.9","1,405.9","1,313.8","1,303.0","1,181.7","1,239.0","1,239.1","1,259.9","1,273.6","1,241.9","1,302.7","1,364.7","1,364.9","1,439.1","1,528.9","1,479.8"
total debt as % total assets,61.3,45.5,44.9,62.0,62.8,60.4,60.0,60.5,60.5,59.8,61.3,63.0,63.9,64.7,63.0,64.9,64.6,64.1,62.1,51.0,48.6,47.6,47.6,48.8,47.6,49.5,49.2,49.6,50.2,51.0,50.0,49.3,48.9,46.4,47.9,46.1,43.2,41.0,27.9,27.5,26.3,25.6,27.6,26.6,34.2,44.4,45.1,43.5,40.5,40.4,36.9,35.7,38.3,37.1,35.4,35.0,34.4,33.5,33.5,37.9,34.8,35.9,41.1,41.7
total debt/equity ratio,1.33,0.68,0.63,1.36,1.38,1.21,1.20,1.22,1.23,1.16,1.24,1.33,1.42,1.43,1.33,1.41,1.55,1.52,1.39,0.83,0.69,0.67,0.67,0.72,0.70,0.79,0.83,0.84,0.86,0.90,0.88,0.86,0.83,0.75,0.78,0.74,0.64,0.58,0.30,0.28,0.26,0.24,0.24,0.22,0.39,0.55,0.56,0.55,0.48,0.47,0.36,0.36,0.39,0.37,0.35,0.34,0.32,0.31,0.31,0.42,0.34,0.37,0.49,0.51
total non-current assets,101.0,99.0,117.7,201.0,209.7,215.8,217.5,217.0,212.0,219.7,220.9,216.2,207.9,197.0,205.4,204.2,275.2,299.1,298.8,325.9,376.9,378.6,440.3,437.1,453.1,477.6,525.0,527.0,520.3,531.6,574.3,562.7,540.1,531.4,544.6,546.7,581.9,588.6,607.7,622.5,690.3,747.7,800.0,857.6,863.8,"1,431.4","1,344.1","1,308.1","1,344.0","1,361.1","1,380.6","1,390.8","1,260.7","1,281.9","1,273.6","1,277.9","1,277.5","1,242.9","1,258.3","1,298.7","1,296.7","1,363.4","1,441.1","1,431.6"
total ordinary shares,0.0,0.0,0.0,0.0,0.0,0.0,0.0,0.0,0.0,0.0,0.0,0.0,0.0,0.0,0.0,0.0,0.0,0.0,0.0,0.0,0.0,0.0,0.0,0.0,0.0,0.0,0.0,0.0,0.0,0.0,0.0,0.0,0.0,0.0,0.0,0.0,0.0,0.0,0.0,0.0,0.0,0.0,0.0,0.0,0.0,0.0,0.0,0.0,0.0,0.0,0.0,0.0,0.0,0.0,0.0,0.0,0.0,0.0,0.0,0.0,0.0,0.0,0.0,0.0
total revenue,11.4,12.6,12.3,16.0,22.4,24.3,23.4,21.1,19.9,19.0,12.3,14.4,20.0,21.0,22.3,21.0,24.1,31.0,38.0,29.8,34.6,36.2,33.3,28.3,34.3,33.1,34.2,31.6,32.2,34.1,41.4,48.1,51.3,53.0,51.6,47.7,58.4,75.8,69.0,65.5,74.3,74.7,91.5,83.3,81.9,124.6,121.9,108.8,104.7,90.8,84.7,84.7,92.8,94.5,87.9,81.3,96.9,103.8,99.9,87.4,104.9,101.9,95.0,96.9
treasury shares,0.0,0.0,0.0,0.0,0.0,0.0,0.0,0.0,0.0,0.0,0.0,0.0,0.0,0.0,0.0,0.0,0.0,0.0,0.0,0.0,0.0,0.0,3.6,3.6,3.6,3.6,6.1,6.1,6.1,6.1,9.1,9.1,9.1,9.1,11.6,11.6,11.6,11.6,0.2,0.1,0.2,0.2,0.2,0.2,0.2,0.2,0.2,0.2,0.2,0.2,0.2,0.2,0.3,0.3,0.3,0.3,0.0,0.0,0.0,0.0,0.0,0.0,0.0,0.4
treasury stock,0.0,0.0,0.0,0.0,0.0,0.0,0.0,0.0,0.0,0.0,0.0,0.0,0.0,0.0,0.0,0.0,0.0,0.0,-0.2,-0.4,-0.4,-0.5,-0.5,-0.7,-0.7,-0.8,-0.9,-1.0,-1.1,-1.2,-1.3,-1.4,-1.7,-1.8,-2.0,-2.4,-2.7,-2.9,-3.0,-3.5,-4.4,-4.7,-4.2,-4.7,-7.1,-7.1,-6.9,-6.3,-6.3,-6.3,-5.9,-6.7,-7.0,-7.2,-7.2,-9.2,-9.0,-9.0,-9.0,-9.1,-9.4,-9.7,-11.5,-23.5
working capital,0.1,35.8,19.4,-7.3,34.4,44.2,41.5,41.3,45.4,44.5,35.8,33.3,35.3,46.9,47.2,47.1,27.2,28.6,31.3,40.3,42.9,50.1,20.4,12.1,17.2,17.2,23.1,21.0,14.5,22.6,8.9,15.2,26.2,39.9,34.9,44.9,43.3,74.0,104.9,115.6,103.1,103.7,83.6,77.7,261.4,84.7,138.0,168.4,-7.2,188.6,88.0,47.6,58.5,98.3,101.5,117.1,131.7,134.5,178.9,199.9,202.7,210.8,224.8,184.3
working capital as % of price,0.1,13.1,7.5,-3.3,18.9,31.5,32.4,42.6,29.4,30.4,29.4,19.7,17.6,19.5,20.4,17.9,10.5,14.5,13.5,11.2,12.7,14.5,6.9,4.5,5.1,6.1,8.2,6.7,4.6,6.9,2.0,2.9,4.8,6.1,5.8,7.8,8.1,11.2,12.5,11.7,8.8,9.4,7.8,6.2,19.4,7.4,22.9,27.3,-1.0,22.3,12.1,6.9,8.6,12.3,12.8,9.9,11.2,14.0,16.0,16.2,22.1,23.7,24.3,17.7
working capital per share,0.01,2.26,1.23,-0.46,2.15,2.72,2.55,2.54,2.79,2.74,2.15,2.04,2.16,2.86,2.89,2.89,1.66,1.74,1.91,2.03,2.62,2.52,1.02,0.61,0.86,0.86,1.15,1.05,0.72,1.13,0.44,0.75,1.30,1.96,1.72,2.18,2.10,3.58,4.66,5.10,4.49,4.55,3.64,3.37,11.27,3.34,5.44,6.52,-0.28,7.30,3.43,1.83,2.25,3.79,3.90,4.42,4.97,5.07,6.72,7.46,7.53,7.83,8.36,6.90
working captial as % of equity,0.2,43.8,22.7,-8.2,36.4,40.9,38.2,38.6,42.8,39.6,34.2,34.1,38.6,51.6,48.3,51.0,23.9,22.7,23.4,21.0,18.7,21.2,8.0,5.0,6.6,6.5,7.9,7.2,5.1,7.9,2.8,4.8,8.4,12.3,10.9,13.3,11.6,17.9,19.4,20.4,16.8,15.6,12.4,10.8,33.8,9.5,16.1,19.3,-0.7,19.0,8.9,4.8,6.7,10.6,10.7,12.1,13.3,13.8,17.9,19.6,19.9,20.1,21.9,18.8
