,1998/12,1999/03,1999/06,1999/09,1999/12,2000/03,2000/06,2000/09,2000/12,2001/03,2001/06,2001/09,2001/12,2002/03,2002/06,2002/09,2002/12,2003/03,2003/06,2003/09,2003/12,2004/03,2004/06,2004/09,2004/12,2005/03,2005/06,2005/09,2005/12,2006/03,2006/06,2006/09,2006/12,2007/03,2007/06,2007/09,2007/12,2008/03,2008/06,2008/09,2008/12,2009/03,2009/06,2009/09,2009/12,2010/03,2010/06,2010/09,2010/12,2011/03,2011/09,2011/12,2012/03,2012/06,2012/09,2012/12
% of EPS-to-Industry,276.8,0.0,0.0,0.0,130.8,186.0,204.1,241.3,259.7,454.7,413.4,366.3,204.5,213.0,234.4,256.2,220.3,189.1,159.0,110.3,95.7,54.3,34.6,46.2,75.0,115.8,162.2,181.7,145.4,261.7,465.5,560.2,219.7,487.6,182.7,189.6,134.1,123.4,220.9,156.3,344.1,168.2,-1486.4,541.7,-982.9,665.4,431.9,311.4,287.1,241.0,-232.4,21.9,87.4,135.7,109.5,227.2
% of PE-to-Industry,15.0,0.0,0.0,0.0,48.6,31.5,27.3,26.1,18.2,9.1,8.5,10.3,22.0,26.9,24.4,24.4,26.3,35.6,42.9,54.9,62.1,95.6,114.5,116.3,77.0,51.6,40.4,44.7,52.1,28.5,17.0,16.6,49.8,20.1,52.8,50.8,79.6,90.2,53.3,78.8,0.0,0.0,0.0,0.0,0.0,12.0,23.0,33.0,41.2,53.6,0.0,415.4,114.8,86.3,117.5,55.9
% of ROE-to-Industry,172.7,0.0,0.0,0.0,87.5,0.0,0.0,0.0,148.3,0.0,0.0,0.0,139.8,133.3,150.5,159.4,134.2,123.0,102.9,79.5,55.3,34.6,22.5,30.8,48.5,77.5,102.9,112.9,91.0,105.2,121.0,116.1,116.4,86.5,76.8,71.3,75.0,73.8,119.6,123.3,0.0,0.0,0.0,0.0,0.0,360.0,169.0,135.4,128.4,111.2,0.0,37.0,125.8,510.0,238.9,125.0
% of current ratio-to-industry,310.5,0.0,0.0,0.0,118.8,0.0,0.0,0.0,225.0,0.0,0.0,0.0,252.9,294.1,258.8,300.0,433.3,350.0,222.2,293.3,393.8,294.4,247.1,231.6,321.1,338.9,327.8,373.7,315.8,321.1,273.7,305.3,310.5,319.0,254.5,212.5,270.0,238.1,215.0,240.0,141.2,204.5,169.6,160.9,138.1,152.2,166.7,219.0,220.0,254.5,214.3,126.3,155.0,125.0,165.0,142.9
% of debt/equity-to-industry,6.8,0.0,0.0,0.0,28.3,0.0,0.0,0.0,15.3,0.0,0.0,0.0,2.3,2.5,1.3,1.3,1.3,1.3,1.3,1.4,1.5,1.6,1.7,1.6,1.7,1.8,2.0,0.0,0.0,0.0,0.0,0.0,0.0,0.0,0.0,0.0,0.0,0.0,0.0,0.0,5.3,5.1,3.5,7.5,6.0,4.0,5.7,7.9,9.8,11.1,8.6,5.7,6.5,6.1,28.1,25.0
% of earnings-to-industry,15.0,0.0,0.0,0.0,8.6,9.0,10.3,13.3,18.4,18.9,17.4,14.7,16.1,15.3,15.8,16.8,14.7,13.3,11.2,8.1,5.5,3.2,2.0,2.7,4.2,6.3,8.5,9.3,7.9,9.0,9.9,10.0,10.1,7.2,6.6,6.7,6.5,6.8,11.5,10.9,16.1,8.2,-72.0,14.3,-29.6,20.7,9.2,7.2,7.1,6.0,-7.9,1.5,5.6,21.8,11.2,5.9
% of gross profit margin-to-industry,217.1,0.0,0.0,0.0,190.7,0.0,0.0,0.0,167.2,0.0,0.0,0.0,172.8,0.0,0.0,0.0,223.1,222.5,209.5,190.6,182.0,162.2,145.0,153.9,170.8,189.6,210.6,215.4,210.1,211.5,207.8,199.2,210.6,196.1,189.6,186.3,164.6,160.0,146.0,130.9,150.0,160.8,197.8,205.2,175.2,161.2,152.0,154.5,137.4,135.1,0.0,96.4,105.3,133.6,137.0,128.7
% of leverage-to-industry,45.8,0.0,0.0,0.0,60.9,0.0,0.0,0.0,60.9,0.0,0.0,0.0,48.1,50.0,50.0,52.0,48.0,48.0,50.0,52.0,48.0,56.5,56.5,56.5,52.2,52.2,59.1,54.5,54.5,52.2,56.5,52.2,52.2,52.2,61.9,54.2,61.9,61.9,59.1,59.1,58.3,54.2,54.2,59.1,63.6,65.0,72.2,68.4,65.0,68.4,68.4,73.7,77.8,78.9,78.9,83.3
% of net profit margin-to-industry,955.6,0.0,0.0,0.0,480.0,388.6,348.6,344.7,415.6,436.7,400.0,407.1,414.8,442.3,533.3,586.4,621.7,547.8,481.0,358.3,252.9,150.0,95.8,129.2,196.3,300.0,400.0,421.2,338.9,388.9,415.0,428.6,414.3,316.7,269.6,261.5,233.3,220.0,364.3,337.5,733.3,400.0,-2000.0,750.0,-1166.7,900.0,344.4,285.0,275.9,238.7,0.0,60.0,191.7,650.0,366.7,186.7
% of post-tax profit margin-to-industry,955.6,0.0,0.0,0.0,480.0,388.6,348.6,344.7,475.0,503.8,459.3,456.0,414.8,442.3,533.3,586.4,621.7,547.8,481.0,358.3,252.9,165.0,100.0,134.8,203.8,300.0,400.0,421.2,338.9,388.9,415.0,428.6,414.3,316.7,269.6,261.5,233.3,220.0,392.3,385.7,733.3,400.0,-2000.0,1500.0,-875.0,1200.0,387.5,285.0,275.9,238.7,0.0,66.7,191.7,866.7,366.7,186.7
% of pre-tax profit margin-to-industry,642.9,0.0,0.0,0.0,337.8,0.0,0.0,0.0,409.3,0.0,0.0,0.0,334.9,0.0,0.0,0.0,378.8,381.8,316.1,222.9,216.0,133.3,68.6,100.0,160.5,234.1,330.2,354.3,298.0,321.6,360.0,352.9,538.9,364.0,312.5,308.6,223.1,213.2,442.9,300.0,966.7,580.0,-414.3,16.7,0.0,800.0,364.3,280.0,252.5,216.3,0.0,9.1,51.9,68.9,103.8,147.9
% of pric/free cashlow-to-industry,-24.8,0.0,0.0,0.0,-20.9,0.0,0.0,0.0,9.5,0.0,0.0,0.0,-129.6,63.9,98.6,62.9,50.4,-34.1,5.1,46.1,-42.6,-11.8,102.3,32.8,23.0,-9.5,20.1,17.4,32.8,-83.6,-210.1,-257.3,-288.0,-1500.5,6.9,159.1,64.4,-640.8,668.8,90.8,84.4,18.2,25.5,-728.2,400.6,13.3,27.3,29.2,55.8,69.6,26.2,10.8,7.4,19.3,64.2,55.2
% of price-to-industry,41.6,54.5,38.7,40.6,63.4,58.7,55.6,63.0,47.3,41.4,35.2,37.7,44.9,57.2,57.1,62.3,58.0,67.2,68.1,60.6,59.6,52.1,39.9,54.0,57.8,59.7,65.5,81.2,75.7,74.5,79.3,92.9,109.5,98.1,96.5,96.2,106.8,111.5,116.3,123.6,89.6,74.7,106.6,79.6,85.8,80.6,101.2,103.0,117.7,129.3,118.4,90.2,99.8,116.9,128.4,126.9
% of price/book-to-industry,32.4,0.0,0.0,0.0,46.4,0.0,0.0,0.0,28.6,0.0,0.0,0.0,30.4,33.5,36.8,39.0,35.3,41.7,42.4,40.0,39.2,35.8,29.4,38.9,37.1,38.3,42.2,52.2,47.7,47.7,52.6,50.0,58.3,53.7,53.2,48.5,59.0,70.9,69.5,57.3,53.0,40.9,45.5,39.2,41.7,36.1,47.1,47.8,52.6,59.1,67.4,52.2,50.3,60.3,61.6,60.4
% of price/cashflow-to-industry,35.6,0.0,0.0,0.0,74.6,0.0,0.0,0.0,29.4,0.0,0.0,0.0,35.0,0.0,0.0,0.0,41.5,52.8,61.8,68.2,89.3,100.4,97.0,110.2,81.6,61.0,54.0,62.2,65.9,62.0,65.5,69.7,81.9,85.2,87.9,86.3,94.5,114.3,128.5,111.2,-213.7,-113.7,256.9,84.2,30.5,33.0,50.6,53.6,55.0,66.3,-71.6,83.1,112.8,38.8,49.2,57.0
% of price/sales-to-industry,179.2,0.0,0.0,0.0,257.1,221.7,168.0,145.2,78.3,84.2,70.7,88.2,92.1,112.5,129.4,144.4,165.4,181.8,192.6,182.1,186.2,158.3,125.6,160.6,147.5,150.0,161.5,195.1,184.6,173.0,186.5,188.9,212.2,194.3,187.7,180.8,182.7,212.8,210.3,161.9,161.3,139.3,164.4,108.8,91.5,77.9,100.0,100.0,115.1,130.2,3229.2,85.7,78.9,89.8,91.5,90.2
% of sales-to-industry,1.6,0.0,0.0,0.0,1.8,2.3,3.0,3.9,4.5,4.3,4.4,3.7,3.9,3.4,3.0,2.9,2.4,2.4,2.3,2.2,2.1,2.1,2.1,2.1,2.1,2.1,2.1,2.2,2.3,2.3,2.3,2.3,2.3,2.3,2.4,2.6,2.7,3.1,3.1,3.1,2.2,2.1,2.0,2.0,2.6,2.5,2.5,2.6,2.5,2.5,0.1,2.4,2.9,2.9,3.2,3.2
(increase) decrease in inventories,-20.7,0.0,0.0,0.0,-0.7,0.0,0.0,0.0,-3.7,0.0,0.0,0.0,-42.5,0.0,0.0,0.0,-9.8,0.0,0.0,0.0,-27.1,0.0,0.0,0.0,-3.8,0.0,0.0,0.0,-30.7,0.0,0.0,0.0,-47.8,0.0,0.0,0.0,-104.4,0.0,0.0,0.0,-56.7,0.0,82.0,52.2,21.6,19.0,38.8,10.0,2.5,24.7,-64.0,-52.5,115.1,-42.8,-96.1,-97.2
(increase) decrease in other current assets,-2.8,0.0,0.0,0.0,1.9,0.0,0.0,0.0,0.0,0.0,0.0,0.0,0.0,0.0,0.0,0.0,0.0,0.0,0.0,0.0,0.0,0.0,0.0,0.0,0.0,0.0,0.0,0.0,0.0,0.0,0.0,0.0,0.0,0.0,0.0,0.0,0.0,0.0,0.0,0.0,0.0,0.0,0.0,0.0,0.0,0.0,0.0,0.0,0.0,0.0,0.0,0.0,0.0,0.0,0.0,0.0
(increase) decrease in prepaid expenses,0.0,0.0,0.0,0.0,0.0,0.0,0.0,0.0,-2.9,0.0,0.0,0.0,6.0,0.0,0.0,0.0,-9.9,0.0,0.0,0.0,7.9,0.0,0.0,0.0,2.6,0.0,0.0,0.0,-3.0,0.0,0.0,0.0,2.5,0.0,0.0,0.0,-2.9,0.0,0.0,0.0,-1.8,0.0,0.0,0.0,-0.1,0.0,0.0,0.0,1.3,0.0,0.0,-15.6,0.0,0.0,0.0,-9.0
(increase) decrease in receivables,1.2,0.0,0.0,0.0,3.0,0.0,0.0,0.0,-0.6,0.0,0.0,0.0,-11.6,0.0,0.0,0.0,3.8,0.0,0.0,0.0,-4.8,0.0,0.0,0.0,8.4,0.0,0.0,0.0,-16.6,0.0,0.0,0.0,-4.6,0.0,0.0,0.0,-30.8,0.0,0.0,0.0,-7.1,0.0,11.0,12.1,-2.6,5.5,6.0,8.0,-4.1,9.8,10.1,-13.8,16.7,12.9,1.7,1.1
Basic EPS (Continuing),0.00,0.49,0.50,0.50,1.24,0.64,0.66,0.64,2.25,0.68,0.60,0.57,0.63,0.84,0.84,0.48,0.72,0.30,0.36,0.12,0.12,0.12,0.18,0.30,0.66,0.84,1.20,0.97,0.16,2.46,3.30,0.41,0.15,0.48,0.86,0.80,-0.10,0.48,0.38,-0.18,-1.86,0.39,1.06,-0.08,-0.14,0.45,0.96,1.01,0.76,0.25,-0.16,-0.04,1.03,0.47,-0.17,0.86
Basic EPS (Cum. Effect of Acct. Change),0.00,0.00,0.00,0.00,0.00,0.00,0.00,0.00,0.00,0.00,0.00,0.00,0.00,0.00,0.00,0.00,0.00,0.00,0.00,0.00,0.00,0.00,0.00,0.00,0.00,0.00,0.00,0.00,0.00,0.00,0.00,0.00,0.00,0.00,0.00,0.00,0.00,0.00,0.00,0.00,0.00,0.00,0.00,0.00,0.00,0.00,0.00,0.00,0.00,0.00,0.00,0.00,0.00,0.00,0.00,0.00
Basic EPS (Discontinued),0.00,0.00,0.00,0.00,0.00,0.00,0.00,0.00,0.00,0.00,0.00,0.00,0.00,0.00,0.00,0.00,0.00,0.00,0.00,0.00,0.00,0.00,0.00,0.00,0.00,0.00,0.00,0.00,0.00,0.00,0.00,0.00,0.00,0.00,0.00,0.00,0.00,0.00,0.00,0.00,0.00,0.00,0.00,0.00,0.00,0.00,0.00,0.00,0.00,0.00,0.00,0.00,0.00,0.00,0.00,0.00
Basic EPS (Extraordinary Items),0.00,0.00,0.00,0.00,0.00,0.00,0.00,0.00,0.00,0.00,0.00,0.00,0.00,0.00,0.00,0.00,0.00,0.00,0.00,0.00,0.00,0.00,0.00,0.00,0.00,0.00,0.00,0.00,0.00,0.00,0.00,0.00,0.00,0.00,0.00,0.00,0.00,0.00,0.00,0.00,0.00,0.00,0.00,0.00,0.00,0.00,0.00,0.00,0.00,0.00,0.00,0.00,0.00,0.00,0.00,0.00
Basic EPS (Other Gains/Losses),0.00,0.00,0.00,0.00,0.00,0.00,0.00,0.00,0.00,0.00,0.00,0.00,0.00,0.00,0.00,0.00,0.00,0.00,0.00,0.00,0.00,0.00,0.00,0.00,0.00,0.00,0.00,0.00,0.00,0.00,0.00,0.00,0.00,0.00,0.00,0.00,0.00,0.00,0.00,0.00,0.00,0.00,0.00,0.00,0.00,0.00,0.00,0.00,0.00,0.00,0.00,0.00,0.00,0.00,0.00,0.00
Basic EPS (Tax Loss Carry Forward),0.00,0.00,0.00,0.00,0.00,0.00,0.00,0.00,0.00,0.00,0.00,0.00,0.00,0.00,0.00,0.00,0.00,0.00,0.00,0.00,0.00,0.00,0.00,0.00,0.00,0.00,0.00,0.00,0.00,0.00,0.00,0.00,0.00,0.00,0.00,0.00,0.00,0.00,0.00,0.00,0.00,0.00,0.00,0.00,0.00,0.00,0.00,0.00,0.00,0.00,0.00,0.00,0.00,0.00,0.00,0.00
Close PE Ratio,4.5,0.0,0.0,0.0,5.7,2.5,2.2,2.5,2.7,1.5,1.4,1.5,3.1,3.7,3.3,3.0,3.0,3.5,5.5,6.6,10.7,15.8,18.5,15.8,11.3,7.4,5.5,5.9,5.9,3.6,2.7,3.5,18.6,6.7,17.1,13.2,14.0,14.2,18.9,42.0,0.0,0.0,0.0,0.0,18.9,17.3,14.3,8.3,7.6,9.4,0.0,82.9,19.7,16.9,18.7,8.3
Diluted EPS (Continuing),0.00,0.49,0.50,0.50,1.24,0.64,0.66,0.64,2.25,0.68,0.60,0.57,0.63,0.84,0.84,0.48,0.72,0.30,0.36,0.12,0.12,0.12,0.18,0.30,0.66,0.84,1.20,0.97,0.16,2.46,3.30,0.41,0.15,0.48,0.86,0.80,-0.10,0.48,0.38,-0.18,-1.86,0.39,1.06,-0.08,-0.14,0.45,0.96,1.01,0.76,0.25,-0.16,-0.04,1.03,0.47,-0.17,0.86
Diluted EPS (Cum. Effect of Acct. Change),0.00,0.00,0.00,0.00,0.00,0.00,0.00,0.00,0.00,0.00,0.00,0.00,0.00,0.00,0.00,0.00,0.00,0.00,0.00,0.00,0.00,0.00,0.00,0.00,0.00,0.00,0.00,0.00,0.00,0.00,0.00,0.00,0.00,0.00,0.00,0.00,0.00,0.00,0.00,0.00,0.00,0.00,0.00,0.00,0.00,0.00,0.00,0.00,0.00,0.00,0.00,0.00,0.00,0.00,0.00,0.00
Diluted EPS (Discontinued),0.00,0.00,0.00,0.00,0.00,0.00,0.00,0.00,0.00,0.00,0.00,0.00,0.00,0.00,0.00,0.00,0.00,0.00,0.00,0.00,0.00,0.00,0.00,0.00,0.00,0.00,0.00,0.00,0.00,0.00,0.00,0.00,0.00,0.00,0.00,0.00,0.00,0.00,0.00,0.00,0.00,0.00,0.00,0.00,0.00,0.00,0.00,0.00,0.00,0.00,0.00,0.00,0.00,0.00,0.00,0.00
Diluted EPS (Extraordinary),0.00,0.00,0.00,0.00,0.00,0.00,0.00,0.00,0.00,0.00,0.00,0.00,0.00,0.00,0.00,0.00,0.00,0.00,0.00,0.00,0.00,0.00,0.00,0.00,0.00,0.00,0.00,0.00,0.00,0.00,0.00,0.00,0.00,0.00,0.00,0.00,0.00,0.00,0.00,0.00,0.00,0.00,0.00,0.00,0.00,0.00,0.00,0.00,0.00,0.00,0.00,0.00,0.00,0.00,0.00,0.00
Diluted EPS (Other Gains/Losses),0.00,0.00,0.00,0.00,0.00,0.00,0.00,0.00,0.00,0.00,0.00,0.00,0.00,0.00,0.00,0.00,0.00,0.00,0.00,0.00,0.00,0.00,0.00,0.00,0.00,0.00,0.00,0.00,0.00,0.00,0.00,0.00,0.00,0.00,0.00,0.00,0.00,0.00,0.00,0.00,0.00,0.00,0.00,0.00,0.00,0.00,0.00,0.00,0.00,0.00,0.00,0.00,0.00,0.00,0.00,0.00
Diluted EPS (Tax Loss Carry Forward),0.00,0.00,0.00,0.00,0.00,0.00,0.00,0.00,0.00,0.00,0.00,0.00,0.00,0.00,0.00,0.00,0.00,0.00,0.00,0.00,0.00,0.00,0.00,0.00,0.00,0.00,0.00,0.00,0.00,0.00,0.00,0.00,0.00,0.00,0.00,0.00,0.00,0.00,0.00,0.00,0.00,0.00,0.00,0.00,0.00,0.00,0.00,0.00,0.00,0.00,0.00,0.00,0.00,0.00,0.00,0.00
Dividends Paid Per Share (YTD),0.00,0.00,0.00,0.00,0.00,0.00,0.00,0.10,0.21,0.00,0.22,0.45,0.68,0.00,0.19,0.38,0.56,0.00,0.19,0.39,0.58,0.00,0.14,0.28,0.42,0.00,0.15,0.29,0.44,0.00,0.21,0.43,0.64,0.00,0.22,0.44,0.65,0.00,0.22,0.45,0.66,0.00,0.19,0.36,0.36,0.00,0.19,0.37,0.37,0.00,0.49,0.49,0.00,0.21,0.43,0.43
EPS from Total Operations (YTD),2.27,0.49,0.99,1.49,1.88,0.64,1.30,1.93,2.57,0.68,1.18,1.75,2.37,0.84,1.62,2.10,2.82,0.30,0.66,0.84,0.96,0.12,0.24,0.60,1.26,0.84,2.16,3.14,3.30,2.46,5.70,1.41,1.56,0.48,1.31,2.38,2.28,0.48,0.83,0.59,-1.27,0.39,1.48,1.36,1.22,0.45,1.39,2.44,3.20,0.25,0.27,0.23,1.03,1.43,2.50,3.36
High PE Ratio,8.5,0.0,0.0,0.0,6.0,3.9,3.7,3.5,4.2,2.2,2.2,2.2,3.2,3.9,3.6,3.7,3.7,4.3,5.9,7.3,11.4,19.0,25.3,19.0,11.3,7.8,5.5,6.4,7.1,4.9,3.4,3.6,18.7,7.2,17.7,15.7,15.8,17.6,22.9,57.8,0.0,0.0,0.0,0.0,19.9,19.1,20.5,10.7,8.4,9.5,0.0,125.6,27.0,19.0,18.7,8.7
"Income, Restructuring and M&A;",0.0,0.0,0.0,0.0,0.0,0.0,0.0,0.0,0.0,0.0,0.0,0.0,0.0,0.0,0.0,0.0,0.0,0.0,0.0,0.0,0.0,0.0,0.0,0.0,0.0,0.0,0.0,0.0,0.0,0.0,0.0,0.0,0.0,0.0,0.0,0.0,0.0,0.0,0.0,0.0,0.0,0.0,0.0,0.0,0.0,0.0,0.0,0.0,0.0,0.0,0.0,0.0,0.0,0.0,0.0,0.0
LT-Debt as % of Invested Capital,4.9,0.0,0.0,0.0,13.3,0.0,0.0,0.0,7.9,0.0,0.0,0.0,1.9,1.5,1.3,0.9,0.8,0.7,0.6,1.0,0.9,0.9,1.2,0.8,0.7,1.3,1.2,0.4,0.4,0.3,0.3,0.2,0.3,0.2,0.5,0.4,0.3,0.3,0.5,0.4,2.7,2.6,1.6,3.6,2.5,1.7,2.1,3.3,3.7,3.4,2.6,2.3,2.1,2.1,8.0,7.4
LT-Debt as % of Total Debt,40.8,0.0,0.0,0.0,38.7,0.0,0.0,0.0,22.3,0.0,0.0,0.0,5.8,5.2,4.2,3.3,3.4,2.7,2.2,3.5,3.9,3.3,4.4,2.7,2.8,5.1,4.5,1.9,1.8,1.4,1.0,1.1,1.0,1.0,1.7,1.3,1.3,1.1,1.8,1.5,7.2,8.4,5.1,11.4,7.0,5.1,6.3,11.1,13.0,13.2,8.7,5.5,5.7,4.7,18.8,17.0
LT-Debt to Equity Ratio,0.05,0.00,0.00,0.00,0.15,0.00,0.00,0.00,0.09,0.00,0.00,0.00,0.02,0.02,0.01,0.01,0.01,0.01,0.01,0.01,0.01,0.01,0.01,0.01,0.01,0.01,0.01,0.00,0.00,0.00,0.00,0.00,0.00,0.00,0.00,0.00,0.00,0.00,0.00,0.00,0.03,0.03,0.02,0.04,0.03,0.02,0.02,0.03,0.04,0.04,0.03,0.02,0.02,0.02,0.09,0.08
Low PE Ratio,3.0,0.0,0.0,0.0,3.5,2.3,2.1,2.0,2.5,1.4,1.4,1.3,2.3,2.0,1.9,2.0,2.5,3.3,4.1,5.1,8.0,11.3,16.2,12.1,6.9,4.4,3.2,2.9,3.8,3.0,2.3,2.5,10.2,3.9,9.3,9.0,10.0,11.1,14.5,34.5,0.0,0.0,0.0,0.0,7.0,8.8,14.2,7.4,5.3,5.6,0.0,75.7,16.3,13.4,13.5,5.6
Net Income from Total Operations (YTD),92.9,21.0,46.4,64.3,85.8,31.7,63.4,95.1,126.8,29.4,58.8,86.3,117.6,42.0,80.0,104.0,141.8,21.0,33.0,39.0,41.7,6.0,13.0,31.0,63.4,45.0,106.0,157.0,166.3,22.0,50.0,71.0,80.9,24.0,65.0,99.0,116.4,22.0,42.0,30.0,-64.1,19.5,75.5,71.2,61.9,22.3,69.3,122.0,160.2,13.0,13.6,11.4,51.7,71.7,125.0,168.1
Normalized Close PE Ratio,4.5,0.0,0.0,0.0,5.7,0.0,0.0,0.0,2.7,0.0,0.0,0.0,3.1,0.0,0.0,0.0,3.0,3.6,5.8,7.1,10.7,15.8,18.5,15.8,11.3,7.6,5.6,6.0,5.9,3.6,2.7,3.5,18.6,6.7,17.1,13.2,14.0,14.2,18.9,42.0,0.0,0.0,0.0,0.0,18.9,17.3,14.3,8.3,7.6,9.4,0.0,82.9,19.7,16.9,18.7,9.5
Normalized High PE Ratio,8.5,0.0,0.0,0.0,6.0,0.0,0.0,0.0,4.2,0.0,0.0,0.0,3.2,0.0,0.0,0.0,3.7,4.4,6.2,7.7,11.4,19.0,25.3,19.0,11.3,8.0,5.6,6.4,7.1,4.9,3.4,3.6,18.7,7.2,17.7,15.7,15.8,17.6,22.9,57.8,0.0,0.0,0.0,0.0,19.9,19.1,20.5,10.7,8.4,9.5,0.0,125.6,27.0,19.0,18.7,10.0
Normalized Low PE Ratio,3.0,0.0,0.0,0.0,3.5,0.0,0.0,0.0,2.5,0.0,0.0,0.0,2.3,0.0,0.0,0.0,2.5,3.4,4.3,5.4,8.0,11.3,16.2,12.1,6.9,4.5,3.3,2.9,3.8,3.0,2.3,2.5,10.2,3.9,9.3,9.0,10.0,11.1,14.5,34.5,0.0,0.0,0.0,0.0,7.0,8.8,14.2,7.4,5.3,5.6,0.0,75.7,16.3,13.4,13.5,6.4
Normalized ROA,15.2,0.0,0.0,0.0,9.0,0.0,0.0,0.0,12.7,0.0,0.0,0.0,10.2,0.0,0.0,0.0,12.8,10.7,7.9,6.8,3.8,2.8,2.1,2.9,5.3,7.9,11.2,13.2,11.5,9.8,7.8,5.3,5.2,5.2,5.7,6.4,6.6,6.3,4.8,2.8,-4.6,-4.8,-1.9,-1.5,4.1,4.1,3.7,6.7,9.4,8.5,-6.8,0.7,2.8,3.5,5.9,6.8
Normalized ROCI,16.3,0.0,0.0,0.0,10.9,0.0,0.0,0.0,16.1,0.0,0.0,0.0,13.4,0.0,0.0,0.0,15.6,13.2,10.2,8.7,4.6,3.5,2.7,3.7,6.5,9.7,14.1,16.3,14.1,12.1,9.7,6.5,6.4,6.4,7.3,8.2,8.4,7.9,6.0,3.6,-6.1,-6.2,-2.5,-2.0,5.4,5.4,4.8,8.5,11.7,10.5,-8.7,1.0,3.9,4.9,7.9,9.3
Normalized ROE,17.1,0.0,0.0,0.0,12.6,0.0,0.0,0.0,17.5,0.0,0.0,0.0,13.7,0.0,0.0,0.0,15.7,13.3,10.3,8.8,4.7,3.6,2.7,3.7,6.5,9.8,14.2,16.4,14.2,12.1,9.8,6.5,6.4,6.4,7.3,8.2,8.4,7.9,6.1,3.7,0.0,0.0,0.0,0.0,5.5,5.4,4.9,8.8,12.2,10.9,0.0,1.0,3.9,5.1,8.6,10.1
Return on Assets (ROA),15.2,0.0,0.0,0.0,9.0,0.0,0.0,0.0,12.7,0.0,0.0,0.0,10.2,10.5,12.3,12.6,12.8,11.2,8.4,7.3,3.8,2.8,2.1,2.9,5.3,8.0,11.4,13.4,11.5,9.8,7.8,5.3,5.2,5.2,5.7,6.4,6.6,6.3,4.8,2.8,-4.6,-4.8,-1.9,-1.5,4.1,4.1,3.7,6.7,9.4,8.5,-6.8,0.7,2.8,3.5,5.9,7.8
Return on Capital Invested (ROCI),16.3,0.0,0.0,0.0,10.9,0.0,0.0,0.0,16.1,0.0,0.0,0.0,13.4,13.4,15.9,16.0,15.6,13.8,10.8,9.2,4.6,3.5,2.7,3.7,6.5,9.9,14.2,16.5,14.1,12.1,9.7,6.5,6.4,6.4,7.3,8.2,8.4,7.9,6.0,3.6,-6.1,-6.2,-2.5,-2.0,5.4,5.4,4.8,8.5,11.7,10.5,-8.7,1.0,3.9,4.9,7.9,10.7
Return on Stock Equity (ROE),17.1,0.0,0.0,0.0,12.6,0.0,0.0,0.0,17.5,0.0,0.0,0.0,13.7,13.6,16.1,16.1,15.7,13.9,10.8,9.3,4.7,3.6,2.7,3.7,6.5,10.0,14.4,16.6,14.2,12.1,9.8,6.5,6.4,6.4,7.3,8.2,8.4,7.9,6.1,3.7,0.0,0.0,0.0,0.0,5.5,5.4,4.9,8.8,12.2,10.9,0.0,1.0,3.9,5.1,8.6,11.5
Revenue (YTD),538.9,137.7,284.3,422.9,595.2,238.8,477.7,716.5,955.4,231.4,523.6,741.4,"1,054.2",259.0,507.0,747.0,993.6,238.0,501.0,709.0,957.6,266.0,536.0,842.0,"1,193.6",308.0,673.0,"1,019.0","1,361.1",319.0,630.0,985.0,"1,387.8",359.0,801.0,"1,226.0","1,668.9",446.0,944.0,"1,316.0","1,455.2",414.8,900.7,"1,294.0","1,779.7",479.2,940.6,"1,470.4","1,993.3",506.3,"1,396.8","1,992.1",729.7,"1,374.7","2,231.6","3,019.9"
accounts payable,14.5,0.0,0.0,0.0,33.3,0.0,0.0,0.0,30.1,0.0,0.0,0.0,44.0,45.0,42.0,35.0,25.2,42.0,64.0,62.0,36.4,54.0,59.0,64.0,40.1,54.0,48.0,43.0,41.2,60.0,54.0,56.0,76.7,63.0,76.0,93.0,104.2,114.0,131.0,108.0,123.1,77.7,95.8,93.0,131.7,116.4,112.9,151.2,163.5,112.0,119.3,199.8,145.0,161.1,176.1,261.0
accounts receivable,30.1,0.0,0.0,0.0,41.3,0.0,0.0,0.0,44.9,0.0,0.0,0.0,36.8,35.0,33.0,31.0,36.6,30.0,31.0,28.0,35.7,32.0,34.0,35.0,34.1,38.0,43.0,40.0,44.6,38.0,39.0,41.0,48.2,45.0,54.0,54.0,70.1,64.0,124.0,103.0,97.5,94.2,102.8,98.6,106.0,120.8,122.3,128.3,115.9,111.7,110.0,108.3,143.5,144.2,165.9,133.6
accrued expenses,0.0,0.0,0.0,0.0,0.0,0.0,0.0,0.0,0.0,0.0,0.0,0.0,0.0,0.0,0.0,0.0,0.0,0.0,0.0,0.0,0.0,0.0,0.0,0.0,0.0,0.0,0.0,0.0,0.0,0.0,0.0,0.0,0.0,0.0,0.0,0.0,0.0,0.0,0.0,0.0,0.0,0.0,0.0,0.0,0.0,0.0,0.0,0.0,0.0,0.0,0.0,0.0,0.0,0.0,0.0,0.0
accrued liabilities,0.0,0.0,0.0,0.0,0.0,0.0,0.0,0.0,0.0,0.0,0.0,0.0,0.0,0.0,37.0,25.0,0.0,14.0,0.0,29.0,0.0,17.0,31.0,27.0,0.0,22.0,0.0,0.0,0.0,32.0,53.0,44.0,0.0,31.0,52.0,55.0,0.0,39.0,59.0,39.0,66.5,0.0,0.0,0.0,0.0,0.0,0.0,0.0,0.0,0.0,0.0,13.5,0.0,0.0,0.0,3.3
accumulated depreciation,153.2,0.0,0.0,0.0,285.1,0.0,0.0,0.0,329.8,0.0,0.0,0.0,387.2,0.0,0.0,387.0,385.2,385.0,385.0,385.0,388.7,389.0,389.0,389.0,441.8,442.0,442.0,442.0,514.5,514.0,514.0,514.0,558.8,"494,171.0",559.0,559.0,614.1,559.0,649.0,614.0,518.1,0.0,0.0,0.0,589.1,0.0,0.0,0.0,657.9,0.0,0.0,623.8,0.0,0.0,0.0,739.6
acquisitions,0.0,0.0,0.0,0.0,0.0,0.0,0.0,0.0,0.0,0.0,0.0,0.0,0.0,0.0,0.0,0.0,0.0,0.0,0.0,0.0,0.0,0.0,-25.0,0.0,-39.3,-10.0,0.0,0.0,0.0,0.0,0.0,0.0,0.0,0.0,0.0,0.0,0.0,0.0,0.0,0.0,0.0,0.0,0.0,0.0,0.0,0.0,0.0,0.0,0.0,0.0,0.0,-95.3,0.0,0.0,0.0,0.0
additional paid-in capital,38.0,0.0,0.0,0.0,44.5,0.0,0.0,0.0,46.6,0.0,0.0,0.0,50.2,52.0,48.0,47.0,51.2,47.0,48.0,46.0,53.8,52.0,49.0,51.0,58.2,53.0,55.0,56.0,63.3,57.0,55.0,57.0,66.4,58.0,59.0,59.0,68.1,62.0,64.0,68.0,53.8,52.6,56.5,55.1,57.0,60.2,57.7,59.4,60.1,62.4,54.3,53.5,38.6,33.7,35.8,30.7
adjustments to revenue,0.0,0.0,0.0,0.0,0.0,0.0,0.0,0.0,0.0,0.0,0.0,0.0,0.0,0.0,0.0,0.0,0.0,0.0,0.0,0.0,0.0,0.0,0.0,0.0,0.0,0.0,0.0,0.0,0.0,0.0,0.0,0.0,0.0,0.0,0.0,0.0,0.0,0.0,0.0,0.0,0.0,0.0,0.0,0.0,0.0,0.0,0.0,0.0,0.0,0.0,0.0,0.0,0.0,0.0,0.0,0.0
advertising,0.0,0.0,0.0,0.0,0.0,0.0,0.0,0.0,0.0,0.0,0.0,0.0,0.0,0.0,0.0,0.0,0.0,0.0,0.0,0.0,0.0,0.0,0.0,0.0,0.0,0.0,0.0,0.0,0.0,0.0,0.0,0.0,0.0,0.0,0.0,0.0,0.0,0.0,0.0,0.0,0.0,0.0,0.0,0.0,0.0,0.0,0.0,0.0,0.0,0.0,0.0,0.0,0.0,0.0,0.0,0.0
amortization,0.0,0.0,0.0,0.0,0.0,0.0,0.0,0.0,0.0,0.0,0.0,0.0,0.0,0.0,0.0,0.0,0.0,0.0,0.0,0.0,0.0,0.0,0.0,0.0,0.0,0.0,0.0,0.0,0.0,0.0,0.0,0.0,0.0,0.0,0.0,0.0,0.0,0.0,0.0,0.0,0.0,0.0,0.0,0.0,0.0,0.0,0.0,0.0,0.0,0.0,0.0,0.0,0.0,0.0,0.0,0.0
amortization of intangibles,0.0,0.0,0.0,0.0,0.0,0.0,0.0,0.0,1.5,0.0,0.0,0.0,1.7,0.0,0.0,0.0,1.5,0.0,0.0,0.0,1.5,0.0,0.0,0.0,1.6,0.0,0.0,0.0,0.0,0.0,0.0,0.0,0.0,0.0,0.0,0.0,0.0,0.0,0.0,0.0,0.0,0.0,0.0,0.0,0.0,0.0,0.0,0.0,0.0,0.0,0.0,0.0,0.0,0.0,0.0,0.0
asset turnover,0.0,0.0,0.0,0.0,0.8,0.0,0.0,0.0,1.0,0.0,0.0,0.0,1.0,0.0,0.0,0.0,0.9,0.9,0.9,0.9,0.9,0.9,0.9,0.9,1.0,1.0,1.0,1.0,1.0,1.0,0.9,0.9,0.9,0.9,1.0,1.0,1.0,1.0,1.0,1.0,0.9,0.9,0.9,0.9,1.2,1.3,1.2,1.3,1.2,1.2,0.0,1.2,1.3,0.0,1.5,1.6
auditor name,None,None,None,None,None,None,None,None,None,None,None,None,None,None,None,None,None,None,None,None,None,None,None,None,None,None,None,None,None,None,None,None,None,None,None,None,None,None,None,None,None,None,None,None,None,None,None,None,None,None,None,None,None,None,None,None
auditor report,None,None,None,None,None,None,None,None,None,None,None,None,None,None,None,None,None,None,None,None,None,None,None,None,None,None,None,None,None,None,None,None,None,None,None,None,None,None,None,None,None,None,None,None,None,None,None,None,None,None,None,None,None,None,None,None
basic earnings indicator,N,Y,Y,Y,Y,Y,Y,Y,Y,Y,Y,Y,Y,Y,Y,Y,Y,Y,Y,Y,Y,Y,Y,Y,Y,Y,Y,Y,Y,Y,Y,Y,Y,Y,Y,Y,Y,Y,Y,Y,Y,Y,Y,Y,Y,Y,Y,Y,Y,Y,Y,Y,Y,Y,Y,Y
book value per share,10.86,0.00,0.00,0.00,13.70,0.00,0.00,0.00,14.67,0.00,0.00,0.00,17.31,18.57,17.22,17.55,18.25,18.27,18.54,17.83,17.85,18.31,17.54,18.24,19.47,20.41,21.71,22.76,23.49,23.54,22.63,24.08,25.09,25.30,26.04,26.78,27.63,29.08,30.10,26.96,20.30,20.22,22.42,21.78,22.32,24.02,23.61,25.31,26.32,27.61,23.61,23.28,27.21,25.77,28.21,29.23
building and improvements,0.0,0.0,0.0,0.0,0.0,0.0,0.0,0.0,0.0,0.0,0.0,0.0,894.3,0.0,0.0,0.0,0.0,0.0,0.0,0.0,891.1,0.0,0.0,0.0,984.4,0.0,0.0,0.0,"1,124.0",0.0,0.0,0.0,"1,183.9",0.0,0.0,0.0,"1,281.5",0.0,0.0,0.0,"1,078.4",0.0,0.0,0.0,"1,210.5",0.0,0.0,0.0,"1,295.9",0.0,0.0,653.7,0.0,0.0,0.0,723.8
capital lease obligations,0.0,0.0,0.0,0.0,0.0,0.0,0.0,0.0,0.0,0.0,0.0,0.0,0.0,0.0,0.0,0.0,0.0,0.0,0.0,0.0,0.0,0.0,4.0,0.0,0.0,0.0,0.0,0.0,0.0,0.0,0.0,0.0,0.0,0.0,0.0,0.0,0.0,0.0,0.0,0.0,0.0,0.0,0.0,0.0,0.0,0.0,0.0,0.0,10.2,10.0,0.0,0.0,0.0,0.0,0.0,0.0
cash as % of revenue,13.5,0.0,0.0,0.0,21.0,0.0,0.0,0.0,13.0,0.0,0.0,0.0,12.1,13.6,14.3,17.1,16.4,18.5,18.3,18.5,14.6,17.2,14.3,16.9,17.6,22.0,24.7,24.5,21.9,24.5,22.6,24.1,23.0,22.8,20.6,19.4,16.7,17.0,15.5,10.0,9.9,11.8,14.8,11.7,11.0,12.6,15.0,15.5,16.1,18.6,329.1,9.5,13.9,11.2,12.7,10.6
cash at beginning of period,108.8,0.0,0.0,0.0,84.8,0.0,0.0,0.0,134.2,0.0,0.0,0.0,136.2,132.0,120.0,119.0,118.6,159.0,164.0,158.0,157.1,143.0,138.0,142.0,148.1,211.0,219.0,220.0,227.3,293.0,282.0,296.0,305.2,316.0,328.0,323.0,328.3,286.0,295.0,277.0,219.8,139.4,149.8,146.1,152.9,202.2,194.0,199.7,193.5,350.0,304.3,285.0,237.2,222.7,236.5,201.4
cash end of period,72.5,0.0,0.0,0.0,125.0,0.0,0.0,0.0,124.2,0.0,0.0,0.0,127.8,148.0,154.0,186.0,162.7,185.0,181.0,178.0,139.8,172.0,144.0,182.0,209.8,270.0,321.0,331.0,298.1,331.0,299.0,316.0,319.8,322.0,313.0,315.0,278.5,297.0,279.0,181.0,144.5,173.1,212.8,167.4,195.2,230.4,278.3,301.4,320.0,374.1,238.7,188.6,328.6,279.0,352.6,320.6
cash flow,106.1,0.0,0.0,0.0,104.2,0.0,0.0,0.0,160.2,0.0,0.0,0.0,150.0,0.0,0.0,0.0,173.8,157.8,132.8,115.8,75.7,67.7,58.7,70.7,102.7,142.7,198.7,231.7,209.7,186.7,155.7,125.7,128.8,129.8,145.8,160.8,168.8,169.8,147.8,104.8,-19.5,-22.9,11.2,17.5,112.6,118.7,111.2,167.1,216.1,206.8,-105.0,63.6,53.6,127.4,191.8,232.4
cash flow per share,2.12,0.00,0.00,0.00,2.10,0.00,0.00,0.00,3.25,0.00,0.00,0.00,3.03,0.00,0.00,0.00,3.50,3.18,2.67,2.32,1.51,1.35,1.18,1.41,2.06,2.86,3.98,4.63,4.20,3.74,3.12,2.52,2.58,2.60,2.92,3.22,3.38,3.40,2.96,2.10,-0.39,-0.46,0.22,0.35,2.25,2.37,2.22,3.34,4.32,4.14,-2.10,1.27,1.07,2.56,3.84,4.65
cash from discontinued financing activities,0.0,0.0,0.0,0.0,0.0,0.0,0.0,0.0,0.0,0.0,0.0,0.0,0.0,0.0,0.0,0.0,0.0,0.0,0.0,0.0,0.0,0.0,0.0,0.0,0.0,0.0,0.0,0.0,0.0,0.0,0.0,0.0,0.0,0.0,0.0,0.0,0.0,0.0,0.0,0.0,0.0,0.0,0.0,0.0,0.0,0.0,0.0,0.0,0.0,0.0,0.0,0.0,0.0,0.0,0.0,0.0
cash from discontinued investing activities,0.0,0.0,0.0,0.0,0.0,0.0,0.0,0.0,0.0,0.0,0.0,0.0,0.0,0.0,0.0,0.0,0.0,0.0,0.0,0.0,0.0,0.0,0.0,0.0,0.0,0.0,0.0,0.0,0.0,0.0,0.0,0.0,0.0,0.0,0.0,0.0,0.0,0.0,0.0,0.0,0.0,0.0,0.0,0.0,0.0,0.0,0.0,0.0,0.0,0.0,0.0,0.0,0.0,0.0,0.0,0.0
cash per share,1.45,0.00,0.00,0.00,2.52,0.00,0.00,0.00,2.52,0.00,0.00,0.00,2.58,2.98,3.10,3.75,3.28,3.73,3.62,3.59,2.80,3.44,2.93,3.66,4.20,5.40,6.42,6.62,5.97,6.63,5.99,6.33,6.40,6.44,6.26,6.30,5.57,5.94,5.58,3.62,2.89,3.46,4.26,3.35,3.90,4.61,5.57,6.03,6.40,7.48,4.77,3.77,6.57,5.60,7.05,6.41
common par,141.0,0.0,0.0,0.0,164.9,0.0,0.0,0.0,177.1,0.0,0.0,0.0,194.2,200.0,183.0,181.0,180.3,177.0,182.0,175.0,174.2,178.0,172.0,178.0,184.6,185.0,193.0,194.0,200.0,191.0,186.0,196.0,204.8,201.0,205.0,208.0,210.2,237.0,223.0,209.0,165.9,162.2,174.3,170.0,175.6,185.4,177.9,183.1,185.1,192.3,167.2,164.8,108.6,102.0,108.5,90.1
common stock equity,542.9,0.0,0.0,0.0,680.6,0.0,0.0,0.0,723.8,0.0,0.0,0.0,858.3,923.0,855.0,871.0,904.8,906.0,921.0,888.0,892.4,915.0,875.0,911.0,972.4,"1,020.0","1,085.0","1,138.0","1,172.7","1,175.0","1,130.0","1,203.0","1,254.5","1,265.0","1,302.0","1,339.0","1,381.4","1,454.0","1,505.0","1,348.0","1,015.2","1,010.8","1,121.0","1,089.2","1,116.0","1,200.9","1,180.6","1,265.6","1,315.9","1,380.3","1,180.3","1,164.2","1,360.5","1,285.0","1,410.6","1,461.5"
construction in progress,0.0,0.0,0.0,0.0,0.0,0.0,0.0,0.0,0.0,0.0,0.0,0.0,58.2,0.0,0.0,0.0,0.0,0.0,0.0,0.0,24.1,0.0,0.0,0.0,17.1,0.0,0.0,0.0,22.0,0.0,0.0,0.0,57.0,0.0,0.0,0.0,66.5,0.0,0.0,0.0,43.2,0.0,0.0,0.0,30.0,0.0,0.0,0.0,26.0,0.0,0.0,18.1,0.0,0.0,0.0,43.2
cost in excess,0.0,0.0,0.0,0.0,0.0,0.0,0.0,0.0,0.0,0.0,0.0,0.0,0.0,0.0,0.0,0.0,0.0,0.0,0.0,0.0,0.0,0.0,0.0,0.0,0.0,0.0,0.0,0.0,26.2,0.0,0.0,0.0,26.8,0.0,0.0,0.0,27.6,0.0,0.0,0.0,21.8,0.0,0.0,0.0,23.0,0.0,0.0,0.0,24.3,0.0,0.0,21.6,0.0,0.0,0.0,23.1
cost of sales,0.0,0.0,0.0,0.0,0.0,0.0,0.0,0.0,0.0,0.0,0.0,0.0,0.0,189.0,180.0,173.0,183.1,177.0,192.0,182.0,204.0,215.0,228.0,221.0,256.7,209.0,227.0,225.0,261.7,241.0,242.0,246.0,284.7,281.0,321.0,313.0,351.8,355.0,382.0,385.0,133.5,325.7,331.3,354.0,409.3,383.1,355.6,369.0,403.5,419.1,421.0,535.8,586.3,579.4,629.4,661.2
cost of sales with depreciation,0.0,0.0,0.0,0.0,0.0,0.0,0.0,0.0,0.0,0.0,0.0,0.0,0.0,197.0,187.0,181.0,192.0,185.0,200.0,190.0,214.0,224.0,236.0,231.0,269.0,219.0,237.0,236.0,274.1,252.0,253.0,259.0,297.6,293.0,334.0,326.0,366.2,369.0,397.0,397.0,137.1,336.8,344.5,365.7,424.0,396.8,368.3,383.5,418.5,433.9,434.0,549.1,605.8,596.1,650.0,668.6
cumulative translation adjustments,0.0,0.0,0.0,0.0,0.0,0.0,0.0,0.0,0.0,0.0,0.0,0.0,0.0,0.0,0.0,0.0,0.0,0.0,0.0,0.0,0.0,0.0,0.0,0.0,0.0,0.0,0.0,0.0,0.0,0.0,0.0,0.0,0.0,0.0,0.0,0.0,0.0,0.0,0.0,0.0,0.0,0.0,0.0,0.0,0.0,0.0,0.0,0.0,0.0,0.0,0.0,2.6,0.0,0.0,0.0,0.0
current assets per share,4.07,0.00,0.00,0.00,6.17,0.00,0.00,0.00,6.44,0.00,0.00,0.00,7.46,7.95,7.91,8.00,7.98,8.29,9.08,8.39,7.08,8.36,8.30,8.71,8.22,10.20,11.62,11.84,10.95,12.26,11.93,12.43,12.19,13.30,14.84,15.84,14.54,16.04,16.76,14.64,11.23,10.81,12.75,11.86,12.09,13.94,14.23,15.59,15.38,16.82,14.86,15.60,18.61,18.11,21.29,22.06
current defered income taxes,0.0,0.0,0.0,0.0,0.0,0.0,0.0,0.0,0.0,0.0,0.0,0.0,0.0,0.0,0.0,0.0,0.0,0.0,0.0,0.0,0.0,0.0,0.0,0.0,0.0,0.0,0.0,0.0,0.0,0.0,0.0,0.0,0.0,0.0,0.0,0.0,0.0,0.0,0.0,0.0,0.0,0.0,0.0,0.0,0.0,0.0,0.0,0.0,0.0,0.0,0.0,0.0,0.0,0.0,0.0,0.0
current deferred income taxes,0.0,0.0,0.0,0.0,0.0,0.0,0.0,0.0,0.0,0.0,0.0,0.0,0.0,0.0,0.0,0.0,0.0,0.0,0.0,0.0,0.0,0.0,0.0,0.0,0.0,0.0,0.0,0.0,0.0,0.0,0.0,0.0,0.0,0.0,0.0,0.0,0.0,0.0,0.0,0.0,0.0,0.0,0.0,0.0,0.0,0.0,0.0,0.0,0.0,0.0,0.0,0.0,0.0,0.0,0.0,0.0
current liabilities per share,0.69,0.00,0.00,0.00,3.17,0.00,0.00,0.00,1.45,0.00,0.00,0.00,1.75,1.59,1.79,1.47,1.02,1.31,2.25,1.93,1.12,1.58,1.96,2.00,1.35,1.68,1.96,1.66,1.84,2.00,2.28,2.14,2.07,1.98,2.66,3.08,2.69,3.18,3.94,3.08,4.60,2.42,3.30,3.23,4.21,4.04,4.12,3.37,3.49,3.02,3.32,6.40,6.00,7.21,6.42,7.26
current ratio,5.9,0.0,0.0,0.0,1.9,0.0,0.0,0.0,4.5,0.0,0.0,0.0,4.3,5.0,4.4,5.4,7.8,6.3,4.0,4.4,6.3,5.3,4.2,4.4,6.1,6.1,5.9,7.1,6.0,6.1,5.2,5.8,5.9,6.7,5.6,5.1,5.4,5.0,4.3,4.8,2.4,4.5,3.9,3.7,2.9,3.5,3.5,4.6,4.4,5.6,4.5,2.4,3.1,2.5,3.3,3.0
decrease (increase) in other current liabilities,0.1,0.0,0.0,0.0,4.2,0.0,0.0,0.0,2.2,0.0,0.0,0.0,1.1,0.0,0.0,0.0,-10.8,0.0,0.0,0.0,0.9,0.0,0.0,0.0,4.1,0.0,0.0,0.0,12.0,0.0,0.0,0.0,-9.0,0.0,0.0,0.0,-7.2,0.0,0.0,0.0,-10.7,0.0,0.0,0.0,-8.2,0.0,0.0,0.0,0.0,0.0,0.0,-8.8,0.0,0.0,0.0,0.0
decrease (increase) in other working capital,0.0,0.0,0.0,0.0,0.0,0.0,0.0,0.0,0.0,0.0,0.0,0.0,0.0,3.0,-1.0,8.0,0.0,12.0,-1.0,20.0,0.0,33.0,24.0,41.0,0.0,20.0,8.0,-7.0,-2.3,20.0,13.0,1.0,0.0,-14.0,-41.0,-86.0,-3.3,39.0,35.0,-69.0,-11.4,43.0,0.0,0.0,-52.6,0.0,0.0,0.0,-48.5,-16.5,-16.5,26.9,8.0,16.9,-7.1,-6.0
decrease (increase) in payables,-0.2,0.0,0.0,0.0,-2.1,0.0,0.0,0.0,-3.1,0.0,0.0,0.0,11.0,0.0,0.0,0.0,-15.7,0.0,0.0,0.0,12.1,0.0,0.0,0.0,1.5,0.0,0.0,0.0,-2.2,0.0,0.0,0.0,32.6,0.0,0.0,0.0,28.8,0.0,0.0,0.0,1.7,0.0,-54.8,-53.8,1.3,-22.6,-20.5,-38.1,-0.5,-24.8,0.3,1.3,-43.4,-15.7,-11.8,41.5
deferred income taxes,0.0,0.0,0.0,0.0,0.0,0.0,0.0,0.0,25.3,0.0,0.0,0.0,28.7,-20.0,-11.0,-8.0,-22.5,3.0,27.0,6.0,5.9,-1.0,-1.0,-1.0,7.3,1.0,14.0,13.0,0.1,4.0,6.0,3.0,30.9,1.0,12.0,11.0,15.5,-26.0,-42.0,8.0,0.0,-24.5,0.0,0.0,0.0,0.0,0.0,0.0,0.0,0.0,0.0,0.0,0.0,0.0,0.0,18.1
deferred revenues,0.0,0.0,0.0,0.0,0.0,0.0,0.0,0.0,0.0,0.0,0.0,0.0,0.0,0.0,0.0,0.0,0.0,0.0,0.0,0.0,0.0,0.0,0.0,0.0,0.0,0.0,0.0,0.0,0.0,0.0,0.0,0.0,0.0,0.0,0.0,0.0,0.0,0.0,0.0,0.0,0.0,0.0,0.0,0.0,0.0,0.0,0.0,0.0,0.0,0.0,0.0,0.0,0.0,0.0,0.0,4.2
depreciation,13.2,0.0,0.0,0.0,18.4,0.0,0.0,0.0,31.9,0.0,0.0,0.0,30.7,8.0,15.0,23.0,30.4,8.0,16.0,24.0,32.5,9.0,17.0,27.0,37.7,10.0,20.0,31.0,43.4,11.0,22.0,35.0,48.0,12.0,25.0,38.0,52.3,14.0,29.0,41.0,44.6,11.1,24.3,36.0,50.7,13.7,26.4,40.8,55.9,14.8,38.8,52.2,19.5,36.2,56.9,64.3
depreciation (unrecognized),0.0,0.0,0.0,0.0,0.0,0.0,0.0,0.0,0.0,0.0,0.0,0.0,0.0,0.0,0.0,0.0,0.0,0.0,0.0,0.0,0.0,0.0,0.0,0.0,0.0,0.0,0.0,0.0,0.0,0.0,0.0,0.0,0.0,0.0,0.0,0.0,0.0,0.0,0.0,0.0,0.0,0.0,0.0,0.0,0.0,0.0,0.0,0.0,0.0,0.0,0.0,0.0,0.0,0.0,0.0,0.0
domestic sales,0.0,0.0,0.0,0.0,0.0,0.0,0.0,0.0,0.0,0.0,0.0,0.0,0.0,0.0,0.0,0.0,0.0,0.0,0.0,0.0,0.0,0.0,0.0,0.0,0.0,0.0,0.0,0.0,0.0,0.0,0.0,0.0,0.0,0.0,0.0,0.0,0.0,0.0,0.0,0.0,0.0,0.0,0.0,0.0,0.0,0.0,0.0,0.0,0.0,0.0,0.0,0.0,0.0,0.0,0.0,0.0
earnings from equity interest,0.0,0.0,0.0,0.0,0.0,0.0,0.0,0.0,0.0,0.0,0.0,0.0,0.0,0.0,0.0,0.0,0.0,0.0,0.0,0.0,0.0,0.0,0.0,0.0,0.0,0.0,0.0,0.0,0.0,0.0,0.0,0.0,0.0,0.0,0.0,0.0,0.0,0.0,0.0,0.0,0.0,0.0,0.0,0.0,0.0,0.0,0.0,0.0,0.0,0.0,0.0,0.0,0.0,0.0,0.0,0.0
earnings period indicator,F,Q,S,N,F,Q,S,N,F,Q,S,N,F,Q,S,N,F,Q,S,N,F,Q,S,N,F,Q,S,N,F,Q,S,N,F,Q,S,N,F,Q,S,N,F,Q,S,N,F,Q,S,N,F,Q,N,F,Q,S,N,F
effect exchange rate changes,0.0,0.0,0.0,0.0,0.0,0.0,0.0,0.0,0.0,0.0,0.0,0.0,0.0,0.0,0.0,0.0,0.0,0.0,0.0,0.0,0.0,0.0,0.0,0.0,0.0,0.0,0.0,0.0,0.0,0.0,0.0,0.0,0.0,0.0,0.0,0.0,0.0,0.0,0.0,0.0,0.0,0.0,0.0,0.0,0.0,0.0,0.0,0.0,0.0,0.0,0.0,2.3,0.0,0.0,0.0,-0.6
effective tax rate,3.9,0.0,0.0,0.0,4.6,0.0,0.0,0.0,24.3,0.0,0.0,0.0,22.4,0.0,0.0,0.0,0.0,1.0,0.0,0.0,18.3,13.8,14.0,17.2,13.1,15.7,15.5,15.6,16.1,11.9,7.6,3.9,39.8,39.3,39.7,37.5,19.7,20.1,19.5,0.0,0.0,0.0,0.0,0.0,33.4,35.8,38.7,31.5,20.2,20.1,0.0,0.0,15.9,16.0,18.8,21.5
excise taxes,0.0,0.0,0.0,0.0,0.0,0.0,0.0,0.0,0.0,0.0,0.0,0.0,0.0,0.0,0.0,0.0,0.0,0.0,0.0,0.0,0.0,0.0,0.0,0.0,0.0,0.0,0.0,0.0,0.0,0.0,0.0,0.0,0.0,0.0,0.0,0.0,0.0,0.0,0.0,0.0,0.0,0.0,0.0,0.0,0.0,0.0,0.0,0.0,0.0,0.0,0.0,0.0,0.0,0.0,0.0,0.0
extraordinary gains,0.0,0.0,0.0,0.0,0.0,0.0,0.0,0.0,0.0,0.0,0.0,0.0,0.0,0.0,0.0,0.0,0.0,0.0,0.0,0.0,0.0,0.0,0.0,0.0,0.0,0.0,0.0,0.0,0.0,0.0,0.0,0.0,0.0,0.0,0.0,0.0,0.0,0.0,0.0,0.0,0.0,0.0,0.0,0.0,0.0,0.0,0.0,0.0,0.0,0.0,0.0,0.0,0.0,0.0,0.0,0.0
extraordinary income/losses,0.0,0.0,0.0,0.0,0.0,0.0,0.0,0.0,0.0,0.0,0.0,0.0,0.0,0.0,0.0,0.0,0.0,0.0,0.0,0.0,0.0,0.0,0.0,0.0,0.0,0.0,0.0,0.0,0.0,0.0,0.0,0.0,0.0,0.0,0.0,0.0,0.0,0.0,0.0,0.0,0.0,0.0,0.0,0.0,0.0,0.0,0.0,0.0,0.0,0.0,0.0,0.0,0.0,0.0,0.0,0.0
foreign sales,0.0,0.0,0.0,0.0,0.0,0.0,0.0,0.0,0.0,0.0,0.0,0.0,0.0,0.0,0.0,0.0,0.0,0.0,0.0,0.0,0.0,0.0,0.0,0.0,0.0,0.0,0.0,0.0,0.0,0.0,0.0,0.0,0.0,0.0,0.0,0.0,0.0,0.0,0.0,0.0,0.0,0.0,0.0,0.0,0.0,0.0,0.0,0.0,0.0,0.0,0.0,0.0,0.0,0.0,0.0,0.0
free cash flow,-20.3,0.0,0.0,0.0,45.2,0.0,0.0,0.0,133.4,0.0,0.0,0.0,47.9,30.0,22.0,53.0,57.1,30.0,20.0,23.0,-17.4,33.0,8.0,42.0,61.2,66.0,109.0,121.0,74.8,45.0,23.0,26.0,23.1,5.0,35.0,-13.0,-55.6,14.0,-16.0,-96.0,-94.1,39.2,77.6,-3.3,9.1,42.4,120.7,130.5,146.5,13.1,-74.7,-171.7,168.8,57.4,26.2,77.0
free cash flow per share,-0.41,0.00,0.00,0.00,0.91,0.00,0.00,0.00,2.70,0.00,0.00,0.00,0.97,0.60,0.44,1.07,1.15,0.61,0.40,0.46,-0.35,0.66,0.16,0.84,1.23,1.32,2.18,2.42,1.50,0.90,0.46,0.52,0.46,0.10,0.70,-0.26,-1.11,0.28,-0.32,-1.92,-1.88,0.78,1.55,-0.07,0.18,0.85,2.41,2.61,2.93,0.26,-1.49,-3.43,3.38,1.15,0.52,1.54
gross fixed assets,557.6,0.0,0.0,0.0,895.3,0.0,0.0,0.0,980.4,0.0,0.0,0.0,"1,129.6",754.0,691.0,"1,074.0","1,069.3","1,069.0","1,098.0","1,079.0","1,083.9","1,094.0","1,073.0","1,093.0","1,180.2","1,172.0","1,199.0","1,225.0","1,343.9","1,320.0","1,302.0","1,343.0","1,440.1","495,042.0","1,442.0","1,450.0","1,553.6","1,546.0","1,681.0","1,591.0","1,291.0",755.3,806.7,810.9,"1,423.7",873.6,836.3,850.4,"1,511.8",880.5,770.0,"1,373.7",900.6,855.3,900.4,"1,656.2"
gross margin,0.0,0.0,0.0,0.0,0.0,0.0,0.0,0.0,0.0,0.0,0.0,0.0,312.7,70.0,90.0,72.0,63.5,61.0,64.0,46.0,44.6,51.0,49.0,68.0,94.9,99.0,124.0,116.0,80.4,78.0,80.0,80.0,118.1,78.0,114.0,110.0,91.1,91.0,102.0,44.0,5.7,89.0,123.7,61.8,76.3,96.2,125.3,133.3,119.4,87.1,53.6,59.5,143.4,110.4,142.0,127.1
gross profit margin,30.4,0.0,0.0,0.0,28.8,0.0,0.0,0.0,32.1,0.0,0.0,0.0,29.9,0.0,0.0,0.0,29.0,28.7,26.4,24.2,22.2,20.6,18.7,19.7,22.2,25.4,29.7,32.1,31.3,29.4,26.8,24.3,25.9,25.3,25.6,25.9,23.7,23.2,21.9,18.2,16.2,16.4,18.2,19.7,19.8,19.5,19.3,22.1,23.9,23.1,0.0,13.3,12.0,14.7,16.3,17.5
income before income taxes,0.0,0.0,0.0,0.0,0.0,0.0,0.0,0.0,0.0,0.0,0.0,0.0,0.0,0.0,0.0,0.0,0.0,0.0,0.0,0.0,0.0,8.0,9.0,22.0,34.0,53.0,73.0,62.0,7.8,28.0,36.0,23.0,45.8,31.0,55.0,43.0,17.2,28.0,24.0,-47.0,-86.9,24.2,66.0,-4.7,7.9,27.3,61.2,64.2,46.7,15.6,-10.2,-8.3,66.3,29.5,62.3,54.8
income from cum. effect of acct. change,0.0,0.0,0.0,0.0,0.0,0.0,0.0,0.0,0.0,0.0,0.0,0.0,0.0,0.0,0.0,0.0,0.0,0.0,0.0,0.0,6.0,0.0,0.0,0.0,0.0,0.0,0.0,0.0,0.0,-1.0,-2.0,0.0,0.0,0.0,0.0,0.0,0.0,0.0,0.0,0.0,0.0,0.0,0.0,0.0,0.0,0.0,0.0,0.0,0.0,0.0,0.0,0.0,0.0,0.0,0.0,0.0
income from tax loss carryforward,0.0,0.0,0.0,0.0,0.0,0.0,0.0,0.0,0.0,0.0,0.0,0.0,0.0,0.0,0.0,0.0,0.0,0.0,0.0,0.0,0.0,0.0,0.0,0.0,0.0,0.0,0.0,0.0,0.0,0.0,0.0,0.0,0.0,0.0,0.0,0.0,0.0,0.0,0.0,0.0,0.0,0.0,0.0,0.0,0.0,0.0,0.0,0.0,0.0,0.0,0.0,0.0,0.0,0.0,0.0,0.0
income per employee,8597,None,None,None,7653,None,None,None,7696,None,None,None,6365,None,None,None,7879,None,None,None,2252,None,None,None,3356,None,None,None,8141,None,None,None,3845,None,None,None,5042,None,None,None,-2756,None,None,None,2572,None,None,None,6825,None,None,451,None,None,None,6653
income taxes,0.0,0.0,0.0,0.0,0.0,0.0,0.0,0.0,0.0,0.0,0.0,0.0,0.0,-17.0,10.0,7.0,-20.8,5.0,4.0,2.0,-1.6,1.0,2.0,5.0,1.6,10.0,12.0,11.0,-1.9,-2.0,2.0,5.0,35.5,8.0,12.0,10.0,0.6,6.0,5.0,-38.0,7.2,4.7,12.8,-0.9,14.5,10.1,13.2,13.5,8.5,2.6,-2.4,-6.2,14.7,6.2,13.4,11.7
"income, acquired in process r&a;",0.0,0.0,0.0,0.0,0.0,0.0,0.0,0.0,0.0,0.0,0.0,0.0,0.0,0.0,0.0,0.0,0.0,0.0,0.0,0.0,0.0,0.0,0.0,0.0,0.0,0.0,0.0,0.0,0.0,0.0,0.0,0.0,0.0,0.0,0.0,0.0,0.0,0.0,0.0,0.0,0.0,0.0,0.0,0.0,0.0,0.0,0.0,0.0,0.0,0.0,0.0,0.0,0.0,0.0,0.0,0.0
intangibles,2.5,0.0,0.0,0.0,26.2,0.0,0.0,0.0,29.4,0.0,0.0,0.0,30.6,0.0,0.0,0.0,1.4,0.0,0.0,0.0,25.6,0.0,0.0,0.0,26.6,0.0,0.0,0.0,3.6,0.0,0.0,0.0,2.0,0.0,0.0,0.0,2.6,0.0,0.0,0.0,0.0,0.0,0.0,0.0,0.0,0.0,0.0,0.0,0.0,0.0,0.0,0.0,0.0,0.0,0.0,0.0
intangibles as % of book-value,0.5,0.0,0.0,0.0,3.8,0.0,0.0,0.0,4.1,0.0,0.0,0.0,3.6,0.0,0.0,0.0,0.2,0.0,0.0,0.0,2.9,0.0,0.0,0.0,2.7,0.0,0.0,0.0,2.5,0.0,0.0,0.0,2.3,0.0,0.0,0.0,2.2,0.0,0.0,0.0,2.1,0.0,0.0,0.0,2.1,0.0,0.0,0.0,1.8,0.0,0.0,1.9,0.0,0.0,0.0,1.6
interest as % of invested capital,0.5,0.0,0.0,0.0,0.5,0.0,0.0,0.0,1.8,0.0,0.0,0.0,0.8,0.0,0.0,0.0,0.3,0.7,0.9,0.9,0.2,0.5,0.2,0.2,1.1,1.1,1.0,1.0,1.6,1.5,1.6,1.6,0.9,1.0,1.0,0.9,0.9,0.9,1.2,3.2,0.3,5.4,4.6,2.5,1.8,1.8,1.8,1.6,0.5,0.5,-0.2,0.4,0.5,0.6,0.4,0.5
interest coverage (cont. operations),34.3,0.0,0.0,0.0,22.1,0.0,0.0,0.0,13.1,0.0,0.0,0.0,21.6,0.0,0.0,0.0,42.2,22.1,12.9,10.1,24.2,10.1,13.3,19.2,7.7,12.1,18.0,21.4,11.9,9.8,7.5,5.2,12.4,11.3,13.2,15.9,12.2,12.1,7.3,1.5,0.0,0.0,0.2,1.1,5.6,5.6,5.4,8.5,28.0,28.5,70.0,2.7,9.6,11.4,24.2,27.6
interest expense,0.0,0.0,0.0,0.0,0.0,0.0,0.0,0.0,0.0,0.0,0.0,0.0,0.0,0.0,0.0,0.0,3.0,3.0,2.0,0.0,2.2,0.0,0.0,0.0,10.9,0.0,0.0,0.0,18.3,0.0,0.0,1.0,11.8,0.0,0.0,0.0,13.0,0.0,5.0,26.0,-20.4,45.0,1.6,1.7,15.4,3.3,1.5,1.4,2.9,1.0,0.9,2.2,4.2,0.0,0.0,8.1
interest income,0.0,0.0,0.0,0.0,0.0,0.0,0.0,0.0,0.0,0.0,0.0,0.0,0.0,2.0,1.0,2.0,5.4,3.0,3.0,5.0,2.8,2.0,1.0,2.0,4.1,3.0,5.0,3.0,15.6,3.0,4.0,0.0,23.0,6.0,4.0,4.0,15.2,4.0,3.0,0.0,12.6,36.2,1.7,2.4,5.1,2.7,4.3,4.0,3.5,4.3,3.6,2.6,1.3,1.6,1.6,11.9
inventories,96.1,0.0,0.0,0.0,133.2,0.0,0.0,0.0,138.6,0.0,0.0,0.0,175.8,186.0,180.0,155.0,165.4,172.0,203.0,181.0,137.3,193.0,215.0,200.0,130.5,186.0,197.0,198.0,154.1,223.0,24.0,237.0,206.7,265.0,345.0,378.0,305.0,386.0,434.0,448.0,287.3,273.0,306.8,326.8,276.4,345.7,311.0,350.0,288.6,355.2,394.3,329.9,401.3,454.9,524.2,447.2
"inventories, finished goods",0.0,0.0,0.0,0.0,0.0,0.0,0.0,0.0,0.0,0.0,0.0,0.0,0.0,0.0,0.0,0.0,0.0,0.0,0.0,0.0,3.0,0.0,0.0,0.0,2.8,0.0,0.0,0.0,3.1,0.0,0.0,0.0,3.8,0.0,0.0,0.0,5.2,0.0,0.0,0.0,5.2,0.0,0.0,0.0,4.4,0.0,0.0,0.0,4.9,0.0,0.0,6.0,0.0,0.0,0.0,22.4
"inventories, other",96.1,0.0,0.0,0.0,133.2,0.0,0.0,0.0,138.6,0.0,0.0,0.0,175.8,186.0,180.0,155.0,165.4,172.0,203.0,181.0,75.8,193.0,215.0,200.0,71.3,186.0,197.0,198.0,89.9,223.0,24.0,237.0,105.9,265.0,345.0,378.0,116.1,386.0,434.0,448.0,0.0,273.0,306.8,326.8,0.0,345.7,311.0,350.0,94.8,355.2,394.3,0.0,401.3,454.9,524.2,164.6
"inventories, purchased components",0.0,0.0,0.0,0.0,0.0,0.0,0.0,0.0,0.0,0.0,0.0,0.0,0.0,0.0,0.0,0.0,0.0,0.0,0.0,0.0,0.0,0.0,0.0,0.0,0.0,0.0,0.0,0.0,0.0,0.0,0.0,0.0,0.0,0.0,0.0,0.0,0.0,0.0,0.0,0.0,33.1,0.0,0.0,0.0,36.8,0.0,0.0,0.0,36.5,0.0,0.0,35.0,0.0,0.0,0.0,49.2
"inventories, raw materials",0.0,0.0,0.0,0.0,0.0,0.0,0.0,0.0,0.0,0.0,0.0,0.0,0.0,0.0,0.0,0.0,0.0,0.0,0.0,0.0,58.5,0.0,0.0,0.0,56.5,0.0,0.0,0.0,61.2,0.0,0.0,0.0,97.0,0.0,0.0,0.0,183.7,0.0,0.0,0.0,161.4,0.0,0.0,0.0,137.2,0.0,0.0,0.0,152.4,0.0,0.0,288.9,0.0,0.0,0.0,211.1
"inventories, work in progress",0.0,0.0,0.0,0.0,0.0,0.0,0.0,0.0,0.0,0.0,0.0,0.0,0.0,0.0,0.0,0.0,0.0,0.0,0.0,0.0,0.0,0.0,0.0,0.0,0.0,0.0,0.0,0.0,0.0,0.0,0.0,0.0,0.0,0.0,0.0,0.0,0.0,0.0,0.0,0.0,87.7,0.0,0.0,0.0,98.0,0.0,0.0,0.0,0.0,0.0,0.0,0.0,0.0,0.0,0.0,0.0
inventory as % of revenue,17.8,0.0,0.0,0.0,22.4,0.0,0.0,0.0,14.5,0.0,0.0,0.0,16.7,17.1,16.7,14.3,16.6,17.2,20.6,18.7,14.3,19.3,21.1,18.5,10.9,15.2,15.2,14.6,11.3,16.5,1.8,18.1,14.9,18.8,22.7,23.3,18.3,22.1,24.2,24.9,19.7,18.6,21.3,22.9,15.5,18.8,16.7,18.0,14.5,17.7,543.7,16.6,17.0,18.3,18.8,14.8
inventory turnover,0.0,0.0,0.0,0.0,3.7,0.0,0.0,0.0,4.8,0.0,0.0,0.0,4.7,0.0,0.0,0.0,4.1,4.0,3.8,4.4,4.9,4.3,4.0,4.6,6.9,4.8,4.4,4.6,6.6,4.7,8.8,4.6,5.7,4.3,6.1,3.9,5.0,4.1,3.6,3.6,4.1,3.7,3.2,3.0,5.1,4.8,4.9,4.5,5.4,4.4,0.5,5.6,5.5,0.0,5.1,6.4
invested capital,570.7,0.0,0.0,0.0,784.6,0.0,0.0,0.0,785.6,0.0,0.0,0.0,875.3,937.0,866.0,879.0,911.9,912.0,927.0,897.0,900.6,923.0,886.0,918.0,978.9,"1,033.0","1,098.0","1,143.0","1,177.6","1,179.0","1,133.0","1,206.0","1,257.7","1,268.0","1,308.0","1,344.0","1,386.0","1,458.0","1,512.0","1,354.0","1,043.5","1,037.8","1,139.0","1,129.7","1,144.5","1,221.4","1,205.7","1,309.4","1,367.0","1,429.5","1,211.7","1,191.8","1,390.1","1,312.4","1,533.4","1,578.6"
issuance of capital stock,0.0,0.0,0.0,0.0,0.0,0.0,0.0,0.0,0.0,0.0,0.0,0.0,0.7,0.0,0.0,0.0,0.0,0.0,0.0,0.0,4.0,0.0,0.0,0.0,0.0,0.0,0.0,0.0,0.0,0.0,0.0,0.0,1.6,0.0,0.0,0.0,0.0,0.0,0.0,0.0,0.0,0.0,0.0,0.0,0.0,0.0,0.0,0.0,0.0,0.0,0.0,0.0,0.0,0.0,0.0,0.0
issuance of debt,99.6,0.0,0.0,0.0,185.8,0.0,0.0,0.0,145.7,0.0,0.0,0.0,89.7,3.0,5.0,5.0,4.8,1.0,2.0,13.0,10.0,7.0,17.0,25.0,28.3,7.0,11.0,11.0,15.4,4.0,4.0,4.0,0.0,4.0,4.0,12.0,7.3,8.0,21.0,43.0,38.7,1.1,44.7,133.3,79.9,18.3,59.7,87.7,62.8,0.3,65.2,138.0,21.3,62.6,183.4,235.5
land and improvements,0.0,0.0,0.0,0.0,0.0,0.0,0.0,0.0,0.0,0.0,0.0,0.0,61.6,0.0,0.0,0.0,0.0,0.0,0.0,0.0,58.3,0.0,0.0,0.0,63.2,0.0,0.0,0.0,70.0,0.0,0.0,0.0,72.4,0.0,0.0,0.0,78.5,0.0,0.0,0.0,64.9,0.0,0.0,0.0,71.7,0.0,0.0,0.0,76.5,0.0,0.0,68.9,0.0,0.0,0.0,81.0
leverage ratio,1.1,0.0,0.0,0.0,1.4,0.0,0.0,0.0,1.4,0.0,0.0,0.0,1.3,1.3,1.3,1.3,1.2,1.2,1.3,1.3,1.2,1.3,1.3,1.3,1.2,1.2,1.3,1.2,1.2,1.2,1.3,1.2,1.2,1.2,1.3,1.3,1.3,1.3,1.3,1.3,1.4,1.3,1.3,1.3,1.4,1.3,1.3,1.3,1.3,1.3,1.3,1.4,1.4,1.5,1.5,1.5
loans receivable,0.0,0.0,0.0,0.0,0.0,0.0,0.0,0.0,0.0,0.0,0.0,0.0,0.0,0.0,0.0,0.0,0.0,0.0,0.0,0.0,0.0,0.0,0.0,0.0,0.0,0.0,0.0,0.0,0.0,0.0,0.0,0.0,0.0,0.0,0.0,0.0,0.0,0.0,0.0,0.0,0.0,0.0,0.0,0.0,0.0,0.0,0.0,0.0,0.0,0.0,0.0,0.0,0.0,0.0,0.0,0.0
long-term debt,27.8,0.0,0.0,0.0,104.0,0.0,0.0,0.0,61.8,0.0,0.0,0.0,17.0,14.0,11.0,8.0,7.0,6.0,6.0,9.0,8.3,8.0,7.0,7.0,6.5,13.0,13.0,5.0,4.9,4.0,3.0,3.0,3.2,3.0,6.0,5.0,4.6,4.0,7.0,6.0,28.3,27.0,17.9,40.5,28.5,20.4,25.2,43.8,40.9,39.2,31.4,27.6,29.6,27.4,122.8,117.1
long-term debt per share,0.56,0.00,0.00,0.00,2.09,0.00,0.00,0.00,1.25,0.00,0.00,0.00,0.34,0.28,0.22,0.16,0.14,0.12,0.12,0.18,0.17,0.16,0.22,0.14,0.13,0.26,0.26,0.10,0.10,0.08,0.06,0.06,0.06,0.06,0.12,0.10,0.09,0.08,0.14,0.12,0.57,0.54,0.36,0.81,0.57,0.41,0.50,0.88,1.02,0.98,0.63,0.55,0.59,0.55,2.46,2.34
marketable securities,0.0,0.0,0.0,0.0,0.0,0.0,0.0,0.0,0.0,0.0,0.0,0.0,0.0,0.0,0.0,0.0,0.0,0.0,0.0,0.0,0.0,0.0,0.0,0.0,0.0,0.0,0.0,0.0,0.0,0.0,0.0,0.0,0.0,0.0,0.0,0.0,0.0,0.0,0.0,0.0,9.1,0.0,0.0,0.0,0.9,0.0,0.0,0.0,1.0,0.0,0.0,0.0,0.0,0.0,0.0,73.8
minority interest,0.0,0.0,0.0,0.0,0.0,0.0,0.0,0.0,0.0,0.0,0.0,0.0,0.0,0.0,0.0,0.0,0.2,0.0,0.0,0.0,0.4,0.0,0.0,0.0,0.0,0.0,0.0,0.0,0.2,0.0,0.0,0.0,0.1,0.0,0.0,0.0,0.1,0.0,0.0,0.0,-0.5,0.1,0.4,0.1,0.2,0.1,0.0,0.0,0.2,0.1,0.0,0.1,0.0,0.0,0.0,0.6
minority interest liability,2.4,0.0,0.0,0.0,2.9,0.0,0.0,0.0,3.9,0.0,0.0,0.0,4.4,5.0,4.0,4.0,3.9,4.0,4.0,4.0,3.7,4.0,3.0,3.0,3.7,3.0,4.0,4.0,4.0,4.0,4.0,4.0,4.1,4.0,4.0,4.0,4.3,4.0,4.0,4.0,2.9,3.2,3.6,3.6,3.8,4.1,4.0,4.0,4.2,4.4,3.8,4.3,4.9,4.5,5.0,2.8
net cash from continuing operations,83.8,0.0,0.0,0.0,110.6,0.0,0.0,0.0,177.6,0.0,0.0,0.0,142.6,33.0,83.0,127.0,109.0,44.0,79.0,91.0,77.1,47.0,54.0,95.0,122.7,76.0,151.0,194.0,170.6,57.0,88.0,110.0,136.8,22.0,61.0,63.0,68.6,49.0,62.0,10.0,-11.1,49.1,104.8,68.8,103.8,47.7,146.6,170.1,211.9,19.4,-19.2,-4.0,182.1,102.3,101.4,173.0
net cash from discontinued operations,0.0,0.0,0.0,0.0,0.0,0.0,0.0,0.0,0.0,0.0,0.0,0.0,0.0,0.0,0.0,0.0,0.0,0.0,0.0,0.0,0.0,0.0,0.0,0.0,0.0,0.0,0.0,0.0,0.0,0.0,0.0,0.0,0.0,0.0,0.0,0.0,0.0,0.0,0.0,0.0,0.0,0.0,0.0,0.0,0.0,0.0,0.0,0.0,0.0,0.0,0.0,0.0,0.0,0.0,0.0,0.0
net fixed assets,404.4,0.0,0.0,0.0,610.2,0.0,0.0,0.0,650.6,0.0,0.0,0.0,742.4,754.0,691.0,687.0,684.1,684.0,713.0,694.0,695.2,705.0,684.0,704.0,738.5,730.0,757.0,783.0,829.4,806.0,788.0,829.0,881.3,871.0,883.0,891.0,939.5,987.0,"1,032.0",977.0,772.9,755.3,806.7,810.9,834.6,873.6,836.3,850.4,853.9,880.5,770.0,749.9,900.6,855.3,900.4,916.6
net income (continuing operations),0.0,21.0,24.7,16.8,21.5,31.7,31.7,31.7,31.7,29.4,29.4,22.4,31.3,42.0,42.0,25.0,37.8,21.0,16.0,8.0,2.7,6.0,7.0,18.0,32.4,45.0,61.0,50.0,9.3,22.0,29.0,18.0,9.9,24.0,43.0,33.0,17.4,22.0,19.0,-9.0,-94.1,19.5,54.9,-2.4,-9.4,22.3,47.9,50.7,38.2,13.0,-7.8,-2.2,51.7,23.3,48.9,43.1
net income (discontinued operations),0.0,0.0,0.0,0.0,0.0,0.0,0.0,0.0,0.0,0.0,0.0,0.0,0.0,0.0,0.0,0.0,0.0,0.0,0.0,0.0,0.0,0.0,0.0,0.0,0.0,0.0,0.0,0.0,0.0,0.0,0.0,0.0,0.0,0.0,0.0,0.0,0.0,0.0,0.0,0.0,0.0,0.0,0.0,0.0,0.0,0.0,0.0,0.0,0.0,0.0,0.0,0.0,0.0,0.0,0.0,0.0
net income available for common,0.0,21.0,24.7,0.0,0.0,0.0,0.0,0.0,0.0,0.0,0.0,0.0,31.3,42.0,42.0,25.0,37.8,21.0,16.0,8.0,2.7,6.0,7.0,18.0,32.4,45.0,61.0,50.0,9.3,22.0,29.0,18.0,9.9,24.0,43.0,33.0,17.4,22.0,19.0,-9.0,-94.1,19.5,54.9,-2.4,-9.4,22.3,47.9,50.7,38.2,13.0,-7.8,-2.2,51.7,23.3,48.9,43.1
net income/loss,92.9,0.0,0.0,0.0,85.8,0.0,0.0,0.0,126.8,0.0,0.0,0.0,117.6,42.0,80.0,104.0,142.0,21.0,37.0,42.0,48.1,6.0,13.0,29.0,63.4,45.0,108.0,157.0,166.5,21.0,47.0,70.0,81.0,22.0,66.0,99.0,116.5,22.0,42.0,30.0,-83.9,19.5,0.0,0.0,93.0,0.0,0.0,0.0,200.8,0.0,0.0,0.0,0.0,0.0,0.0,168.1
net profit margin,17.2,0.0,0.0,0.0,14.4,13.6,12.9,13.1,13.3,13.1,12.4,11.4,11.2,11.5,12.8,12.9,14.3,12.6,10.1,8.6,4.3,3.3,2.3,3.1,5.3,8.4,12.0,13.9,12.2,10.5,8.3,6.0,5.8,5.7,6.2,6.8,7.0,6.6,5.1,2.7,-4.4,-4.4,-2.0,-1.5,3.5,3.6,3.1,5.7,8.0,7.4,0.0,0.6,2.3,2.6,4.4,5.6
non-current deferred income taxes,0.0,0.0,0.0,0.0,0.0,0.0,0.0,0.0,0.0,0.0,0.0,0.0,0.0,0.0,0.0,0.0,0.0,0.0,0.0,0.0,0.0,0.0,0.0,0.0,0.0,0.0,0.0,0.0,0.0,0.0,0.0,0.0,0.0,0.0,0.0,0.0,0.0,0.0,0.0,0.0,0.0,0.0,0.0,0.0,0.0,0.0,0.0,0.0,0.0,0.0,0.0,12.5,0.0,0.0,0.0,0.0
normalized income,0.0,0.0,0.0,0.0,0.0,0.0,0.0,0.0,0.0,0.0,0.0,0.0,31.3,42.0,42.0,25.0,37.8,16.0,16.0,8.0,2.7,6.0,7.0,18.0,32.4,43.0,61.0,50.0,9.3,22.0,29.0,18.0,9.9,24.0,43.0,33.0,17.4,22.0,19.0,-9.0,-94.1,19.5,54.9,-2.4,-9.4,22.3,47.9,50.7,38.2,13.0,-7.8,-2.2,51.7,23.3,48.9,22.3
normalized income per employee,8597,None,None,None,7653,None,None,None,7696,None,None,None,6365,None,None,None,7879,None,None,None,2252,None,None,None,3356,None,None,None,8141,None,None,None,3845,None,None,None,5042,None,None,None,-2756,None,None,None,2572,None,None,None,6825,None,None,451,None,None,None,5829
normalized net profit margin,17.2,0.0,0.0,0.0,14.4,0.0,0.0,0.0,13.3,0.0,0.0,0.0,11.2,0.0,0.0,0.0,14.3,12.1,9.6,8.0,4.3,3.3,2.3,3.1,5.3,8.2,11.9,13.8,12.2,10.5,8.3,6.0,5.8,5.7,6.2,6.8,7.0,6.6,5.1,2.7,-4.4,-4.4,-2.0,-1.5,3.5,3.6,3.1,5.7,8.0,7.4,0.0,0.6,2.3,2.6,4.4,4.9
notes payable,0.0,0.0,0.0,0.0,0.0,0.0,0.0,0.0,6.2,0.0,0.0,0.0,5.9,11.0,10.0,12.0,2.4,9.0,8.0,6.0,2.8,9.0,8.0,9.0,6.8,8.0,8.0,5.0,6.8,7.0,7.0,8.0,0.0,5.0,5.0,6.0,3.7,6.0,6.0,6.0,2.9,16.6,30.8,37.2,17.9,49.4,36.0,17.2,0.0,11.9,28.8,0.0,109.1,140.8,88.9,0.0
number of days cost of goods in inventory,None,None,None,None,97,None,None,None,75,None,None,None,77,None,None,None,87,90,95,82,73,83,91,79,52,75,81,78,55,77,41,79,63,83,59,92,72,87,100,101,87,97,113,122,71,75,74,80,67,82,663,64,66,None,71,56
number of employees,None,None,None,None,None,None,None,None,None,None,None,None,None,None,None,None,None,None,None,None,None,None,None,None,None,None,None,None,None,None,None,None,None,None,None,None,None,None,None,None,None,None,None,None,None,None,None,None,None,None,None,None,None,None,None,None
number of months last report period,None,3,3,3,3,3,3,3,3,3,3,3,3,3,3,3,3,3,3,3,3,3,3,3,3,3,3,3,3,3,3,3,3,3,3,3,3,3,3,3,3,3,3,3,3,3,3,3,3,3,3,3,3,3,3,3
number of part-time employees,None,None,None,None,None,None,None,None,None,None,None,None,None,None,None,None,None,None,None,None,None,None,None,None,None,None,None,None,None,None,None,None,None,None,None,None,None,None,None,None,None,None,None,None,None,None,None,None,None,None,None,None,None,None,None,None
operating gains,0.0,0.0,0.0,0.0,0.0,0.0,0.0,0.0,0.0,0.0,0.0,0.0,0.0,0.0,0.0,0.0,0.0,0.0,0.0,0.0,0.0,0.0,0.0,0.0,0.0,0.0,0.0,0.0,3.5,0.0,0.0,0.0,3.3,0.0,0.0,0.0,3.9,0.0,0.0,0.0,3.6,0.0,-1.3,-1.6,6.7,-0.6,-0.7,-1.4,12.0,3.1,1.3,5.8,2.1,0.9,4.9,5.0
operating income,0.0,0.0,0.0,0.0,0.0,0.0,0.0,0.0,0.0,0.0,0.0,0.0,0.0,24.0,47.0,29.0,20.1,19.0,20.0,2.0,-2.5,7.0,7.0,23.0,39.6,52.0,72.0,63.0,17.2,24.0,27.0,23.0,52.3,20.0,50.0,45.0,21.1,23.0,30.0,-22.0,-11.4,35.0,65.2,2.6,5.3,27.6,60.7,64.8,44.1,15.6,-10.9,-12.8,60.7,30.7,56.0,51.9
other current assets,4.9,0.0,0.0,0.0,6.9,0.0,0.0,0.0,10.3,0.0,0.0,0.0,0.0,26.0,26.0,25.0,0.0,24.0,37.0,30.0,14.7,20.0,20.0,16.0,15.4,16.0,20.0,23.0,15.6,20.0,234.0,26.0,0.0,32.0,31.0,45.0,21.3,56.0,0.0,0.0,11.8,0.0,15.3,0.0,14.3,0.0,0.0,0.0,32.5,0.0,0.0,47.0,57.1,25.1,22.0,24.6
other current liabilities,8.5,0.0,0.0,0.0,19.6,0.0,0.0,0.0,24.2,0.0,0.0,0.0,26.5,23.0,0.0,0.0,14.3,0.0,40.0,0.0,14.6,0.0,0.0,0.0,18.6,0.0,42.0,34.0,41.7,0.0,0.0,0.0,25.9,0.0,0.0,0.0,24.8,0.0,0.0,0.0,23.8,26.9,38.4,31.3,33.5,36.0,56.9,0.0,0.0,27.1,17.8,2.2,46.0,57.4,56.3,2.6
other equity adjustments,-52.9,0.0,0.0,0.0,-191.3,0.0,0.0,0.0,-321.2,0.0,0.0,0.0,-251.8,-343.0,-275.0,-352.0,-212.9,-346.0,-318.0,-345.0,-44.9,-347.0,-327.0,-329.0,-322.0,-383.0,-412.0,-260.0,-441.4,-422.0,-408.0,-357.0,-320.8,-407.0,-369.0,-106.0,-202.3,-110.0,-252.0,-310.0,-52.0,11.1,85.8,79.6,73.2,12.8,12.3,12.7,172.4,26.1,24.8,22.3,70.6,74.6,76.0,5.6
"other financing charges, net",-8.7,0.0,0.0,0.0,-5.1,0.0,0.0,0.0,-18.4,0.0,0.0,0.0,0.1,0.0,0.0,0.0,-1.0,0.0,0.0,0.0,0.0,0.0,0.0,0.0,0.0,0.0,0.0,0.0,0.0,0.0,0.0,0.0,-0.5,0.0,0.0,0.0,0.0,0.0,0.0,0.0,0.0,0.0,-9.0,0.5,-6.9,0.1,-9.5,0.0,-6.4,0.3,0.0,-4.4,-102.2,-25.5,-3.0,-15.0
other fixed assets,0.0,0.0,0.0,0.0,0.0,0.0,0.0,0.0,0.0,0.0,0.0,0.0,0.1,754.0,691.0,"1,074.0","1,069.3","1,069.0","1,098.0","1,079.0",0.0,"1,094.0","1,073.0","1,093.0",0.0,"1,172.0","1,199.0","1,225.0",-1.6,"1,320.0","1,302.0","1,343.0",0.3,"495,042.0","1,442.0","1,450.0",-0.2,"1,546.0","1,681.0","1,591.0",0.0,755.3,806.7,810.9,0.0,873.6,836.3,850.4,0.0,880.5,770.0,0.0,900.6,855.3,900.4,0.0
other gains/losses,0.0,0.0,0.0,0.0,0.0,0.0,0.0,0.0,0.0,0.0,0.0,0.0,0.0,0.0,0.0,0.0,0.0,0.0,0.0,0.0,0.0,0.0,0.0,0.0,0.0,0.0,0.0,0.0,0.0,0.0,0.0,0.0,0.0,0.0,0.0,0.0,0.0,0.0,0.0,0.0,0.0,0.0,-1.7,-1.3,2.7,0.0,0.0,0.0,0.0,0.0,0.0,0.0,0.0,0.0,0.0,0.0
other income net,0.0,0.0,0.0,0.0,0.0,0.0,0.0,0.0,0.0,0.0,0.0,0.0,0.0,-1.0,4.0,1.0,-6.2,1.0,1.0,3.0,1.4,-2.0,-1.0,-1.0,-0.9,-2.0,-4.0,-5.0,-5.7,0.0,6.0,-1.0,-17.8,5.0,0.0,-6.0,-6.1,1.0,-4.0,2.0,-108.5,-1.9,2.5,-6.7,10.1,5.3,-2.4,-3.2,1.9,-3.3,-1.9,4.1,8.0,-2.9,4.8,-23.7
"other investing changes, net",-0.3,0.0,0.0,0.0,-127.3,0.0,0.0,0.0,1.2,0.0,0.0,0.0,-3.8,-4.0,22.0,24.0,0.5,-2.0,0.0,0.0,0.3,-5.0,-4.0,-4.0,0.3,-5.0,-4.0,-4.0,-0.2,-4.0,-3.0,-2.0,-0.2,-1.0,-55.0,-1.0,-0.1,-2.0,-3.0,-3.0,12.5,-4.9,-6.6,-7.3,13.0,-6.2,-13.3,-12.8,8.6,13.8,-4.0,-11.1,30.6,-8.1,25.2,-20.4
other non-cash items,0.0,0.0,0.0,0.0,0.0,0.0,0.0,0.0,0.0,0.0,0.0,0.0,0.0,0.0,0.0,0.0,0.0,0.0,0.0,0.0,0.0,0.0,0.0,0.0,0.0,0.0,0.0,0.0,0.0,0.0,0.0,0.0,0.0,0.0,0.0,0.0,0.0,0.0,0.0,0.0,110.6,0.0,43.7,24.0,-6.1,32.6,96.6,150.8,-7.4,8.3,10.9,0.5,64.0,94.0,152.9,-13.0
other non-current assets,0.7,0.0,0.0,0.0,6.4,0.0,0.0,0.0,3.0,0.0,0.0,0.0,7.1,44.0,34.0,33.0,28.2,31.0,32.0,30.0,30.4,31.0,30.0,30.0,30.4,33.0,34.0,34.0,34.6,35.0,34.0,35.0,47.5,33.0,34.0,32.0,54.4,35.0,36.0,34.0,50.7,36.4,25.5,41.0,58.4,33.6,32.4,28.2,62.3,31.2,27.8,100.1,49.8,106.9,100.1,108.0
other non-current liabilities,3.3,0.0,0.0,0.0,4.1,0.0,0.0,0.0,5.5,0.0,0.0,0.0,7.2,10.0,4.0,4.0,2.8,4.0,4.0,4.0,2.7,4.0,0.0,4.0,4.9,0.0,172.0,8.0,7.9,9.0,9.0,6.0,7.1,4.0,4.0,5.0,8.8,5.0,5.0,7.0,5.8,6.0,6.9,7.0,7.2,8.1,8.3,7.8,0.0,0.0,10.0,10.2,5.5,4.2,4.8,7.4
other receivable,0.0,0.0,0.0,0.0,0.0,0.0,0.0,0.0,0.0,0.0,0.0,0.0,24.2,0.0,0.0,0.0,16.1,0.0,0.0,0.0,20.0,0.0,0.0,0.0,16.5,0.0,0.0,0.0,26.7,0.0,0.0,0.0,29.5,0.0,0.0,0.0,40.4,0.0,0.0,0.0,0.0,0.0,0.0,0.0,0.0,0.0,0.0,0.0,0.0,0.0,0.0,52.3,0.0,0.0,0.0,36.7
other special charges,0.0,0.0,0.0,0.0,0.0,0.0,0.0,0.0,0.0,0.0,0.0,0.0,0.0,0.0,0.0,0.0,0.0,5.0,0.0,0.0,0.0,0.0,0.0,0.0,0.0,2.0,0.0,0.0,0.0,0.0,0.0,0.0,0.0,0.0,0.0,0.0,0.0,0.0,0.0,0.0,0.0,0.0,0.0,0.0,0.0,0.0,0.0,0.0,0.0,0.0,0.0,0.0,0.0,0.0,0.0,20.8
payment of cash dividends,-19.6,0.0,0.0,0.0,-19.7,0.0,0.0,0.0,-17.0,0.0,0.0,0.0,-35.1,0.0,-27.0,-27.0,-26.6,0.0,-29.0,-27.0,-27.2,0.0,-21.0,-21.0,-22.2,0.0,-22.0,-22.0,-23.0,0.0,-31.0,-33.0,-33.7,0.0,0.0,-33.0,-33.3,0.0,-11.0,-22.0,0.6,0.0,-9.5,-18.5,-19.1,0.0,-9.7,-19.9,-20.2,0.0,-21.9,-21.6,0.0,-11.0,-23.4,-23.0
payout ratio,None,None,None,None,None,None,None,None,8,None,None,None,29,26,23,22,20,24,30,38,61,81,97,65,33,21,14,12,13,9,7,9,41,15,34,29,29,32,42,115,None,None,None,None,29,28,30,16,12,12,None,214,46,35,33,13
post-tax profit margin,17.2,0.0,0.0,0.0,14.4,13.6,12.9,13.1,13.3,13.1,12.4,11.4,11.2,11.5,12.8,12.9,14.3,12.6,10.1,8.6,4.3,3.3,2.3,3.1,5.3,8.4,12.0,13.9,12.2,10.5,8.3,6.0,5.8,5.7,6.2,6.8,7.0,6.6,5.1,2.7,-4.4,-4.4,-2.0,-1.5,3.5,3.6,3.1,5.7,8.0,7.4,0.0,0.6,2.3,2.6,4.4,5.6
pre-tax profit margin,18.0,0.0,0.0,0.0,15.2,0.0,0.0,0.0,17.6,0.0,0.0,0.0,14.4,0.0,0.0,0.0,12.5,12.6,9.8,7.8,5.4,4.0,2.4,3.5,6.1,9.6,14.2,16.3,14.6,11.9,9.0,6.0,9.7,9.1,10.0,10.8,8.7,8.1,6.2,1.2,-5.8,-5.8,-2.9,0.1,5.2,5.6,5.1,8.4,10.1,9.3,0.0,0.4,2.7,3.1,5.4,7.1
pref. securities of subsid. trust,0.0,0.0,0.0,0.0,0.0,0.0,0.0,0.0,0.0,0.0,0.0,0.0,0.0,0.0,0.0,0.0,0.0,0.0,0.0,0.0,0.0,0.0,0.0,0.0,0.0,0.0,0.0,0.0,0.0,0.0,0.0,0.0,0.0,0.0,0.0,0.0,0.0,0.0,0.0,0.0,0.0,0.0,0.0,0.0,0.0,0.0,0.0,0.0,0.0,0.0,0.0,0.0,0.0,0.0,0.0,0.0
preferred dividends,0.0,0.0,0.0,0.0,0.0,0.0,0.0,0.0,0.0,0.0,0.0,0.0,0.0,0.0,0.0,0.0,0.0,0.0,0.0,0.0,0.0,0.0,0.0,0.0,0.0,0.0,0.0,0.0,0.0,0.0,0.0,0.0,0.0,0.0,0.0,0.0,0.0,0.0,0.0,0.0,0.0,0.0,0.0,0.0,0.0,0.0,0.0,0.0,0.0,0.0,0.0,0.0,0.0,0.0,0.0,0.0
preferred equity outside stock equity,0.0,0.0,0.0,0.0,0.0,0.0,0.0,0.0,0.0,0.0,0.0,0.0,0.0,0.0,0.0,0.0,0.0,0.0,0.0,0.0,0.0,0.0,0.0,0.0,0.0,0.0,0.0,0.0,0.0,0.0,0.0,0.0,0.0,0.0,0.0,0.0,0.0,0.0,0.0,0.0,0.0,0.0,0.0,0.0,0.0,0.0,0.0,0.0,0.0,0.0,0.0,0.0,0.0,0.0,0.0,0.0
preferred secur. of subsid. trust,0.0,0.0,0.0,0.0,0.0,0.0,0.0,0.0,0.0,0.0,0.0,0.0,0.0,0.0,0.0,0.0,0.0,0.0,0.0,0.0,0.0,0.0,0.0,0.0,0.0,0.0,0.0,0.0,0.0,0.0,0.0,0.0,0.0,0.0,0.0,0.0,0.0,0.0,0.0,0.0,0.0,0.0,0.0,0.0,0.0,0.0,0.0,0.0,0.0,0.0,0.0,0.0,0.0,0.0,0.0,0.0
preferred shares,0.0,0.0,0.0,0.0,0.0,0.0,0.0,0.0,0.0,0.0,0.0,0.0,0.0,0.0,0.0,0.0,0.0,0.0,0.0,0.0,0.0,0.0,0.0,0.0,0.0,0.0,0.0,0.0,0.0,0.0,0.0,0.0,0.0,0.0,0.0,0.0,0.0,0.0,0.0,0.0,0.0,0.0,0.0,0.0,0.0,0.0,0.0,0.0,0.0,0.0,0.0,0.0,0.0,0.0,0.0,0.0
preferred stock equity,0.0,0.0,0.0,0.0,0.0,0.0,0.0,0.0,0.0,0.0,0.0,0.0,0.0,0.0,0.0,0.0,0.0,0.0,0.0,0.0,0.0,0.0,0.0,0.0,0.0,0.0,0.0,0.0,0.0,0.0,0.0,0.0,0.0,0.0,0.0,0.0,0.0,0.0,0.0,0.0,0.0,0.0,0.0,0.0,0.0,0.0,0.0,0.0,0.0,0.0,0.0,0.0,0.0,0.0,0.0,0.0
prepaid expenses,0.0,0.0,0.0,0.0,0.0,0.0,0.0,0.0,0.0,0.0,0.0,0.0,5.3,0.0,0.0,0.0,14.8,0.0,0.0,0.0,6.4,0.0,0.0,0.0,4.2,0.0,0.0,0.0,7.6,0.0,0.0,0.0,5.2,0.0,0.0,0.0,11.9,0.0,0.0,0.0,11.2,0.0,0.0,0.0,11.9,0.0,0.0,0.0,11.2,0.0,0.0,54.0,0.0,0.0,0.0,66.7
price/cash flow ratio,4.8,0.0,0.0,0.0,5.1,0.0,0.0,0.0,2.2,0.0,0.0,0.0,2.4,0.0,0.0,0.0,2.4,2.6,3.9,4.3,6.8,8.4,8.5,8.1,6.9,5.1,4.1,4.7,4.6,4.7,5.9,8.8,11.2,11.2,11.1,9.4,9.4,8.6,10.0,11.6,-37.2,-24.7,96.8,60.0,10.2,9.3,7.7,5.7,5.6,6.8,-10.7,15.0,19.7,8.6,6.3,6.0
price/equity ratio,0.94,0.00,0.00,0.00,0.78,0.00,0.00,0.00,0.48,0.00,0.00,0.00,0.42,0.53,0.56,0.48,0.47,0.45,0.56,0.56,0.58,0.62,0.57,0.63,0.73,0.72,0.76,0.95,0.83,0.74,0.81,0.92,1.16,1.15,1.25,1.13,1.15,1.00,0.98,0.90,0.71,0.56,0.95,0.96,1.03,0.92,0.72,0.75,0.92,1.01,0.95,0.82,0.77,0.85,0.85,0.96
price/free cash flow ratio,-25.0,0.0,0.0,0.0,11.8,0.0,0.0,0.0,2.6,0.0,0.0,0.0,7.6,16.4,21.8,7.9,7.4,13.4,25.8,21.6,-29.4,17.3,62.5,13.6,11.5,11.1,7.6,9.0,13.0,19.4,39.8,42.8,63.0,289.9,46.4,-116.5,-28.7,104.0,-92.5,-12.7,-7.7,14.6,13.7,-300.0,127.8,26.1,7.1,7.3,8.3,107.6,-15.1,-5.6,6.2,19.1,46.3,18.1
price/revenue ratio,0.95,0.00,0.00,0.00,0.90,0.51,0.42,0.45,0.36,0.32,0.29,0.30,0.35,0.45,0.44,0.39,0.43,0.40,0.52,0.51,0.54,0.57,0.49,0.53,0.59,0.60,0.63,0.80,0.72,0.64,0.69,0.85,1.04,1.03,1.07,0.94,0.95,0.83,0.82,0.68,0.50,0.39,0.74,0.74,0.65,0.60,0.46,0.49,0.61,0.69,15.50,0.48,0.45,0.44,0.43,0.46
price/tangible book ratio,0.95,0.00,0.00,0.00,0.82,0.00,0.00,0.00,0.50,0.00,0.00,0.00,0.44,0.53,0.56,0.48,0.47,0.45,0.56,0.56,0.59,0.62,0.57,0.63,0.75,0.72,0.76,0.95,0.85,0.74,0.81,0.92,1.18,1.15,1.25,1.13,1.18,1.00,0.98,0.90,0.73,0.56,0.95,0.96,1.05,0.92,0.72,0.75,0.94,1.01,0.95,0.83,0.77,0.85,0.85,0.97
purchase of  short-term investments,0.0,0.0,0.0,0.0,0.0,0.0,0.0,0.0,0.0,0.0,0.0,0.0,0.0,0.0,0.0,0.0,0.0,0.0,0.0,0.0,0.0,0.0,0.0,0.0,0.0,0.0,0.0,0.0,0.0,0.0,0.0,0.0,0.0,0.0,0.0,0.0,0.0,0.0,0.0,0.0,0.0,0.0,0.0,0.0,0.0,0.0,0.0,0.0,0.0,0.0,0.0,0.0,0.0,0.0,0.0,0.0
purchase of long-term investments,0.0,0.0,0.0,0.0,0.0,0.0,0.0,0.0,0.0,0.0,0.0,0.0,0.0,0.0,0.0,0.0,0.0,0.0,0.0,0.0,0.0,0.0,0.0,0.0,0.0,0.0,0.0,0.0,0.0,0.0,0.0,0.0,0.0,0.0,0.0,0.0,0.0,0.0,0.0,0.0,0.0,0.0,0.0,0.0,0.0,0.0,0.0,0.0,0.0,0.0,0.0,0.0,0.0,0.0,0.0,0.0
quarterly indicator,4,1,2,3,4,1,2,3,4,1,2,3,4,1,2,3,4,1,2,3,4,1,2,3,4,1,2,3,4,1,2,3,4,1,2,3,4,1,2,3,4,1,2,3,4,1,2,3,4,1,3,4,1,2,3,4
quick ratio,3.0,0.0,0.0,0.0,1.1,0.0,0.0,0.0,2.4,0.0,0.0,0.0,2.2,2.3,2.1,3.0,4.2,3.3,1.9,2.2,3.5,2.6,1.8,2.2,3.9,3.7,3.7,4.5,4.0,3.7,3.0,3.3,3.8,3.7,2.8,2.4,2.9,2.3,2.0,1.8,1.1,2.2,1.9,1.6,1.4,1.7,1.9,2.6,2.5,3.2,2.1,1.1,1.6,1.2,1.6,1.6
receivables,30.1,0.0,0.0,0.0,41.3,0.0,0.0,0.0,44.9,0.0,0.0,0.0,60.9,35.0,33.0,31.0,52.7,30.0,31.0,28.0,55.6,32.0,34.0,35.0,50.6,38.0,43.0,40.0,71.4,38.0,39.0,41.0,77.7,45.0,54.0,54.0,110.5,64.0,124.0,103.0,97.5,94.2,102.8,98.6,106.0,120.8,122.3,128.3,115.9,111.7,110.0,160.5,143.5,144.2,165.9,170.3
receivables as % of revenue,5.6,0.0,0.0,0.0,6.9,0.0,0.0,0.0,4.7,0.0,0.0,0.0,5.8,3.2,3.1,2.9,5.3,3.0,3.1,2.9,5.8,3.2,3.3,3.2,4.2,3.1,3.3,3.0,5.2,2.8,2.9,3.1,5.6,3.2,3.5,3.3,6.6,3.7,6.9,5.7,6.7,6.4,7.1,6.9,6.0,6.6,6.6,6.6,5.8,5.6,151.7,8.1,6.1,5.8,6.0,5.6
receivables per day sales,20.11,0.00,0.00,0.00,24.97,0.00,0.00,0.00,16.94,0.00,0.00,0.00,20.80,11.57,10.99,10.27,19.10,10.80,11.32,10.41,20.92,11.54,12.00,11.66,15.25,11.16,11.91,10.65,18.88,10.11,10.60,11.27,20.15,11.49,12.77,12.00,23.84,13.19,24.86,20.58,24.13,23.11,25.73,24.91,21.45,23.69,23.65,23.72,20.92,19.98,545.99,29.01,21.87,20.85,21.43,20.31
receivables turnover,0.0,0.0,0.0,0.0,16.7,0.0,0.0,0.0,22.2,0.0,0.0,0.0,19.9,0.0,0.0,0.0,17.5,30.8,30.8,32.8,17.7,32.2,31.4,34.3,22.5,35.0,33.8,36.0,22.3,35.6,32.3,32.3,18.6,34.0,32.7,34.1,17.7,32.1,20.2,23.0,14.0,18.6,12.7,14.1,17.5,17.1,16.5,17.2,18.0,17.3,0.6,14.4,18.5,0.0,20.2,18.3
repayment of long-term debt,-106.6,0.0,0.0,0.0,-53.5,0.0,0.0,0.0,-272.4,0.0,0.0,0.0,-143.1,-13.0,-15.0,-17.0,-17.3,-4.0,-6.0,-15.0,-14.3,-4.0,-15.0,-23.0,-27.1,-8.0,-13.0,-17.0,-18.5,-6.0,-6.0,-6.0,-9.4,0.0,0.0,-5.0,-1.4,-9.0,-18.0,-40.0,-35.2,-1.7,-43.5,-102.0,-54.1,-26.3,-73.2,-103.6,-88.4,-3.4,-52.1,-55.6,-27.1,-30.1,-115.7,-163.5
repurchase of capital stock,0.0,0.0,0.0,0.0,-5.0,0.0,0.0,0.0,0.5,0.0,0.0,0.0,0.0,0.0,0.0,0.0,0.0,0.0,0.0,0.0,0.0,0.0,0.0,0.0,-1.0,0.0,0.0,0.0,-0.7,0.0,0.0,0.0,0.0,0.0,0.0,0.0,0.0,0.0,0.0,0.0,-1.4,0.0,0.0,0.0,0.0,0.0,0.0,0.0,0.0,0.0,0.0,0.0,0.0,0.0,0.0,0.0
restricted cash,0.0,0.0,0.0,0.0,0.0,0.0,0.0,0.0,0.0,0.0,0.0,0.0,0.0,0.0,0.0,0.0,0.0,0.0,0.0,0.0,0.0,0.0,0.0,0.0,0.0,0.0,0.0,0.0,0.0,0.0,0.0,0.0,0.0,0.0,0.0,0.0,0.0,0.0,0.0,0.0,0.0,0.0,0.0,0.0,0.0,0.0,0.0,0.0,0.0,0.0,0.0,0.0,0.0,0.0,0.0,0.0
retained earnings,416.7,0.0,0.0,0.0,662.6,0.0,0.0,0.0,821.4,0.0,0.0,0.0,865.7,"1,014.0",899.0,994.0,886.2,"1,028.0","1,009.0","1,011.0",709.3,"1,033.0",981.0,"1,011.0","1,051.6","1,165.0","1,249.0","1,148.0","1,350.9","1,350.0","1,296.0","1,307.0","1,304.2","1,413.0","1,407.0","1,177.0","1,305.3","1,266.0","1,471.0","1,381.0",847.5,784.9,804.4,784.5,810.3,942.5,932.6,"1,010.4",898.4,"1,099.5",934.1,921.0,"1,142.6","1,074.7","1,190.4","1,335.2"
revenue per $  plant (net),1.33,0.00,0.00,0.00,0.98,0.00,0.00,0.00,1.47,0.00,0.00,0.00,1.42,1.44,1.56,1.58,1.45,1.46,1.38,1.40,1.38,1.42,1.49,1.53,1.62,1.68,1.72,1.73,1.64,1.68,1.68,1.58,1.57,1.62,1.72,1.82,1.78,1.77,1.74,1.84,1.88,1.94,1.78,1.76,2.13,2.10,2.23,2.29,2.33,2.29,0.09,2.66,2.62,2.91,3.09,3.29
revenue per $ cash,7.43,0.00,0.00,0.00,4.76,0.00,0.00,0.00,7.69,0.00,0.00,0.00,8.25,7.36,7.02,5.84,6.11,5.40,5.48,5.41,6.85,5.81,6.98,5.91,5.69,4.54,4.05,4.08,4.57,4.09,4.43,4.14,4.34,4.38,4.87,5.14,5.99,5.88,6.44,9.96,10.07,8.47,6.76,8.51,9.12,7.97,6.69,6.46,6.23,5.38,0.30,10.56,7.19,8.92,7.90,9.42
revenue per $ common equity,0.99,0.00,0.00,0.00,0.87,0.00,0.00,0.00,1.32,0.00,0.00,0.00,1.23,1.18,1.26,1.25,1.10,1.10,1.07,1.09,1.07,1.09,1.17,1.19,1.23,1.20,1.20,1.19,1.16,1.15,1.17,1.09,1.11,1.11,1.17,1.21,1.21,1.20,1.19,1.34,1.43,1.45,1.28,1.31,1.59,1.53,1.58,1.54,1.51,1.46,0.06,1.71,1.74,1.94,1.98,2.07
revenue per $ invested capital,0.94,0.00,0.00,0.00,0.76,0.00,0.00,0.00,1.22,0.00,0.00,0.00,1.20,1.16,1.25,1.24,1.09,1.10,1.06,1.08,1.06,1.08,1.15,1.18,1.22,1.19,1.18,1.18,1.16,1.15,1.17,1.09,1.10,1.11,1.16,1.21,1.20,1.20,1.19,1.33,1.39,1.41,1.26,1.26,1.55,1.50,1.54,1.49,1.46,1.41,0.06,1.67,1.70,1.90,1.82,1.91
revenue per share,10.78,0.00,0.00,0.00,11.98,13.98,15.88,17.89,19.36,19.21,20.01,20.01,21.26,21.91,21.76,21.89,20.04,20.16,19.84,19.45,19.15,19.98,20.44,21.63,23.90,24.52,26.00,27.03,27.26,27.10,26.51,26.21,27.76,28.20,30.46,32.40,33.38,34.94,35.92,36.04,29.10,29.34,28.76,28.50,35.59,36.71,37.23,38.96,39.87,40.25,1.45,39.84,47.23,49.92,55.72,60.40
revenue/assets,0.9,0.0,0.0,0.0,0.6,0.0,0.0,0.0,1.0,0.0,0.0,0.0,0.9,0.9,1.0,1.0,0.9,0.9,0.8,0.8,0.9,0.9,0.9,0.9,1.0,1.0,0.9,1.0,0.9,0.9,0.9,0.9,0.9,0.9,0.9,0.9,1.0,1.0,0.9,1.0,1.0,1.1,1.0,1.0,1.2,1.1,1.2,1.2,1.2,1.1,0.0,1.2,1.3,1.3,1.3,1.4
sale of long-term investments,0.0,0.0,0.0,0.0,0.0,0.0,0.0,0.0,0.0,0.0,0.0,0.0,0.0,0.0,0.0,0.0,0.0,0.0,0.0,0.0,0.0,0.0,0.0,0.0,0.0,0.0,0.0,0.0,0.0,0.0,0.0,0.0,0.0,0.0,0.0,0.0,0.0,0.0,0.0,0.0,0.0,0.0,0.0,0.0,0.0,0.0,0.0,0.0,0.0,0.0,0.0,0.0,0.0,0.0,0.0,0.0
sale of short-term investments,0.0,0.0,0.0,0.0,0.0,0.0,0.0,0.0,0.0,0.0,0.0,0.0,0.0,0.0,0.0,0.0,0.0,0.0,0.0,0.0,0.0,0.0,0.0,0.0,0.0,0.0,0.0,0.0,0.0,0.0,0.0,0.0,0.0,0.0,0.0,0.0,0.0,0.0,0.0,0.0,0.0,0.0,0.0,0.0,0.0,0.0,0.0,0.0,0.0,0.0,0.0,0.0,0.0,0.0,0.0,0.0
sales per $ inventory,5.61,0.00,0.00,0.00,4.47,0.00,0.00,0.00,6.89,0.00,0.00,0.00,5.99,5.85,6.00,7.01,6.01,5.81,4.85,5.35,6.97,5.17,4.74,5.40,9.15,6.59,6.60,6.83,8.83,6.07,55.17,5.52,6.71,5.32,4.41,4.29,5.47,4.53,4.14,4.02,5.06,5.37,4.69,4.36,6.44,5.31,5.99,5.57,6.91,5.67,0.18,6.04,5.89,5.47,5.32,6.75
sales per $ receivables,17.90,0.00,0.00,0.00,14.42,0.00,0.00,0.00,21.26,0.00,0.00,0.00,17.31,31.11,32.74,35.06,18.85,33.32,31.79,34.59,17.21,31.21,29.99,30.87,23.61,32.25,30.22,33.79,19.07,35.61,33.95,31.93,17.87,31.33,28.20,30.00,15.10,27.30,14.48,17.49,14.92,15.58,13.99,14.45,16.78,15.20,15.22,15.18,17.21,18.02,0.66,12.41,16.46,17.26,16.80,17.73
sales per employee,49870,None,None,None,53075,None,None,None,58003,None,None,None,57038,None,None,None,55198,None,None,None,51777,None,None,None,63168,None,None,None,66617,None,None,None,65976,None,None,None,72285,None,None,None,62595,None,None,None,73952,None,None,None,84919,None,None,78659,None,None,None,119495
shares out (common class only),50.0,50.0,50.0,50.0,49.7,49.7,49.7,49.7,49.4,49.4,49.4,49.4,49.6,49.7,49.7,49.6,49.6,49.6,49.7,49.8,50.0,50.0,49.9,50.0,49.9,50.0,50.0,50.0,49.9,49.9,49.9,50.0,50.0,50.0,50.0,50.0,50.0,50.0,50.0,50.0,50.0,50.0,50.0,50.0,50.0,50.0,50.0,50.0,50.0,50.0,50.0,50.0,50.0,49.9,50.0,50.0
short-term debt,11.6,0.0,0.0,0.0,104.7,0.0,0.0,0.0,11.0,0.0,0.0,0.0,10.3,0.0,0.0,0.0,8.9,0.0,0.0,0.0,2.4,0.0,0.0,0.0,2.2,0.0,0.0,0.0,2.0,0.0,0.0,0.0,0.9,0.0,0.0,0.0,1.7,0.0,0.0,0.0,14.0,0.0,0.0,0.0,27.4,0.0,0.0,0.0,11.3,0.0,0.0,104.4,0.0,0.0,0.0,91.8
special income charges,0.0,0.0,0.0,0.0,0.0,0.0,0.0,0.0,0.0,0.0,0.0,0.0,0.0,0.0,0.0,0.0,0.0,5.0,0.0,0.0,0.0,0.0,0.0,0.0,0.0,2.0,0.0,0.0,0.0,0.0,0.0,0.0,0.0,0.0,0.0,0.0,0.0,0.0,0.0,0.0,0.0,0.0,0.0,0.0,0.0,0.0,0.0,0.0,0.0,0.0,0.0,0.0,0.0,0.0,0.0,20.8
tangible book value per share,10.81,0.00,0.00,0.00,13.17,0.00,0.00,0.00,14.07,0.00,0.00,0.00,16.70,18.57,17.22,17.55,18.22,18.27,18.54,17.83,17.34,18.31,17.54,18.24,18.94,20.41,21.71,22.76,22.89,23.54,22.63,24.08,24.51,25.30,26.04,26.78,27.02,29.08,30.10,26.96,19.87,20.22,22.42,21.78,21.86,24.02,23.61,25.31,25.83,27.61,23.61,22.85,27.21,25.77,28.21,28.77
total assets per share,12.22,0.00,0.00,0.00,19.11,0.00,0.00,0.00,20.28,0.00,0.00,0.00,23.19,24.01,22.51,22.48,22.37,22.71,24.05,22.94,22.10,23.09,22.59,23.38,24.15,25.47,27.47,28.18,28.86,29.08,28.37,29.73,31.34,31.38,33.18,34.30,35.02,36.48,38.14,34.86,28.13,26.64,29.40,28.90,30.41,32.08,31.61,33.17,34.19,35.05,30.82,33.28,37.62,37.41,41.30,43.02
total capitalization,570.7,0.0,0.0,0.0,784.6,0.0,0.0,0.0,785.6,0.0,0.0,0.0,875.3,937.0,866.0,879.0,911.9,912.0,927.0,897.0,900.6,923.0,882.0,918.0,978.9,"1,033.0","1,098.0","1,143.0","1,177.6","1,179.0","1,133.0","1,206.0","1,257.7","1,268.0","1,308.0","1,344.0","1,386.0","1,458.0","1,512.0","1,354.0","1,043.5","1,037.8","1,139.0","1,129.7","1,144.5","1,221.4","1,205.7","1,309.4","1,356.8","1,419.5","1,211.7","1,191.8","1,390.1","1,312.4","1,533.4","1,578.6"
total debt as % total assets,11.2,0.0,0.0,0.0,28.3,0.0,0.0,0.0,27.7,0.0,0.0,0.0,25.4,22.6,23.5,22.0,18.4,19.5,22.8,22.3,19.2,20.8,22.4,22.0,19.4,19.9,20.9,19.2,18.6,19.1,20.3,19.0,19.9,19.4,21.5,21.9,21.1,20.3,21.0,22.7,27.8,24.1,23.7,24.6,26.6,25.1,25.3,23.7,23.0,21.2,23.4,30.0,27.7,31.1,31.7,32.1
total debt/equity ratio,0.07,0.00,0.00,0.00,0.31,0.00,0.00,0.00,0.11,0.00,0.00,0.00,0.04,0.03,0.02,0.02,0.02,0.02,0.02,0.02,0.02,0.02,0.02,0.02,0.02,0.02,0.02,0.01,0.01,0.01,0.01,0.01,0.00,0.01,0.01,0.01,0.01,0.01,0.01,0.01,0.04,0.04,0.04,0.07,0.07,0.06,0.05,0.05,0.05,0.04,0.05,0.11,0.10,0.13,0.15,0.14
total non-current assets,407.6,0.0,0.0,0.0,642.8,0.0,0.0,0.0,683.0,0.0,0.0,0.0,780.1,798.0,725.0,720.0,713.7,715.0,745.0,724.0,751.1,736.0,714.0,734.0,795.5,763.0,791.0,817.0,893.9,841.0,822.0,864.0,957.6,904.0,917.0,923.0,"1,024.0","1,022.0","1,068.0","1,011.0",845.3,791.7,832.2,852.0,916.1,907.2,868.7,878.7,940.4,911.6,797.8,884.2,950.3,962.1,"1,000.5","1,047.7"
total ordinary shares,300.0,0.0,0.0,0.0,298.1,298.1,298.1,298.1,296.1,0.0,0.0,0.0,297.5,298.2,297.9,297.8,297.5,297.5,298.1,298.8,300.0,299.8,299.4,299.7,299.6,299.9,299.9,300.0,299.5,299.5,299.6,599.4,600.0,600.0,600.0,600.0,600.0,600.0,600.0,600.0,600.0,0.0,0.0,0.0,600.0,0.0,600.0,0.0,600.0,0.0,0.0,600.0,600.0,598.3,600.0,600.0
total revenue,0.0,0.0,0.0,0.0,0.0,0.0,0.0,0.0,0.0,0.0,0.0,0.0,0.0,259.0,270.0,245.0,246.6,238.0,256.0,228.0,248.6,266.0,277.0,289.0,351.6,308.0,351.0,341.0,342.1,319.0,322.0,326.0,402.8,359.0,435.0,423.0,442.9,446.0,484.0,429.0,139.2,414.8,455.1,415.8,485.6,479.2,480.9,502.3,522.9,506.3,474.6,595.3,729.7,689.8,771.4,788.3
treasury shares,0.0,0.0,0.0,0.0,0.0,0.0,0.0,0.0,0.0,0.0,0.0,0.0,0.0,0.0,0.0,0.0,0.0,0.0,0.0,0.0,0.0,0.0,0.0,0.0,0.0,0.0,0.0,0.0,0.0,0.0,0.0,0.0,0.0,0.0,0.0,0.0,0.0,0.0,0.0,0.0,0.0,0.0,0.0,0.0,0.0,0.0,0.0,0.0,0.0,0.0,0.0,0.0,6.5,3.3,0.1,0.0
treasury stock,0.0,0.0,0.0,0.0,0.0,0.0,0.0,0.0,0.0,0.0,0.0,0.0,0.0,0.0,0.0,0.0,0.0,0.0,0.0,0.0,0.0,0.0,0.0,0.0,0.0,0.0,0.0,0.0,0.0,0.0,0.0,0.0,0.0,0.0,0.0,0.0,0.0,0.0,0.0,0.0,0.0,0.0,0.0,0.0,0.0,0.0,0.0,0.0,0.0,0.0,0.0,0.0,0.0,0.0,0.0,0.0
working capital,168.9,0.0,0.0,0.0,148.8,0.0,0.0,0.0,246.6,0.0,0.0,0.0,283.1,316.0,304.0,325.0,344.8,346.0,339.0,321.0,297.6,338.0,316.0,335.0,342.9,426.0,483.0,510.0,455.2,513.0,482.0,513.0,506.0,566.0,609.0,638.0,592.7,643.0,642.0,579.0,331.1,419.1,472.8,431.4,394.1,495.1,505.8,611.4,594.5,690.0,577.2,460.2,630.4,544.0,743.5,740.4
working capital as % of price,33.0,0.0,0.0,0.0,27.9,0.0,0.0,0.0,70.8,0.0,0.0,0.0,77.7,64.6,63.9,77.1,81.6,85.6,66.1,64.8,57.8,59.3,63.3,58.8,48.4,58.0,58.5,47.0,46.8,59.0,52.8,46.2,34.9,39.0,37.5,42.1,37.3,44.2,43.4,47.5,45.7,73.8,44.4,41.1,34.3,44.7,59.5,64.5,49.2,49.3,51.4,48.2,59.9,49.7,61.8,53.0
working capital per share,3.38,0.00,0.00,0.00,3.00,0.00,0.00,0.00,5.00,0.00,0.00,0.00,5.71,6.36,6.12,6.55,6.95,6.98,6.82,6.45,5.95,6.76,6.33,6.71,6.87,8.52,9.66,10.20,9.12,10.28,9.65,10.27,10.12,11.32,12.18,12.76,11.85,12.86,12.84,11.58,6.62,8.38,9.46,8.63,7.88,9.90,10.12,12.23,11.89,13.80,11.54,9.20,12.61,10.91,14.87,14.81
working captial as % of equity,31.1,0.0,0.0,0.0,21.9,0.0,0.0,0.0,34.1,0.0,0.0,0.0,33.0,34.2,35.6,37.3,38.1,38.2,36.8,36.1,33.4,36.9,36.1,36.8,35.3,41.8,44.5,44.8,38.8,43.7,42.7,42.6,40.3,44.7,46.8,47.6,42.9,44.2,42.7,43.0,32.6,41.5,42.2,39.6,35.3,41.2,42.8,48.3,45.2,50.0,48.9,39.5,46.3,42.3,52.7,50.7
