,1999/12,2000/03,2000/06,2000/09,2000/12,2001/03,2001/06,2001/09,2001/12,2002/03,2002/06,2002/09,2002/12,2003/03,2003/06,2003/09,2003/12,2004/03,2004/06,2004/09,2004/12,2005/03,2005/06,2005/09,2005/12,2006/03,2006/06,2006/09,2006/12,2007/03,2007/06,2007/09,2007/12,2008/03,2008/06,2008/09,2008/12,2009/03,2009/06,2009/09,2009/12,2010/03,2010/06,2010/09,2010/12,2011/03,2011/06,2011/09,2011/12,2012/03,2012/06,2012/09,2012/12
% of EPS-to-Industry,-17.9,0.0,0.0,0.0,45.5,32.0,31.2,45.0,-38.6,-43.0,-31.5,-36.5,-31.5,-38.6,-127.3,-454.0,-580.0,543.3,880.0,574.1,3333.3,-3420.0,1770.0,314.7,190.0,137.5,142.1,252.1,-514.3,262.7,288.9,223.1,-1034.5,-298.1,-349.5,-284.4,119.9,163.1,178.6,237.1,86.2,124.7,111.2,88.0,88.5,81.5,85.6,92.5,95.1,105.3,39.5,56.5,64.8
% of PE-to-Industry,0.0,0.0,0.0,0.0,19.1,41.0,43.6,39.1,0.0,0.0,0.0,0.0,0.0,0.0,0.0,0.0,0.0,15.1,9.1,16.3,2.3,0.0,4.4,28.5,44.0,54.0,46.3,28.0,0.0,37.2,31.8,42.0,0.0,0.0,0.0,0.0,41.5,40.0,39.3,35.6,119.7,93.7,89.9,110.9,106.2,114.9,92.9,63.0,71.4,74.7,192.7,134.1,123.9
% of ROE-to-Industry,1660.0,0.0,0.0,0.0,800.0,180.6,0.0,8300.0,0.0,0.0,0.0,0.0,0.0,0.0,0.0,0.0,0.0,176.6,277.5,667.7,19550.0,0.0,4488.9,1627.3,814.3,321.9,375.0,751.2,0.0,0.0,0.0,0.0,0.0,0.0,0.0,0.0,373.4,221.1,220.7,289.6,266.4,295.5,278.1,270.1,354.3,312.4,203.0,239.2,671.6,504.8,347.5,412.7,327.6
% of current ratio-to-industry,42.9,33.3,22.2,90.5,200.0,125.0,0.0,100.0,145.5,144.4,91.7,110.0,88.9,150.0,80.0,60.0,66.7,63.6,54.5,77.8,80.0,109.1,90.0,100.0,70.0,70.0,80.0,112.5,100.0,90.0,80.0,87.5,77.8,70.0,60.0,71.4,77.8,87.5,63.6,144.4,111.1,100.0,81.8,100.0,100.0,100.0,90.0,100.0,122.2,111.1,70.0,100.0,80.0
% of debt/equity-to-industry,23.8,13.1,18.2,26.3,13.0,14.6,0.0,12.5,100.0,26.5,31.2,145.5,103.7,200.0,90.2,260.0,229.2,90.7,106.8,293.8,310.0,248.3,292.0,286.4,190.9,193.5,184.8,171.4,205.3,103.8,200.0,119.5,116.7,71.4,83.0,89.8,200.0,164.6,245.2,354.3,468.3,310.9,484.2,328.9,539.5,455.0,407.5,308.3,516.7,296.6,566.0,355.0,420.5
% of earnings-to-industry,10.2,0.0,0.0,0.0,2.1,2.4,2.5,28.9,-1.5,-1.6,-1.3,-1.5,-1.0,-0.8,-1.3,-1.8,-24.5,4.1,5.1,5.6,146.5,-246.1,64.7,12.1,6.1,5.1,4.9,8.2,-13.4,-15.8,-19.0,-104.3,-25.4,-35.7,-68.2,-54.2,3.9,2.8,2.9,3.2,2.4,3.3,3.1,2.6,2.5,2.4,2.4,2.6,5.7,7.0,3.1,4.5,2.9
% of gross profit margin-to-industry,151.3,0.0,0.0,0.0,77.5,97.1,0.0,0.0,112.1,0.0,110.3,113.5,100.0,76.7,79.5,84.1,126.7,150.6,155.7,158.0,125.1,131.9,133.9,130.9,131.7,130.4,127.4,126.5,120.1,113.9,108.3,101.6,119.5,116.6,122.8,123.1,114.1,108.9,115.3,109.1,111.0,108.4,109.2,107.3,110.9,104.1,105.9,105.1,106.3,115.2,108.7,110.2,111.9
% of leverage-to-industry,76.9,63.3,80.0,93.3,93.3,48.3,0.0,87.5,100.0,50.0,56.3,105.9,112.5,137.5,100.0,150.0,156.3,100.0,109.5,131.3,146.7,95.8,108.7,127.8,127.8,95.7,123.8,115.0,121.1,95.5,109.5,105.0,100.0,79.2,100.0,100.0,136.8,128.6,171.4,200.0,235.0,200.0,242.9,210.0,230.0,220.0,213.0,187.0,209.5,158.3,269.6,188.0,186.4
% of net profit margin-to-industry,1838.5,0.0,0.0,0.0,305.5,333.3,331.3,3960.0,-233.6,-230.5,-175.2,-185.2,-128.3,-108.6,-152.2,-190.7,-1845.5,219.8,248.0,245.5,8466.7,-12650.0,3471.4,676.5,424.5,361.4,340.4,536.8,-763.6,-852.2,-963.6,-5575.0,-1255.0,-1673.3,-3112.5,-2455.6,142.1,99.2,94.2,94.4,91.8,125.2,107.5,88.1,95.8,89.5,89.2,96.5,192.4,231.7,101.9,155.3,107.7
% of post-tax profit margin-to-industry,1493.8,0.0,0.0,0.0,600.0,653.8,636.0,-1100.0,-245.1,-244.4,-181.6,-196.5,-127.5,-108.6,-151.1,-189.0,-1691.7,224.2,253.1,247.7,5080.0,0.0,2700.0,657.1,459.2,381.5,366.0,566.7,-16800.0,-9800.0,-21200.0,1486.7,-1476.5,-2091.7,-4150.0,-3157.1,154.9,109.1,104.8,105.4,91.8,125.2,107.5,102.8,109.6,101.6,101.6,96.5,192.4,231.7,101.9,152.1,107.7
% of pre-tax profit margin-to-industry,919.4,0.0,0.0,0.0,376.1,409.2,0.0,0.0,-795.7,0.0,-443.9,-650.0,-219.6,-178.3,-286.6,-386.7,510.9,171.1,181.1,184.9,396.6,450.6,387.4,295.4,294.3,263.1,265.1,350.6,607.0,712.2,718.6,490.8,902.6,779.1,675.5,631.9,147.6,111.7,108.1,110.1,102.0,125.5,107.7,102.5,111.6,106.7,108.3,103.3,111.8,127.8,68.4,84.9,87.8
% of pric/free cashlow-to-industry,0.0,0.0,0.0,0.0,0.0,0.0,0.0,0.0,107.9,0.0,0.0,0.0,62.6,11.6,-61.3,-42.9,-42.8,746.5,84.6,121.1,-987.7,124.2,448.4,941.3,-64.9,1714.8,2171.1,12.8,217.9,6.0,55.3,-16.0,385.3,33.3,27.8,-8.3,7.1,2088.3,527.2,-1180.3,-198.7,59.9,82.9,36.8,-326.0,79.2,145.4,113.4,-17.8,14.5,76.8,44.5,27.6
% of price-to-industry,0.0,0.0,5.2,8.6,8.7,12.9,13.7,17.9,22.2,29.3,33.3,40.2,42.3,46.5,46.8,54.3,53.2,81.8,79.7,93.8,75.2,81.0,78.0,89.7,83.6,74.6,65.8,70.6,89.7,97.7,91.8,93.8,133.4,98.3,105.4,95.3,59.3,78.0,84.0,100.7,103.2,116.7,100.0,97.7,93.8,93.9,79.6,58.3,67.7,78.5,76.1,75.6,80.5
% of price/book-to-industry,0.0,0.0,73.3,242.5,138.5,97.8,0.0,228.6,236.5,114.8,118.2,406.6,355.0,466.7,163.4,429.4,332.9,214.4,213.0,485.8,436.0,250.5,237.6,453.0,341.1,206.0,188.0,224.6,291.2,225.0,214.5,253.5,292.4,162.0,202.5,228.1,146.7,201.2,207.8,295.5,351.9,338.1,324.1,352.1,387.9,350.3,290.3,213.4,270.3,222.6,360.9,273.9,306.0
% of price/cashflow-to-industry,0.0,0.0,0.0,0.0,73.7,144.7,0.0,0.0,46.3,0.0,62.7,57.8,45.9,37.2,68.4,82.4,100.7,287.8,188.7,167.5,119.0,159.7,121.7,123.9,134.6,178.5,136.5,119.2,72.3,124.1,95.7,111.7,74.5,80.2,51.0,39.4,46.1,93.5,82.3,92.8,122.3,134.2,126.3,132.6,106.4,116.1,136.8,88.8,59.6,59.9,100.3,87.0,95.3
% of price/sales-to-industry,0.0,0.0,0.0,0.0,53.8,178.2,106.7,106.2,123.4,369.3,264.8,206.6,176.0,358.9,277.2,243.8,137.0,267.3,190.4,179.5,169.4,239.7,186.3,189.9,178.2,230.3,171.8,161.8,151.0,247.1,176.8,167.3,207.7,210.2,180.2,145.1,56.0,89.8,89.0,96.0,121.7,142.9,123.8,114.2,104.7,100.6,128.5,86.8,77.6,103.5,105.3,102.9,100.7
% of sales-to-industry,0.6,0.0,0.0,0.0,0.7,0.7,0.7,0.7,0.6,0.7,0.8,0.8,0.8,0.7,0.8,0.9,1.4,1.9,2.1,2.3,2.0,1.9,1.9,1.8,1.4,1.4,1.4,1.5,1.8,1.9,2.0,2.0,2.0,2.1,2.2,2.3,2.8,2.9,3.1,3.4,2.6,2.7,2.9,2.9,2.6,2.6,2.7,2.7,3.0,3.0,3.0,2.9,2.7
(increase) decrease in inventories,-8.1,0.0,0.0,0.0,0.0,0.0,0.0,0.0,-4.1,0.0,0.0,0.0,-18.2,-2.7,-4.3,-8.6,-14.7,-12.9,-4.8,-2.4,-24.2,-0.2,-20.9,-24.0,-74.6,-23.3,-75.4,-26.6,-39.3,0.0,0.0,0.0,77.0,0.0,0.0,0.0,4.6,0.0,0.0,0.0,-112.0,0.0,0.0,0.0,-105.9,0.0,0.0,0.0,-15.4,0.0,0.0,0.0,-1.5
(increase) decrease in other current assets,2.6,0.0,0.0,0.0,0.0,0.0,0.0,0.0,1.6,0.0,0.0,0.0,-7.4,0.0,0.0,0.0,-8.1,0.0,0.0,0.0,-55.0,0.0,0.0,0.0,0.0,0.0,0.0,0.0,0.0,0.0,0.0,0.0,0.0,0.0,0.0,0.0,0.0,0.0,0.0,0.0,0.0,0.0,0.0,0.0,0.0,0.0,0.0,0.0,0.0,0.0,0.0,0.0,0.0
(increase) decrease in prepaid expenses,0.0,0.0,0.0,0.0,0.0,0.0,0.0,0.0,-8.6,0.0,0.0,0.0,-2.6,-20.2,-31.4,6.3,-11.0,-24.8,-10.4,-19.3,-18.6,-16.7,-79.3,-146.9,-163.6,37.2,-0.1,30.8,24.3,0.0,0.0,0.0,35.1,0.0,0.0,0.0,-269.6,0.0,0.0,0.0,14.7,0.0,0.0,0.0,142.0,0.0,0.0,0.0,-37.7,0.0,0.0,0.0,-25.4
(increase) decrease in receivables,-4.8,0.0,0.0,0.0,0.0,0.0,0.0,0.0,-69.9,0.0,0.0,0.0,-84.5,-20.0,-41.7,-115.0,-114.6,-29.7,-26.6,-66.8,-101.2,-11.1,-71.9,-119.4,-211.2,-56.4,-0.6,-188.1,-116.3,0.0,0.0,0.0,-125.3,0.0,0.0,0.0,-110.7,0.0,0.0,0.0,-182.4,0.0,0.0,0.0,-307.1,0.0,0.0,0.0,-250.3,0.0,0.0,0.0,-252.3
Basic EPS (Continuing),0.00,0.02,0.04,0.03,0.01,0.03,0.04,0.08,0.08,0.05,0.07,0.09,0.09,0.08,0.13,0.16,0.15,0.21,0.27,0.34,0.18,0.23,0.31,0.35,0.25,0.18,0.30,0.48,0.10,0.46,0.52,0.66,1.36,0.62,0.68,0.11,1.63,0.00,0.60,0.52,0.00,0.40,0.36,0.50,0.18,0.34,0.36,0.36,0.40,0.52,-0.68,0.64,0.56
Basic EPS (Cum. Effect of Acct. Change),0.00,0.00,0.00,0.00,0.00,0.00,0.00,0.00,-0.02,0.00,0.00,0.00,0.00,0.00,0.00,0.00,0.00,0.00,0.00,0.00,0.00,0.00,0.00,0.00,0.00,0.00,0.00,0.00,0.00,0.00,0.00,0.00,0.00,0.00,0.00,0.00,0.00,0.00,0.00,0.00,0.00,0.00,0.00,0.00,0.00,0.00,0.00,0.00,0.00,0.00,0.00,0.00,0.00
Basic EPS (Discontinued),0.00,0.00,0.00,0.00,0.00,0.00,0.00,0.00,0.00,0.00,0.00,0.00,0.00,0.00,0.00,0.00,0.00,0.00,0.00,0.00,0.00,0.00,0.00,0.00,0.00,0.00,0.00,0.00,0.00,0.00,0.00,0.00,0.00,0.00,0.00,0.00,0.00,0.00,0.00,0.00,0.00,0.00,0.00,0.00,0.00,0.00,0.00,0.00,0.00,0.00,0.00,0.00,0.00
Basic EPS (Extraordinary Items),0.00,0.00,0.00,0.00,0.00,0.00,0.00,0.00,0.00,0.00,0.00,0.00,0.00,0.00,0.00,0.00,0.00,0.00,0.00,0.00,0.00,0.00,0.00,0.00,0.00,0.00,0.00,0.00,0.00,0.00,0.00,0.00,0.00,0.00,0.00,0.00,0.00,0.00,0.00,0.00,0.00,0.00,0.00,0.00,0.00,0.00,0.00,0.00,0.00,0.00,0.00,0.00,0.00
Basic EPS (Other Gains/Losses),0.00,0.00,0.00,0.00,0.00,0.00,0.00,0.00,0.00,0.00,0.00,0.00,0.00,0.00,0.00,0.00,0.00,0.00,0.00,0.00,0.00,0.00,0.00,0.00,0.00,0.00,0.00,0.00,0.00,0.00,0.00,0.00,0.00,0.00,0.00,0.00,0.00,0.00,0.00,0.00,0.00,0.00,0.00,0.00,0.00,0.00,0.00,0.00,0.00,0.00,0.00,0.00,0.00
Basic EPS (Tax Loss Carry Forward),0.00,0.00,0.00,0.00,0.00,0.00,0.00,0.00,0.00,0.00,0.00,0.00,0.00,0.00,0.00,0.00,0.00,0.00,0.00,0.00,0.00,0.00,0.00,0.00,0.00,0.00,0.00,0.00,0.00,0.00,0.00,0.00,0.00,0.00,0.00,0.00,0.00,0.00,0.00,0.00,0.00,0.00,0.00,0.00,0.00,0.00,0.00,0.00,0.00,0.00,0.00,0.00,0.00
Close PE Ratio,0.0,0.0,0.0,0.0,24.0,23.6,24.9,15.3,16.2,15.2,11.2,10.8,13.3,12.9,15.5,16.3,15.9,20.2,15.4,14.8,13.9,13.7,12.7,15.2,12.3,12.1,10.9,12.5,18.6,16.7,15.5,15.9,13.6,9.6,9.2,8.1,5.3,4.9,6.3,7.0,18.4,14.6,15.0,16.8,14.5,15.4,13.8,9.9,10.1,11.2,28.7,19.9,18.3
Diluted EPS (Continuing),0.00,0.02,0.04,0.03,0.01,0.03,0.04,0.08,0.08,0.05,0.07,0.09,0.09,0.08,0.13,0.16,0.15,0.21,0.27,0.34,0.18,0.23,0.31,0.35,0.25,0.18,0.30,0.48,0.10,0.46,0.52,0.66,1.36,0.62,0.68,0.11,1.63,0.00,0.60,0.52,0.00,0.40,0.36,0.50,0.18,0.34,0.36,0.36,0.40,0.52,-0.68,0.64,0.56
Diluted EPS (Cum. Effect of Acct. Change),0.00,0.00,0.00,0.00,0.00,0.00,0.00,0.00,-0.02,0.00,0.00,0.00,0.00,0.00,0.00,0.00,0.00,0.00,0.00,0.00,0.00,0.00,0.00,0.00,0.00,0.00,0.00,0.00,0.00,0.00,0.00,0.00,0.00,0.00,0.00,0.00,0.00,0.00,0.00,0.00,0.00,0.00,0.00,0.00,0.00,0.00,0.00,0.00,0.00,0.00,0.00,0.00,0.00
Diluted EPS (Discontinued),0.00,0.00,0.00,0.00,0.00,0.00,0.00,0.00,0.00,0.00,0.00,0.00,0.00,0.00,0.00,0.00,0.00,0.00,0.00,0.00,0.00,0.00,0.00,0.00,0.00,0.00,0.00,0.00,0.00,0.00,0.00,0.00,0.00,0.00,0.00,0.00,0.00,0.00,0.00,0.00,0.00,0.00,0.00,0.00,0.00,0.00,0.00,0.00,0.00,0.00,0.00,0.00,0.00
Diluted EPS (Extraordinary),0.00,0.00,0.00,0.00,0.00,0.00,0.00,0.00,0.00,0.00,0.00,0.00,0.00,0.00,0.00,0.00,0.00,0.00,0.00,0.00,0.00,0.00,0.00,0.00,0.00,0.00,0.00,0.00,0.00,0.00,0.00,0.00,0.00,0.00,0.00,0.00,0.00,0.00,0.00,0.00,0.00,0.00,0.00,0.00,0.00,0.00,0.00,0.00,0.00,0.00,0.00,0.00,0.00
Diluted EPS (Other Gains/Losses),0.00,0.00,0.00,0.00,0.00,0.00,0.00,0.00,0.00,0.00,0.00,0.00,0.00,0.00,0.00,0.00,0.00,0.00,0.00,0.00,0.00,0.00,0.00,0.00,0.00,0.00,0.00,0.00,0.00,0.00,0.00,0.00,0.00,0.00,0.00,0.00,0.00,0.00,0.00,0.00,0.00,0.00,0.00,0.00,0.00,0.00,0.00,0.00,0.00,0.00,0.00,0.00,0.00
Diluted EPS (Tax Loss Carry Forward),0.00,0.00,0.00,0.00,0.00,0.00,0.00,0.00,0.00,0.00,0.00,0.00,0.00,0.00,0.00,0.00,0.00,0.00,0.00,0.00,0.00,0.00,0.00,0.00,0.00,0.00,0.00,0.00,0.00,0.00,0.00,0.00,0.00,0.00,0.00,0.00,0.00,0.00,0.00,0.00,0.00,0.00,0.00,0.00,0.00,0.00,0.00,0.00,0.00,0.00,0.00,0.00,0.00
Dividends Paid Per Share (YTD),0.00,0.00,0.00,0.00,0.00,0.00,0.00,0.00,0.00,0.02,0.02,0.02,0.02,0.00,0.00,0.00,0.11,0.00,0.00,0.00,0.00,0.00,0.00,0.00,0.00,0.00,0.00,0.14,0.14,0.00,0.00,0.00,0.00,0.00,0.00,0.00,0.89,0.00,1.08,1.08,1.08,0.00,1.00,1.00,1.00,0.00,1.05,1.05,1.05,0.00,0.76,0.76,0.76
EPS from Total Operations (YTD),0.10,0.02,0.06,0.09,0.10,0.03,0.07,0.14,0.22,0.05,0.11,0.19,0.28,0.08,0.21,0.37,0.52,0.21,0.48,0.82,1.00,0.23,0.54,0.89,1.14,0.18,0.48,0.98,1.08,0.46,0.96,1.64,3.00,0.62,1.30,0.37,2.00,0.00,0.54,1.06,1.06,0.40,0.76,1.26,1.44,0.34,0.70,1.06,1.46,0.52,-0.18,0.46,1.02
High PE Ratio,0.0,0.0,0.0,0.0,32.0,29.1,29.1,19.4,17.6,16.7,14.8,14.3,14.8,14.0,16.1,17.0,16.8,20.3,17.9,15.3,15.6,15.6,15.2,15.8,14.8,15.5,15.6,13.7,19.0,17.4,16.0,16.6,13.8,13.4,12.7,15.3,21.2,14.8,13.3,8.1,21.0,15.5,18.4,18.7,16.4,17.1,17.0,19.0,15.0,13.2,32.9,22.9,19.7
"Income, Restructuring and M&A;",0.0,0.0,0.0,0.0,0.0,0.0,0.0,0.0,0.0,0.0,0.0,0.0,0.0,0.0,0.0,0.0,0.0,0.0,0.0,0.0,0.0,0.0,0.0,0.0,0.0,0.0,0.0,0.0,0.0,0.0,0.0,0.0,0.0,0.0,0.0,0.0,0.0,0.0,0.0,0.0,0.0,0.0,0.0,0.0,0.0,0.0,0.0,0.0,0.0,0.0,0.0,0.0,0.0
LT-Debt as % of Invested Capital,16.2,13.7,13.7,4.5,2.8,12.3,0.0,3.2,22.0,26.2,25.1,24.3,21.9,36.0,35.6,34.0,35.5,32.7,32.0,32.1,38.2,41.7,42.1,38.5,38.7,37.3,45.9,42.0,43.8,35.0,35.7,33.0,33.1,31.2,30.6,30.5,41.8,44.1,50.7,62.0,65.7,58.9,64.8,59.6,67.2,64.5,68.4,64.9,68.5,63.7,72.7,68.0,64.9
LT-Debt as % of Total Debt,19.6,17.1,16.5,10.5,7.8,37.6,0.0,7.5,40.2,43.5,42.4,40.5,37.3,46.3,42.4,36.2,38.0,37.9,36.8,43.6,50.9,55.8,48.8,48.4,49.0,48.1,51.5,57.0,60.7,51.2,43.7,46.7,48.7,48.5,33.7,35.5,45.5,46.1,39.8,54.5,52.3,44.9,45.5,45.8,56.4,53.0,55.8,56.6,63.9,61.6,51.3,57.0,59.4
LT-Debt to Equity Ratio,0.19,0.16,0.16,0.05,0.03,0.14,0.00,0.03,0.28,0.36,0.34,0.32,0.28,0.56,0.55,0.52,0.55,0.49,0.47,0.47,0.62,0.72,0.73,0.63,0.63,0.60,0.85,0.72,0.78,0.54,0.56,0.49,0.49,0.45,0.44,0.44,0.72,0.79,1.03,1.63,1.92,1.43,1.84,1.48,2.05,1.82,2.16,1.85,2.17,1.75,2.66,2.13,1.85
Low PE Ratio,0.0,0.0,0.0,0.0,21.3,19.3,19.3,13.8,10.2,9.3,8.3,8.2,8.5,7.4,6.3,6.4,6.8,6.3,6.4,7.4,8.3,9.6,10.2,11.0,10.7,11.2,9.6,8.6,9.6,7.8,7.2,8.6,6.1,6.6,6.6,7.2,4.0,3.0,3.1,2.7,6.9,7.7,10.0,13.7,11.9,12.7,13.2,9.8,7.8,7.0,19.0,13.0,14.4
Net Income from Total Operations (YTD),85.7,19.3,47.3,75.9,90.0,31.2,66.3,144.6,223.2,43.9,110.6,191.9,277.1,80.2,208.7,364.5,517.2,207.8,475.3,813.6,987.9,232.5,536.3,883.8,"1,126.4",184.4,479.1,965.4,"1,075.7",448.6,956.5,"1,611.2","2,071.5",610.2,"1,269.4","1,784.9","1,940.1",-56.8,506.0,"1,000.6",990.8,425.8,819.5,"1,338.0","1,548.4",361.5,759.4,"1,151.5","1,567.7",518.7,-154.7,483.8,"1,038.5"
Normalized Close PE Ratio,0.0,0.0,0.0,0.0,24.0,23.6,0.0,0.0,16.2,0.0,11.2,10.8,13.3,12.9,15.5,16.3,15.9,20.2,15.4,14.8,13.9,13.7,12.7,15.2,12.3,12.1,10.9,12.5,14.3,13.5,12.9,13.5,13.6,9.6,9.2,8.1,5.3,4.9,6.3,7.0,17.2,13.9,14.2,16.0,13.4,14.1,12.6,9.0,9.9,11.1,15.1,12.0,11.4
Normalized High PE Ratio,0.0,0.0,0.0,0.0,32.0,29.1,0.0,0.0,17.6,0.0,14.8,14.3,14.8,14.0,16.1,17.0,16.8,20.3,17.9,15.3,15.6,15.6,15.2,15.8,14.8,15.5,15.6,13.7,14.6,14.0,13.3,14.0,13.8,13.4,12.7,15.3,21.2,14.8,13.3,8.1,19.5,14.7,17.5,17.7,15.1,15.6,15.6,17.2,14.8,13.1,17.3,13.8,12.3
Normalized Low PE Ratio,0.0,0.0,0.0,0.0,21.3,19.3,0.0,0.0,10.2,0.0,8.3,8.2,8.5,7.4,6.3,6.4,6.8,6.3,6.4,7.4,8.3,9.6,10.2,11.0,10.7,11.2,9.6,8.6,7.4,6.3,5.9,7.2,6.1,6.6,6.6,7.2,4.0,3.0,3.1,2.7,6.4,7.3,9.5,12.9,11.0,11.6,12.1,8.8,7.7,6.9,10.0,7.8,9.0
Normalized ROA,12.6,0.0,0.0,0.0,8.2,8.8,0.0,0.0,12.9,0.0,13.2,12.6,12.1,10.3,11.7,11.9,12.2,14.6,17.3,19.9,17.7,16.6,16.2,15.6,14.9,13.8,12.5,14.2,16.3,17.5,18.9,19.7,18.9,20.1,19.7,20.0,18.6,13.1,10.7,8.3,6.8,9.9,9.0,9.7,11.6,10.5,10.6,10.6,10.4,11.0,8.6,10.3,11.1
Normalized ROCI,20.9,0.0,0.0,0.0,10.9,10.6,0.0,0.0,17.1,0.0,17.7,17.0,16.6,14.6,17.4,19.0,19.3,22.4,26.8,28.1,24.2,22.1,23.4,22.0,21.0,19.4,17.9,18.7,20.9,23.3,27.5,27.1,25.5,26.7,31.5,31.1,27.9,19.9,19.0,12.6,10.8,17.0,16.0,16.6,17.6,16.6,16.3,15.8,14.4,15.3,14.5,15.6,16.1
Normalized ROE,24.9,0.0,0.0,0.0,11.2,12.1,0.0,0.0,21.9,0.0,23.6,22.5,21.3,22.9,27.0,28.8,30.0,33.2,39.4,41.4,39.1,38.0,40.4,35.8,34.2,30.9,33.0,32.3,37.2,35.9,42.8,40.4,38.1,38.9,45.4,44.8,47.8,35.6,38.4,33.3,31.6,41.3,45.6,41.1,53.6,46.7,51.6,45.2,45.6,42.2,53.0,48.8,45.7
Return on Assets (ROA),12.6,0.0,0.0,0.0,8.2,8.8,0.0,11.5,12.9,12.2,13.2,12.6,12.1,10.3,11.7,11.9,12.2,14.6,17.3,19.9,17.7,16.6,16.2,15.6,14.9,13.8,12.5,14.2,12.5,14.1,15.6,16.6,18.9,20.1,19.7,20.0,18.6,13.1,10.7,8.3,6.3,9.4,8.5,9.2,10.7,9.6,9.7,9.6,10.2,10.9,4.5,6.2,6.9
Return on Capital Invested (ROCI),20.9,0.0,0.0,0.0,10.9,10.6,0.0,16.1,17.1,16.3,17.7,17.0,16.6,14.6,17.4,19.0,19.3,22.4,26.8,28.1,24.2,22.1,23.4,22.0,21.0,19.4,17.9,18.7,16.1,18.8,22.8,22.8,25.5,26.7,31.5,31.1,27.9,19.9,19.0,12.6,10.0,16.2,15.2,15.7,16.3,15.2,14.9,14.4,14.2,15.2,7.6,9.4,10.0
Return on Stock Equity (ROE),24.9,0.0,0.0,0.0,11.2,12.1,0.0,16.6,21.9,22.1,23.6,22.5,21.3,22.9,27.0,28.8,30.0,33.2,39.4,41.4,39.1,38.0,40.4,35.8,34.2,30.9,33.0,32.3,28.7,29.0,35.5,34.1,38.1,38.9,45.4,44.8,47.8,35.6,38.4,33.3,29.3,39.3,43.1,38.9,49.6,42.8,47.1,40.9,45.0,41.9,27.8,29.3,28.5
Revenue (YTD),358.3,102.0,222.1,368.2,535.7,166.3,372.2,634.8,893.2,247.6,563.9,952.5,"1,361.8",446.1,"1,052.1","1,774.5","2,546.2",808.7,"1,721.0","2,807.3","3,887.0","1,057.0","2,293.6","3,678.3","5,011.0","1,288.7","2,780.7","4,578.4","6,384.3","1,741.4","3,710.0","5,926.0","8,252.4","2,379.2","5,014.7","7,827.0","10,245.3","1,809.0","3,831.4","6,099.1","9,823.5","2,614.4","5,386.2","8,298.2","11,293.2","2,934.0","6,062.2","9,337.0","12,318.7","3,013.8","6,136.0","9,268.1","12,435.7"
accounts payable,46.8,36.8,49.8,47.0,43.7,101.4,0.0,3.5,112.2,77.5,95.3,105.1,122.6,123.8,166.7,198.7,199.9,213.5,219.9,205.7,259.5,305.1,338.4,269.0,404.6,397.6,444.3,462.2,445.0,551.2,567.4,649.8,646.9,692.4,727.7,717.5,"1,045.2",599.1,498.6,604.1,696.3,518.1,519.1,579.5,788.7,726.8,849.0,923.3,935.9,905.0,949.8,"1,073.5",884.2
accounts receivable,0.0,0.0,0.0,0.0,4.9,5.1,0.0,28.4,24.3,32.0,40.1,46.7,3.6,8.7,4.3,117.9,103.3,113.1,145.4,167.7,17.8,25.9,50.6,177.4,217.0,266.6,238.2,422.1,306.9,333.8,391.9,414.7,411.6,443.6,417.4,493.7,370.2,344.9,419.4,565.1,613.1,684.8,692.6,788.0,800.8,920.8,935.2,854.8,863.8,"1,013.5","1,032.7","1,135.0","1,098.8"
accrued expenses,0.0,0.0,0.0,0.0,0.0,0.0,0.0,0.0,0.0,0.0,0.0,0.0,0.0,306.4,446.9,207.1,0.0,402.0,677.0,570.5,0.0,627.6,"1,025.3",0.0,0.0,800.9,"1,423.3","1,209.6",0.0,"1,113.4","1,902.2","1,410.3",0.0,"1,408.2","2,624.9","2,096.0",0.0,0.0,0.0,0.0,0.0,0.0,0.0,0.0,0.0,0.0,0.0,0.0,0.0,0.0,0.0,0.0,0.0
accrued liabilities,0.0,0.0,0.0,0.0,38.2,42.4,0.0,50.8,51.6,66.8,72.2,75.6,73.9,0.0,0.0,0.0,143.8,0.0,0.0,0.0,180.7,0.0,0.0,"1,006.9",276.3,0.0,0.0,0.0,405.7,0.0,0.0,0.0,464.5,0.0,0.0,0.0,476.3,"1,178.0","2,433.8","2,200.0",825.4,"1,875.5","2,657.9","2,189.4",236.0,"1,961.8","2,764.3","1,654.4",653.9,"1,934.1","2,664.9","1,806.5",622.0
accumulated depreciation,47.7,56.1,64.9,76.0,87.7,0.0,0.0,149.1,169.0,0.0,0.0,169.0,299.2,299.2,299.2,539.1,532.3,532.3,532.3,532.3,901.4,901.4,901.4,901.4,"1,350.8","1,350.8","1,350.8","1,350.8","1,948.4","1,350.8","1,948.4","1,948.4","3,079.4","3,079.4","3,079.4","3,079.4","3,409.5",0.0,0.0,0.0,"5,095.2",0.0,0.0,0.0,"6,196.1",0.0,0.0,0.0,"7,023.6",0.0,0.0,0.0,"7,996.8"
acquisitions,-0.3,0.0,0.0,0.0,0.0,0.0,0.0,0.0,-75.5,0.0,0.0,0.0,-143.4,-151.3,-301.8,-629.3,-667.2,-8.5,-20.8,-172.2,-355.7,-2.1,-37.9,-37.9,-178.9,-23.6,-23.6,-38.2,-38.2,0.0,-250.0,-719.9,-873.1,-19.4,-35.9,-37.4,-35.1,-104.2,-144.3,-185.1,-268.6,-6.2,-42.8,-155.5,-198.0,-16.0,-33.8,-57.3,-216.5,0.0,-32.7,-41.0,-60.9
additional paid-in capital,183.0,112.6,122.2,550.2,552.0,510.9,0.0,515.2,555.8,556.1,556.7,557.2,558.1,558.4,558.8,559.3,559.9,560.2,560.5,563.8,564.2,564.4,564.6,568.1,568.1,567.6,568.0,571.0,571.7,571.6,570.9,578.4,579.5,580.0,582.4,590.4,590.8,539.7,538.2,538.5,0.0,0.0,0.0,0.0,0.0,0.0,326.9,341.0,92.7,92.7,96.5,97.7,97.7
adjustments to revenue,0.0,0.0,0.0,0.0,0.0,0.0,0.0,0.0,0.0,0.0,0.0,0.0,0.0,0.0,0.0,0.0,0.0,0.0,0.0,0.0,0.0,0.0,0.0,0.0,0.0,0.0,0.0,0.0,0.0,0.0,0.0,0.0,0.0,0.0,0.0,0.0,0.0,0.0,0.0,0.0,0.0,0.0,0.0,0.0,0.0,0.0,0.0,0.0,0.0,0.0,500.0,0.0,-293.0
advertising,0.0,0.0,0.0,0.0,0.0,0.0,0.0,0.0,0.0,0.0,0.0,0.0,0.0,0.0,0.0,0.0,0.0,0.0,0.0,0.0,0.0,0.0,0.0,0.0,0.0,0.0,0.0,0.0,0.0,0.0,0.0,0.0,0.0,0.0,0.0,0.0,0.0,0.0,0.0,0.0,0.0,0.0,0.0,0.0,0.0,0.0,0.0,0.0,0.0,0.0,0.0,0.0,0.0
amortization,0.0,0.0,0.0,0.0,0.0,0.0,0.0,0.0,11.0,0.0,0.0,0.0,-24.9,-7.3,-16.2,-24.9,-29.4,-19.4,-27.1,-36.5,-47.0,-10.4,-23.7,-39.6,-44.2,-7.4,-23.0,-25.7,-29.4,0.0,0.0,0.0,-53.0,0.0,0.0,0.0,-34.0,0.0,0.0,0.0,-30.2,0.0,0.0,0.0,-6.5,0.0,0.0,0.0,-68.2,0.0,0.0,0.0,-43.2
amortization of intangibles,0.0,0.0,0.0,0.0,0.0,0.0,0.0,0.0,0.0,0.0,0.0,0.0,0.0,0.0,0.0,0.0,0.0,0.0,0.0,0.0,0.0,0.0,0.0,0.0,0.0,0.0,0.0,0.0,0.0,0.0,0.0,0.0,0.0,0.0,0.0,0.0,0.0,0.0,0.0,0.0,0.0,0.0,0.0,0.0,0.0,0.0,0.0,0.0,0.0,0.0,0.0,0.0,0.0
asset turnover,0.0,0.0,0.0,0.0,0.6,0.6,0.0,0.6,0.6,0.6,0.0,0.7,0.7,0.6,0.7,0.7,0.8,0.8,0.8,0.8,0.8,0.8,0.8,0.8,0.8,0.7,0.7,0.8,0.8,0.8,0.8,0.8,0.8,0.9,0.9,0.9,1.0,0.9,0.8,0.7,0.7,0.8,0.9,0.8,0.7,0.7,0.8,0.9,0.8,0.8,0.8,0.9,0.8
auditor name,None,None,None,None,None,None,None,None,None,None,None,None,None,None,None,None,None,None,None,None,None,None,None,None,None,None,None,None,None,None,None,None,None,None,None,None,None,None,None,None,None,None,None,None,None,None,None,None,None,None,None,None,None
auditor report,None,None,None,None,None,None,None,None,None,None,None,None,None,None,None,None,None,None,None,None,None,None,None,None,None,None,None,None,None,None,None,None,None,None,None,None,None,None,None,None,None,None,None,None,None,None,None,None,None,None,None,None,None
basic earnings indicator,N,Y,Y,Y,Y,Y,Y,Y,Y,Y,Y,Y,Y,Y,Y,Y,Y,Y,Y,Y,Y,Y,Y,Y,Y,Y,Y,Y,Y,Y,Y,Y,Y,Y,Y,Y,Y,Y,Y,Y,Y,Y,Y,Y,Y,Y,Y,Y,Y,Y,Y,Y,Y
book value per share,0.42,0.44,0.47,0.78,0.89,0.84,0.00,0.96,1.02,1.07,1.14,1.22,1.31,1.40,1.42,1.57,1.74,1.96,2.01,2.35,2.54,2.78,2.70,3.07,3.31,3.51,3.26,3.76,3.79,4.44,4.43,5.13,5.55,5.93,5.42,5.31,4.30,3.58,3.25,3.69,3.52,3.91,3.16,3.57,3.26,3.63,3.18,3.35,3.50,4.14,2.36,3.09,3.67
building and improvements,0.0,0.0,0.0,0.0,0.0,0.0,0.0,0.0,37.4,0.0,0.0,0.0,100.7,0.0,0.0,136.7,151.3,0.0,0.0,0.0,202.1,0.0,0.0,0.0,225.7,0.0,0.0,0.0,242.2,0.0,0.0,0.0,352.3,0.0,0.0,0.0,354.8,0.0,0.0,0.0,890.9,0.0,0.0,0.0,742.3,0.0,0.0,0.0,758.9,0.0,0.0,0.0,826.9
capital lease obligations,0.0,0.0,0.0,0.0,0.0,0.0,0.0,0.0,7.7,6.3,10.7,9.5,7.2,5.0,7.2,7.1,7.6,7.8,7.1,5.1,3.9,2.6,2.0,2.6,2.9,2.3,3.5,3.6,3.3,2.7,2.7,2.2,1.9,2.5,2.3,3.4,3.0,2.0,1.7,1.3,0.9,1.1,0.9,1.5,10.9,9.4,8.6,7.0,5.5,4.3,3.5,2.6,1.6
cash as % of revenue,2.8,0.0,0.0,0.0,14.2,4.2,0.0,2.1,24.6,4.7,10.3,8.9,2.5,7.5,6.1,6.7,3.5,9.6,9.0,5.4,7.1,17.1,14.3,9.9,1.6,2.3,9.7,2.7,3.4,9.4,10.4,8.2,7.7,6.2,12.2,6.2,10.3,10.1,17.1,44.8,25.7,21.4,21.4,18.0,8.2,10.3,10.2,11.9,15.0,7.8,7.1,6.1,5.8
cash at beginning of period,20.9,0.0,0.0,0.0,0.0,0.0,0.0,0.0,75.8,0.0,0.0,0.0,219.6,34.7,34.7,34.7,34.7,90.4,90.4,90.4,90.4,274.2,274.2,274.2,274.2,78.3,78.3,78.3,78.3,220.0,220.0,220.0,220.0,634.5,634.5,634.5,634.5,"1,058.8","1,058.8","1,058.8","1,121.7","2,522.8","2,523.2","2,529.0","2,529.0",927.7,927.7,927.7,927.7,"1,850.8","1,850.8","1,850.8","1,850.8"
cash end of period,10.0,0.0,0.0,0.0,0.0,0.0,0.0,0.0,219.6,0.0,0.0,0.0,34.7,116.7,113.6,147.3,90.4,278.9,289.9,192.5,274.2,708.3,637.2,470.4,78.3,119.3,535.8,158.1,220.0,643.9,759.7,635.2,634.5,552.5,"1,163.7",627.2,"1,058.8",978.5,"1,552.3","3,815.8","2,522.8","2,278.5","2,433.5","2,161.4",927.7,"1,194.6","1,223.4","1,473.3","1,850.8",964.8,881.0,751.8,724.8
cash flow,139.0,0.0,0.0,0.0,90.0,172.2,0.0,0.0,367.3,0.0,504.4,570.5,461.9,542.4,643.2,759.0,903.8,"1,078.0","1,268.3","1,504.0","1,616.6","1,749.4","1,847.3","1,924.4","1,989.3","2,010.5","2,047.2","2,235.0","2,142.3","2,149.4","2,113.1","2,006.9","3,508.1","3,669.6","3,821.0","3,681.8","3,844.1","3,177.2","3,080.8","3,059.8","2,800.2","3,282.7","3,116.9","3,141.2","3,542.5","3,481.8","3,482.7","3,356.0","3,834.8","3,992.0","2,920.6","3,167.1","3,270.1"
cash flow per share,0.17,0.00,0.00,0.00,0.10,0.17,0.00,0.00,0.37,0.00,0.51,0.57,0.47,0.55,0.65,0.77,0.91,1.09,1.28,1.51,1.63,1.76,1.86,1.94,2.00,2.02,2.06,2.25,2.17,2.07,2.14,2.04,3.58,3.79,3.95,3.89,4.08,3.19,3.27,3.25,2.92,3.43,3.25,3.28,3.70,3.63,3.50,3.37,3.86,4.01,2.94,3.18,3.29
cash from discontinued financing activities,0.0,0.0,0.0,0.0,0.0,0.0,0.0,0.0,0.0,0.0,0.0,0.0,0.0,0.0,0.0,0.0,0.0,0.0,0.0,0.0,0.0,0.0,0.0,0.0,0.0,0.0,0.0,0.0,0.0,0.0,0.0,0.0,0.0,0.0,0.0,-0.3,0.0,0.0,0.0,0.0,0.0,0.0,0.0,0.0,0.0,0.0,0.0,0.0,0.0,0.0,0.0,0.0,0.0
cash from discontinued investing activities,0.0,0.0,0.0,0.0,0.0,0.0,0.0,0.0,0.0,0.0,0.0,0.0,0.0,0.0,0.0,0.0,0.0,0.0,0.0,0.0,0.0,0.0,0.0,0.0,0.0,0.0,0.0,0.0,0.0,0.0,0.0,0.0,0.0,0.0,0.0,0.0,0.0,0.0,0.0,0.0,0.0,0.0,0.0,0.0,0.0,0.0,0.0,0.0,0.0,0.0,0.0,0.0,0.0
cash per share,0.01,0.00,0.01,0.32,0.08,0.03,0.00,0.02,0.22,0.05,0.11,0.11,0.03,0.12,0.11,0.15,0.09,0.28,0.29,0.19,0.28,0.71,0.64,0.47,0.08,0.12,0.54,0.16,0.22,0.62,0.77,0.65,0.65,0.57,1.20,0.66,1.12,0.98,1.65,4.05,2.63,2.38,2.54,2.26,0.97,1.25,1.23,1.48,1.86,0.97,0.89,0.76,0.73
common par,49.3,49.3,49.3,50.6,50.6,50.6,0.0,50.6,50.6,50.6,50.6,50.6,50.6,50.6,50.6,50.6,50.6,50.6,50.6,50.6,50.6,50.6,50.6,50.6,50.6,50.6,50.6,50.6,50.6,50.6,50.6,50.6,50.6,50.6,50.6,50.6,50.6,50.6,50.6,50.6,50.6,50.6,50.6,50.6,50.6,50.6,50.8,50.8,50.8,50.8,50.8,50.8,50.8
common stock equity,343.7,363.0,386.9,777.6,801.1,840.6,0.0,955.4,"1,019.8","1,064.7","1,133.0","1,215.0","1,302.0","1,384.1","1,403.3","1,561.2","1,723.9","1,939.6","1,988.4","2,331.6","2,523.3","2,759.3","2,684.1","3,049.5","3,294.1","3,491.0","3,238.7","3,738.7","3,751.8","4,621.3","4,371.7","5,050.6","5,442.9","5,742.6","5,247.0","5,016.2","4,054.9","3,571.6","3,062.8","3,474.7","3,377.0","3,745.4","3,032.6","3,422.9","3,124.8","3,477.8","3,157.9","3,327.4","3,482.1","4,117.6","2,348.2","3,068.7","3,645.5"
construction in progress,0.0,0.0,0.0,0.0,0.0,0.0,0.0,0.0,52.9,0.0,0.0,0.0,194.6,0.0,0.0,370.4,368.6,0.0,0.0,0.0,855.3,0.0,0.0,0.0,"1,090.2",0.0,0.0,0.0,"1,423.9",0.0,0.0,0.0,"1,529.8",0.0,0.0,0.0,"1,771.9",0.0,0.0,0.0,"1,456.1",0.0,0.0,0.0,"1,610.9",0.0,0.0,0.0,"1,731.0",0.0,0.0,0.0,"1,817.7"
cost in excess,0.0,0.0,0.0,0.0,0.0,0.0,0.0,0.0,0.0,0.0,0.0,0.0,0.0,0.0,0.0,0.0,0.0,0.0,0.0,0.0,0.0,0.0,0.0,0.0,155.2,0.0,0.0,0.0,165.5,0.0,0.0,0.0,359.5,0.0,0.0,0.0,378.0,0.0,0.0,0.0,803.8,0.0,0.0,0.0,981.3,0.0,0.0,0.0,"1,118.5",0.0,0.0,0.0,"1,067.7"
cost of sales,0.0,26.2,30.2,34.8,167.3,65.2,0.0,93.2,79.3,98.8,114.8,82.8,323.8,170.9,212.1,134.2,155.4,171.8,166.4,209.7,160.3,213.2,247.6,284.6,286.2,308.6,349.0,390.9,414.0,709.8,766.3,873.2,-410.4,"1,053.9","1,095.3","1,163.9",585.2,817.9,913.3,"1,011.5",808.3,"1,141.4","1,171.0","1,239.2",908.3,"1,416.3","1,515.1","1,527.1",857.2,"1,463.1","1,449.5","1,445.0",915.3
cost of sales with depreciation,0.0,26.2,30.2,34.8,141.4,65.2,0.0,58.2,183.8,98.8,114.8,82.8,311.1,163.6,203.2,125.4,151.0,152.4,158.7,200.3,194.3,202.8,234.3,268.7,281.6,301.1,333.4,388.2,410.2,403.9,438.6,500.3,543.1,583.0,603.1,646.2,585.2,450.6,507.6,587.4,808.3,663.9,690.9,725.5,908.3,854.3,884.6,940.0,857.2,853.7,870.5,890.4,915.3
cumulative translation adjustments,0.0,0.0,0.0,0.0,0.0,0.0,0.0,0.0,0.0,0.0,0.0,0.0,0.0,0.0,0.0,0.0,0.0,0.0,0.0,0.0,0.0,0.0,0.0,0.0,0.0,0.0,0.0,0.0,0.0,0.0,0.0,0.0,0.0,0.0,0.0,0.0,0.0,0.0,0.0,0.0,0.0,0.0,0.0,0.0,0.0,0.0,0.0,0.0,0.0,0.0,0.0,0.0,0.0
current assets per share,0.11,0.10,0.10,0.40,0.37,0.29,0.00,0.27,0.48,0.44,0.38,0.41,0.36,0.71,0.57,0.65,0.85,0.93,0.89,0.84,1.05,1.53,1.60,1.55,1.30,1.39,1.84,1.61,1.65,2.02,2.38,2.01,1.99,1.95,2.77,2.21,2.51,2.18,3.16,6.02,4.59,4.64,4.83,4.45,3.25,3.89,3.69,3.50,3.86,3.77,3.93,3.19,3.06
current defered income taxes,0.0,0.0,0.0,0.0,2.1,0.0,0.0,11.6,12.0,13.9,12.5,16.3,12.2,0.0,0.0,0.0,44.4,0.0,0.0,0.0,49.9,0.0,0.0,0.0,83.3,0.0,0.0,0.0,141.1,0.0,0.0,0.0,136.5,0.0,0.0,0.0,192.8,0.0,0.0,0.0,212.7,0.0,0.0,0.0,234.7,0.0,0.0,0.0,189.6,0.0,0.0,0.0,230.4
current deferred income taxes,0.0,0.0,0.0,0.0,0.0,0.0,0.0,0.0,0.0,0.0,0.0,0.0,0.0,0.0,0.0,0.0,0.0,0.0,0.0,0.0,0.0,0.0,0.0,0.0,0.0,0.0,0.0,0.0,0.0,0.0,0.0,0.0,0.0,0.0,0.0,0.0,0.0,0.0,0.0,0.0,0.0,0.0,0.0,0.0,0.0,0.0,0.0,0.0,0.0,0.0,0.0,0.0,0.0
current liabilities per share,0.19,0.20,0.24,0.21,0.20,0.20,0.00,0.28,0.31,0.33,0.33,0.39,0.43,0.57,0.76,1.15,1.31,1.31,1.37,1.17,1.24,1.30,1.78,1.78,1.93,2.04,2.40,1.87,1.74,2.13,3.08,2.71,2.66,2.65,4.50,4.02,3.51,2.98,4.69,4.59,4.44,4.93,5.11,4.41,3.29,3.98,4.26,3.69,3.58,3.73,5.25,4.18,3.75
current ratio,0.6,0.5,0.4,1.9,1.8,1.5,0.0,1.0,1.6,1.3,1.1,1.1,0.8,1.2,0.8,0.6,0.6,0.7,0.6,0.7,0.8,1.2,0.9,0.9,0.7,0.7,0.8,0.9,0.9,0.9,0.8,0.7,0.7,0.7,0.6,0.5,0.7,0.7,0.7,1.3,1.0,0.9,0.9,1.0,1.0,1.0,0.9,1.0,1.1,1.0,0.7,0.8,0.8
decrease (increase) in other current liabilities,-18.6,0.0,0.0,0.0,0.0,0.0,0.0,0.0,87.0,0.0,0.0,0.0,45.4,0.0,0.0,0.0,147.3,0.0,0.0,0.0,331.8,0.0,0.0,0.0,0.0,0.0,0.0,0.0,0.0,0.0,0.0,0.0,0.0,0.0,0.0,0.0,0.0,0.0,0.0,0.0,0.0,0.0,0.0,0.0,0.0,0.0,0.0,0.0,0.0,0.0,0.0,0.0,0.0
decrease (increase) in other working capital,0.0,0.0,0.0,0.0,0.0,0.0,0.0,0.0,0.0,0.0,0.0,0.0,0.0,0.0,0.0,0.0,0.0,0.0,0.0,0.0,0.0,0.0,0.0,0.0,0.0,0.0,0.0,0.0,0.0,287.5,0.0,932.2,0.0,381.4,684.1,"1,516.2",130.8,0.0,0.0,0.0,0.0,0.0,0.0,0.0,0.0,0.0,0.0,0.0,42.3,0.0,0.0,0.0,264.4
decrease (increase) in payables,17.2,0.0,0.0,0.0,0.0,0.0,0.0,0.0,21.5,0.0,0.0,0.0,-16.0,-20.0,43.0,75.2,1.3,48.4,98.2,153.1,0.0,100.4,124.7,363.9,276.9,-11.3,48.9,146.9,149.6,0.0,0.0,0.0,61.3,0.0,0.0,0.0,346.9,0.0,0.0,0.0,235.2,0.0,0.0,0.0,222.6,0.0,0.0,0.0,31.5,0.0,0.0,0.0,269.7
deferred income taxes,-17.6,0.0,0.0,0.0,0.0,0.0,0.0,0.0,-49.7,0.0,0.0,0.0,-19.0,-2.8,-17.1,-29.1,-43.0,-10.1,-21.4,-44.5,-76.0,-22.8,-36.6,-67.7,-65.0,-44.5,-84.3,-101.2,-133.0,0.0,0.0,0.0,-92.1,0.0,0.0,0.0,-209.3,0.0,0.0,0.0,101.4,0.0,0.0,0.0,-45.4,0.0,0.0,0.0,11.5,0.0,0.0,0.0,58.2
deferred revenues,0.0,0.0,0.0,0.0,14.9,0.0,0.0,20.7,21.4,21.7,22.6,22.1,22.2,0.0,0.0,0.0,21.5,0.0,0.0,0.0,45.1,0.0,0.0,0.0,44.4,0.0,0.0,0.0,0.0,0.0,0.0,0.0,0.0,0.0,0.0,0.0,395.4,0.0,0.0,0.0,501.4,0.0,0.0,0.0,49.2,0.0,0.0,0.0,49.9,0.0,0.0,0.0,48.2
depreciation,53.3,0.0,0.0,0.0,0.0,0.0,0.0,0.0,133.1,0.0,0.0,0.0,209.7,75.2,174.8,288.1,415.9,133.9,283.6,450.7,675.7,198.2,415.1,656.6,907.1,264.4,529.5,806.8,"1,096.0",0.0,0.0,0.0,"1,489.5",0.0,0.0,0.0,"1,938.1",0.0,0.0,0.0,"1,839.6",0.0,0.0,0.0,"2,000.5",0.0,0.0,0.0,"2,335.2",0.0,0.0,0.0,"2,274.9"
depreciation (unrecognized),0.0,18.8,20.0,23.0,25.9,27.3,0.0,35.0,39.6,41.0,51.8,60.1,58.9,75.2,99.6,113.3,127.8,133.9,149.8,167.1,180.5,198.2,216.9,241.6,250.5,264.4,265.1,277.3,289.2,305.9,327.7,372.9,483.0,470.9,492.2,517.7,456.0,367.3,405.7,424.1,642.5,477.5,480.1,513.8,528.5,562.0,630.5,587.1,555.6,609.5,579.1,554.6,531.7
domestic sales,0.0,0.0,0.0,0.0,0.0,0.0,0.0,0.0,0.0,0.0,0.0,0.0,0.0,0.0,0.0,0.0,0.0,0.0,0.0,0.0,0.0,0.0,0.0,0.0,0.0,0.0,0.0,0.0,0.0,0.0,0.0,0.0,0.0,0.0,0.0,0.0,0.0,0.0,0.0,0.0,0.0,0.0,0.0,0.0,0.0,0.0,0.0,0.0,0.0,0.0,0.0,0.0,0.0
earnings from equity interest,0.0,0.0,0.0,0.0,0.0,0.0,0.0,0.0,0.0,0.0,0.0,0.0,0.0,0.0,0.0,0.0,0.0,0.0,0.0,0.0,0.0,0.0,0.0,0.0,42.4,0.0,0.0,0.0,58.1,0.0,0.0,0.0,72.7,0.0,0.0,0.0,76.0,0.0,0.0,0.0,60.3,0.0,0.0,0.0,70.6,0.0,0.0,0.0,49.4,0.0,0.0,0.0,27.9
earnings period indicator,F,Q,S,N,F,Q,S,N,F,Q,S,N,F,Q,S,N,F,Q,S,N,F,Q,S,N,F,Q,S,N,F,Q,S,N,F,Q,S,N,F,Q,S,N,F,Q,S,N,F,Q,S,N,F,Q,S,N,F
effect exchange rate changes,-0.9,0.0,0.0,0.0,0.0,0.0,0.0,0.0,-0.5,0.0,0.0,0.0,-0.6,0.2,0.4,-0.6,2.3,2.4,1.6,1.0,4.6,-0.3,-4.7,-5.1,-2.7,-0.0,0.1,1.9,6.4,0.9,1.4,4.3,101.1,33.5,25.7,-115.9,-289.6,-112.4,44.4,203.4,42.0,8.7,5.3,5.6,-0.4,51.4,60.0,-79.3,-100.5,91.2,60.1,83.0,105.2
effective tax rate,18.4,0.0,0.0,0.0,38.0,39.6,0.0,0.0,29.8,0.0,28.0,29.7,25.8,25.6,25.8,25.2,29.2,29.0,27.0,25.9,25.8,25.2,26.2,27.1,26.3,28.0,29.7,29.0,34.6,32.1,30.2,29.5,26.1,24.7,24.4,25.1,24.5,27.2,25.6,22.3,33.7,29.5,31.2,31.2,25.0,26.3,26.9,28.5,25.3,24.2,43.1,37.9,35.9
excise taxes,0.0,0.0,0.0,0.0,0.0,0.0,0.0,0.0,0.0,0.0,0.0,0.0,0.0,0.0,0.0,0.0,0.0,0.0,0.0,0.0,0.0,0.0,0.0,0.0,0.0,0.0,0.0,0.0,0.0,0.0,0.0,0.0,0.0,0.0,0.0,0.0,0.0,0.0,0.0,0.0,0.0,0.0,0.0,0.0,0.0,0.0,0.0,0.0,0.0,0.0,0.0,0.0,0.0
extraordinary gains,0.0,0.0,0.0,0.0,0.0,0.0,0.0,0.0,0.0,0.0,0.0,0.0,0.0,0.0,0.0,0.0,0.0,0.0,0.0,0.0,0.0,0.0,0.0,0.0,0.0,0.0,0.0,0.0,0.0,0.0,0.0,0.0,0.0,0.0,0.0,0.0,0.0,0.0,0.0,0.0,0.0,0.0,0.0,0.0,0.0,0.0,0.0,0.0,0.0,0.0,0.0,0.0,0.0
extraordinary income/losses,0.0,0.0,0.0,0.0,0.0,0.0,0.0,0.0,0.0,0.0,0.0,0.0,0.0,0.0,0.0,0.0,0.0,0.0,0.0,0.0,0.0,0.0,0.0,0.0,0.0,0.0,0.0,0.0,0.0,0.0,0.0,0.0,0.0,0.0,0.0,0.0,0.0,0.0,0.0,0.0,0.0,0.0,0.0,0.0,0.0,0.0,0.0,0.0,0.0,0.0,0.0,0.0,0.0
foreign sales,0.0,0.0,0.0,0.0,0.0,0.0,0.0,0.0,0.0,0.0,0.0,0.0,0.0,0.0,0.0,0.0,0.0,0.0,0.0,0.0,0.0,0.0,0.0,0.0,0.0,0.0,0.0,0.0,0.0,0.0,0.0,0.0,0.0,0.0,0.0,0.0,0.0,0.0,0.0,0.0,0.0,0.0,0.0,0.0,0.0,0.0,0.0,0.0,0.0,0.0,0.0,0.0,0.0
free cash flow,-3.7,0.0,0.0,0.0,0.0,0.0,0.0,0.0,-137.0,0.0,0.0,0.0,-232.7,-122.0,-289.7,-619.2,-651.3,81.1,328.0,241.9,-81.2,148.3,81.9,57.8,-970.1,13.7,81.9,105.9,70.9,512.2,815.0,459.4,180.6,629.7,"1,030.2","1,307.0","1,054.5",10.2,109.0,-31.0,-262.5,707.8,"1,068.3","1,125.2",-203.8,613.4,625.5,180.8,-191.8,810.2,"1,113.5",671.6,350.0
free cash flow per share,0.00,0.00,0.00,0.00,0.00,0.00,0.00,0.00,-0.14,0.00,0.00,0.00,-0.23,-0.12,-0.29,-0.62,-0.66,0.08,0.33,0.24,-0.08,0.15,0.08,0.06,-0.98,0.01,0.08,0.11,0.07,0.49,0.83,0.47,0.18,0.65,1.06,1.38,1.12,0.01,0.12,-0.03,-0.27,0.74,1.11,1.17,-0.21,0.64,0.63,0.18,-0.19,0.81,1.12,0.68,0.35
gross fixed assets,298.0,333.1,396.8,448.9,527.0,493.3,0.0,865.7,"1,010.3",962.0,"1,069.7","1,410.5","1,643.8","1,948.9","2,165.8","2,607.6","2,788.3","2,941.7","3,107.4","3,340.8","4,135.7","4,358.2","4,638.9","4,983.1","5,833.5","6,030.9","6,378.2","6,436.6","7,246.0","7,065.6","7,757.1","8,138.4","9,686.7","9,903.6","10,100.6","9,907.0","9,309.6","5,385.2","5,766.2","5,903.9","12,840.5","7,630.0","7,180.6","7,289.7","14,167.9","8,243.3","8,401.2","7,749.5","15,228.9","8,681.0","7,754.5","8,334.0","16,945.1"
gross margin,0.0,75.8,89.8,111.3,0.2,101.1,0.0,169.4,179.1,148.8,201.5,305.8,85.5,275.2,394.0,588.2,616.3,636.9,751.9,876.6,919.4,843.8,989.0,"1,100.1","1,046.4",980.1,"1,143.0","1,406.8","1,391.9","1,031.6","1,202.3","1,342.8","2,736.8","1,325.3","1,540.1","1,648.4","1,833.1",991.1,"1,109.1","1,256.1","2,916.1","1,473.0","1,601.0","1,671.5","2,086.8","1,517.7","1,613.1","1,747.6","2,124.5","1,550.7","1,672.6","1,687.0","2,252.3"
gross profit margin,74.6,0.0,0.0,0.0,40.2,50.4,0.0,0.0,65.6,0.0,64.4,69.0,60.3,55.6,57.3,61.5,80.2,76.8,80.5,80.4,80.8,81.9,81.4,81.0,79.4,78.5,77.7,77.4,77.1,72.7,68.8,64.3,76.5,74.3,72.7,71.4,76.1,77.1,77.6,77.9,75.7,74.5,73.9,73.4,73.5,71.8,69.8,68.4,70.7,70.6,71.1,71.4,71.3
income before income taxes,0.0,0.0,0.0,0.0,141.2,54.2,0.0,0.0,0.0,0.0,0.0,134.7,-310.9,0.0,0.0,0.0,0.0,303.6,351.6,455.4,308.2,321.4,417.7,484.4,340.4,289.4,433.1,659.9,283.5,622.9,690.3,870.7,645.1,774.4,871.4,724.8,200.1,-44.9,700.7,622.8,216.2,550.9,509.3,659.8,347.4,502.8,527.0,528.8,540.8,680.2,-600.9,829.9,710.5
income from cum. effect of acct. change,0.0,0.0,0.0,0.0,0.0,0.0,0.0,0.0,-1.8,0.0,0.0,0.0,0.0,0.0,0.0,0.0,0.0,0.0,0.0,0.0,0.0,0.0,0.0,0.0,0.0,0.0,0.0,0.0,0.0,0.0,0.0,0.0,0.0,0.0,0.0,0.0,0.0,0.0,0.0,0.0,0.0,0.0,0.0,0.0,0.0,0.0,0.0,0.0,0.0,0.0,0.0,0.0,0.0
income from tax loss carryforward,0.0,0.0,0.0,0.0,0.0,0.0,0.0,0.0,0.0,0.0,0.0,0.0,0.0,0.0,0.0,0.0,0.0,0.0,0.0,0.0,0.0,0.0,0.0,0.0,0.0,0.0,0.0,0.0,0.0,0.0,0.0,0.0,0.0,0.0,0.0,0.0,0.0,0.0,0.0,0.0,0.0,0.0,0.0,0.0,0.0,0.0,0.0,0.0,0.0,0.0,0.0,0.0,0.0
income per employee,75207,None,None,None,79059,None,None,None,44722,None,None,None,25097,None,None,None,28059,None,None,None,42244,None,None,None,40711,None,None,None,44590,None,None,None,59710,None,None,None,73646,None,None,None,27418,None,None,None,38797,None,None,None,27006,None,None,None,16729
income taxes,0.0,10.9,7.7,10.1,22.4,23.0,0.0,24.5,32.4,26.2,27.7,40.1,16.3,40.5,55.9,64.1,82.0,88.1,74.6,106.9,96.1,83.9,106.3,129.3,91.1,102.9,136.1,169.9,167.2,168.1,175.9,215.7,178.5,165.9,210.2,202.1,52.5,11.9,137.9,128.2,226.0,125.1,112.3,141.0,137.0,141.3,129.0,136.8,124.5,161.6,72.5,191.4,155.8
"income, acquired in process r&a;",0.0,0.0,0.0,0.0,0.0,0.0,0.0,0.0,0.0,0.0,0.0,0.0,0.0,0.0,0.0,0.0,0.0,0.0,0.0,0.0,0.0,0.0,0.0,0.0,0.0,0.0,0.0,0.0,0.0,0.0,0.0,0.0,0.0,0.0,0.0,0.0,0.0,0.0,0.0,0.0,0.0,0.0,0.0,0.0,0.0,0.0,0.0,0.0,0.0,0.0,0.0,0.0,0.0
intangibles,310.2,301.0,301.7,303.4,318.1,88.0,0.0,384.4,403.4,533.0,569.1,498.1,525.0,641.4,742.6,978.7,"1,015.8",973.2,986.1,"1,066.2","1,208.1","1,216.9","1,243.5","1,246.2","1,284.1","1,409.6","1,349.3","1,410.1","1,241.4","1,388.9","1,504.8","1,919.8","1,736.0","2,051.5","2,037.7","1,926.4","1,392.1","1,747.9","1,811.2","1,815.4","1,432.1","2,227.2","2,164.2","2,400.6","1,836.4","2,878.6","2,822.8","2,591.7","1,589.8","2,847.9","2,276.2","2,413.5","1,350.5"
intangibles as % of book-value,90.2,82.9,78.0,39.0,39.7,10.5,0.0,40.2,39.6,50.1,50.2,41.0,40.3,46.3,52.9,62.7,58.9,50.2,49.6,45.7,47.9,44.1,46.3,40.9,43.7,40.4,41.7,37.7,37.5,30.1,34.4,38.0,38.5,35.7,38.8,38.4,43.7,48.9,59.1,52.2,66.2,59.5,71.4,70.1,90.2,82.8,89.4,77.9,77.8,69.2,96.9,78.7,66.3
interest as % of invested capital,2.9,0.0,0.0,0.0,1.4,1.0,0.0,0.0,0.5,0.0,1.9,2.4,2.7,2.5,3.0,3.5,4.0,4.0,4.0,3.4,2.6,2.3,2.6,2.5,2.5,2.6,2.6,2.7,2.7,2.4,2.4,2.1,1.7,1.6,1.7,1.8,2.2,2.7,3.5,3.3,5.8,8.1,10.2,11.2,8.2,7.3,6.7,6.7,5.9,5.7,7.4,6.2,5.5
interest coverage (cont. operations),9.9,0.0,0.0,0.0,13.5,18.9,0.0,0.0,47.2,0.0,14.4,11.5,9.7,9.2,9.1,8.5,8.1,9.1,10.2,12.4,13.4,13.7,13.5,13.2,12.6,11.5,10.7,10.8,10.3,12.5,14.7,16.8,21.9,22.6,25.2,24.8,17.8,11.0,8.3,5.9,3.6,3.8,3.2,3.0,3.7,3.8,4.1,4.0,4.2,4.5,2.8,3.4,3.9
interest expense,0.0,3.1,2.7,2.6,3.0,1.0,0.0,0.7,6.9,9.6,11.1,10.6,13.1,18.8,23.0,28.2,36.5,27.6,26.1,25.1,29.1,30.4,33.6,30.1,38.4,42.1,47.8,46.4,40.9,37.9,37.5,39.1,20.1,40.6,30.8,34.9,47.1,63.0,71.8,120.6,316.4,228.1,213.4,189.6,145.9,170.5,161.4,157.7,167.3,160.7,151.4,112.7,143.4
interest income,0.0,0.0,0.0,3.3,4.3,3.9,0.0,0.0,7.3,3.4,2.1,1.3,1.5,3.2,5.6,2.9,6.3,6.0,4.8,7.7,3.2,5.1,9.8,7.2,2.7,3.7,4.2,2.5,2.7,7.6,9.9,12.5,8.0,3.8,6.5,10.3,12.6,8.5,17.7,28.7,53.7,22.9,15.8,19.7,27.0,11.0,15.9,0.0,62.6,28.8,29.3,13.0,13.1
inventories,16.6,17.2,20.0,22.7,23.6,20.1,0.0,19.9,26.2,25.9,31.3,43.2,41.4,55.3,56.4,59.0,67.3,79.1,66.7,68.8,89.5,88.9,109.9,110.6,156.7,174.7,224.7,170.6,196.3,181.4,165.3,134.2,140.9,150.2,138.4,140.7,110.5,100.2,112.5,153.6,238.7,233.1,250.2,249.7,320.0,370.1,381.5,264.9,291.1,305.0,302.1,307.6,282.7
"inventories, finished goods",0.0,0.0,0.0,0.0,0.0,0.0,0.0,0.0,0.0,0.0,0.0,0.0,0.0,0.0,0.0,0.0,0.0,0.0,0.0,0.0,0.0,0.0,0.0,0.0,0.0,0.0,0.0,0.0,0.0,0.0,0.0,0.0,0.0,0.0,0.0,0.0,0.0,0.0,0.0,0.0,0.0,0.0,0.0,0.0,234.2,0.0,0.0,0.0,223.8,0.0,0.0,0.0,243.5
"inventories, other",0.0,0.0,0.0,0.0,23.6,20.1,0.0,19.9,26.2,25.9,31.3,43.2,41.4,55.3,56.4,59.0,67.3,79.1,66.7,68.8,89.5,88.9,109.9,110.6,156.7,174.7,224.7,170.6,196.3,181.4,165.3,134.2,140.9,150.2,138.4,140.7,29.7,100.2,112.5,153.6,188.8,233.1,250.2,249.7,49.1,370.1,381.5,264.9,10.4,305.0,302.1,307.6,0.0
"inventories, purchased components",0.0,0.0,0.0,0.0,0.0,0.0,0.0,0.0,0.0,0.0,0.0,0.0,0.0,0.0,0.0,0.0,0.0,0.0,0.0,0.0,0.0,0.0,0.0,0.0,0.0,0.0,0.0,0.0,0.0,0.0,0.0,0.0,0.0,0.0,0.0,0.0,69.4,0.0,0.0,0.0,26.9,0.0,0.0,0.0,34.7,0.0,0.0,0.0,28.5,0.0,0.0,0.0,23.5
"inventories, raw materials",0.0,0.0,0.0,0.0,0.0,0.0,0.0,0.0,0.0,0.0,0.0,0.0,0.0,0.0,0.0,0.0,0.0,0.0,0.0,0.0,0.0,0.0,0.0,0.0,0.0,0.0,0.0,0.0,0.0,0.0,0.0,0.0,0.0,0.0,0.0,0.0,11.4,0.0,0.0,0.0,23.0,0.0,0.0,0.0,2.0,0.0,0.0,0.0,28.3,0.0,0.0,0.0,15.6
"inventories, work in progress",0.0,0.0,0.0,0.0,0.0,0.0,0.0,0.0,0.0,0.0,0.0,0.0,0.0,0.0,0.0,0.0,0.0,0.0,0.0,0.0,0.0,0.0,0.0,0.0,0.0,0.0,0.0,0.0,0.0,0.0,0.0,0.0,0.0,0.0,0.0,0.0,0.0,0.0,0.0,0.0,0.0,0.0,0.0,0.0,0.0,0.0,0.0,0.0,0.0,0.0,0.0,0.0,0.0
inventory as % of revenue,4.6,0.0,0.0,0.0,4.4,3.3,0.0,2.5,2.9,2.7,2.9,3.6,3.0,3.5,3.1,2.7,2.6,2.7,2.1,1.9,2.3,2.1,2.5,2.3,3.1,3.3,4.1,2.9,3.1,2.7,2.3,1.7,1.7,1.7,1.4,1.4,1.1,1.0,1.2,1.8,2.4,2.2,2.2,2.1,2.8,3.2,3.2,2.1,2.4,2.5,2.4,2.5,2.3
inventory turnover,0.0,0.0,0.0,0.0,16.0,16.0,0.0,0.0,12.4,0.0,0.0,11.9,16.0,17.1,18.0,16.4,9.3,10.0,10.2,11.0,9.5,8.9,9.4,10.1,8.4,8.6,7.3,9.5,8.3,10.5,11.7,18.1,11.5,13.8,17.2,21.1,19.5,17.7,16.2,12.8,13.7,16.3,16.4,15.8,10.7,10.8,11.4,15.2,11.8,10.8,10.5,12.2,12.5
invested capital,410.1,420.8,448.5,814.0,824.4,958.6,0.0,986.9,"1,306.6","1,443.2","1,513.7","1,604.4","1,668.2","2,162.5","2,179.6","2,365.9","2,674.0","2,880.6","2,925.2","3,435.7","4,081.1","4,734.7","4,637.6","4,957.3","5,376.0","5,570.7","5,986.2","6,448.8","6,679.6","7,109.0","6,801.1","7,536.6","8,131.3","8,352.6","7,559.1","7,216.1","6,962.9","6,390.1","6,207.5","9,136.4","9,859.1","9,117.3","8,619.8","8,476.0","9,528.3","9,807.7","9,985.0","9,490.1","11,041.6","11,338.7","8,588.8","9,592.2","10,377.9"
issuance of capital stock,0.0,0.0,0.0,0.0,0.0,0.0,0.0,0.0,248.1,0.0,0.0,0.0,0.0,0.0,0.0,0.0,0.0,0.0,0.0,4.0,4.0,0.0,0.0,5.1,4.3,0.0,0.0,3.8,3.8,0.0,0.0,6.1,6.1,0.0,0.0,8.8,9.2,0.0,0.0,0.0,0.0,0.0,0.0,0.0,0.0,0.0,0.0,13.4,13.4,0.0,0.0,0.0,0.0
issuance of debt,18.0,0.0,0.0,0.0,0.0,0.0,0.0,0.0,13.6,0.0,0.0,0.0,103.7,409.8,458.1,919.9,"1,809.7",3.7,205.5,412.6,"1,177.6",494.2,625.0,644.8,"1,411.6",204.5,983.4,"1,024.3","1,284.3",0.0,0.0,125.6,475.8,105.1,531.4,531.4,"1,696.4",146.2,"1,247.1","3,794.7","4,601.3",74.8,"1,256.5","1,257.6","4,399.7",23.5,24.2,613.8,"2,271.9",54.9,68.9,195.3,580.0
land and improvements,0.0,0.0,0.0,0.0,0.0,0.0,0.0,0.0,7.2,0.0,0.0,0.0,4.3,0.0,0.0,0.0,0.0,0.0,0.0,0.0,0.0,0.0,0.0,0.0,0.0,0.0,0.0,0.0,0.0,0.0,0.0,0.0,0.0,0.0,0.0,0.0,0.0,0.0,0.0,0.0,0.0,0.0,0.0,0.0,0.0,0.0,0.0,0.0,0.0,0.0,0.0,0.0,0.0
leverage ratio,2.0,1.9,2.0,1.4,1.4,1.4,0.0,1.4,1.7,1.8,1.8,1.8,1.8,2.2,2.3,2.4,2.5,2.3,2.3,2.1,2.2,2.3,2.5,2.3,2.3,2.2,2.6,2.3,2.3,2.1,2.3,2.1,2.0,1.9,2.3,2.2,2.6,2.7,3.6,4.0,4.7,4.2,5.1,4.2,4.6,4.4,4.9,4.3,4.4,3.8,6.2,4.7,4.1
loans receivable,0.0,0.0,0.0,0.0,0.0,0.0,0.0,0.0,0.0,0.0,0.0,0.0,0.0,0.0,0.0,0.0,0.0,0.0,0.0,0.0,0.0,0.0,0.0,0.0,0.0,0.0,0.0,0.0,0.0,0.0,0.0,0.0,0.0,0.0,0.0,0.0,0.0,0.0,0.0,0.0,0.0,0.0,0.0,0.0,0.0,0.0,0.0,0.0,0.0,0.0,0.0,0.0,0.0
long-term debt,66.3,57.8,61.5,36.4,23.3,118.0,0.0,31.5,279.1,372.2,369.9,379.9,358.9,773.5,769.1,797.6,942.4,933.2,929.6,"1,099.0","1,553.8","1,972.8","1,951.5","1,905.2","2,079.0","2,077.4","2,744.1","2,706.5","2,924.5","2,484.9","2,426.7","2,483.7","2,686.5","2,607.5","2,309.8","2,196.5","2,904.9","2,816.5","3,143.1","5,660.4","6,481.3","5,370.8","5,586.3","5,051.6","6,392.6","6,320.5","6,818.6","6,155.7","7,554.0","7,216.8","6,237.1","6,520.9","6,730.8"
long-term debt per share,0.08,0.07,0.08,0.04,0.03,0.12,0.00,0.03,0.29,0.38,0.38,0.39,0.37,0.79,0.78,0.81,0.96,0.95,0.94,1.11,1.57,1.99,1.97,1.92,2.09,2.09,2.76,2.73,2.96,2.39,2.46,2.53,2.74,2.70,2.39,2.33,3.09,2.83,3.34,6.01,6.76,5.60,5.83,5.27,6.68,6.60,6.87,6.20,7.60,7.26,6.28,6.56,6.77
marketable securities,0.0,0.0,0.0,0.0,170.0,170.0,0.0,120.0,85.3,165.2,0.0,0.0,30.0,197.2,30.0,30.0,245.0,80.0,59.0,50.7,73.4,83.2,91.2,87.0,28.1,58.2,57.7,57.9,56.0,106.3,224.2,15.9,15.8,15.8,58.4,40.5,45.7,46.0,221.5,403.3,217.2,435.3,454.2,325.9,333.6,480.4,368.3,108.8,86.2,667.1,837.9,131.7,132.8
minority interest,0.0,-0.8,-1.9,-1.9,-1.8,0.0,0.0,1.7,5.3,3.6,6.1,10.2,14.8,13.8,23.6,21.7,12.5,7.6,9.5,10.3,3.0,5.0,7.5,7.6,6.6,2.1,2.3,3.7,6.0,6.3,6.5,0.3,6.3,-1.7,2.1,7.1,2.2,1.0,-0.2,0.2,-14.6,44.5,43.0,43.3,38.6,39.8,30.9,30.2,22.8,6.9,8.4,8.5,7.4
minority interest liability,26.3,25.5,23.6,11.2,0.0,0.0,0.0,7.4,13.0,36.9,43.0,62.5,65.4,179.9,142.5,47.5,47.6,49.5,48.3,69.0,62.1,67.2,67.2,75.0,30.7,32.8,35.1,38.8,44.8,51.2,4.1,18.1,20.1,11.9,14.2,21.4,23.5,0.0,0.0,0.0,"1,026.1","1,096.8","1,053.1",974.3,"1,032.0","1,018.6",450.9,420.4,88.6,103.4,97.1,100.3,107.6
net cash from continuing operations,116.8,0.0,0.0,0.0,0.0,0.0,0.0,0.0,338.2,0.0,0.0,0.0,412.8,127.9,395.3,667.8,966.0,303.0,790.8,"1,278.3","1,711.6",482.7,866.6,"1,538.0","1,797.4",372.6,908.8,"1,650.1","2,389.9",736.1,"1,552.9","2,543.4","3,350.2",991.5,"1,953.5","3,301.1","4,423.4",760.0,"1,388.7","2,172.9","3,596.1",965.1,"1,682.8","2,739.9","3,617.2",908.0,"1,669.2","2,988.4","3,849.0","1,276.7","2,274.3","3,446.2","4,236.6"
net cash from discontinued operations,0.0,0.0,0.0,0.0,0.0,0.0,0.0,0.0,0.0,0.0,0.0,0.0,0.0,0.0,0.0,0.0,0.0,0.0,0.0,0.0,0.0,0.0,0.0,0.0,0.0,0.0,0.0,0.0,0.0,0.0,0.0,0.0,0.0,0.0,0.0,0.0,0.0,0.0,0.0,0.0,0.0,0.0,0.0,0.0,0.0,0.0,0.0,0.0,0.0,0.0,0.0,0.0,0.0
net fixed assets,250.3,277.1,331.9,372.9,439.3,493.3,0.0,716.6,841.3,962.0,"1,069.7","1,241.5","1,344.6","1,649.6","1,866.5","2,068.4","2,256.1","2,409.4","2,575.1","2,808.6","3,234.3","3,456.8","3,737.5","4,081.7","4,482.7","4,680.1","5,027.4","5,085.8","5,297.7","5,714.8","5,808.7","6,190.1","6,607.3","6,824.2","7,021.2","6,827.7","5,900.1","5,385.2","5,766.2","5,903.9","7,745.3","7,630.0","7,180.6","7,289.7","7,971.8","8,243.3","8,401.2","7,749.5","8,205.4","8,681.0","7,754.5","8,334.0","8,948.2"
net income (continuing operations),0.0,19.3,28.0,28.6,14.2,31.2,35.0,78.3,78.5,43.9,66.8,84.3,85.2,80.2,128.5,155.7,152.7,207.8,267.5,338.3,209.1,232.5,303.9,347.4,242.6,184.4,294.7,486.3,110.3,448.6,507.9,654.7,460.3,610.2,659.2,515.6,155.1,-56.8,562.8,494.6,-9.8,425.8,397.0,518.8,210.5,361.5,398.0,392.0,416.3,518.7,-673.4,638.5,554.7
net income (discontinued operations),0.0,0.0,0.0,0.0,0.0,0.0,0.0,0.0,0.0,0.0,0.0,0.0,0.0,0.0,0.0,0.0,0.0,0.0,0.0,0.0,0.0,0.0,0.0,0.0,0.0,0.0,0.0,0.0,0.0,0.0,0.0,0.0,0.0,0.0,0.0,0.0,0.0,0.0,0.0,0.0,0.0,0.0,0.0,0.0,0.0,0.0,0.0,0.0,0.0,0.0,0.0,0.0,0.0
net income available for common,0.0,19.3,28.0,28.6,14.2,31.2,0.0,78.3,78.5,43.9,66.8,84.3,85.2,80.2,128.5,155.7,152.7,207.8,267.5,338.3,209.1,232.5,303.9,347.4,242.6,184.4,294.7,486.3,110.3,448.6,507.9,654.7,460.3,610.2,659.2,515.6,155.1,-56.8,562.8,494.6,-9.8,425.8,397.0,518.8,210.5,361.5,398.0,392.0,416.3,518.7,-673.4,638.5,554.7
net income/loss,85.7,0.0,0.0,0.0,0.0,0.0,0.0,0.0,207.4,0.0,0.0,0.0,277.1,80.2,208.7,364.5,517.2,207.8,475.3,813.6,987.9,232.5,536.3,883.8,"1,126.4",184.4,479.1,965.4,"1,075.7",448.6,956.5,"1,611.2","2,071.5",610.2,"1,269.4","1,784.9","1,930.4",0.0,0.0,0.0,990.8,0.0,0.0,0.0,"1,548.4",0.0,0.0,0.0,"1,567.7",0.0,0.0,0.0,"1,038.5"
net profit margin,23.9,0.0,0.0,0.0,16.8,17.0,15.9,19.8,25.0,24.2,24.7,22.6,20.4,20.3,20.4,20.6,20.3,22.2,24.3,27.0,25.4,25.3,24.3,23.0,22.5,20.6,19.4,20.4,16.8,19.6,21.2,22.3,25.1,25.1,24.9,22.1,18.9,13.2,13.0,13.6,10.1,13.9,11.5,11.1,13.7,12.8,12.4,11.0,12.7,13.9,5.3,7.3,8.4
non-current deferred income taxes,0.0,0.0,0.0,0.0,0.0,0.0,0.0,0.0,0.0,0.0,0.0,0.0,0.0,0.0,0.0,0.0,0.0,0.0,0.0,0.0,0.0,0.0,0.0,0.0,0.0,0.0,0.0,0.0,0.0,0.0,0.0,0.0,0.0,0.0,0.0,0.0,0.0,0.0,0.0,0.0,0.0,0.0,0.0,0.0,81.8,0.0,0.0,0.0,0.0,0.0,0.0,0.0,0.0
normalized income,0.0,19.3,28.0,28.6,14.2,31.2,0.0,78.3,78.5,43.9,66.8,84.3,85.2,80.2,128.5,155.7,152.7,207.8,267.5,338.3,209.1,232.5,303.9,347.4,242.6,184.4,294.7,486.3,430.3,448.6,507.9,654.7,460.3,610.2,659.2,515.6,155.1,-56.8,562.8,494.6,65.3,425.8,397.0,518.8,338.3,371.1,399.7,394.0,422.0,520.7,-93.1,647.7,590.6
normalized income per employee,75207,None,None,None,79059,None,None,None,44722,None,None,None,25097,None,None,None,28059,None,None,None,42244,None,None,None,40711,None,None,None,57854,None,None,None,59710,None,None,None,73646,None,None,None,29495,None,None,None,42001,None,None,None,27333,None,None,None,26836
normalized net profit margin,23.9,0.0,0.0,0.0,16.8,17.0,0.0,0.0,25.0,0.0,24.7,22.6,20.4,20.3,20.4,20.6,20.3,22.2,24.3,27.0,25.4,25.3,24.3,23.0,22.5,20.6,19.4,20.4,21.9,24.3,25.6,26.4,25.1,25.1,24.9,22.1,18.9,13.2,13.0,13.6,10.8,14.6,12.2,11.7,14.8,14.0,13.6,12.2,12.9,14.0,10.0,12.2,13.4
notes payable,0.0,0.0,0.0,0.0,0.0,0.0,0.0,0.0,0.6,0.0,0.0,0.0,0.0,0.0,0.0,0.0,597.8,0.0,0.0,0.0,0.0,0.0,0.0,0.0,0.0,0.0,0.0,0.0,0.0,0.0,0.0,0.0,400.0,0.0,0.0,0.0,0.0,0.0,0.0,0.0,"1,218.1",0.0,0.0,0.0,492.2,0.0,0.0,0.0,865.9,0.0,0.0,0.0,330.5
number of days cost of goods in inventory,None,None,None,None,23,23,None,None,29,None,None,30,22,21,20,22,39,36,35,33,38,40,38,36,43,42,49,38,43,34,31,20,31,26,21,17,18,20,22,28,26,22,22,23,34,33,31,24,31,33,34,29,29
number of employees,None,None,None,None,None,None,None,None,None,None,None,None,None,None,None,None,None,None,None,None,None,None,None,None,None,None,None,None,None,None,None,None,None,None,None,None,None,None,None,None,None,None,None,None,None,None,None,None,None,None,None,None,None
number of months last report period,None,3,3,3,3,3,3,3,3,3,3,3,3,3,3,3,3,3,3,3,3,3,3,3,3,3,3,3,3,3,3,3,3,3,3,3,3,3,3,3,3,3,3,3,3,3,3,3,3,3,3,3,3
number of part-time employees,None,None,None,None,None,None,None,None,None,None,None,None,None,None,None,None,None,None,None,None,None,None,None,None,None,None,None,None,None,None,None,None,None,None,None,None,None,None,None,None,None,None,None,None,None,None,None,None,None,None,None,None,None
operating gains,7.1,0.0,0.0,0.0,0.0,0.0,0.0,0.0,9.0,0.0,0.0,0.0,53.1,45.5,79.4,111.3,105.2,9.9,23.9,30.3,38.2,12.8,22.7,31.3,-6.4,-6.9,-26.5,-36.8,-44.1,0.0,0.0,0.0,-57.3,0.0,0.0,0.0,488.6,0.0,0.0,0.0,152.4,0.0,0.0,0.0,-169.4,0.0,0.0,0.0,81.0,0.0,0.0,0.0,-2.0
operating income,0.0,0.0,0.0,0.0,139.0,52.4,0.0,107.0,123.4,82.5,110.2,145.8,123.7,149.6,225.4,274.8,272.8,306.8,371.7,467.6,317.3,338.7,434.7,496.0,362.7,334.2,465.2,685.5,648.8,597.2,691.0,801.8,643.8,704.6,857.2,935.5,706.2,464.2,548.1,638.5,896.8,676.2,754.6,795.6,508.6,563.8,672.2,852.8,720.0,649.7,-284.4,824.8,806.0
other current assets,17.6,13.5,11.5,12.2,8.8,47.3,0.0,71.5,8.4,8.7,8.8,159.7,15.4,0.0,0.0,0.0,33.8,0.0,0.0,0.0,21.2,0.0,0.0,0.0,95.6,0.0,0.0,0.0,124.5,0.0,0.0,0.0,95.1,0.0,0.0,0.0,176.2,0.0,0.0,0.0,124.0,0.0,0.0,0.0,102.8,0.0,0.0,0.0,125.8,0.0,0.0,0.0,56.1
other current liabilities,67.3,78.3,96.6,111.0,62.0,28.0,0.0,189.6,90.2,126.2,106.1,136.7,117.2,0.0,0.0,148.2,222.5,0.0,0.0,0.0,365.3,0.0,0.0,87.9,428.9,0.0,0.0,0.0,719.0,0.0,0.0,0.0,786.7,0.0,0.0,0.0,206.6,0.0,0.0,0.0,233.1,0.0,0.0,0.0,"1,324.1",0.0,0.0,0.0,769.5,0.0,500.0,500.0,"1,269.9"
other equity adjustments,-70.3,0.0,0.0,-57.0,-49.5,0.0,0.0,0.0,-39.0,-38.3,-36.9,-35.6,-34.6,-33.1,-31.3,-29.6,-20.9,-13.3,-13.4,-14.6,2.4,5.7,27.7,40.3,42.2,55.2,69.4,79.5,89.9,517.0,540.8,643.9,704.2,816.3,880.1,691.4,-346.2,-640.7,-490.7,-561.0,-754.5,-762.8,-786.9,-742.0,-772.0,-705.6,-757.7,-961.1,-964.0,-838.0,"-1,063.3",-972.9,-929.8
"other financing charges, net",0.0,0.0,0.0,0.0,0.0,0.0,0.0,0.0,14.3,0.0,0.0,0.0,6.6,-3.9,-3.9,0.3,8.3,2.0,4.5,7.0,9.7,-1.5,5.1,2.4,-47.5,2.5,-7.7,-19.8,-13.5,-0.5,-1.1,0.0,-0.4,-0.3,-0.3,0.0,0.0,0.0,0.0,0.0,"-1,333.4",-33.3,-10.7,-287.5,-805.5,-186.2,-194.8,-204.0,-948.4,0.0,-7.2,-15.4,-16.1
other fixed assets,0.0,0.0,0.0,0.0,527.0,493.3,0.0,865.7,263.5,962.0,"1,069.7","1,410.5",3.3,"1,948.9","2,165.8",6.2,0.0,"2,941.7","3,107.4","3,340.8",0.0,"4,358.2","4,638.9","4,983.1",0.0,"6,030.9","6,378.2","6,436.6",0.0,"7,065.6","7,757.1","8,138.4",0.0,"9,903.6","10,100.6","9,907.0",0.0,"5,385.2","5,766.2","5,903.9","9,391.7","7,630.0","7,180.6","7,289.7",0.0,"8,243.3","8,401.2","7,749.5",0.0,"8,681.0","7,754.5","8,334.0",0.0
other gains/losses,0.0,0.0,0.0,0.0,0.0,0.0,0.0,0.0,2.1,0.0,0.0,0.0,0.0,0.0,0.0,0.0,0.0,0.0,0.0,0.0,0.0,0.0,0.0,0.0,0.0,0.0,0.0,0.0,0.0,0.0,0.0,0.0,0.0,0.0,0.0,0.0,0.0,0.0,0.0,0.0,0.0,0.0,0.0,0.0,0.0,0.0,0.0,0.0,0.0,0.0,0.0,0.0,0.0
other income net,0.0,-0.5,1.4,-1.0,-0.6,-1.7,0.0,-3.6,-5.0,-2.7,-0.7,-1.8,4.2,0.5,0.1,-8.0,4.7,18.3,1.2,5.2,16.7,-12.8,-14.1,-25.3,49.3,-6.5,11.5,18.3,-65.1,56.0,26.9,95.5,-59.3,106.6,38.5,-186.1,-547.6,-454.7,206.7,76.2,-478.1,79.9,-47.7,34.1,-112.9,98.3,0.2,-166.3,-123.9,162.5,-194.4,104.8,-711.8
"other investing changes, net",-5.9,0.0,0.0,0.0,0.0,0.0,0.0,0.0,-54.9,0.0,0.0,0.0,-107.8,-24.2,-17.2,-125.0,-188.7,-19.2,-41.7,-148.2,-155.0,-98.4,-119.1,-223.9,-137.2,-2.8,3.2,-14.5,-18.5,0.5,1.1,4.1,-3.8,7.9,7.6,22.2,1.4,-8.6,6.1,15.3,17.2,0.1,-42.6,2.0,1.7,-1.8,1.2,1.8,2.6,-2.0,-2.0,-1.8,-1.8
other non-cash items,0.0,0.0,0.0,0.0,0.0,0.0,0.0,0.0,0.0,0.0,0.0,0.0,0.0,0.0,0.0,0.0,0.0,0.0,0.0,0.0,0.0,0.0,0.0,0.0,51.9,36.4,61.2,78.4,406.5,0.0,596.4,0.0,-56.5,0.0,0.0,0.0,207.7,760.0,"1,388.7","2,172.9",586.5,965.1,"1,682.8","2,739.9",337.8,908.0,"1,669.2","2,988.4",151.2,"1,276.7","2,274.3","3,446.2",655.3
other non-current assets,35.0,38.4,48.8,46.1,13.9,287.2,0.0,1.7,4.7,5.2,15.4,25.6,55.3,71.4,58.3,92.7,113.0,116.5,91.4,159.2,97.8,107.2,116.9,123.4,332.5,343.9,362.6,396.1,240.3,268.5,276.5,290.5,317.2,365.2,360.2,367.9,409.4,374.2,399.6,462.1,"1,404.6","1,408.5","1,345.5",493.1,490.1,565.4,490.1,395.8,566.9,561.8,580.0,596.1,572.5
other non-current liabilities,19.9,20.3,20.7,14.8,22.1,0.0,0.0,32.5,32.1,25.1,24.7,21.8,19.7,36.2,39.1,49.2,25.2,23.6,34.3,40.2,47.7,55.6,60.9,59.3,57.8,50.7,50.3,37.9,42.9,36.3,32.4,30.3,89.7,101.0,106.2,98.3,85.4,263.3,278.2,325.9,339.1,467.3,460.9,480.5,470.5,470.8,470.5,427.0,395.3,421.2,372.4,391.1,409.3
other receivable,0.0,0.0,0.0,0.0,33.6,18.1,0.0,3.4,84.6,118.7,139.8,7.9,194.6,65.4,82.9,199.4,209.6,222.8,187.3,200.9,435.1,424.0,449.3,359.5,398.0,369.1,324.6,316.2,339.6,296.1,271.4,299.5,310.5,238.3,241.4,99.7,102.6,81.2,96.9,90.1,109.9,115.8,118.0,95.3,164.8,161.1,138.6,197.6,195.5,202.0,190.1,192.3,189.3
other special charges,0.0,0.0,0.0,0.0,0.0,0.0,0.0,0.0,0.0,0.0,0.0,0.0,0.0,0.0,0.0,0.0,0.0,0.0,0.0,0.0,0.0,0.0,0.0,0.0,0.0,0.0,0.0,0.0,-320.0,0.0,0.0,0.0,0.0,0.0,0.0,0.0,0.0,0.0,0.0,0.0,-75.1,0.0,0.0,0.0,-127.9,-9.6,-1.7,-2.0,-5.7,-2.0,-580.3,-9.2,-35.9
payment of cash dividends,-11.2,0.0,0.0,0.0,0.0,0.0,0.0,0.0,-3.0,0.0,0.0,0.0,0.0,0.0,0.0,-96.7,-110.9,0.0,-6.8,-166.9,-232.7,0.0,-100.0,-295.8,-407.2,0.0,-56.8,-296.7,-558.8,0.0,0.0,-537.4,-756.9,0.0,0.0,-406.1,"-1,106.5",0.0,0.0,-422.1,"-1,261.7",0.0,-5.7,-496.1,-975.8,-0.0,-203.7,"-1,239.8","-1,239.8",-3.2,-3.2,-919.1,-922.9
payout ratio,None,None,None,None,None,None,None,None,None,7,6,6,6,None,None,None,21,17,14,11,None,None,None,None,None,None,None,12,13,11,9,None,None,None,None,None,44,37,46,39,102,71,78,79,69,72,76,84,72,64,127,86,75
post-tax profit margin,23.9,0.0,0.0,0.0,16.8,17.0,15.9,19.8,25.0,24.2,24.7,22.6,20.4,20.3,20.4,20.6,20.3,22.2,24.3,27.0,25.4,25.3,24.3,23.0,22.5,20.6,19.4,20.4,16.8,19.6,21.2,22.3,25.1,25.1,24.9,22.1,18.9,13.2,13.0,13.6,10.1,13.9,11.5,11.1,13.7,12.8,12.4,11.0,12.7,13.9,5.3,7.3,8.4
pre-tax profit margin,28.5,0.0,0.0,0.0,25.2,26.6,0.0,0.0,36.6,0.0,36.4,35.1,31.4,31.2,32.1,32.1,32.7,34.4,35.5,37.9,35.3,34.7,33.7,32.2,31.2,29.2,28.1,29.1,26.1,29.2,30.9,31.9,34.3,33.5,33.1,29.7,25.1,18.1,17.4,17.4,15.2,19.7,16.7,16.1,18.3,17.4,17.0,15.5,17.0,18.4,9.3,11.8,13.0
pref. securities of subsid. trust,0.0,0.0,0.0,0.0,0.0,0.0,0.0,0.0,0.0,0.0,0.0,0.0,0.0,0.0,0.0,0.0,0.0,0.0,0.0,0.0,0.0,0.0,0.0,0.0,0.0,0.0,0.0,0.0,0.0,0.0,0.0,0.0,0.0,0.0,0.0,0.0,0.0,0.0,0.0,0.0,0.0,0.0,0.0,0.0,0.0,0.0,0.0,0.0,0.0,0.0,0.0,0.0,0.0
preferred dividends,0.0,0.0,0.0,0.0,0.0,0.0,0.0,0.0,0.0,0.0,0.0,0.0,0.0,0.0,0.0,0.0,0.0,0.0,0.0,0.0,0.0,0.0,0.0,0.0,0.0,0.0,0.0,0.0,0.0,0.0,0.0,0.0,0.0,0.0,0.0,0.0,0.0,0.0,0.0,0.0,0.0,0.0,0.0,0.0,0.0,0.0,0.0,0.0,0.0,0.0,0.0,0.0,0.0
preferred equity outside stock equity,0.0,0.0,0.0,0.0,0.0,0.0,0.0,0.0,0.0,0.0,0.0,0.0,0.0,0.0,0.0,0.0,0.0,0.0,0.0,0.0,0.0,0.0,0.0,0.0,0.0,0.0,0.0,0.0,0.0,0.0,0.0,0.0,0.0,0.0,0.0,0.0,0.0,0.0,0.0,0.0,0.0,0.0,0.0,0.0,0.0,0.0,0.0,0.0,0.0,0.0,0.0,0.0,0.0
preferred secur. of subsid. trust,0.0,0.0,0.0,0.0,0.0,0.0,0.0,0.0,0.0,0.0,0.0,0.0,0.0,0.0,0.0,0.0,0.0,0.0,0.0,0.0,0.0,0.0,0.0,0.0,0.0,0.0,0.0,0.0,0.0,0.0,0.0,0.0,0.0,0.0,0.0,0.0,0.0,0.0,0.0,0.0,0.0,0.0,0.0,0.0,0.0,0.0,0.0,0.0,0.0,0.0,0.0,0.0,0.0
preferred shares,0.0,0.0,0.0,0.0,0.0,0.0,0.0,0.0,0.0,0.0,0.0,0.0,0.0,0.0,0.0,0.0,0.0,0.0,0.0,0.0,0.0,0.0,0.0,0.0,0.0,0.0,0.0,0.0,0.0,0.0,0.0,0.0,0.0,0.0,0.0,0.0,0.0,0.0,0.0,0.0,0.0,0.0,0.0,0.0,0.0,0.0,0.0,0.0,0.0,0.0,0.0,0.0,0.0
preferred stock equity,0.0,0.0,0.0,0.0,0.0,0.0,0.0,0.0,0.0,0.0,0.0,0.0,0.0,0.0,0.0,0.0,0.0,0.0,0.0,0.0,0.0,0.0,0.0,0.0,0.0,0.0,0.0,0.0,0.0,0.0,0.0,0.0,0.0,0.0,0.0,0.0,0.0,0.0,0.0,0.0,0.0,0.0,0.0,0.0,0.0,0.0,0.0,0.0,0.0,0.0,0.0,0.0,0.0
prepaid expenses,0.0,0.0,0.0,0.0,11.3,0.0,0.0,0.0,22.7,24.9,32.8,30.7,26.5,260.7,279.4,91.6,46.7,148.6,132.9,151.1,80.0,188.3,253.6,334.7,234.3,395.6,452.0,474.2,244.7,542.9,532.2,474.4,201.7,483.8,663.9,686.1,311.8,625.6,576.4,647.1,356.5,696.4,677.1,642.3,232.4,605.8,621.3,582.3,234.7,592.5,664.2,657.5,326.1
price/cash flow ratio,0.0,0.0,0.0,0.0,24.0,15.3,0.0,0.0,9.6,0.0,5.9,5.3,7.9,7.5,9.1,9.6,9.1,12.1,9.5,9.6,8.5,8.0,7.2,8.4,7.0,6.6,5.7,6.7,9.3,10.8,11.3,13.6,11.4,8.0,7.8,5.8,2.6,3.8,4.5,5.9,6.7,6.5,5.9,6.5,5.6,5.8,5.4,3.6,3.8,4.6,5.9,5.5,5.7
price/equity ratio,0.00,0.00,4.76,3.25,2.70,3.10,0.00,2.56,3.50,3.42,2.66,2.48,2.84,2.94,4.15,4.68,4.76,6.71,6.07,6.17,5.45,5.06,4.99,5.30,4.23,3.77,3.61,4.02,5.30,5.04,5.47,5.40,7.34,5.12,5.65,4.22,2.48,3.34,4.55,5.23,5.56,5.68,6.06,5.95,6.40,5.85,5.98,3.67,4.19,4.43,7.29,5.67,5.08
price/free cash flow ratio,0.0,0.0,0.0,0.0,0.0,0.0,0.0,0.0,-25.5,0.0,0.0,0.0,-16.1,-34.3,-20.3,-11.9,-12.5,164.4,37.0,60.4,-173.1,93.8,168.3,271.2,-14.3,1324.0,147.2,137.3,286.8,45.7,29.2,59.0,226.2,46.7,28.9,16.2,9.5,1196.8,123.1,-643.6,-72.4,30.0,17.3,18.1,-99.4,33.2,30.2,68.3,-77.3,22.6,15.4,25.8,53.3
price/revenue ratio,0.00,0.00,0.00,0.00,4.07,4.33,3.97,3.07,3.96,3.73,2.78,2.50,2.71,2.62,3.16,3.34,3.22,4.49,3.75,4.02,3.54,3.38,3.00,3.40,2.78,2.51,2.13,2.54,3.11,3.41,3.27,3.53,4.84,3.30,3.10,2.09,0.98,1.23,1.54,2.14,1.91,2.00,1.61,1.69,1.77,1.75,1.58,0.99,1.18,1.47,1.38,1.42,1.49
price/tangible book ratio,0.00,0.00,22.38,5.29,4.53,3.42,0.00,4.31,5.75,6.77,5.31,4.19,4.76,5.49,8.81,12.47,11.66,13.56,12.08,11.42,10.49,9.08,9.28,8.99,7.49,6.33,6.20,6.46,8.47,7.20,8.35,8.72,11.94,7.96,9.23,6.85,4.41,6.54,11.11,10.97,16.43,14.05,21.05,19.84,65.22,33.70,55.94,16.62,18.82,14.33,245.71,26.55,15.16
purchase of  short-term investments,0.0,0.0,0.0,0.0,0.0,0.0,0.0,0.0,-110.0,0.0,0.0,0.0,0.0,-167.2,0.0,0.0,-215.0,-36.5,-45.4,-42.4,-114.4,-10.0,-18.0,-20.1,-37.4,-55.5,-56.1,-59.5,-61.0,-104.0,-221.0,-221.0,-221.8,0.0,-78.6,-105.7,-119.5,0.0,-27.9,-231.7,-519.1,-318.8,-379.8,-535.5,-672.3,-309.2,-371.2,-439.2,-523.0,-606.8,-917.2,-978.5,"-1,098.8"
purchase of long-term investments,0.0,0.0,0.0,0.0,0.0,0.0,0.0,0.0,0.0,0.0,0.0,0.0,0.0,0.0,0.0,0.0,0.0,0.0,0.0,0.0,0.0,0.0,0.0,0.0,0.0,0.0,-2.8,0.0,0.0,0.0,0.0,-2.9,0.0,-21.2,0.0,0.0,-39.4,0.0,0.0,0.0,-0.6,0.0,0.0,-49.7,-109.4,0.0,0.0,-0.0,-51.7,0.0,0.0,-66.1,-66.1
quarterly indicator,4,1,2,3,4,1,2,3,4,1,2,3,4,1,2,3,4,1,2,3,4,1,2,3,4,1,2,3,4,1,2,3,4,1,2,3,4,1,2,3,4,1,2,3,4,1,2,3,4,1,2,3,4
quick ratio,0.3,0.3,0.2,1.7,1.6,1.1,0.0,0.6,1.3,1.1,0.9,0.4,0.6,0.7,0.3,0.4,0.5,0.5,0.5,0.5,0.7,1.0,0.7,0.6,0.4,0.4,0.5,0.5,0.5,0.6,0.5,0.5,0.5,0.5,0.4,0.3,0.5,0.5,0.5,1.1,0.8,0.7,0.8,0.8,0.7,0.7,0.6,0.7,0.8,0.8,0.6,0.5,0.6
receivables,42.4,49.1,38.5,47.5,38.5,23.2,0.0,31.8,108.9,150.7,179.9,54.6,198.1,74.1,87.2,317.2,312.9,335.9,332.7,368.6,452.9,449.9,499.9,536.9,615.0,635.7,562.7,738.3,646.5,629.9,663.3,714.2,722.2,681.9,658.7,593.5,472.9,426.1,516.2,655.2,723.0,800.5,810.6,883.3,965.5,"1,081.9","1,073.8","1,052.4","1,059.3","1,215.4","1,222.8","1,327.2","1,288.1"
receivables as % of revenue,11.8,0.0,0.0,0.0,7.2,3.9,0.0,4.0,12.2,15.5,16.6,4.5,14.5,4.8,4.7,14.5,12.3,11.5,10.3,10.3,11.7,10.9,11.2,11.3,12.3,12.1,10.2,12.5,10.1,9.2,9.1,9.2,8.8,7.7,6.9,5.8,4.6,4.4,5.7,7.7,7.4,7.5,7.1,7.3,8.5,9.3,9.0,8.5,8.6,9.8,9.9,10.8,10.4
receivables per day sales,42.60,0.00,0.00,0.00,25.87,13.92,0.00,14.29,43.87,55.65,59.69,16.22,52.38,17.11,16.97,52.30,44.25,41.57,37.18,37.02,41.94,39.11,40.35,40.62,44.18,43.65,36.85,44.97,36.46,33.17,32.65,33.25,31.50,27.61,24.81,21.04,16.62,15.85,20.51,27.69,26.50,27.11,25.65,26.45,30.78,33.54,32.30,30.72,30.96,35.29,35.52,39.00,37.29
receivables turnover,0.0,0.0,0.0,0.0,13.2,16.6,0.0,20.2,12.1,11.2,0.0,28.0,8.9,13.9,13.9,11.7,10.0,14.2,15.3,10.5,10.2,10.5,10.7,10.5,9.4,9.7,10.3,9.3,10.1,10.8,11.9,10.6,12.1,13.6,14.5,15.5,17.1,17.5,15.4,13.6,16.4,17.3,17.2,15.6,13.4,12.3,12.7,12.7,12.2,10.8,10.8,10.3,10.6
repayment of long-term debt,-18.3,0.0,0.0,0.0,0.0,0.0,0.0,0.0,-25.5,0.0,0.0,0.0,-9.5,-10.5,-68.9,-62.8,-709.6,-44.9,-483.0,-610.6,-947.8,-98.3,-207.3,-271.2,-499.6,-146.8,-571.0,-989.7,"-1,069.9",-40.5,-82.4,-120.8,-163.0,-436.7,-627.7,-717.8,-913.6,-116.0,-900.5,"-1,078.3","-1,858.5",-795.6,"-2,113.5","-3,188.3","-5,654.8",-109.5,-216.1,-260.7,-367.3,"-1,300.3","-1,424.6","-1,904.2","-2,048.7"
repurchase of capital stock,0.0,0.0,0.0,0.0,0.0,0.0,0.0,0.0,0.0,0.0,0.0,0.0,0.0,0.0,0.0,0.0,0.0,0.0,0.0,0.0,0.0,0.0,0.0,0.0,0.0,0.0,0.0,0.0,-109.9,0.0,-39.4,-121.8,-254.4,-423.1,-423.1,"-1,060.8","-1,059.8",0.0,0.0,0.0,0.0,0.0,0.0,0.0,0.0,-0.1,-0.1,-0.1,-0.1,0.0,0.0,0.0,0.0
restricted cash,0.0,0.0,0.0,0.0,0.0,0.0,0.0,0.0,0.0,0.0,0.0,0.0,0.0,0.0,0.0,0.0,0.0,0.0,0.0,0.0,0.0,0.0,0.0,0.0,0.0,0.0,0.0,0.0,0.0,0.0,0.0,0.0,0.0,0.0,0.0,0.0,0.0,0.0,0.0,0.0,0.0,0.0,0.0,0.0,0.0,0.0,0.0,0.0,0.0,0.0,0.0,0.0,0.0
retained earnings,181.8,201.1,215.5,244.1,258.2,289.4,0.0,399.9,462.6,506.5,572.9,653.0,738.2,818.4,835.5,991.2,"1,144.5","1,352.3","1,401.0","1,739.3","1,913.6","2,146.0","2,048.7","2,396.1","2,638.7","2,823.2","2,556.2","3,042.5","3,154.4","3,597.0","3,363.6","4,013.5","4,477.0","5,087.2","4,525.4","5,041.0","5,186.5","5,048.8","4,391.5","4,873.4","5,135.8","5,512.5","4,823.8","5,169.2","4,901.1","5,187.8","4,529.9","4,888.8","5,294.7","5,804.1","4,256.4","4,885.2","5,418.9"
revenue per $  plant (net),1.43,0.00,0.00,0.00,1.22,1.22,0.00,1.12,1.06,1.01,1.01,0.98,1.01,0.95,0.99,1.06,1.13,1.21,1.25,1.28,1.20,1.20,1.19,1.17,1.12,1.12,1.09,1.16,1.21,1.20,1.26,1.25,1.25,1.30,1.36,1.49,1.74,1.80,1.57,1.44,1.27,1.39,1.58,1.65,1.42,1.41,1.42,1.59,1.50,1.43,1.60,1.47,1.39
revenue per $ cash,35.83,0.00,0.00,0.00,7.06,23.75,0.00,46.66,4.07,21.17,9.70,11.25,39.29,13.37,16.29,14.83,28.17,10.43,11.11,18.62,14.18,5.85,7.00,10.11,64.01,43.96,10.26,37.39,29.02,10.62,9.63,12.17,13.01,16.09,8.21,16.19,9.68,9.89,5.84,2.23,3.89,4.66,4.68,5.56,12.17,9.72,9.78,8.37,6.66,12.85,14.07,16.29,17.16
revenue per $ common equity,1.04,0.00,0.00,0.00,0.67,0.71,0.00,0.84,0.88,0.92,0.96,1.00,1.05,1.13,1.32,1.40,1.48,1.50,1.62,1.54,1.54,1.50,1.66,1.56,1.52,1.50,1.70,1.58,1.70,1.48,1.67,1.53,1.52,1.55,1.82,2.02,2.53,2.71,2.96,2.45,2.91,2.84,3.75,3.51,3.61,3.34,3.79,3.71,3.54,3.01,5.28,3.99,3.41
revenue per $ invested capital,0.87,0.00,0.00,0.00,0.65,0.63,0.00,0.81,0.68,0.68,0.72,0.75,0.82,0.72,0.85,0.92,0.95,1.01,1.10,1.04,0.95,0.87,0.96,0.96,0.93,0.94,0.92,0.92,0.96,0.96,1.08,1.03,1.01,1.06,1.26,1.41,1.47,1.51,1.46,0.93,1.00,1.17,1.32,1.42,1.19,1.18,1.20,1.30,1.12,1.09,1.44,1.28,1.20
revenue per share,0.44,0.00,0.00,0.00,0.59,0.60,0.69,0.80,0.90,0.98,1.09,1.21,1.37,1.57,1.87,2.20,2.57,2.93,3.25,3.61,3.91,4.17,4.49,4.79,5.04,5.27,5.53,5.95,6.46,6.57,7.41,7.86,8.42,9.19,9.88,10.74,10.87,9.71,9.61,9.04,10.25,11.09,11.87,12.54,11.78,12.12,12.03,12.40,12.39,12.47,12.46,12.32,12.50
revenue/assets,0.5,0.0,0.0,0.0,0.5,0.5,0.0,0.6,0.5,0.5,0.5,0.6,0.6,0.5,0.6,0.6,0.6,0.7,0.7,0.7,0.7,0.7,0.7,0.7,0.7,0.7,0.6,0.7,0.7,0.7,0.7,0.7,0.8,0.8,0.8,0.9,1.0,1.0,0.8,0.6,0.6,0.7,0.7,0.8,0.8,0.8,0.8,0.9,0.8,0.8,0.9,0.8,0.8
sale of long-term investments,0.0,0.0,0.0,0.0,0.0,0.0,0.0,0.0,0.0,0.0,0.0,0.0,0.0,0.0,0.0,0.0,0.0,0.0,0.0,0.0,0.0,0.0,0.0,0.0,0.0,0.0,0.0,0.0,20.0,0.0,0.0,2.8,4.8,0.0,0.0,0.0,0.0,0.0,0.0,0.4,44.0,0.1,2.9,846.1,859.1,4.3,7.0,7.5,7.5,14.7,14.7,43.4,64.4
sale of short-term investments,0.0,0.0,0.0,0.0,0.0,0.0,0.0,0.0,195.6,0.0,0.0,0.0,55.3,0.0,0.0,0.0,0.0,200.0,230.0,236.8,286.3,0.1,0.2,6.5,82.7,25.3,26.4,27.3,29.2,55.2,55.9,266.7,267.5,0.0,15.0,55.0,55.0,0.0,15.0,58.5,642.2,110.2,119.4,451.0,577.6,177.8,351.7,690.9,788.0,51.3,121.8,870.7,993.1
sales per $ inventory,21.62,0.00,0.00,0.00,22.75,29.87,0.00,40.37,34.11,37.67,34.64,28.01,32.90,28.21,32.78,36.99,37.84,36.79,48.29,52.14,43.42,46.58,40.57,43.03,31.99,30.01,24.47,34.64,32.53,37.70,44.24,57.62,58.56,59.19,69.05,72.15,92.73,96.58,80.55,55.45,41.16,45.60,45.48,48.14,35.30,31.38,31.37,46.56,42.32,40.65,41.02,39.83,43.99
sales per $ receivables,8.45,0.00,0.00,0.00,13.92,25.85,0.00,25.20,8.21,6.47,6.03,22.20,6.87,21.04,21.21,6.88,8.14,8.66,9.68,9.73,8.58,9.20,8.92,8.86,8.15,8.25,9.77,8.01,9.87,10.85,11.03,10.83,11.43,13.04,14.51,17.11,21.67,22.71,17.55,13.00,13.59,13.28,14.04,13.61,11.70,10.73,11.15,11.72,11.63,10.20,10.13,9.23,9.65
sales per employee,314598,None,None,None,470335,None,None,None,179007,None,None,None,123325,None,None,None,138125,None,None,None,166217,None,None,None,181112,None,None,None,264632,None,None,None,237869,None,None,None,388919,None,None,None,271849,None,None,None,282960,None,None,None,212201,None,None,None,200326
shares out (common class only),817.3,817.3,817.3,996.7,903.5,996.7,996.7,996.7,996.7,991.7,996.7,996.7,991.7,991.7,991.7,991.7,991.7,991.7,991.7,993.1,993.1,993.1,993.1,994.0,994.0,994.0,994.0,994.3,988.7,"1,040.5",986.9,984.0,980.4,967.7,967.7,945.5,942.5,996.7,942.5,942.5,958.4,958.4,958.4,958.4,958.4,958.4,994.5,994.5,994.5,994.5,994.5,994.5,994.5
short-term debt,38.3,44.3,46.8,51.1,24.0,24.0,0.0,9.8,32.6,30.6,37.6,48.9,88.3,134.3,141.0,589.7,112.4,681.8,461.5,383.2,379.4,354.8,406.1,403.5,768.7,830.2,519.3,187.4,150.6,550.6,568.8,606.7,313.3,466.1,"1,000.0",990.4,"1,183.7","1,191.3","1,483.6","1,525.5",783.7,"2,333.3","1,717.9","1,461.7",264.9,"1,127.1",622.7,"1,087.0",289.8,869.0,"1,104.5",781.5,579.0
special income charges,0.0,0.0,0.0,0.0,0.0,0.0,0.0,0.0,0.0,0.0,0.0,0.0,0.0,0.0,0.0,0.0,0.0,0.0,0.0,0.0,0.0,0.0,0.0,0.0,0.0,0.0,0.0,0.0,-320.0,0.0,0.0,0.0,0.0,0.0,0.0,0.0,0.0,0.0,0.0,0.0,-75.1,0.0,0.0,0.0,-127.9,-9.6,-1.7,-2.0,-5.7,-2.0,-580.3,-9.2,-35.9
tangible book value per share,0.04,0.08,0.10,0.48,0.53,0.76,0.00,0.57,0.62,0.54,0.57,0.72,0.78,0.75,0.67,0.59,0.71,0.97,1.01,1.27,1.32,1.55,1.45,1.81,1.87,2.09,1.90,2.34,2.37,3.11,2.90,3.18,3.41,3.81,3.32,3.27,2.42,1.83,1.33,1.76,1.19,1.58,0.91,1.07,0.32,0.63,0.34,0.74,0.78,1.28,0.07,0.66,1.23
total assets per share,0.83,0.86,0.93,1.13,1.22,1.16,0.00,1.38,1.74,1.95,2.04,2.18,2.30,3.09,3.26,3.82,4.26,4.46,4.57,4.90,5.62,6.34,6.74,7.03,7.59,7.86,8.62,8.54,8.67,9.11,10.07,10.54,11.19,11.50,12.51,11.86,11.09,9.72,11.62,14.70,16.47,16.39,15.98,15.07,15.11,16.09,15.47,14.30,15.40,15.92,14.60,14.60,15.06
total capitalization,410.1,420.8,448.5,814.0,824.4,958.6,0.0,986.9,"1,298.9","1,436.9","1,503.0","1,594.9","1,661.0","2,157.5","2,172.4","2,358.8","2,666.3","2,872.8","2,918.1","3,430.6","4,077.1","4,732.1","4,635.6","4,954.7","5,373.0","5,568.4","5,982.8","6,445.2","6,676.3","7,106.3","6,798.4","7,534.4","8,129.4","8,350.1","7,556.8","7,212.7","6,959.8","6,388.1","6,205.8","9,135.1","9,858.2","9,116.2","8,618.9","8,474.5","9,517.4","9,798.2","9,976.4","9,483.1","11,036.0","11,334.4","8,585.3","9,589.6","10,376.3"
total debt as % total assets,49.6,48.1,49.1,30.8,27.3,27.2,0.0,30.5,41.1,45.0,44.2,44.2,43.0,54.9,56.6,58.8,59.2,56.1,56.1,52.1,54.8,56.2,59.9,56.4,56.3,55.3,62.2,56.0,56.2,51.2,56.0,51.3,50.4,48.4,56.6,55.3,61.2,63.1,72.0,74.9,78.6,76.2,80.2,76.3,78.4,77.4,79.5,76.6,77.3,74.0,83.8,78.9,75.7
total debt/equity ratio,0.30,0.28,0.28,0.11,0.06,0.17,0.00,0.04,0.31,0.38,0.37,0.36,0.35,0.66,0.65,0.89,0.96,0.84,0.70,0.64,0.77,0.84,0.88,0.76,0.87,0.83,1.01,0.78,0.82,0.66,0.69,0.61,0.62,0.54,0.63,0.64,1.01,1.12,1.51,2.07,2.51,2.06,2.41,1.90,2.29,2.14,2.36,2.18,2.50,1.96,3.13,2.38,2.10
total non-current assets,595.5,616.4,682.4,722.4,771.3,868.5,0.0,"1,102.7","1,249.5","1,500.2","1,654.2","1,765.2","1,925.0","2,362.5","2,667.5","3,139.8","3,384.9","3,499.1","3,652.7","4,034.0","4,540.2","4,780.9","5,098.0","5,451.4","6,254.5","6,433.7","6,739.3","6,892.1","6,944.8","7,372.2","7,590.0","8,400.4","9,020.0","9,240.9","9,419.1","9,121.9","8,079.6","7,507.2","7,977.0","8,181.3","11,385.8","11,265.6","10,690.4","10,183.3","11,361.4","11,687.3","11,714.1","10,737.0","11,480.6","12,090.6","10,610.7","11,343.6","11,938.9"
total ordinary shares,"16,345.3","16,345.3","16,345.3","19,933.3","18,069.7","19,933.3",0.0,"19,933.3","19,933.3","19,834.0","19,933.3","19,933.3","19,833.6","19,833.6","19,833.6","19,834.0","19,834.0","19,834.0","19,834.0","19,861.2","4,965.3","4,965.3","4,965.3","4,969.8","4,969.8","4,969.8","4,969.8","4,971.4","4,943.5","5,202.6","4,934.3","4,919.9","4,902.1","4,838.5","4,838.5","4,727.7","4,712.6","4,983.3","4,712.6","4,712.6","4,792.2","4,792.2","1,916.9","1,916.9","1,916.9","1,916.9",0.0,0.0,"1,988.9","1,988.9","1,988.9","1,988.9","1,988.9"
total revenue,0.0,102.0,120.0,146.1,167.5,166.3,0.0,262.6,258.5,247.6,316.3,388.5,409.3,446.1,606.0,722.4,771.7,808.7,918.2,"1,086.4","1,079.7","1,057.0","1,236.6","1,384.7","1,332.7","1,288.7","1,492.0","1,797.7","1,805.9","1,741.4","1,968.6","2,216.0","2,326.4","2,379.2","2,635.5","2,812.3","2,418.3","1,809.0","2,022.4","2,267.6","3,724.5","2,614.4","2,771.9","2,910.8","2,995.1","2,934.0","3,128.3","3,274.7","2,981.7","3,013.8","3,122.2","3,132.1","3,167.6"
treasury shares,0.0,0.0,0.0,0.0,0.0,0.0,0.0,5.0,5.0,5.0,5.0,5.0,5.0,5.0,5.0,5.0,5.0,5.0,5.0,3.6,3.6,3.6,3.6,2.7,2.7,2.7,13.5,2.4,8.0,8.0,9.8,12.7,16.2,29.0,144.8,51.1,270.7,0.0,270.7,270.7,191.1,191.1,76.5,76.5,152.9,76.5,0.0,0.0,155.0,155.0,155.0,155.0,155.0
treasury stock,0.0,0.0,0.0,-10.2,-10.2,-10.2,0.0,-10.2,-10.2,-10.2,-10.2,-10.2,-10.2,-10.2,-10.2,-10.2,-10.2,-10.2,-10.2,-7.4,-7.4,-7.4,-7.4,-5.5,-5.5,-5.5,-5.5,-4.9,-114.8,-114.8,-154.2,-235.7,-368.4,-791.5,-791.5,"-1,357.3","-1,426.8","-1,426.8","-1,426.8","-1,426.8","-1,054.9","-1,054.9","-1,054.9","-1,054.9","-1,054.9","-1,055.0",-992.1,-992.1,-992.1,-992.1,-992.1,-992.1,-992.1
working capital,-65.9,-76.1,-115.1,191.6,147.2,90.2,0.0,-2.5,174.4,112.5,43.5,23.8,-65.9,139.7,-187.9,-498.6,-457.5,-375.0,-477.3,-327.8,-189.0,231.1,-178.0,-227.7,-631.6,-645.3,-553.9,-260.1,-91.2,-110.8,-693.6,-692.9,-664.8,-682.4,"-1,669.4","-1,715.9",-938.4,-792.1,"-1,437.1","1,345.3",137.0,-283.1,-269.4,32.0,-38.5,-82.9,-567.7,-183.1,272.8,36.7,"-1,311.1",-985.7,-692.8
working capital as % of price,0.0,0.0,-6.3,7.5,6.7,3.5,0.0,0.0,5.0,3.0,1.3,0.7,-1.9,3.4,-3.2,-6.8,-5.6,-2.9,-3.9,-2.3,-1.4,1.6,-1.3,-1.4,-4.6,-4.9,-4.8,-1.7,-0.4,-0.5,-2.9,-2.5,-1.7,-2.3,-5.6,-8.1,-9.4,-6.6,-10.3,7.4,0.7,-1.4,-1.5,0.1,-0.2,-0.4,-3.0,-1.5,1.8,0.2,-7.7,-5.7,-3.8
working capital per share,-0.08,-0.09,-0.14,0.19,0.16,0.09,0.00,0.00,0.18,0.11,0.04,0.02,-0.07,0.14,-0.19,-0.50,-0.46,-0.38,-0.48,-0.33,-0.19,0.23,-0.18,-0.23,-0.64,-0.65,-0.56,-0.26,-0.09,-0.11,-0.70,-0.70,-0.68,-0.71,-1.73,-1.81,-1.00,-0.79,-1.52,1.43,0.14,-0.30,-0.28,0.03,-0.04,-0.09,-0.57,-0.18,0.27,0.04,-1.32,-0.99,-0.70
working captial as % of equity,-19.2,-21.0,-29.8,24.6,18.4,10.7,0.0,-0.3,17.1,10.6,3.8,2.0,-5.1,10.1,-13.4,-31.9,-26.5,-19.3,-24.0,-14.1,-7.5,8.4,-6.6,-7.5,-19.2,-18.5,-17.1,-7.0,-2.4,-2.4,-15.9,-13.7,-12.2,-11.9,-31.8,-34.2,-23.1,-22.2,-46.9,38.7,4.1,-7.6,-8.9,0.9,-1.2,-2.4,-18.0,-5.5,7.8,0.9,-55.8,-32.1,-19.0
