,1994/03,1994/06,1994/09,1994/12,1995/03,1995/06,1995/09,1995/12,1996/03,1996/06,1996/09,1996/12,1997/03,1997/06,1997/09,1997/12,1998/03,1998/06,1998/09,1998/12,1999/03,1999/06,1999/09,1999/12,2000/03,2000/06,2000/09,2000/12,2001/03,2001/06,2001/09,2001/12,2002/03,2002/06,2002/09,2002/12,2003/03,2003/06,2003/09,2003/12,2004/03,2004/06,2004/09,2004/12,2005/03,2005/06,2005/09,2005/12,2006/03,2006/06,2006/09,2006/12,2007/03,2007/06,2007/09,2007/12,2008/03,2008/06,2008/09,2008/12,2009/03,2009/06,2009/09,2009/12,2010/03,2010/06,2010/09,2010/12,2011/03,2011/06,2011/09,2011/12,2012/03,2012/06
% of EPS-to-Industry,-14.0,-15.6,53.7,56.9,51.7,36.5,5.9,-12.7,-32.6,69.2,84.9,0.0,0.0,0.0,0.0,204.8,-1200.0,30.0,-100.0,-129.5,0.0,0.0,0.0,-42.9,-40.0,-83.3,0.0,-20.0,128.6,47.1,184.9,840.0,937.5,930.0,607.1,263.7,259.6,263.2,314.6,431.7,460.5,506.5,279.4,102.4,1.3,-110.3,91.9,-31.2,-2.4,-24.4,-98.8,-15.7,-80.5,-97.5,-91.8,-59.8,-10.8,10.9,10.9,292.7,-222.7,41.8,232.8,583.3,726.5,942.5,688.4,447.2,-281.9,-258.0,0.0,-121.6,0.0,0.0
% of PE-to-Industry,0.0,0.0,83.4,69.5,89.8,110.6,593.8,0.0,0.0,0.0,0.0,0.0,0.0,0.0,0.0,0.0,0.0,40.9,0.0,0.0,0.0,0.0,0.0,0.0,0.0,0.0,0.0,0.0,66.5,348.6,119.9,25.3,19.9,29.7,46.5,107.9,143.2,117.2,128.3,95.9,86.7,59.7,117.0,371.2,0.0,0.0,220.1,0.0,0.0,0.0,0.0,0.0,0.0,0.0,0.0,0.0,0.0,0.0,0.0,0.0,0.0,257.2,54.4,24.8,15.8,15.0,21.1,35.3,0.0,0.0,0.0,0.0,57.8,30.7
% of ROE-to-Industry,0.0,0.0,79.5,82.9,72.2,36.9,5.6,0.0,0.0,0.0,0.0,0.0,0.0,0.0,0.0,0.0,0.0,187.5,0.0,0.0,0.0,0.0,0.0,0.0,0.0,0.0,0.0,0.0,102.2,100.0,268.2,750.0,832.7,774.2,495.2,215.6,200.6,183.1,189.8,215.3,226.3,224.1,145.8,65.1,2.2,0.0,55.4,0.0,0.0,0.0,0.0,0.0,0.0,0.0,0.0,0.0,0.0,0.0,0.0,0.0,0.0,20.6,97.3,296.2,323.5,302.0,276.9,217.6,0.0,0.0,0.0,0.0,0.0,0.0
% of current ratio-to-industry,77.8,81.5,92.3,96.4,90.0,119.4,120.7,106.3,145.5,103.4,93.8,0.0,0.0,0.0,0.0,83.3,57.1,133.3,114.3,70.3,81.1,83.3,66.7,69.0,43.9,42.1,47.2,44.7,58.1,48.7,70.0,72.7,75.8,63.6,75.0,96.6,82.9,84.8,88.6,118.8,102.8,78.7,61.5,61.5,66.0,68.6,89.8,64.7,62.2,60.5,60.0,65.0,66.7,63.0,56.7,94.4,100.0,88.9,76.2,76.2,100.0,115.8,84.0,120.0,122.7,104.2,150.0,187.0,90.0,111.1,0.0,91.3,0.0,0.0
% of debt/equity-to-industry,38.5,42.9,32.4,33.3,29.0,21.4,21.4,20.0,29.4,15.2,11.8,0.0,0.0,0.0,0.0,50.0,29.4,11.9,12.5,6.5,6.5,6.7,6.9,6.3,5.9,4.5,4.3,0.0,0.0,1.8,1.9,1.5,3.3,3.4,0.0,3.7,3.1,3.3,187.1,164.5,153.3,300.0,326.7,282.4,293.8,293.8,122.9,293.8,141.9,170.0,169.0,0.0,0.0,0.0,0.0,7.1,0.0,0.0,0.0,0.0,0.0,28.9,0.0,0.0,0.0,0.0,0.0,0.0,0.0,0.0,0.0,68.8,0.0,0.0
% of earnings-to-industry,-0.6,-0.7,2.5,2.4,2.0,1.3,0.2,-0.6,-1.2,-1000.0,14.4,0.0,0.0,0.0,0.0,9.7,-33.6,1.4,-3.7,-5.3,0.0,0.0,0.0,-1.5,-1.6,-1.6,-1.9,-0.5,1.7,1.6,7.1,26.7,28.6,28.8,20.4,9.7,9.4,9.4,11.0,14.4,15.3,17.7,10.5,4.9,0.2,-6.1,5.3,-1.7,-0.4,-1.6,-5.6,-1.0,-5.4,-6.5,-6.0,-5.1,-0.8,0.9,0.9,167.6,-6.9,1.6,7.1,19.7,22.3,22.2,20.3,15.9,-8.0,-7.4,0.0,-7.7,0.0,0.0
% of gross profit margin-to-industry,78.8,76.6,82.1,83.7,86.4,84.9,77.7,74.3,72.8,72.1,53.8,0.0,0.0,0.0,0.0,33.4,35.9,27.4,25.2,16.5,0.0,0.0,0.0,43.7,42.2,46.9,50.5,55.3,61.4,65.2,52.2,78.8,83.4,86.8,99.0,95.2,95.6,99.6,91.5,83.0,77.1,71.2,70.2,71.6,73.9,78.1,81.2,78.1,73.4,68.1,63.6,69.2,75.8,80.4,84.1,86.6,90.9,87.9,87.1,79.7,76.3,67.2,67.4,68.3,67.6,76.2,81.0,85.1,93.0,95.7,0.0,95.5,0.0,0.0
% of leverage-to-industry,93.8,87.5,82.4,82.4,87.5,81.3,81.3,81.3,81.3,70.6,70.6,0.0,0.0,0.0,0.0,92.9,93.3,56.5,80.0,81.3,75.0,75.0,81.3,82.4,87.5,83.3,78.9,78.9,83.3,78.9,85.0,76.2,93.8,93.8,87.5,87.5,87.5,87.5,131.3,118.8,118.8,135.7,146.2,135.7,138.5,128.6,106.3,128.6,118.8,125.0,125.0,70.4,69.2,81.8,81.0,66.7,62.1,64.3,64.3,65.5,63.0,73.1,60.0,60.0,58.3,56.0,54.2,52.2,73.9,70.8,0.0,87.0,0.0,0.0
% of net profit margin-to-industry,-19.2,-22.4,85.2,88.9,79.5,54.9,8.7,-26.3,-56.4,0.0,681.0,0.0,0.0,0.0,0.0,316.7,-1128.6,86.7,-139.5,-196.4,0.0,0.0,0.0,-48.9,-57.5,-56.3,-70.0,-16.9,62.0,62.5,172.5,414.6,386.2,330.4,233.3,135.1,125.9,127.6,124.0,128.5,125.9,126.2,73.1,36.2,1.8,-56.0,52.3,-17.1,-3.6,-13.1,-45.1,-7.0,-40.3,-49.0,-42.9,-37.8,-6.9,8.9,12.2,2766.7,-98.2,15.4,60.4,164.1,178.9,211.8,210.5,173.6,-95.7,-93.3,0.0,-90.9,0.0,0.0
% of post-tax profit margin-to-industry,-27.2,-29.2,77.3,81.1,79.5,54.9,8.7,-26.3,-56.4,8000.0,868.2,0.0,0.0,0.0,0.0,353.5,-464.7,260.0,-172.8,-241.8,0.0,0.0,0.0,-48.9,-57.5,-56.3,-68.3,-16.9,62.0,62.5,172.5,414.6,386.2,330.4,233.3,135.1,125.9,130.9,127.3,132.1,128.8,126.2,73.1,36.2,1.8,-56.0,52.3,37.6,43.1,28.6,-2.8,-7.0,-40.6,-49.0,-42.9,-38.4,-7.7,7.5,10.4,2633.3,-91.1,20.0,64.2,166.7,181.6,211.8,210.5,173.6,-93.8,-93.3,0.0,-90.9,0.0,0.0
% of pre-tax profit margin-to-industry,-29.7,-32.7,78.0,85.2,85.6,50.5,14.4,-22.6,-57.1,-861.5,1266.7,0.0,0.0,0.0,0.0,-255.0,-61.4,24.1,-98.1,-135.4,0.0,0.0,0.0,-17.6,-27.1,-24.0,-22.4,-6.7,33.8,46.0,119.2,285.7,300.9,275.8,218.4,140.9,131.9,138.4,134.5,135.9,133.7,128.9,73.8,36.2,-0.5,-60.3,41.3,22.0,29.7,17.4,-5.3,-12.4,-77.6,-93.8,-85.0,-71.3,-12.1,9.7,15.7,-556.5,-90.2,13.8,71.4,179.7,196.5,228.0,246.9,206.2,-87.5,-75.7,0.0,-52.2,0.0,0.0
% of pric/free cashlow-to-industry,5.2,-2.8,8.9,90.1,-9.9,515.2,-3.8,22.4,52.4,10.8,3.0,0.0,0.0,0.0,0.0,4.3,-0.9,279.4,6.4,-39.5,-47.3,-11.2,-1.1,1.6,-40.4,0.8,135.4,180.6,158.8,119.3,-635.7,-68.6,440.6,-36.5,-53.4,-830.0,146.2,19.5,19.4,61.9,-8.2,-25.1,-32.4,-48.5,-119.5,-126.7,-91.3,650.2,-39.3,-18.8,1914.5,-2604.9,-152.3,38.1,35.7,-987.4,225.1,513.2,375.9,105.8,-2.6,-15.4,256.8,419.7,43.3,39.4,19.0,31.1,17.0,-15.7,-217.4,-7.3,-1877.4,46.1
% of price-to-industry,51.8,39.8,44.8,39.6,46.4,40.4,34.9,29.9,37.1,26.4,24.4,0.0,0.0,0.0,0.0,6.2,15.6,15.3,22.4,32.4,49.5,60.6,40.7,31.6,35.0,26.2,29.3,35.1,85.5,164.1,221.8,212.9,186.2,276.1,282.2,284.6,371.5,308.3,403.6,413.9,399.3,302.3,327.0,380.3,296.1,278.9,202.4,219.3,207.6,167.0,157.6,186.8,191.5,216.1,146.6,205.4,165.9,171.1,112.8,128.0,69.7,107.5,125.1,142.8,113.8,139.8,146.1,158.1,144.8,130.2,124.8,138.1,150.1,137.5
% of price/book-to-industry,70.5,55.5,55.9,52.6,63.6,45.9,43.2,39.7,49.9,33.9,31.6,0.0,0.0,0.0,0.0,10.1,28.4,34.5,39.6,73.5,112.9,139.1,97.6,63.5,92.7,63.2,80.1,86.8,226.1,362.1,337.2,243.6,205.8,282.0,255.4,235.6,282.2,211.9,236.7,216.0,216.3,181.8,215.8,247.4,216.8,208.2,130.5,159.2,144.4,136.7,127.3,119.2,125.8,133.8,91.3,175.5,138.8,147.2,94.2,101.8,52.4,90.6,83.8,97.9,77.7,89.6,91.5,85.6,83.7,77.7,59.9,69.3,85.5,72.8
% of price/cashflow-to-industry,555.7,655.8,74.5,70.9,95.0,115.3,188.6,466.4,0.0,-62.0,-13.4,0.0,0.0,0.0,0.0,0.1,-45.1,22.4,-63.4,-55.6,0.0,0.0,0.0,616.5,-420.5,-629.5,0.0,371.7,261.3,420.0,459.7,64.2,42.9,56.7,60.8,129.2,166.2,135.5,146.0,120.8,115.9,99.0,171.5,350.1,760.8,-770.5,230.9,1296.2,676.9,809.1,-978.0,-111.1,-57.6,-73.0,-48.6,-97.6,-286.6,-907.4,-358.3,-232.7,5788.5,155.1,89.0,53.5,42.3,55.7,59.4,63.7,-433.4,-276.0,-163.5,-339.2,106.2,55.9
% of price/sales-to-industry,66.9,55.3,59.5,56.8,70.6,67.7,64.5,56.7,71.9,51.9,48.8,0.0,0.0,0.0,0.0,9.3,22.6,16.7,46.2,63.3,0.0,0.0,0.0,48.4,61.6,41.3,49.2,52.7,135.5,221.2,218.0,134.7,95.9,119.8,120.0,148.0,176.8,147.9,155.2,129.0,120.8,101.5,108.6,140.0,123.8,141.3,125.2,124.6,119.0,88.0,78.0,80.0,80.7,117.9,71.3,96.4,87.9,110.0,96.1,114.3,58.2,70.4,51.5,54.5,43.6,62.0,68.6,68.5,59.0,58.0,47.8,58.6,66.8,58.2
% of sales-to-industry,3.3,3.1,2.9,2.7,2.5,2.4,2.3,2.2,2.2,2.2,2.1,0.0,0.0,0.0,0.0,3.1,3.2,1.6,2.7,2.7,0.0,0.0,0.0,2.9,2.8,2.8,2.7,2.7,2.7,2.7,4.1,6.4,7.3,8.7,8.8,7.2,7.5,7.4,8.8,11.2,12.1,14.1,14.3,13.3,12.7,10.9,10.1,9.7,11.0,11.9,12.6,14.4,13.6,13.3,14.0,13.6,12.1,9.9,7.4,6.6,7.1,10.0,11.8,12.0,12.3,10.6,9.7,9.2,8.5,7.9,0.0,8.4,0.0,0.0
(increase) decrease in inventories,-4.1,-4.8,-3.6,-0.1,-0.8,-2.1,-1.2,-1.7,-2.5,-5.5,-5.4,0.8,2.0,2.1,4.5,-3.5,-3.5,0.3,-2.1,-4.0,0.2,-2.2,-3.7,-5.4,-2.2,-3.7,-1.8,-2.0,0.0,-3.1,-4.9,-13.0,-14.6,-17.2,-19.8,-23.2,1.1,-6.6,-7.2,-14.4,-12.0,-7.2,-16.9,-17.7,-13.6,-17.8,-16.9,-23.7,-16.6,-12.9,-14.7,-9.9,18.6,22.5,25.3,21.4,19.7,33.1,36.0,42.4,-6.2,-10.7,-31.0,-36.4,13.5,11.9,4.1,8.1,2.9,-2.8,-8.4,-12.2,13.6,17.2
(increase) decrease in other current assets,-0.2,0.3,0.6,-2.5,-2.3,-0.6,-0.8,-0.2,-0.3,0.9,-1.2,2.9,2.9,2.1,0.5,-0.4,-1.2,1.2,-0.5,1.8,0.3,-0.4,-2.9,-3.7,-0.1,0.7,0.3,-0.4,-0.9,0.0,0.0,0.0,0.0,0.0,0.0,0.0,0.0,0.0,0.0,0.0,0.0,0.0,0.0,0.0,0.0,0.0,0.0,0.0,0.0,8.2,0.0,0.0,0.0,0.0,0.0,0.0,0.0,0.0,0.0,0.0,0.0,0.0,0.0,0.0,0.0,0.0,0.0,0.0,0.0,0.0,0.0,0.0,0.0,0.0
(increase) decrease in prepaid expenses,0.0,0.0,0.0,0.0,0.0,0.0,0.0,0.0,0.0,0.0,0.0,0.0,0.0,0.0,0.0,0.0,0.0,0.0,0.0,0.0,0.0,0.0,0.0,0.0,0.0,0.0,0.0,0.0,0.0,-1.4,-3.8,-4.4,-5.9,-7.3,-9.3,-11.9,2.4,-1.0,-6.9,-8.0,1.3,-1.5,5.4,-4.8,3.8,5.4,5.6,0.4,3.8,0.0,8.7,4.8,1.9,-5.3,3.5,3.2,1.0,2.8,3.1,1.2,2.8,4.4,3.5,5.3,-7.0,-4.4,-4.6,-7.1,1.5,2.1,-5.9,-1.5,-4.2,-1.7
(increase) decrease in receivables,-0.6,-1.7,-2.6,2.1,3.8,1.7,1.5,1.6,1.2,0.0,2.4,0.6,1.0,2.0,-1.3,3.5,-0.3,-1.6,-4.5,1.6,-2.7,-0.8,-4.6,-3.3,0.7,-5.8,-3.9,-6.2,-2.6,-9.2,-103.6,-58.9,36.7,-1.3,-20.8,-5.1,-20.9,-39.3,-130.2,-106.5,-2.8,-22.5,9.4,6.8,3.6,-25.6,-35.7,32.7,-104.8,-101.5,-74.9,-34.5,-56.0,64.4,18.4,83.9,2.8,45.8,11.7,21.7,-35.1,-174.0,-4.9,-74.5,8.8,30.9,58.7,65.1,-25.0,-33.2,-10.5,-39.6,-7.3,-42.0
Basic EPS (Continuing),0.03,0.07,0.07,0.13,0.03,-0.04,-0.06,-0.01,-0.04,-0.16,-0.39,-0.16,-0.36,-0.21,0.25,-0.11,-0.17,0.07,-0.24,-0.23,-0.01,-0.01,-0.01,-0.03,-0.07,0.01,0.01,0.02,0.05,0.08,0.87,0.73,0.65,0.64,0.60,0.57,0.68,0.70,1.15,1.13,0.88,0.87,-1.03,0.13,0.06,-0.02,0.74,-0.19,0.25,-0.21,0.13,0.15,1.20,0.08,0.04,0.17,0.08,-0.59,0.05,-0.92,0.48,0.71,0.79,0.32,0.78,0.53,0.89,0.50,-3.07,0.26,0.61,0.87,-0.79,1.41
Basic EPS (Cum. Effect of Acct. Change),0.00,0.00,0.00,0.00,0.00,0.00,0.00,0.00,0.00,0.00,0.00,0.00,0.00,0.00,0.00,0.00,0.00,0.00,0.00,0.00,0.00,0.00,0.00,0.00,0.00,0.00,0.00,0.00,0.00,0.00,0.00,0.00,0.00,0.00,0.00,0.00,0.00,0.00,0.00,0.00,0.00,0.00,0.00,0.00,0.00,0.00,0.00,0.00,0.00,0.00,0.00,0.00,0.00,0.00,0.00,0.00,0.00,0.00,0.00,0.00,0.00,0.00,0.00,0.00,0.00,0.00,0.00,0.00,0.00,0.00,0.00,0.00,0.00,0.00
Basic EPS (Discontinued),0.03,0.00,0.00,0.00,0.00,0.00,0.00,0.00,0.00,0.00,0.15,0.00,0.00,0.00,0.00,0.00,0.00,0.00,0.00,0.00,0.00,0.00,0.00,0.00,0.00,0.00,0.00,0.00,0.00,0.00,0.00,0.00,0.00,0.00,0.00,0.00,0.00,0.00,0.00,0.00,0.00,0.00,0.00,0.00,0.00,0.00,0.00,-0.79,0.00,0.00,0.00,0.00,0.00,0.00,0.00,-0.04,0.00,-0.01,0.00,-0.04,0.00,0.00,-0.01,0.00,0.00,0.01,0.00,0.00,0.00,-0.01,0.00,0.57,0.00,0.00
Basic EPS (Extraordinary Items),0.00,0.00,0.00,0.00,0.00,0.00,0.00,0.00,0.00,0.00,0.00,0.00,0.00,0.00,0.00,0.00,0.00,0.00,0.00,0.00,0.00,0.00,0.00,0.00,0.00,0.00,0.00,0.00,0.00,0.00,0.00,0.00,0.00,0.00,0.00,0.00,0.00,0.00,0.00,0.00,0.00,0.00,0.00,0.00,0.00,0.00,0.00,0.00,0.00,0.00,0.00,0.00,0.00,0.00,0.00,0.00,0.00,0.00,0.00,0.00,0.00,0.00,0.00,0.00,0.00,0.00,0.00,0.00,0.00,0.00,0.00,0.00,0.00,0.00
Basic EPS (Other Gains/Losses),0.00,0.00,0.00,0.00,0.00,0.00,0.00,0.00,0.00,0.00,0.00,0.00,0.00,0.00,0.00,0.00,0.00,0.00,0.00,0.00,0.00,0.00,0.00,0.00,0.00,0.00,0.00,0.00,0.00,0.00,0.00,0.00,0.00,0.00,0.00,0.00,0.00,0.00,0.00,0.00,0.00,0.00,0.00,0.00,0.00,0.00,0.00,0.00,0.00,0.00,0.00,0.00,0.00,0.00,0.00,0.00,0.00,0.00,0.00,0.00,0.00,0.00,0.00,0.00,0.00,0.00,0.00,0.00,0.00,0.00,0.00,0.00,0.00,0.00
Basic EPS (Tax Loss Carry Forward),0.00,0.00,0.00,0.00,0.00,0.00,0.00,0.00,0.00,0.00,0.00,0.00,0.00,0.00,0.00,0.00,0.00,0.00,0.00,0.00,0.00,0.00,0.00,0.00,0.00,0.00,0.00,0.00,0.00,0.00,0.00,0.00,0.00,0.00,0.00,0.00,0.00,0.00,0.00,0.00,0.00,0.00,0.00,0.00,0.00,0.00,0.00,0.00,0.00,0.00,0.00,0.00,0.00,0.00,0.00,0.00,0.00,0.00,0.00,0.00,0.00,0.00,0.00,0.00,0.00,0.00,0.00,0.00,0.00,0.00,0.00,0.00,0.00,0.00
Close PE Ratio,0.0,0.0,30.2,28.0,37.1,55.3,237.5,0.0,0.0,0.0,0.0,0.0,0.0,0.0,0.0,0.0,0.0,152.1,0.0,0.0,0.0,0.0,0.0,0.0,0.0,0.0,0.0,0.0,147.1,191.8,36.5,20.1,9.4,10.0,11.0,12.4,17.4,19.5,22.6,18.4,15.2,9.0,20.4,49.3,0.0,0.0,29.3,0.0,0.0,0.0,0.0,117.7,20.3,18.5,12.8,16.8,52.7,0.0,0.0,0.0,0.0,54.1,21.7,12.0,9.8,11.1,12.0,14.8,0.0,0.0,0.0,0.0,25.8,13.7
Diluted EPS (Continuing),0.03,0.07,0.07,0.13,0.03,-0.04,-0.06,-0.01,-0.04,-0.16,-0.39,-0.16,-0.36,-0.21,0.25,-0.11,-0.17,0.06,-0.23,-0.23,-0.01,-0.01,-0.01,-0.03,-0.07,0.01,0.01,0.02,0.05,0.08,0.83,0.71,0.63,0.62,0.59,0.56,0.67,0.68,1.11,1.09,0.85,0.85,-1.03,0.13,0.06,-0.02,0.74,-0.19,0.24,-0.21,0.13,0.14,1.19,0.08,0.04,0.17,0.08,-0.59,0.05,-0.92,0.48,0.71,0.77,0.30,0.75,0.51,0.86,0.48,-3.07,0.25,0.60,0.87,-0.79,1.38
Diluted EPS (Cum. Effect of Acct. Change),0.00,0.00,0.00,0.00,0.00,0.00,0.00,0.00,0.00,0.00,0.00,0.00,0.00,0.00,0.00,0.00,0.00,0.00,0.00,0.00,0.00,0.00,0.00,0.00,0.00,0.00,0.00,0.00,0.00,0.00,0.00,0.00,0.00,0.00,0.00,0.00,0.00,0.00,0.00,0.00,0.00,0.00,0.00,0.00,0.00,0.00,0.00,0.00,0.00,0.00,0.00,0.00,0.00,0.00,0.00,0.00,0.00,0.00,0.00,0.00,0.00,0.00,0.00,0.00,0.00,0.00,0.00,0.00,0.00,0.00,0.00,0.00,0.00,0.00
Diluted EPS (Discontinued),0.03,0.00,0.00,0.00,0.00,0.00,0.00,0.00,0.00,0.00,0.15,0.00,0.00,0.00,0.00,0.00,0.00,0.00,0.00,0.00,0.00,0.00,0.00,0.00,0.00,0.00,0.00,0.00,0.00,0.00,0.00,0.00,0.00,0.00,0.00,0.00,0.00,0.00,0.00,0.00,0.00,0.00,0.00,0.00,0.00,0.00,0.00,-0.79,0.00,0.00,-0.01,0.00,0.00,0.00,0.00,-0.04,0.00,-0.01,0.00,-0.04,0.00,0.00,-0.01,0.00,0.00,0.01,0.00,0.00,0.00,0.00,0.00,0.57,0.00,0.00
Diluted EPS (Extraordinary),0.00,0.00,0.00,0.00,0.00,0.00,0.00,0.00,0.00,0.00,0.00,0.00,0.00,0.00,0.00,0.00,0.00,0.00,0.00,0.00,0.00,0.00,0.00,0.00,0.00,0.00,0.00,0.00,0.00,0.00,0.00,0.00,0.00,0.00,0.00,0.00,0.00,0.00,0.00,0.00,0.00,0.00,0.00,0.00,0.00,0.00,0.00,0.00,0.00,0.00,0.00,0.00,0.00,0.00,0.00,0.00,0.00,0.00,0.00,0.00,0.00,0.00,0.00,0.00,0.00,0.00,0.00,0.00,0.00,0.00,0.00,0.00,0.00,0.00
Diluted EPS (Other Gains/Losses),0.00,0.00,0.00,0.00,0.00,0.00,0.00,0.00,0.00,0.00,0.00,0.00,0.00,0.00,0.00,0.00,0.00,0.00,0.00,0.00,0.00,0.00,0.00,0.00,0.00,0.00,0.00,0.00,0.00,0.00,0.00,0.00,0.00,0.00,0.00,0.00,0.00,0.00,0.00,0.00,0.00,0.00,0.00,0.00,0.00,0.00,0.00,0.00,0.00,0.00,0.00,0.00,0.00,0.00,0.00,0.00,0.00,0.00,0.00,0.00,0.00,0.00,0.00,0.00,0.00,0.00,0.00,0.00,0.00,0.00,0.00,0.00,0.00,0.00
Diluted EPS (Tax Loss Carry Forward),0.00,0.00,0.00,0.00,0.00,0.00,0.00,0.00,0.00,0.00,0.00,0.00,0.00,0.00,0.00,0.00,0.00,0.00,0.00,0.00,0.00,0.00,0.00,0.00,0.00,0.00,0.00,0.00,0.00,0.00,0.00,0.00,0.00,0.00,0.00,0.00,0.00,0.00,0.00,0.00,0.00,0.00,0.00,0.00,0.00,0.00,0.00,0.00,0.00,0.00,0.00,0.00,0.00,0.00,0.00,0.00,0.00,0.00,0.00,0.00,0.00,0.00,0.00,0.00,0.00,0.00,0.00,0.00,0.00,0.00,0.00,0.00,0.00,0.00
Dividends Paid Per Share (YTD),0.00,0.00,0.00,0.00,0.00,0.00,0.00,0.00,0.00,0.00,0.00,0.00,0.00,0.00,0.00,0.00,0.00,0.00,0.00,0.00,0.00,0.00,0.00,0.00,0.00,0.00,0.00,0.00,0.00,0.00,0.00,0.00,0.00,0.00,0.00,0.00,0.00,0.00,0.00,0.00,0.00,0.00,0.00,0.00,0.00,0.00,0.00,0.00,0.00,0.00,0.00,0.00,0.00,0.00,0.00,0.00,0.00,0.00,0.00,0.00,0.00,0.00,0.00,0.00,0.00,0.00,0.00,0.00,0.00,0.00,0.00,0.00,0.00,0.00
EPS from Total Operations (YTD),0.15,0.21,0.29,0.13,0.16,0.11,0.04,-0.01,-0.05,-0.21,-0.45,-0.16,-0.52,-0.73,-0.48,-0.11,-0.28,-0.22,-0.45,-0.23,-0.01,-0.02,-0.03,-0.06,-0.07,-0.06,-0.05,-0.03,0.05,0.13,0.97,1.68,0.63,1.25,1.84,2.40,0.67,1.34,2.45,3.54,0.85,1.70,0.71,0.84,0.06,0.04,0.74,-0.24,0.24,-0.08,0.05,0.19,1.19,1.27,1.30,1.43,0.08,-0.53,-0.47,-1.43,0.48,1.18,1.95,2.25,0.75,1.27,2.12,2.60,-3.07,-2.80,-2.17,-0.73,-0.79,0.61
High PE Ratio,0.0,0.0,68.1,50.8,39.2,69.1,328.1,0.0,0.0,0.0,0.0,0.0,0.0,0.0,0.0,0.0,0.0,183.3,0.0,0.0,0.0,0.0,0.0,0.0,0.0,0.0,0.0,0.0,149.7,195.3,43.1,25.1,18.8,15.1,15.6,14.1,17.7,21.2,24.3,21.3,20.2,19.3,42.9,79.6,0.0,0.0,48.1,0.0,0.0,0.0,0.0,203.7,23.0,19.5,21.2,21.5,93.0,0.0,0.0,0.0,0.0,65.2,23.1,12.4,11.1,12.4,12.1,15.2,0.0,0.0,0.0,0.0,26.3,16.3
"Income, Restructuring and M&A;",0.0,0.0,0.0,0.0,0.0,0.0,0.0,0.0,0.0,0.0,0.0,0.0,0.0,0.0,0.0,0.0,0.0,0.0,0.0,0.0,0.0,0.0,0.0,0.0,0.0,0.0,0.0,0.0,0.0,0.0,0.0,0.0,0.0,0.0,0.0,0.0,0.0,0.0,0.0,0.0,0.0,0.0,0.0,0.0,0.0,0.0,0.0,0.0,0.0,0.0,0.0,0.0,0.0,0.0,0.0,0.0,0.0,0.0,0.0,-15.4,-1.4,-0.1,0.2,0.2,0.0,0.0,0.0,0.0,0.0,-27.0,0.0,0.0,0.0,0.0
LT-Debt as % of Invested Capital,9.4,10.7,10.0,9.3,8.5,5.8,5.6,5.2,4.8,4.4,4.1,1.9,2.0,2.2,4.5,4.5,4.6,4.8,1.6,1.8,1.8,1.8,1.8,1.8,1.7,1.6,1.5,0.3,0.2,1.4,1.0,0.8,0.6,0.5,0.5,1.1,0.6,0.5,36.7,33.6,31.6,31.0,33.1,32.6,32.2,31.8,30.2,31.8,30.7,33.8,32.8,0.0,0.0,0.0,0.0,6.6,0.0,0.0,0.0,0.0,0.0,20.8,0.0,0.0,0.0,0.0,0.0,0.0,0.0,0.0,0.0,34.7,34.9,32.2
LT-Debt as % of Total Debt,22.1,27.1,27.5,28.5,26.2,24.2,22.6,22.0,20.1,19.2,21.0,10.4,7.3,6.5,17.4,15.2,11.3,17.2,7.4,6.6,7.8,7.9,5.7,4.9,4.0,3.0,3.3,0.6,0.4,2.9,1.5,1.4,1.3,1.1,1.1,3.0,1.8,1.3,50.4,54.4,51.6,51.9,55.1,56.3,59.6,59.7,63.6,55.9,50.0,51.1,51.3,0.0,0.0,0.0,0.0,9.0,0.0,0.0,0.0,0.0,0.0,28.0,0.0,0.0,0.0,0.0,0.0,0.0,0.0,0.0,0.0,52.1,47.3,46.6
LT-Debt to Equity Ratio,0.10,0.12,0.11,0.10,0.09,0.06,0.06,0.05,0.05,0.05,0.04,0.02,0.02,0.02,0.05,0.05,0.05,0.05,0.02,0.02,0.02,0.02,0.02,0.02,0.02,0.02,0.02,0.00,0.00,0.01,0.01,0.01,0.01,0.01,0.00,0.01,0.01,0.01,0.58,0.51,0.46,0.45,0.49,0.48,0.47,0.47,0.43,0.47,0.44,0.51,0.49,0.00,0.00,0.00,0.00,0.07,0.00,0.00,0.00,0.00,0.00,0.26,0.00,0.00,0.00,0.00,0.00,0.00,0.00,0.00,0.00,0.53,0.54,0.47
Low PE Ratio,0.0,0.0,21.6,18.9,20.8,32.9,187.5,0.0,0.0,0.0,0.0,0.0,0.0,0.0,0.0,0.0,0.0,33.3,0.0,0.0,0.0,0.0,0.0,0.0,0.0,0.0,0.0,0.0,45.1,27.7,6.1,3.9,5.5,5.6,6.2,6.5,7.7,7.6,6.3,8.1,9.9,8.5,18.2,38.2,0.0,0.0,25.2,0.0,0.0,0.0,0.0,67.4,10.3,8.4,11.5,11.6,47.0,0.0,0.0,0.0,0.0,27.9,7.9,3.8,3.4,6.2,8.3,8.9,0.0,0.0,0.0,0.0,16.6,9.4
Net Income from Total Operations (YTD),2.5,3.6,5.2,2.1,2.5,1.8,0.6,-0.2,-0.9,-3.9,-8.3,-3.0,-9.7,-13.6,-8.9,-2.1,-5.3,-4.0,-9.6,-6.9,-0.3,-0.7,-1.0,-1.8,-2.1,-1.8,-1.5,-0.9,1.7,4.1,30.9,53.9,20.8,41.1,60.8,79.5,22.4,45.6,84.3,122.5,30.2,60.1,25.0,29.2,2.0,1.4,26.6,-8.3,8.4,-2.7,1.7,6.7,41.5,44.3,45.6,49.9,2.6,-17.5,-15.8,-47.8,16.1,39.9,66.2,76.9,26.3,44.7,75.2,92.7,-109.0,-99.9,-78.0,-46.3,-28.7,22.6
Normalized Close PE Ratio,0.0,0.0,33.7,30.8,37.1,55.3,237.5,0.0,0.0,0.0,0.0,0.0,0.0,0.0,0.0,0.0,0.0,152.1,0.0,0.0,0.0,0.0,0.0,0.0,0.0,0.0,0.0,0.0,147.1,191.8,36.5,20.1,9.4,10.0,11.0,13.2,18.5,20.6,23.7,18.4,15.2,9.2,8.9,13.1,39.8,16.6,18.5,30.7,18.7,17.1,182.4,131.6,20.8,18.8,13.3,16.7,44.6,0.0,0.0,39.4,13.3,8.2,8.8,11.7,9.9,11.9,12.2,14.2,7.1,6.6,5.6,6.9,13.1,10.9
Normalized High PE Ratio,0.0,0.0,76.0,55.8,39.2,69.1,328.1,0.0,0.0,0.0,0.0,0.0,0.0,0.0,0.0,0.0,0.0,183.3,0.0,0.0,0.0,0.0,0.0,0.0,0.0,0.0,0.0,0.0,149.7,195.3,43.1,25.1,18.8,15.1,15.6,15.0,18.8,22.5,25.4,21.3,20.2,19.7,18.8,21.1,73.8,22.8,30.4,43.0,25.6,35.8,387.0,227.6,23.6,19.9,21.9,21.3,78.7,0.0,0.0,71.6,26.9,9.9,9.4,12.1,11.2,13.3,12.3,14.6,9.1,7.9,8.4,8.2,13.3,12.9
Normalized Low PE Ratio,0.0,0.0,24.0,20.8,20.8,32.9,187.5,0.0,0.0,0.0,0.0,0.0,0.0,0.0,0.0,0.0,0.0,33.3,0.0,0.0,0.0,0.0,0.0,0.0,0.0,0.0,0.0,0.0,45.1,27.7,6.1,3.9,5.5,5.6,6.2,6.9,8.2,8.0,6.6,8.1,9.9,8.7,8.0,10.1,38.2,15.2,15.9,21.2,14.3,16.5,128.0,75.3,10.6,8.5,11.9,11.5,39.8,0.0,0.0,22.9,11.0,4.2,3.2,3.7,3.4,6.6,8.4,8.5,5.6,5.1,5.3,5.2,8.4,7.5
Normalized ROA,-2.6,-3.1,6.8,7.1,6.7,3.3,0.7,-1.9,-3.0,-5.5,-13.1,-17.6,-26.8,-28.5,-12.2,-11.1,-5.8,1.2,-10.1,-14.4,0.0,0.0,0.0,-2.2,-4.3,-3.2,-2.6,-1.0,3.1,4.9,17.1,24.9,30.9,34.2,29.0,24.8,22.9,19.8,13.2,16.1,15.9,16.1,18.8,14.4,11.2,8.6,6.3,4.5,5.8,4.4,0.9,0.7,4.9,6.3,5.9,6.4,1.6,-1.3,-0.6,1.5,3.2,7.6,11.5,10.9,11.5,9.8,11.2,12.3,17.2,19.0,20.7,13.9,8.6,9.4
Normalized ROCI,-3.5,-3.9,8.6,8.8,8.3,3.8,0.8,-2.2,-3.6,-6.5,-15.1,-20.5,-33.8,-37.3,-14.8,-13.8,-7.9,1.4,-12.2,-18.0,0.0,0.0,0.0,-2.9,-6.1,-4.8,-3.8,-1.5,4.6,7.2,28.4,38.7,45.5,50.8,41.5,33.4,30.9,27.5,18.0,20.6,20.6,20.8,23.8,18.0,13.7,10.4,7.4,5.6,7.6,5.8,1.1,1.4,9.1,11.0,10.2,10.7,2.9,-2.3,-1.0,2.8,5.4,11.7,17.6,15.8,16.4,13.8,14.3,15.4,29.1,32.3,28.9,18.3,11.9,12.9
Normalized ROE,0.0,0.0,9.5,9.7,9.1,4.1,0.8,0.0,0.0,0.0,0.0,0.0,0.0,0.0,0.0,0.0,0.0,1.5,0.0,0.0,0.0,0.0,0.0,0.0,0.0,0.0,0.0,0.0,4.6,7.3,28.7,39.0,45.8,51.1,41.6,33.8,31.1,27.6,28.4,31.0,30.1,30.1,35.6,26.7,20.1,15.3,10.6,8.2,11.0,8.8,1.7,1.4,9.1,11.0,10.2,11.5,2.9,0.0,0.0,2.8,5.4,14.7,17.6,15.8,16.4,13.8,14.3,15.4,29.1,32.3,28.9,28.1,18.3,19.1
Return on Assets (ROA),-1.9,-2.3,7.5,7.8,6.7,3.3,0.7,-1.9,-3.0,-5.5,-9.8,-14.0,-23.0,-24.6,-12.2,-11.1,-5.8,1.2,-11.6,-18.4,0.0,0.0,0.0,-2.2,-4.3,-3.2,-2.6,-1.0,3.1,4.9,17.1,24.9,30.9,34.2,29.0,26.4,24.4,21.0,13.9,16.1,15.9,16.5,8.2,3.8,0.1,-3.9,4.0,-1.0,-0.2,-1.1,-3.6,0.8,5.1,6.4,6.1,6.4,1.4,-1.5,-1.5,-6.3,-4.8,1.1,4.6,10.6,11.6,10.4,11.3,11.8,-4.8,-5.7,-7.7,-3.8,2.7,5.9
Return on Capital Invested (ROCI),-2.5,-3.0,9.5,9.7,8.3,3.8,0.8,-2.2,-3.6,-6.5,-11.3,-16.4,-29.1,-32.3,-14.8,-13.8,-7.9,1.4,-13.9,-23.0,0.0,0.0,0.0,-2.9,-6.1,-4.8,-3.8,-1.5,4.6,7.2,28.4,38.7,45.5,50.8,41.5,35.6,32.8,29.1,18.9,20.6,20.6,21.2,10.4,4.8,0.2,-4.7,4.7,-1.3,-0.3,-1.4,-4.8,1.6,9.3,11.3,10.5,10.6,2.5,-2.8,-2.7,-11.8,-8.0,1.7,7.1,15.4,16.5,14.8,14.4,14.8,-8.1,-9.6,-10.7,-5.0,3.8,8.0
Return on Stock Equity (ROE),0.0,0.0,10.5,10.7,9.1,4.1,0.8,0.0,0.0,0.0,0.0,0.0,0.0,0.0,0.0,0.0,0.0,1.5,0.0,0.0,0.0,0.0,0.0,0.0,0.0,0.0,0.0,0.0,4.6,7.3,28.7,39.0,45.8,51.1,41.6,36.0,33.1,29.3,29.8,31.0,30.1,30.7,15.6,7.1,0.2,0.0,6.7,0.0,0.0,0.0,0.0,1.6,9.3,11.3,10.5,11.4,2.5,0.0,0.0,0.0,0.0,2.1,7.1,15.4,16.5,14.8,14.4,14.8,0.0,0.0,0.0,0.0,5.8,11.8
Revenue (YTD),34.3,51.4,69.6,17.1,33.3,49.4,66.5,14.9,30.2,45.0,58.0,12.5,24.3,36.0,53.2,12.1,25.7,43.6,60.4,16.8,20.2,41.1,60.7,80.3,18.1,40.9,61.3,85.0,25.7,55.0,154.7,271.0,80.5,182.3,282.5,381.6,106.4,222.3,438.9,661.7,211.8,424.3,575.9,690.0,97.5,214.5,333.2,433.2,173.8,367.6,541.5,725.2,234.2,401.9,614.5,769.7,154.9,267.9,416.8,578.1,204.0,608.0,902.8,"1,193.2",291.9,547.4,781.8,"1,008.9",233.0,457.1,672.5,926.1,271.5,565.8
accounts payable,7.4,5.8,5.3,5.0,5.5,5.7,6.4,5.9,6.3,5.2,4.2,3.0,2.6,3.3,5.1,4.3,3.7,4.5,8.8,10.4,8.3,8.3,10.3,12.7,11.5,12.9,10.5,13.2,10.7,11.1,48.6,18.0,22.9,24.2,22.5,14.6,15.6,22.7,15.2,20.2,35.2,27.0,35.2,45.8,38.5,46.2,72.0,55.6,51.3,45.7,43.5,48.3,33.7,32.8,30.5,32.2,30.5,27.9,28.8,22.9,72.3,215.7,89.3,81.2,72.9,77.0,58.3,49.3,56.2,77.8,75.0,123.0,125.3,114.8
accounts receivable,0.0,0.0,0.0,0.0,0.0,0.0,0.0,0.0,0.0,0.0,0.0,0.0,0.0,0.0,0.0,0.0,0.0,0.0,0.0,0.0,0.0,0.0,0.0,0.0,0.0,0.0,0.0,0.0,24.3,29.7,84.7,38.0,17.8,57.0,64.9,54.3,72.2,99.1,176.9,157.7,168.9,178.6,156.2,149.1,152.1,189.1,196.7,143.6,234.4,125.9,102.7,94.8,147.0,47.1,108.2,64.2,84.0,61.3,87.7,83.4,131.7,262.0,104.9,154.8,167.4,132.2,100.0,95.7,118.0,122.6,98.1,125.9,135.2,156.1
accrued expenses,0.0,0.0,0.0,0.0,0.0,0.0,0.0,0.0,0.0,0.0,0.0,0.0,0.0,0.0,0.0,0.0,0.0,0.0,0.0,0.0,0.0,0.0,0.0,0.0,0.0,0.0,0.0,0.0,0.0,2.5,4.9,7.7,5.7,8.8,11.5,15.2,15.7,18.7,16.6,24.7,16.6,18.8,17.1,16.6,16.1,17.7,24.1,25.7,29.9,17.1,18.6,14.6,22.2,23.1,25.2,27.5,32.2,31.2,36.8,38.4,0.0,0.0,0.0,0.0,0.0,0.0,0.0,0.0,0.0,0.0,0.0,0.0,0.0,0.0
accrued liabilities,0.0,0.0,0.0,0.0,0.0,0.0,0.0,0.0,0.0,0.0,0.0,0.0,0.0,0.0,0.0,0.0,0.0,0.0,0.0,0.0,0.0,0.0,0.0,0.0,0.0,0.0,0.0,0.0,0.0,0.0,2.2,0.0,3.7,0.0,0.0,0.0,0.0,0.0,6.6,7.4,4.0,5.4,6.4,8.7,7.1,10.5,11.4,12.9,7.7,10.4,13.8,15.5,12.4,13.4,13.4,16.6,6.7,8.8,6.3,11.9,50.4,52.0,53.8,31.0,57.8,65.6,66.9,62.3,258.1,254.8,102.6,107.3,149.5,154.3
accumulated depreciation,14.7,14.7,16.1,16.7,16.7,16.7,18.5,19.2,19.6,20.2,20.7,21.3,21.1,21.5,17.9,18.4,19.2,19.8,21.6,23.0,23.7,24.3,25.8,25.0,25.5,26.0,26.2,26.8,26.8,26.8,26.8,28.8,28.8,28.8,28.8,27.8,27.8,27.8,27.8,31.5,31.5,31.5,31.5,32.3,32.3,32.3,32.3,38.7,38.7,42.2,44.5,47.9,51.4,54.6,54.9,52.0,55.6,57.1,60.0,54.0,58.2,60.3,63.7,66.3,67.5,71.0,74.0,76.7,79.7,82.8,85.2,88.9,93.1,97.0
acquisitions,0.0,0.0,0.0,0.0,0.0,0.0,0.0,0.0,0.0,0.0,0.0,0.0,0.0,0.0,0.0,0.0,0.0,0.0,0.0,0.0,0.0,0.0,0.0,0.0,0.0,0.0,0.0,0.0,0.0,0.0,0.0,0.0,0.0,-32.6,-32.6,-32.6,0.0,0.0,0.0,0.0,-95.2,-138.4,-142.1,-144.1,-15.0,0.0,0.0,-2.4,-2.5,0.0,0.0,-2.5,-5.0,-5.0,-5.0,-5.0,0.0,0.0,0.0,-2.2,0.0,-55.3,-55.3,-55.3,0.0,0.0,0.0,0.0,0.0,0.0,0.0,-412.8,-24.7,-24.7
additional paid-in capital,0.0,0.0,0.0,0.0,0.0,0.0,0.0,0.0,0.0,0.0,0.0,0.0,0.0,0.0,0.0,0.0,0.0,0.0,0.0,0.0,0.0,88.5,88.9,89.0,89.1,89.2,89.4,89.6,89.9,92.4,108.4,115.6,116.0,114.1,117.6,118.5,120.8,138.6,158.8,171.9,179.1,183.7,187.6,192.2,203.6,205.0,222.8,225.0,230.7,237.4,249.4,254.0,257.4,263.4,268.0,275.0,278.4,282.0,285.2,289.7,322.0,325.2,326.0,331.7,338.1,344.0,355.7,373.8,383.6,391.7,394.5,389.2,398.1,403.9
adjustments to revenue,0.0,0.0,0.0,0.0,0.0,0.0,0.0,0.0,0.0,0.0,0.0,0.0,0.0,0.0,0.0,0.0,0.0,0.0,0.0,0.0,0.0,0.0,0.0,0.0,0.0,0.0,0.0,0.0,0.0,0.0,0.0,0.0,0.0,0.0,0.0,0.0,0.0,0.0,0.0,0.0,0.0,0.0,0.0,0.0,0.0,0.0,0.0,0.0,0.0,0.0,0.0,0.0,0.0,0.0,0.0,0.0,0.0,0.0,0.0,0.0,0.0,0.0,0.0,0.0,0.0,0.0,0.0,0.0,0.0,0.0,0.0,0.0,0.0,0.0
advertising,0.0,0.0,0.0,0.0,0.0,0.0,0.0,0.0,0.0,0.0,0.0,0.0,0.0,0.0,0.0,0.0,0.0,0.0,0.0,0.0,0.0,0.0,0.0,0.0,0.0,0.0,0.0,0.0,0.0,0.0,0.0,0.0,0.0,0.0,0.0,0.0,0.0,0.0,0.0,0.0,0.0,0.0,0.0,0.0,0.0,0.0,0.0,0.0,0.0,0.0,0.0,0.0,0.0,0.0,0.0,0.0,0.0,0.0,0.0,0.0,0.0,0.0,0.0,0.0,0.0,0.0,0.0,0.0,0.0,0.0,0.0,0.0,0.0,0.0
amortization,0.0,0.0,0.0,0.0,0.0,0.0,0.0,0.0,0.0,0.0,0.0,0.0,0.0,0.0,0.0,0.0,0.0,0.0,0.0,0.0,0.0,0.0,0.0,0.0,0.0,0.0,0.0,0.0,0.0,0.0,-21.1,0.0,0.0,0.0,0.0,0.0,0.0,0.0,0.0,0.0,0.0,0.0,0.0,0.0,0.0,0.0,0.0,0.0,0.0,0.0,0.0,0.0,0.0,0.0,0.0,0.0,0.0,0.0,0.0,0.0,0.0,0.0,0.0,0.0,0.0,0.0,0.0,0.0,0.0,0.0,0.0,0.0,0.0,0.0
amortization of intangibles,0.0,0.0,0.0,0.0,0.0,0.0,0.0,0.0,0.0,0.0,0.0,0.0,0.0,0.0,0.0,0.0,0.0,0.0,0.0,0.0,0.0,0.0,0.0,0.0,0.0,0.0,0.0,0.0,0.0,0.0,0.0,0.0,0.0,0.0,0.0,0.0,0.0,0.0,0.0,0.0,0.0,0.0,0.0,0.0,0.0,0.0,0.0,0.0,0.0,0.0,0.0,0.0,0.0,0.0,0.0,0.0,0.0,0.0,0.0,0.0,0.0,0.0,0.0,0.0,0.0,0.0,0.0,0.0,0.0,0.0,0.0,0.0,0.0,0.0
asset turnover,1.1,1.1,1.1,0.9,1.0,0.8,0.8,0.8,0.8,0.7,0.7,0.7,0.6,0.6,0.7,0.7,0.7,0.9,0.8,0.9,0.0,0.0,0.0,1.0,1.0,1.0,1.0,1.0,1.1,1.0,1.3,1.8,2.0,2.2,1.7,1.5,1.4,1.3,1.0,1.2,1.3,1.4,1.1,0.9,0.7,0.6,0.6,0.6,0.6,0.8,0.8,0.9,0.9,0.9,1.0,1.0,0.8,0.8,0.7,0.8,0.8,1.1,1.4,1.6,1.7,1.4,1.4,1.3,1.2,1.1,1.2,0.9,0.9,0.9
auditor name,None,None,None,None,None,None,None,None,None,None,None,None,None,None,None,None,None,None,None,None,None,None,None,None,None,None,None,None,None,None,None,None,None,None,None,None,None,None,None,None,None,None,None,None,None,None,None,None,None,None,None,None,None,None,None,None,None,None,None,None,None,None,None,None,None,None,None,None,None,None,None,None,None,None
auditor report,None,None,None,None,None,None,None,None,None,None,None,None,None,None,None,None,None,None,None,None,None,None,None,None,None,None,None,None,None,None,None,None,None,None,None,None,None,None,None,None,None,None,None,None,None,None,None,None,None,None,None,None,None,None,None,None,None,None,None,None,None,None,None,None,None,None,None,None,None,None,None,None,None,None
basic earnings indicator,N,N,N,N,N,N,N,N,N,N,N,N,N,N,N,Y,Y,Y,Y,Y,Y,Y,Y,Y,Y,Y,Y,Y,Y,Y,Y,Y,Y,Y,Y,Y,Y,Y,Y,Y,Y,Y,Y,Y,Y,Y,Y,Y,Y,Y,Y,Y,Y,Y,Y,Y,Y,Y,Y,Y,Y,Y,Y,Y,Y,Y,Y,Y,Y,Y,Y,Y,Y,Y
book value per share,3.26,3.32,3.40,3.54,3.58,4.31,3.96,4.03,4.03,3.92,3.78,3.52,3.08,2.92,3.04,2.92,2.75,2.82,2.32,2.09,2.08,2.07,2.06,2.04,1.97,1.99,2.00,2.03,2.09,2.23,3.43,4.32,4.98,5.53,6.19,6.73,7.45,8.56,10.18,11.51,12.57,13.08,11.96,12.19,12.36,12.54,13.48,12.52,12.91,11.28,11.82,12.02,13.24,13.46,13.56,12.93,12.81,12.35,12.53,11.67,12.32,13.12,13.88,14.31,15.11,15.79,16.82,17.50,14.44,14.78,15.45,16.71,16.03,17.54
building and improvements,0.0,0.0,0.0,0.0,0.0,0.0,0.0,0.0,0.0,0.0,0.0,0.0,0.0,0.0,0.0,0.0,0.0,0.0,0.0,0.0,0.0,0.0,0.0,0.0,0.0,0.0,0.0,0.0,0.0,0.0,0.0,22.6,0.0,0.0,0.0,22.4,0.0,0.0,0.0,30.5,0.0,0.0,0.0,30.7,0.0,0.0,0.0,39.8,0.0,43.3,44.4,43.1,42.8,42.9,41.7,40.8,40.8,40.8,40.8,37.1,37.1,37.5,37.7,37.9,37.8,38.4,39.7,40.1,40.1,40.3,40.4,55.4,56.8,57.1
capital lease obligations,0.0,0.0,0.0,0.0,0.0,0.0,0.0,0.0,0.0,0.0,0.0,0.0,0.0,0.0,0.0,0.0,0.0,0.0,0.0,0.0,0.0,0.0,0.0,0.0,0.0,0.0,0.0,0.0,0.0,0.0,0.0,0.0,0.0,0.0,0.0,0.0,0.0,0.0,0.0,0.0,0.0,0.0,0.0,0.0,0.0,0.0,0.0,0.0,0.0,0.0,0.0,0.0,0.0,0.0,0.0,0.0,0.0,0.0,0.0,0.0,0.0,0.0,0.0,0.0,0.0,0.0,0.0,0.0,0.0,0.0,0.0,0.0,0.0,0.0
cash as % of revenue,7.0,3.3,4.5,6.0,9.1,27.4,27.1,23.4,21.3,8.3,0.5,0.0,0.0,0.0,0.4,0.2,0.2,0.2,16.2,9.8,0.0,0.0,0.0,0.2,0.2,0.3,0.4,0.3,0.3,0.2,1.4,25.0,23.8,6.1,8.5,17.1,21.0,25.4,29.3,24.6,12.4,5.9,3.2,5.3,7.3,6.7,13.4,21.6,9.0,11.1,15.0,16.7,18.0,24.3,14.3,26.0,33.5,27.9,30.0,29.5,21.3,15.2,16.0,10.2,11.6,15.5,16.5,21.7,27.0,33.4,25.1,17.5,16.3,23.3
cash at beginning of period,12.1,12.1,12.1,3.1,3.1,3.1,3.1,18.0,18.0,18.0,18.0,0.3,0.3,0.3,0.3,0.2,0.2,0.2,0.2,9.8,6.4,6.4,6.4,6.4,0.2,0.2,0.2,0.2,0.2,0.2,0.2,0.2,67.7,67.7,67.7,67.7,65.1,65.1,65.1,65.1,162.5,162.5,162.5,162.5,36.5,36.5,36.5,36.5,93.4,93.5,93.5,93.5,121.0,121.0,121.0,121.0,200.1,200.1,200.1,200.1,170.6,170.6,170.6,170.6,121.7,121.7,121.7,121.7,218.7,218.7,218.7,218.7,162.5,162.5
cash end of period,0.0,0.0,0.0,0.0,0.0,0.0,0.0,0.0,0.0,0.0,0.0,0.0,0.0,0.0,0.0,0.0,0.0,0.0,0.0,0.0,0.0,1.3,0.2,0.2,0.2,0.2,0.4,0.2,0.3,0.2,2.5,67.7,77.5,24.4,33.8,65.1,85.5,107.1,157.5,162.5,95.4,51.1,25.3,36.5,42.1,32.1,59.9,93.4,45.7,65.0,96.7,121.0,141.5,184.2,114.2,200.1,231.2,177.7,171.6,170.6,133.8,139.4,170.7,121.7,148.0,175.2,177.1,218.7,256.2,307.0,226.0,162.5,156.9,241.5
cash flow,1.1,0.8,7.3,7.3,6.6,4.9,3.2,1.0,0.0,-2.2,-5.4,-8.1,-14.2,-15.1,-6.1,-5.2,-1.5,3.6,-6.9,-11.6,0.0,0.0,0.0,0.6,-1.3,-0.7,-0.0,1.4,5.3,7.4,13.0,57.3,76.6,95.4,110.1,85.2,87.7,91.2,111.6,132.7,141.6,148.9,76.1,42.8,15.2,-14.5,46.3,7.7,16.0,11.2,-8.7,29.3,68.2,79.5,77.2,75.5,35.5,11.3,17.2,-15.3,0.7,49.2,71.5,112.5,121.5,113.7,114.9,122.1,-14.4,-25.0,-34.2,-18.3,69.4,123.2
cash flow per share,0.08,0.06,0.50,0.50,0.45,0.29,0.18,0.06,0.00,-0.12,-0.29,-0.43,-0.76,-0.81,-0.32,-0.28,-0.08,0.19,-0.24,-0.40,0.00,0.00,0.00,0.02,-0.05,-0.02,0.00,0.05,0.18,0.25,0.41,1.79,2.39,2.97,3.39,2.60,2.66,2.73,3.29,3.87,4.10,4.37,2.25,1.26,0.44,-0.42,1.35,0.22,0.46,0.32,-0.25,0.84,1.93,2.25,2.17,2.23,1.03,0.33,0.50,-0.44,0.02,1.42,2.05,3.23,3.47,3.24,3.25,3.40,-0.40,-0.69,-0.94,-0.50,1.89,3.35
cash from discontinued financing activities,0.0,0.0,0.0,0.0,0.0,0.0,0.0,0.0,0.0,0.0,0.0,0.0,0.0,0.0,0.0,0.0,0.0,0.0,0.0,0.0,0.0,0.0,0.0,0.0,0.0,0.0,0.0,0.0,0.0,0.0,0.0,0.0,0.0,0.0,0.0,0.0,0.0,0.0,0.0,0.0,0.0,0.0,0.0,0.0,0.0,0.0,0.0,0.0,0.0,0.0,0.0,0.0,0.0,0.0,0.0,0.0,0.0,0.0,0.0,0.0,0.0,0.0,0.0,0.0,0.0,0.0,0.0,0.0,0.0,0.0,0.0,0.0,0.0,0.0
cash from discontinued investing activities,0.0,0.0,0.0,0.0,0.0,0.0,0.0,0.0,0.0,0.0,0.0,0.0,0.0,0.0,0.0,0.0,0.0,0.0,0.0,0.0,0.0,0.0,0.0,0.0,0.0,0.0,0.0,0.0,0.0,0.0,0.0,0.0,0.0,0.0,0.0,0.0,0.0,0.0,0.0,0.0,0.0,0.0,0.0,0.0,0.0,0.0,0.0,0.0,0.0,0.0,0.0,0.0,0.0,0.0,0.0,0.0,0.0,0.5,0.5,0.5,0.0,0.0,0.0,0.0,0.0,0.0,0.0,0.0,0.0,0.0,0.0,0.0,0.0,0.0
cash per share,0.32,0.15,0.21,0.28,0.42,1.08,0.99,0.83,0.75,0.28,0.02,0.00,0.00,0.00,0.01,0.01,0.01,0.01,0.33,0.22,0.09,0.04,0.01,0.01,0.01,0.01,0.01,0.01,0.01,0.01,0.08,2.11,2.42,0.76,1.04,1.99,2.60,3.20,4.64,4.74,2.77,1.50,0.75,1.08,1.23,0.94,1.75,2.73,1.30,1.86,2.76,3.46,3.99,5.20,3.22,5.91,6.69,5.15,4.98,4.92,3.85,4.01,4.90,3.49,4.22,5.00,5.00,6.09,7.08,8.41,6.19,4.46,4.28,6.57
common par,0.0,0.0,0.0,0.0,0.0,0.0,0.0,0.0,0.0,0.0,0.0,0.0,0.0,0.0,0.0,0.0,0.0,0.0,0.0,0.0,0.0,0.3,0.3,0.3,0.3,0.3,0.3,0.3,0.3,0.3,0.3,0.3,0.3,0.3,0.3,0.3,0.3,0.3,0.3,0.3,0.3,0.3,0.3,0.3,0.4,0.4,0.4,0.4,0.4,0.4,0.4,0.4,0.4,0.4,0.4,0.4,0.4,0.4,0.4,0.4,0.4,0.4,0.4,0.4,0.4,0.4,0.4,0.4,0.4,0.4,0.4,0.4,0.4,0.4
common stock equity,46.5,47.8,49.3,51.6,52.7,73.6,72.0,73.2,73.5,73.2,70.6,65.9,57.6,54.6,57.3,55.2,52.0,53.4,68.0,61.2,61.2,60.8,60.8,60.3,58.4,58.8,59.3,60.1,62.0,66.9,109.7,138.4,159.5,178.0,201.2,220.8,245.5,286.5,345.4,395.1,433.5,446.1,405.2,413.6,422.2,428.6,461.5,429.0,452.0,395.0,413.8,421.0,468.8,476.4,481.0,437.8,442.4,426.3,431.8,404.6,428.4,456.1,483.4,498.7,529.5,553.6,595.5,628.4,522.3,539.3,563.6,609.6,587.8,644.8
construction in progress,0.0,0.0,0.0,0.0,0.0,0.0,0.0,0.0,0.0,0.0,0.0,0.0,0.0,0.0,0.0,0.0,0.0,0.0,0.0,0.0,0.0,0.0,0.0,0.0,0.0,0.0,0.0,0.0,0.0,0.0,0.0,0.0,0.0,0.0,0.0,0.0,0.0,0.0,0.0,0.0,0.0,0.0,0.0,0.0,0.0,0.0,0.0,0.0,0.0,0.0,0.0,0.0,1.6,3.0,3.7,8.2,10.6,12.1,14.4,16.5,16.0,4.0,4.1,3.7,3.9,4.6,4.4,2.9,3.9,5.5,5.8,8.0,8.2,9.4
cost in excess,0.0,0.0,0.0,0.0,0.0,0.0,0.0,0.0,0.0,0.0,0.0,0.0,0.0,0.0,0.0,0.0,0.0,0.0,0.0,0.0,0.0,0.0,0.0,0.0,0.0,0.0,0.0,0.0,0.0,0.0,0.0,0.0,0.0,0.0,0.0,0.0,0.0,0.0,0.0,0.0,0.0,0.0,0.0,0.0,0.0,0.0,0.0,0.0,55.7,58.7,58.7,63.7,63.7,63.7,63.7,63.7,63.7,63.7,63.7,63.7,63.7,63.7,63.7,63.7,63.7,63.7,63.7,63.7,63.7,63.7,63.7,283.4,313.3,309.6
cost of sales,10.6,10.7,11.0,10.1,9.9,10.9,12.0,10.1,10.5,11.4,13.5,10.5,11.6,10.4,14.4,9.9,12.2,15.2,16.1,16.4,15.5,16.4,14.7,15.2,14.2,15.6,14.7,15.6,16.6,17.6,78.5,45.2,40.3,53.9,51.8,46.5,49.4,52.7,128.9,137.4,138.3,136.6,89.1,66.4,54.8,64.6,60.6,61.8,113.0,135.2,113.7,118.1,139.2,104.5,140.2,91.6,99.1,82.6,86.0,101.3,131.2,307.7,193.5,191.1,200.9,156.6,125.0,123.5,117.1,119.0,124.6,150.6,160.0,133.4
cost of sales with depreciation,10.6,10.7,11.0,10.1,9.9,10.9,12.0,10.1,10.5,11.4,13.5,10.5,11.6,10.4,14.4,9.9,12.2,15.2,16.1,16.4,15.5,16.4,14.7,15.2,14.2,15.6,14.7,15.6,17.3,18.2,58.2,67.7,41.2,55.3,53.3,48.5,51.1,54.9,131.7,140.8,141.2,139.4,92.8,70.5,58.3,68.2,64.8,66.4,118.5,140.5,118.9,124.7,146.5,111.1,146.2,97.3,105.4,87.8,97.5,110.8,140.0,317.6,202.7,199.0,208.4,164.0,131.1,131.8,123.3,125.2,130.3,160.7,173.6,151.2
cumulative translation adjustments,0.0,0.0,0.0,0.0,0.0,0.0,0.0,0.0,0.0,0.0,0.0,0.0,0.0,0.0,0.0,0.0,0.0,0.0,0.0,0.0,0.0,0.0,0.0,0.0,0.0,0.0,0.0,0.0,0.0,0.0,0.0,0.0,0.0,0.0,0.0,0.0,0.0,0.0,0.0,0.0,0.0,0.0,0.0,0.0,0.0,0.0,0.0,0.0,0.0,0.0,0.0,0.0,0.0,0.0,0.0,0.0,0.0,0.0,0.0,0.0,0.0,0.0,0.0,0.0,0.0,0.0,0.0,0.0,0.0,0.0,0.0,0.0,0.0,0.0
current assets per share,2.40,2.34,2.32,2.38,2.42,2.91,2.68,2.52,2.46,2.17,1.68,1.46,1.35,1.35,1.49,1.46,1.57,1.31,1.44,1.33,1.25,1.22,1.30,1.41,1.42,1.64,1.52,1.58,1.67,1.95,4.77,5.49,5.61,5.46,6.09,6.43,7.30,8.97,18.22,18.27,19.86,20.30,15.30,14.57,13.98,13.80,14.56,15.28,16.21,14.41,14.64,14.70,16.88,16.53,16.05,15.46,15.42,14.43,14.89,14.43,13.79,17.10,13.21,12.80,13.68,13.55,12.71,13.29,15.71,17.85,14.45,14.36,14.24,15.97
current defered income taxes,0.0,0.0,0.0,0.0,0.0,0.0,0.0,0.0,0.0,0.0,0.0,0.0,0.0,0.0,0.0,0.0,0.0,0.0,0.0,0.0,0.0,0.0,0.0,0.0,0.0,0.0,0.0,0.0,0.0,0.0,0.0,34.5,34.6,43.2,45.2,32.9,27.0,30.2,38.5,34.5,32.7,37.4,50.6,52.6,46.9,36.7,32.3,38.4,43.3,75.7,75.7,72.1,72.1,72.1,72.1,56.9,56.9,54.9,48.5,55.2,35.9,37.5,37.5,26.4,26.4,26.4,26.4,26.0,26.0,30.0,31.0,56.0,50.4,45.1
current deferred income taxes,0.0,0.0,0.0,0.0,0.0,0.0,0.0,0.0,0.0,0.0,0.0,0.0,0.0,0.0,0.0,0.0,0.0,0.0,0.0,0.0,0.0,0.0,0.0,0.0,0.0,0.0,0.0,0.0,0.0,0.0,0.0,0.0,0.0,0.0,0.0,0.0,0.0,0.0,0.0,0.0,0.0,0.0,0.0,0.0,0.0,0.0,0.0,0.0,0.0,0.0,0.0,0.0,0.0,0.0,0.0,0.0,0.0,0.0,0.0,0.0,0.0,0.0,0.0,0.0,0.0,0.0,0.0,0.0,0.0,0.0,0.0,0.0,0.0,0.0
current liabilities per share,1.16,1.04,0.96,0.87,0.90,0.79,0.76,0.73,0.76,0.72,0.57,0.56,0.78,0.89,0.65,0.74,1.01,0.66,0.45,0.51,0.42,0.40,0.59,0.70,0.79,1.01,0.90,0.95,0.94,1.04,2.24,2.28,2.22,2.58,2.54,2.28,2.51,3.24,5.81,4.87,5.43,5.43,4.81,4.56,3.96,3.94,3.34,4.59,5.71,5.51,5.47,11.12,10.77,9.84,9.44,9.24,9.11,9.06,9.17,8.84,7.24,7.70,6.24,5.25,5.06,5.41,3.54,3.11,8.69,9.12,4.87,6.91,8.21,8.15
current ratio,2.1,2.2,2.4,2.7,2.7,3.7,3.5,3.4,3.2,3.0,3.0,2.6,1.7,1.5,2.3,2.0,1.6,2.0,3.2,2.6,3.0,3.0,2.2,2.0,1.8,1.6,1.7,1.7,1.8,1.9,2.1,2.4,2.5,2.1,2.4,2.8,2.9,2.8,3.1,3.8,3.7,3.7,3.2,3.2,3.5,3.5,4.4,3.3,2.8,2.6,2.7,1.3,1.6,1.7,1.7,1.7,1.7,1.6,1.6,1.6,1.9,2.2,2.1,2.4,2.7,2.5,3.6,4.3,1.8,2.0,3.0,2.1,1.7,2.0
decrease (increase) in other current liabilities,-7.0,-7.1,-7.4,-0.5,-0.3,0.1,-0.7,-0.1,0.0,0.3,0.6,-0.7,-0.6,-0.7,-1.5,-0.4,0.1,0.0,1.0,-0.6,-0.5,-0.9,0.0,-1.1,0.2,0.1,1.0,0.8,-0.2,-0.1,18.8,48.9,-6.6,3.9,5.1,4.8,0.5,25.8,131.4,100.1,7.4,13.9,-19.7,-35.0,-10.3,-16.2,2.8,-26.3,50.0,53.8,56.8,30.0,0.1,-15.8,-24.0,-53.1,8.8,8.4,7.8,55.0,0.0,85.7,0.0,26.7,0.0,0.0,0.0,0.0,0.0,0.0,-18.5,0.0,0.0,0.0
decrease (increase) in other working capital,0.0,0.0,0.0,0.0,0.0,0.0,0.0,0.0,0.0,0.0,0.0,0.0,0.0,0.0,0.0,0.0,0.0,0.0,0.0,0.0,0.0,0.0,-1.0,0.0,0.0,0.0,0.0,0.0,0.0,0.0,0.0,0.0,0.0,0.0,0.0,0.0,0.0,0.0,0.0,0.0,0.0,0.0,0.0,0.0,0.0,0.0,0.0,0.0,9.0,0.0,0.0,17.2,20.8,4.7,-0.2,-15.9,0.0,0.0,0.0,-9.9,-6.9,0.0,0.0,0.0,-9.2,-5.4,-29.4,-4.4,-29.8,-20.8,28.2,45.1,1.1,13.3
decrease (increase) in payables,0.6,-1.0,-1.4,-0.4,0.2,0.3,0.8,-0.5,-0.2,-1.4,-2.4,-1.1,-1.6,-0.8,0.7,-0.9,-1.5,-0.6,3.7,1.6,-2.1,-2.1,-0.1,2.3,-1.2,0.1,-2.2,0.4,-2.5,-2.1,35.5,6.5,4.9,6.1,4.4,-3.5,7.6,8.0,0.6,5.5,15.0,6.8,14.2,24.8,-7.3,-0.2,-15.9,3.5,4.4,-4.3,-13.0,-2.0,-7.5,-6.5,-6.8,-1.2,-6.9,-14.9,-5.2,-3.1,-41.4,19.2,-20.0,-26.3,3.0,19.1,21.4,-25.1,197.3,196.5,38.8,39.2,30.1,32.1
deferred income taxes,1.0,1.6,0.0,0.0,0.0,0.0,0.8,0.0,0.0,0.0,0.0,0.0,0.0,0.0,0.0,0.0,0.0,0.0,0.0,0.0,0.0,0.0,0.0,0.0,0.0,0.0,0.0,0.0,0.0,0.0,0.0,-20.1,-0.1,-8.9,-11.0,1.0,5.5,2.2,-3.9,0.7,2.7,-3.5,-50.4,-46.0,6.8,14.7,0.0,10.3,-4.9,-6.7,-6.7,-3.4,0.0,0.0,-7.0,8.3,0.0,0.4,5.3,-15.8,17.7,16.6,15.7,24.4,-0.5,-4.7,-3.9,-0.5,-8.3,9.2,9.2,-3.3,5.5,10.7
deferred revenues,0.0,0.0,0.0,0.0,0.0,0.0,0.0,0.0,0.0,0.0,0.0,0.0,0.0,0.0,0.0,0.0,0.0,0.0,0.0,0.0,0.0,0.0,0.0,0.0,0.0,0.0,0.0,0.0,0.0,0.0,0.0,0.0,0.0,0.0,0.0,0.0,0.0,0.0,0.0,0.0,0.0,0.0,0.0,0.0,0.0,0.0,0.0,0.0,0.0,0.0,0.0,0.0,0.0,0.0,0.0,0.0,0.0,0.0,0.0,0.0,0.0,0.0,0.0,0.0,0.0,0.0,0.0,0.0,0.0,0.0,0.0,0.0,0.0,0.0
depreciation,1.3,1.8,2.4,0.6,1.2,1.9,2.6,0.7,1.4,2.1,2.9,0.7,1.4,2.1,2.8,0.7,1.4,2.1,2.7,0.7,0.7,1.3,1.8,2.4,0.5,1.1,1.7,2.3,0.7,1.3,1.9,3.3,0.9,2.4,3.9,5.8,1.8,3.9,6.7,10.1,2.9,5.7,9.4,13.5,3.5,7.1,11.3,15.9,5.5,10.8,16.0,22.6,7.3,13.9,19.9,25.6,6.3,11.5,23.0,32.5,8.7,18.6,27.7,35.6,7.5,14.9,21.1,29.4,6.2,12.4,18.0,28.0,13.6,31.3
depreciation (unrecognized),0.6,0.6,0.6,0.6,0.6,0.7,0.7,0.7,0.7,0.7,0.8,0.7,0.7,0.7,0.7,0.7,0.7,0.7,0.6,0.7,0.7,0.6,0.5,0.6,0.5,0.5,0.6,0.6,0.0,0.0,0.0,0.0,0.0,0.0,0.0,0.0,0.0,0.0,0.0,0.0,0.0,0.0,0.0,0.0,0.0,0.0,0.0,0.0,0.0,0.0,0.0,0.0,0.0,0.0,0.0,0.0,0.0,0.0,0.0,0.0,0.0,0.0,0.0,0.0,0.0,0.0,0.0,0.0,0.0,0.0,0.0,0.0,0.0,0.0
domestic sales,0.0,0.0,0.0,0.0,0.0,0.0,0.0,0.0,0.0,0.0,0.0,0.0,0.0,0.0,0.0,0.0,0.0,0.0,0.0,0.0,0.0,0.0,0.0,0.0,0.0,0.0,0.0,0.0,0.0,0.0,0.0,0.0,0.0,0.0,0.0,0.0,0.0,0.0,0.0,0.0,0.0,0.0,0.0,0.0,0.0,0.0,0.0,0.0,0.0,0.0,0.0,0.0,0.0,0.0,0.0,0.0,0.0,0.0,0.0,0.0,0.0,0.0,0.0,0.0,0.0,0.0,0.0,0.0,0.0,0.0,0.0,0.0,0.0,0.0
earnings from equity interest,0.0,0.0,0.0,0.0,0.0,0.0,0.0,0.0,0.0,0.0,0.0,0.0,0.0,0.0,0.0,0.0,0.0,0.0,0.0,0.0,0.0,0.0,0.0,0.0,0.0,0.0,0.0,0.0,0.0,0.0,0.0,0.0,0.0,0.0,0.0,0.0,0.0,0.0,0.0,0.0,0.0,0.0,0.0,0.0,0.0,0.0,0.0,0.0,0.0,-0.2,-0.0,-0.2,-0.1,-0.1,-0.1,-0.1,-0.0,-0.3,0.0,0.0,0.0,0.0,0.0,0.0,0.0,0.0,0.0,0.0,0.0,0.0,0.0,0.0,0.0,0.0
earnings period indicator,S,N,F,Q,S,N,F,Q,S,N,F,Q,S,N,F,Q,S,N,F,Q,Q,S,N,F,Q,S,N,F,Q,S,N,F,Q,S,N,F,Q,S,N,F,Q,S,N,F,Q,S,N,F,Q,S,N,F,Q,S,N,F,Q,S,N,F,Q,S,N,F,Q,S,N,F,Q,S,N,F,Q,S
effect exchange rate changes,0.0,0.0,0.0,0.0,0.0,0.0,0.0,0.0,0.0,0.0,0.0,0.0,0.0,0.0,0.0,0.0,0.0,0.0,0.0,0.0,0.0,0.0,0.0,0.0,0.0,0.0,0.0,0.0,0.0,0.0,0.0,0.0,0.0,0.0,0.0,0.0,0.0,0.0,0.0,0.0,0.0,0.0,0.0,0.0,0.0,0.0,0.0,0.0,0.0,0.0,0.0,0.0,0.0,0.0,0.0,0.0,0.0,0.0,0.0,0.0,0.0,0.0,0.0,0.0,0.0,0.0,0.0,0.0,0.0,0.0,0.0,0.0,0.0,0.0
effective tax rate,0.0,0.0,28.1,31.0,30.4,21.6,0.0,0.0,0.0,0.0,0.0,0.0,0.0,0.0,0.0,0.0,0.0,0.0,0.0,0.0,0.0,0.0,0.0,0.0,0.0,0.0,0.0,0.0,31.3,39.1,18.7,29.0,31.8,33.2,39.0,39.0,39.1,39.3,39.4,38.9,38.8,38.8,37.5,36.6,0.0,0.0,19.4,0.0,9.7,0.0,0.0,23.4,33.4,33.3,34.0,34.8,34.6,0.0,0.0,0.0,0.0,13.4,32.0,38.6,38.8,36.5,33.7,31.2,0.0,0.0,0.0,0.0,34.1,33.1
excise taxes,0.0,0.0,0.0,0.0,0.0,0.0,0.0,0.0,0.0,0.0,0.0,0.0,0.0,0.0,0.0,0.0,0.0,0.0,0.0,0.0,0.0,0.0,0.0,0.0,0.0,0.0,0.0,0.0,0.0,0.0,0.0,0.0,0.0,0.0,0.0,0.0,0.0,0.0,0.0,0.0,0.0,0.0,0.0,0.0,0.0,0.0,0.0,0.0,0.0,0.0,0.0,0.0,0.0,0.0,0.0,0.0,0.0,0.0,0.0,0.0,0.0,0.0,0.0,0.0,0.0,0.0,0.0,0.0,0.0,0.0,0.0,0.0,0.0,0.0
extraordinary gains,0.0,0.0,0.0,0.0,0.0,0.0,0.0,0.0,0.0,0.0,0.0,0.0,0.0,0.0,0.0,0.0,0.0,0.0,0.0,0.0,0.0,0.0,0.0,0.0,0.0,0.0,0.0,0.0,0.0,0.0,0.0,0.0,0.0,0.0,0.0,0.0,0.0,0.0,0.0,0.0,0.0,0.0,0.0,0.0,0.0,0.0,0.0,0.0,0.0,0.0,0.0,0.0,0.0,0.0,0.0,0.0,0.0,0.0,0.0,0.0,0.0,0.0,0.0,0.0,0.0,0.0,0.0,0.0,0.0,0.0,0.0,0.0,0.0,0.0
extraordinary income/losses,0.0,0.0,0.0,0.0,0.0,0.0,0.0,0.0,0.0,0.0,0.0,0.0,0.0,0.0,0.0,0.0,0.0,0.0,0.0,0.0,0.0,0.0,0.0,0.0,0.0,0.0,0.0,0.0,0.0,0.0,0.0,0.0,0.0,0.0,0.0,0.0,0.0,0.0,0.0,0.0,0.0,0.0,0.0,0.0,0.0,0.0,0.0,0.0,0.0,0.0,0.0,0.0,0.0,0.0,0.0,0.0,0.0,0.0,0.0,0.0,0.0,0.0,0.0,0.0,0.0,0.0,0.0,0.0,0.0,0.0,0.0,0.0,0.0,0.0
foreign sales,0.0,0.0,0.0,0.0,0.0,0.0,0.0,0.0,0.0,0.0,0.0,0.0,0.0,0.0,0.0,0.0,0.0,0.0,0.0,0.0,0.0,0.0,0.0,0.0,0.0,0.0,0.0,0.0,0.0,0.0,0.0,0.0,0.0,0.0,0.0,0.0,0.0,0.0,0.0,0.0,0.0,0.0,0.0,0.0,0.0,0.0,0.0,0.0,0.0,0.0,0.0,0.0,0.0,0.0,0.0,0.0,0.0,0.0,0.0,0.0,0.0,0.0,0.0,0.0,0.0,0.0,0.0,0.0,0.0,0.0,0.0,0.0,0.0,0.0
free cash flow,-8.5,-12.0,-10.1,1.5,3.6,-0.1,-0.5,-1.8,-3.2,-11.6,-17.3,-0.5,-4.9,-7.5,-7.2,-3.1,-8.2,-1.1,-6.5,-3.3,-4.0,-5.6,-10.5,-11.5,-3.8,-9.2,-7.2,-5.9,-2.0,-6.5,4.8,68.7,9.7,-43.9,-36.0,-7.8,20.2,31.9,70.5,94.1,-66.9,-98.5,-109.4,-117.0,-39.0,-48.8,-45.6,9.8,-46.3,-27.9,2.5,13.3,29.4,114.4,55.2,86.6,14.5,1.9,3.1,26.0,-54.8,-48.8,6.6,-11.5,34.9,63.6,98.1,111.4,38.4,94.1,5.4,-393.8,-1.8,69.8
free cash flow per share,-0.60,-0.83,-0.70,0.10,0.24,-0.01,-0.03,-0.10,-0.18,-0.62,-0.93,-0.03,-0.26,-0.40,-0.38,-0.16,-0.43,-0.06,-0.22,-0.11,-0.14,-0.19,-0.36,-0.39,-0.13,-0.31,-0.24,-0.20,-0.07,-0.22,0.15,2.14,0.30,-1.36,-1.11,-0.24,0.61,0.95,2.08,2.74,-1.94,-2.89,-3.23,-3.45,-1.14,-1.43,-1.33,0.29,-1.32,-0.80,0.07,0.38,0.83,3.23,1.56,2.56,0.42,0.06,0.09,0.75,-1.58,-1.40,0.19,-0.33,1.00,1.81,2.77,3.10,1.06,2.58,0.15,-10.80,-0.05,1.90
gross fixed assets,36.5,37.8,39.1,40.0,40.3,40.8,42.9,44.0,44.9,46.1,46.8,46.9,46.1,45.9,45.7,45.8,46.1,46.4,45.9,45.8,46.2,46.9,48.5,47.7,48.1,49.0,49.6,50.3,50.1,50.6,51.1,53.1,54.6,56.4,56.8,54.8,58.2,65.1,69.2,78.4,80.1,85.0,93.9,98.9,101.9,107.7,114.0,127.8,126.5,131.6,135.3,137.1,137.8,139.6,136.8,134.7,138.9,141.9,146.3,133.4,137.6,139.5,139.5,141.0,140.6,144.7,147.5,148.7,151.5,153.9,154.9,186.6,195.1,199.4
gross margin,0.0,0.0,0.0,0.0,0.0,0.0,0.0,0.0,0.0,0.0,0.0,0.0,0.0,0.0,0.0,0.0,0.0,0.0,0.0,0.0,0.0,0.0,0.0,0.0,4.0,7.1,5.7,8.1,9.1,11.7,21.2,71.1,40.2,47.8,48.5,52.6,57.1,63.1,87.7,85.4,73.5,75.9,62.5,47.8,42.7,52.4,58.1,38.2,60.8,60.1,60.3,65.6,95.0,63.1,72.4,63.5,55.8,30.3,63.0,60.0,72.8,96.3,101.3,99.2,91.0,98.9,109.5,103.6,115.9,105.2,90.7,103.0,111.4,160.9
gross profit margin,38.6,37.3,37.6,38.1,38.9,37.6,35.5,33.6,31.8,29.7,21.7,17.6,9.8,6.1,11.8,12.3,14.1,15.0,11.6,8.0,0.0,0.0,0.0,23.2,22.5,25.2,26.3,29.4,32.5,35.0,28.1,41.7,44.3,45.3,52.1,49.5,50.5,52.5,48.4,44.3,40.4,37.3,37.2,37.6,39.7,42.8,44.9,44.2,41.1,36.9,34.1,33.2,35.7,37.4,37.1,38.2,36.9,34.9,37.2,36.2,36.0,31.8,31.0,31.0,30.3,34.5,37.2,39.9,45.0,47.3,46.2,44.8,42.5,45.0
income before income taxes,0.0,0.0,0.0,0.0,0.0,0.0,0.0,0.0,0.0,0.0,0.0,0.0,0.0,0.0,0.0,0.0,0.0,0.0,0.0,0.0,0.0,0.0,0.0,0.0,0.0,0.0,0.0,0.0,3.0,4.2,30.9,37.8,34.0,33.4,32.2,30.6,37.1,38.3,64.0,61.3,49.5,49.0,-58.6,6.2,3.0,-0.8,29.9,-14.2,13.1,-10.6,5.8,6.5,63.9,4.3,2.0,8.3,4.0,-27.3,2.7,-53.2,25.8,38.1,42.7,19.9,42.8,23.5,43.6,24.9,-138.3,18.0,39.7,28.2,-24.2,79.8
income from cum. effect of acct. change,0.0,0.0,0.0,0.0,0.0,0.0,0.0,0.0,0.0,0.0,0.0,0.0,0.0,0.0,0.0,0.0,0.0,0.0,0.0,0.0,0.0,0.0,0.0,0.0,0.0,0.0,0.0,0.0,0.0,0.0,0.0,0.0,0.0,0.0,0.0,0.0,0.0,0.0,0.0,0.0,0.0,0.0,0.0,0.0,0.0,0.0,0.0,0.0,0.0,0.0,0.0,0.0,0.0,0.0,0.0,0.0,0.0,0.0,0.0,0.0,0.0,0.0,0.0,0.0,0.0,0.0,0.0,0.0,0.0,0.0,0.0,0.0,0.0,0.0
income from tax loss carryforward,0.0,0.0,0.0,0.0,0.0,0.0,0.0,0.0,0.0,0.0,0.0,0.0,0.0,0.0,0.0,0.0,0.0,0.0,0.0,0.0,0.0,0.0,0.0,0.0,0.0,0.0,0.0,0.0,0.0,0.0,0.0,0.0,0.0,0.0,0.0,0.0,0.0,0.0,0.0,0.0,0.0,0.0,0.0,0.0,0.0,0.0,0.0,0.0,0.0,0.0,0.0,0.0,0.0,0.0,0.0,0.0,0.0,0.0,0.0,0.0,0.0,0.0,0.0,0.0,0.0,0.0,0.0,0.0,0.0,0.0,0.0,0.0,0.0,0.0
income per employee,None,None,12093,None,None,None,1364,None,None,None,-21282,None,None,None,-26567,None,None,None,-30000,None,None,None,None,-6545,None,None,None,-3128,None,None,None,137206,None,None,None,174241,None,None,None,230759,None,None,None,44582,None,None,None,-10770,None,None,None,8490,None,None,None,69690,None,None,None,-73040,None,None,None,124883,None,None,None,135176,None,None,None,-56532,None,None
income taxes,0.3,0.5,0.2,1.2,0.2,-0.8,0.2,-0.1,-0.5,-2.0,2.6,0.4,0.0,0.0,0.0,0.0,0.0,0.0,0.0,0.0,0.0,0.0,0.0,0.0,0.0,0.0,0.0,0.0,1.3,1.9,4.1,14.8,13.3,13.0,12.6,11.9,14.6,15.1,25.3,23.1,19.3,19.1,-23.5,2.0,1.0,-0.2,4.7,-6.4,4.7,-3.4,1.5,1.5,22.4,1.5,0.7,2.8,1.4,-7.5,0.9,-22.8,9.5,14.1,16.2,9.1,16.3,5.5,12.9,7.2,-29.4,8.9,17.7,-3.1,4.5,28.5
"income, acquired in process r&a;",0.0,0.0,0.0,0.0,0.0,0.0,0.0,0.0,0.0,0.0,0.0,0.0,0.0,0.0,0.0,0.0,0.0,0.0,0.0,0.0,0.0,0.0,0.0,0.0,0.0,0.0,0.0,0.0,0.0,0.0,0.0,0.0,0.0,0.0,0.0,0.0,0.0,0.0,0.0,0.0,0.0,0.0,-84.0,0.0,0.0,0.0,0.0,0.0,0.0,0.0,0.0,0.0,0.0,0.0,0.0,0.0,0.0,0.0,0.0,0.0,0.0,0.0,0.0,0.0,0.0,0.0,0.0,0.0,0.0,0.0,0.0,0.0,0.0,0.0
intangibles,0.0,0.0,0.0,0.0,0.0,0.0,0.0,0.0,0.0,0.0,0.0,0.0,0.0,0.0,0.0,0.0,0.0,0.0,0.0,0.0,0.0,0.0,0.0,0.0,0.0,0.0,0.0,0.0,0.0,0.0,0.0,8.3,29.2,50.2,49.4,60.4,59.0,59.5,62.1,60.2,58.7,57.5,114.6,129.4,128.1,126.6,122.9,95.0,48.5,42.4,46.0,47.9,44.7,41.4,38.7,36.1,33.6,55.4,46.9,35.2,29.0,78.3,74.1,69.3,65.5,96.6,99.5,95.5,92.4,65.6,63.4,311.7,302.3,289.0
intangibles as % of book-value,0.0,0.0,0.0,0.0,0.0,0.0,0.0,0.0,0.0,0.0,0.0,0.0,0.0,0.0,0.0,0.0,0.0,0.0,0.0,0.0,0.0,0.0,0.0,0.0,0.0,0.0,0.0,0.0,0.0,0.0,0.0,6.0,18.3,28.2,24.6,27.3,24.1,20.8,18.0,15.2,13.5,12.9,28.3,31.3,30.3,29.5,26.6,22.1,23.0,25.6,25.3,26.5,23.1,22.1,21.3,22.8,22.0,27.9,25.6,24.5,21.6,31.1,28.5,26.7,24.4,29.0,27.4,25.3,29.9,24.0,22.6,97.6,104.7,92.8
interest as % of invested capital,1.0,0.9,0.9,0.9,0.9,1.3,0.7,0.6,0.6,0.0,0.5,0.6,0.7,0.9,1.0,1.2,1.7,1.6,0.6,0.3,0.0,0.0,0.0,0.2,0.4,0.8,1.3,1.5,1.6,1.4,0.8,0.3,0.1,0.0,-0.1,0.0,0.0,0.0,0.0,0.0,0.1,0.1,0.2,0.2,0.1,0.2,0.2,0.1,0.1,0.3,0.5,1.6,1.5,1.4,1.4,1.5,1.5,1.6,1.5,1.5,1.7,1.4,1.7,1.6,1.2,0.8,0.6,0.5,0.4,0.3,0.1,0.3,0.6,0.9
interest coverage (cont. operations),0.0,0.0,14.0,15.4,14.8,4.8,3.8,0.0,0.0,0.0,0.0,0.0,0.0,0.0,0.0,0.0,0.0,1.9,0.0,0.0,0.0,0.0,0.0,0.0,0.0,0.0,0.0,0.0,5.2,9.3,47.2,172.8,482.9,0.0,0.0,0.0,0.0,0.0,0.0,715.0,381.5,263.0,107.7,45.0,0.5,0.0,38.2,34.8,74.0,11.7,0.0,2.3,10.7,12.8,12.2,12.5,3.7,0.0,0.0,0.0,0.0,2.7,7.5,16.8,23.6,28.6,34.9,47.4,0.0,0.0,0.0,0.0,12.0,15.5
interest expense,0.1,0.1,0.2,0.1,0.1,0.6,-0.3,0.1,0.1,0.1,0.1,0.1,0.1,0.2,0.2,0.2,0.3,0.2,-0.3,0.0,0.0,0.0,0.0,0.1,0.1,0.2,0.3,0.3,0.2,0.2,0.1,-0.1,0.0,0.0,0.0,0.0,0.0,0.0,0.0,0.3,0.3,0.3,0.1,0.4,0.1,0.4,0.1,-0.1,0.0,1.7,1.7,1.7,1.7,1.7,1.7,1.7,1.7,1.7,1.7,1.3,2.6,2.6,1.8,1.1,0.9,0.9,0.9,0.2,0.2,0.2,0.2,2.2,3.1,3.1
interest income,0.0,0.0,0.0,0.0,0.0,0.0,0.0,0.0,0.0,0.0,0.0,0.0,0.0,0.0,0.0,0.0,0.0,0.0,0.0,0.0,0.0,0.0,0.0,-0.1,0.0,0.0,0.0,0.0,0.0,0.0,0.0,0.0,0.3,0.1,0.1,0.1,0.2,0.2,0.1,-0.5,0.0,0.0,0.0,0.0,0.0,0.0,0.0,0.0,0.5,2.0,2.1,2.9,2.7,3.9,3.7,3.4,3.0,2.1,2.3,1.8,1.2,0.7,0.5,0.3,0.3,0.3,0.3,0.3,0.4,0.4,0.2,-0.2,0.1,0.1
inventories,17.7,18.0,16.4,16.2,16.4,16.9,15.4,16.7,17.2,20.0,19.4,18.3,16.7,16.1,13.2,16.5,16.2,11.5,13.1,15.6,15.2,17.2,18.5,19.9,21.9,22.7,20.7,20.2,19.9,22.9,24.0,31.5,44.3,46.0,48.2,51.6,51.4,57.6,58.5,66.7,78.4,73.7,82.5,86.8,100.8,101.8,99.8,100.9,117.6,109.3,111.1,106.3,87.7,83.8,81.0,84.9,65.2,51.8,48.9,42.5,48.7,55.1,75.4,80.7,67.3,68.8,76.7,72.6,69.7,75.4,81.0,106.3,92.8,89.2
"inventories, finished goods",0.0,0.0,0.0,0.0,0.0,0.0,0.0,0.0,0.0,0.0,0.0,0.0,0.0,0.0,0.0,0.0,0.0,0.0,0.0,0.0,0.0,0.0,0.0,0.0,0.0,0.0,0.0,0.0,0.0,0.0,0.0,0.0,0.0,0.0,0.0,0.0,0.0,0.0,0.0,0.0,0.0,0.0,40.1,45.0,58.8,62.6,59.1,51.2,64.2,63.6,69.7,67.8,58.3,55.3,52.1,59.4,41.7,31.5,26.9,24.2,29.2,35.4,55.4,62.8,50.2,45.0,0.0,47.6,37.8,37.0,41.0,61.6,44.1,41.8
"inventories, other",0.0,0.0,0.0,0.0,0.0,0.0,0.0,0.0,0.0,0.0,0.0,0.0,0.0,0.0,0.0,0.0,0.0,0.0,0.0,0.0,0.0,0.0,0.0,0.0,0.0,0.0,0.0,0.0,19.9,22.9,24.0,0.0,44.3,46.0,48.2,0.0,0.0,0.0,0.0,0.0,0.0,0.0,0.0,0.0,0.0,0.0,0.0,0.0,0.0,0.0,0.0,0.0,0.0,0.0,0.0,0.0,0.0,0.0,0.0,0.0,0.0,0.0,0.0,0.0,0.0,0.0,76.7,0.0,0.0,0.0,0.0,0.0,0.0,0.0
"inventories, purchased components",0.0,0.0,0.0,0.0,0.0,0.0,0.0,0.0,0.0,0.0,0.0,0.0,0.0,0.0,0.0,0.0,0.0,0.0,0.0,0.0,0.0,0.0,0.0,0.0,0.0,0.0,0.0,0.0,0.0,0.0,0.0,0.0,0.0,0.0,0.0,0.0,0.0,0.0,0.0,0.0,0.0,0.0,0.0,0.0,0.0,0.0,0.0,0.0,0.0,0.0,0.0,0.0,0.0,0.0,0.0,0.0,0.0,0.0,0.0,0.0,0.0,0.0,0.0,0.0,0.0,0.0,0.0,0.0,0.0,0.0,0.0,0.0,0.0,0.0
"inventories, raw materials",0.0,0.0,0.0,0.0,0.0,0.0,0.0,0.0,0.0,0.0,0.0,0.0,0.0,0.0,0.0,0.0,0.0,0.0,0.0,0.0,0.0,0.0,0.0,0.0,0.0,0.0,0.0,0.0,0.0,0.0,0.0,11.6,0.0,0.0,0.0,17.4,18.8,18.3,18.9,21.6,23.3,24.1,30.6,30.8,30.6,31.0,32.2,37.7,39.1,38.4,34.1,32.7,22.6,22.3,23.2,22.8,19.2,16.4,17.8,13.8,15.2,16.3,14.9,14.5,13.3,20.6,0.0,20.4,25.2,31.5,33.5,39.3,40.2,39.4
"inventories, work in progress",0.0,0.0,0.0,0.0,0.0,0.0,0.0,0.0,0.0,0.0,0.0,0.0,0.0,0.0,0.0,0.0,0.0,0.0,0.0,0.0,0.0,0.0,0.0,0.0,0.0,0.0,0.0,0.0,0.0,0.0,0.0,19.9,0.0,0.0,0.0,34.2,32.6,39.3,39.6,45.2,55.2,49.6,11.8,11.0,11.5,8.2,8.5,12.1,14.2,7.3,7.3,5.8,6.8,6.2,5.7,2.6,4.3,3.8,4.2,4.5,4.3,3.3,5.1,3.5,3.8,3.2,0.0,4.5,6.7,6.8,6.5,5.3,8.5,8.0
inventory as % of revenue,27.4,27.0,23.6,23.6,24.0,25.1,23.2,25.9,27.0,31.9,33.4,32.9,32.1,32.9,24.8,31.3,29.7,18.9,21.7,24.0,0.0,0.0,0.0,24.8,28.1,28.5,25.6,23.8,21.5,23.1,13.4,11.6,13.6,11.6,12.1,13.5,12.6,13.7,10.9,10.1,10.2,8.5,10.3,12.6,17.5,21.2,22.3,23.3,23.1,18.6,17.3,14.7,11.1,11.0,10.2,11.0,9.4,8.1,8.6,7.4,7.8,6.0,7.1,6.8,5.3,6.1,7.2,7.2,7.3,8.2,9.0,11.5,9.6,8.6
inventory turnover,2.6,2.7,2.8,2.7,2.4,2.4,2.7,2.6,2.6,2.4,2.6,2.6,2.8,2.5,2.9,2.7,2.9,3.7,4.1,3.7,0.0,0.0,0.0,3.7,3.2,3.0,3.0,3.0,3.0,2.8,5.7,6.1,5.7,6.3,5.3,4.6,4.2,3.9,5.2,6.2,7.0,8.2,7.1,5.6,3.9,3.1,2.7,2.6,2.7,3.5,4.0,4.7,4.9,4.9,5.2,5.0,5.7,6.1,5.5,5.8,7.0,11.7,11.8,13.4,15.4,12.0,8.9,7.9,7.6,6.7,6.1,5.7,6.8,6.9
invested capital,51.3,53.5,54.8,56.9,57.6,78.1,76.3,77.2,77.2,76.6,73.6,67.2,58.8,55.8,60.0,57.8,54.5,56.1,69.1,62.3,62.3,61.9,61.9,61.4,59.4,59.8,60.2,60.2,62.1,67.8,110.8,139.5,160.5,179.0,202.2,223.2,247.0,287.9,545.4,595.3,633.9,646.4,605.5,613.9,622.4,628.8,661.6,629.0,652.0,596.9,615.7,421.0,468.8,476.4,481.0,468.7,442.4,426.3,431.8,404.6,428.4,576.1,483.4,498.7,529.5,553.6,595.5,628.4,522.3,539.3,563.6,933.3,902.8,951.0
issuance of capital stock,1.2,1.4,1.7,0.3,0.7,21.5,21.7,0.0,0.1,1.8,1.8,0.0,0.0,0.1,0.1,0.0,0.0,0.1,20.5,0.0,0.2,0.4,0.6,0.7,0.0,0.1,0.2,0.4,0.0,0.9,7.4,7.6,0.2,0.7,2.2,2.7,1.2,11.2,23.1,34.2,4.4,6.1,8.4,9.4,1.0,1.9,2.1,2.7,8.8,8.9,8.9,9.0,0.1,0.2,0.3,0.4,0.4,0.4,0.6,0.8,0.1,0.2,0.7,1.0,2.2,2.9,10.6,25.1,5.1,10.0,10.3,10.7,3.7,5.6
issuance of debt,0.2,3.5,4.6,0.0,0.0,1.0,2.3,4.1,4.3,4.3,4.8,3.6,8.1,9.4,3.9,3.0,8.2,1.0,0.0,0.0,0.0,0.1,3.7,4.7,3.8,9.1,7.3,5.8,2.1,5.7,0.0,0.0,0.0,0.0,0.0,0.0,0.0,0.0,0.0,200.3,0.4,0.4,0.4,0.4,0.0,0.0,1.6,4.2,0.0,0.0,0.0,7.2,0.0,0.0,0.0,0.0,0.0,0.0,0.0,0.0,0.0,0.0,0.0,0.0,0.0,0.0,0.0,0.0,0.0,0.0,0.0,350.0,0.0,0.0
land and improvements,0.0,0.0,0.0,0.0,0.0,0.0,0.0,0.0,0.0,0.0,0.0,0.0,0.0,0.0,0.0,0.0,0.0,0.0,0.0,0.0,0.0,0.0,0.0,0.0,0.0,0.0,0.0,0.0,0.0,0.0,0.0,2.2,0.0,0.0,0.0,2.2,0.0,0.0,0.0,2.2,0.0,0.0,0.0,1.9,0.0,0.0,0.0,1.9,0.0,2.4,2.4,1.9,1.9,1.9,1.9,1.9,1.9,1.9,1.9,1.9,1.9,1.9,1.9,1.9,1.9,1.9,1.9,1.9,1.9,1.9,1.9,1.9,4.0,4.0
leverage ratio,1.5,1.4,1.4,1.4,1.4,1.3,1.3,1.3,1.3,1.2,1.2,1.2,1.3,1.3,1.3,1.3,1.4,1.3,1.2,1.3,1.2,1.2,1.3,1.4,1.4,1.5,1.5,1.5,1.5,1.5,1.7,1.6,1.5,1.5,1.4,1.4,1.4,1.4,2.1,1.9,1.9,1.9,1.9,1.9,1.8,1.8,1.7,1.8,1.9,2.0,2.0,1.9,1.8,1.8,1.7,1.8,1.8,1.8,1.8,1.9,1.7,1.9,1.5,1.5,1.4,1.4,1.3,1.2,1.7,1.7,1.4,2.0,2.1,2.0
loans receivable,0.0,0.0,0.0,0.0,0.0,0.0,0.0,0.0,0.0,0.0,0.0,0.0,0.0,0.0,0.0,0.0,0.0,0.0,0.0,0.0,0.0,0.0,0.0,0.0,0.0,0.0,0.0,0.0,0.0,0.0,0.0,0.0,0.0,0.0,0.0,0.0,0.0,0.0,0.0,0.0,0.0,0.0,0.0,0.0,0.0,0.0,0.0,0.0,0.0,0.0,0.0,0.0,0.0,0.0,0.0,0.0,0.0,0.0,0.0,0.0,0.0,0.0,0.0,0.0,0.0,0.0,0.0,0.0,0.0,0.0,0.0,0.0,0.0,0.0
long-term debt,4.8,5.7,5.5,5.3,4.9,4.5,4.3,4.0,3.7,3.4,3.0,1.3,1.2,1.2,2.7,2.6,2.5,2.7,1.1,1.1,1.1,1.1,1.1,1.1,1.0,1.0,0.9,0.2,0.1,0.9,1.1,1.1,1.0,1.0,0.9,2.4,1.5,1.4,200.0,200.2,200.4,200.4,200.3,200.3,200.2,200.2,200.1,200.1,200.0,201.9,201.9,0.0,0.0,0.0,0.0,31.0,0.0,0.0,0.0,0.0,0.0,120.0,0.0,0.0,0.0,0.0,0.0,0.0,0.0,0.0,0.0,323.8,315.0,306.3
long-term debt per share,0.34,0.40,0.38,0.36,0.33,0.26,0.24,0.22,0.20,0.18,0.16,0.07,0.06,0.06,0.14,0.14,0.13,0.14,0.04,0.04,0.04,0.04,0.04,0.04,0.03,0.03,0.03,0.01,0.00,0.03,0.03,0.03,0.03,0.03,0.03,0.07,0.05,0.04,5.90,5.83,5.81,5.87,5.91,5.91,5.86,5.85,5.85,5.84,5.71,5.76,5.77,0.00,0.00,0.00,0.00,0.91,0.00,0.00,0.00,0.00,0.00,3.45,0.00,0.00,0.00,0.00,0.00,0.00,0.00,0.00,0.00,8.88,8.59,8.33
marketable securities,0.0,0.0,0.0,0.0,0.0,0.0,0.0,0.0,0.0,0.0,0.0,0.0,0.0,0.0,0.0,0.0,0.0,0.0,0.0,0.0,0.0,0.0,0.0,0.0,0.0,0.0,0.0,0.0,0.0,0.0,0.0,0.0,0.0,0.0,0.0,0.0,0.0,0.0,0.0,195.5,290.7,199.0,197.6,151.9,122.4,97.5,95.1,106.8,103.1,98.1,95.8,92.1,119.8,169.2,173.5,85.4,67.9,115.3,116.0,93.1,70.8,63.0,39.8,39.5,48.8,50.8,42.7,27.9,28.4,38.7,30.9,25.7,29.6,19.5
minority interest,0.0,0.0,0.0,0.0,0.0,0.0,0.0,0.0,0.0,0.0,0.0,0.0,0.0,0.0,0.0,0.0,0.0,0.0,0.0,0.0,0.0,0.0,0.0,0.0,0.0,0.0,0.0,0.0,0.0,0.0,0.0,0.0,0.0,0.0,0.0,0.0,0.0,0.0,0.0,0.0,0.0,0.0,0.0,0.0,0.0,0.0,0.0,0.0,0.0,0.0,0.0,0.0,0.0,0.0,0.0,0.0,0.0,0.0,0.0,0.0,0.0,0.0,0.0,0.0,0.0,0.0,0.0,0.0,0.0,0.0,0.0,0.0,0.0,0.0
minority interest liability,0.0,0.0,0.0,0.0,0.0,0.0,0.0,0.0,0.0,0.0,0.0,0.0,0.0,0.0,0.0,0.0,0.0,0.0,0.0,0.0,0.0,0.0,0.0,0.0,0.0,0.0,0.0,0.0,0.0,0.0,0.0,0.0,0.0,0.0,0.0,0.0,0.0,0.0,0.0,0.0,0.0,0.0,0.0,0.0,0.0,0.0,0.0,0.0,0.0,0.0,0.0,0.0,0.0,0.0,0.0,0.0,0.0,0.0,0.0,0.0,0.0,0.0,0.0,0.0,0.0,0.0,0.0,0.0,0.0,0.0,0.0,0.0,0.0,0.0
net cash from continuing operations,-5.6,-6.8,-4.4,2.4,5.7,3.2,3.8,-0.7,-0.9,-7.9,-12.6,-0.2,-4.3,-6.8,-6.2,-2.8,-7.7,-0.2,-5.2,-3.1,-3.5,-4.5,-8.7,-9.1,-3.3,-7.7,-4.8,-2.7,-1.6,-4.9,7.5,73.3,11.7,-7.8,1.3,31.8,24.2,43.6,87.2,118.2,33.5,51.1,51.4,52.9,-18.9,-35.6,-23.7,47.2,-25.3,-2.5,31.7,60.8,36.7,123.6,66.1,99.6,18.5,30.4,35.8,63.7,-52.2,12.1,69.6,53.3,37.3,104.3,148.3,164.3,42.0,100.1,13.9,65.0,26.4,102.4
net cash from discontinued operations,0.0,0.0,0.0,0.0,0.0,0.0,0.0,0.0,0.0,0.0,0.0,0.0,0.0,0.0,0.0,0.0,0.0,0.0,0.0,0.0,0.0,0.0,0.0,0.0,0.0,0.0,0.0,0.0,0.0,0.0,0.0,0.0,0.0,0.0,0.0,0.0,0.0,0.0,0.0,0.0,0.0,0.0,0.0,0.0,0.0,0.0,0.0,0.0,0.0,0.0,0.0,0.0,0.0,0.0,0.0,1.2,-0.1,0.2,0.4,1.9,0.0,0.0,0.0,0.0,0.0,0.0,0.0,0.0,0.0,0.0,0.0,0.0,0.0,0.0
net fixed assets,21.8,23.1,23.0,23.3,23.6,24.1,24.4,24.8,25.3,25.9,26.1,25.6,25.0,24.4,27.8,27.4,26.9,26.6,24.3,22.8,22.5,22.6,22.7,22.7,22.6,23.0,23.5,23.6,23.3,23.8,24.3,24.3,25.8,27.6,28.1,27.1,30.4,37.3,41.4,46.8,48.6,53.4,62.4,66.6,69.6,75.4,81.7,89.1,87.8,89.4,90.9,89.2,86.4,85.0,81.9,82.7,83.3,84.8,86.3,79.4,79.3,79.3,75.9,74.7,73.1,73.7,73.5,72.0,71.8,71.1,69.7,97.8,102.0,102.4
net income (continuing operations),0.6,1.1,1.2,2.1,0.4,-0.7,-1.2,-0.2,-0.7,-2.9,-7.2,-3.0,-6.8,-3.8,4.7,-2.1,-3.1,1.3,-5.6,-6.9,-0.3,-0.4,-0.3,-0.8,-2.1,0.3,0.3,0.6,1.7,2.4,26.9,23.0,20.8,20.4,19.6,18.7,22.4,23.1,38.7,38.2,30.2,29.9,-35.1,4.3,2.0,-0.6,25.3,-7.8,8.4,-7.2,4.4,5.0,41.5,2.8,1.3,5.5,2.5,-19.8,1.8,-30.5,16.3,24.0,26.5,10.8,26.4,18.0,30.7,17.6,-108.8,9.2,22.1,31.3,-28.7,51.3
net income (discontinued operations),0.5,0.0,0.0,0.0,0.0,0.0,0.0,0.0,0.0,0.0,2.8,0.0,0.0,0.0,0.0,0.0,0.0,0.0,0.0,0.0,0.0,0.0,0.0,0.0,0.0,0.0,0.0,0.0,0.0,0.0,0.0,0.0,0.0,0.0,0.0,0.0,0.0,0.0,0.0,0.0,0.0,0.0,0.0,0.0,0.0,0.0,0.0,-27.1,0.0,0.0,0.0,0.0,0.0,0.0,0.0,-1.2,0.1,-0.3,-0.2,-1.5,-0.2,-0.2,-0.2,-0.1,-0.1,0.4,-0.1,-0.1,-0.1,-0.1,-0.1,0.4,0.0,-0.0
net income available for common,0.6,1.1,0.9,1.8,0.4,-0.7,-1.2,-0.2,-0.7,-2.9,-7.2,-3.0,-6.8,-3.8,4.7,-2.1,-3.1,1.3,-5.6,-6.9,-0.3,-0.4,-0.3,-0.8,-2.1,0.3,0.3,0.6,1.7,2.4,26.9,23.0,20.8,20.4,19.6,18.7,22.4,23.1,38.7,38.2,30.2,29.9,-35.1,4.3,2.0,-0.6,25.3,-7.8,8.4,-7.2,4.4,5.0,41.5,2.8,1.3,5.5,2.5,-19.8,1.8,-30.5,16.3,24.0,26.5,10.8,26.4,18.0,30.7,17.6,-108.8,9.2,22.1,31.3,-28.7,51.3
net income/loss,2.5,3.6,5.2,2.1,2.5,1.8,0.6,-0.2,-0.9,-3.9,-8.3,-3.0,-9.7,-13.6,-8.9,-2.1,-5.3,-4.0,-9.6,-6.9,-0.3,-0.7,-1.0,-1.8,-2.1,-1.8,-1.5,-0.9,1.7,4.1,30.9,53.9,20.8,41.1,60.8,79.5,22.4,45.6,84.3,122.5,30.2,60.1,25.0,29.2,2.0,1.4,26.6,18.9,8.4,-2.7,1.7,6.7,41.5,44.3,45.6,49.9,2.6,-17.5,-15.8,-47.8,16.1,39.9,66.2,76.9,26.3,44.7,75.2,92.7,-109.0,-99.9,-78.0,-26.1,-28.7,22.6
net profit margin,-2.0,-2.4,7.5,8.0,7.0,4.5,0.9,-2.6,-4.4,-8.0,-14.3,-19.7,-32.8,-36.7,-16.7,-15.2,-7.9,1.3,-15.9,-22.0,0.0,0.0,0.0,-2.2,-4.6,-3.6,-2.8,-1.1,3.1,5.0,17.6,19.9,22.4,22.8,21.0,20.8,19.9,19.9,19.1,18.5,17.0,15.9,7.9,4.2,0.2,-6.1,6.9,-1.9,-0.4,-1.4,-4.6,0.9,5.6,7.1,6.3,6.5,1.6,-1.9,-2.0,-8.3,-5.5,1.0,3.2,6.4,6.8,7.2,8.0,9.2,-4.5,-5.6,-6.7,-5.0,3.5,7.4
non-current deferred income taxes,0.0,0.0,0.0,0.0,0.0,0.0,0.0,0.0,0.0,0.0,0.0,0.0,0.0,0.0,0.0,0.0,0.0,0.0,0.0,0.0,0.0,0.0,0.0,0.0,0.0,0.0,0.0,0.0,13.6,13.4,0.0,0.0,0.0,0.0,0.0,0.0,0.0,0.0,0.0,0.0,13.5,15.0,47.5,42.5,38.4,37.6,51.4,49.6,48.5,50.5,48.9,49.5,49.3,49.7,57.5,57.7,57.9,59.3,60.2,71.0,68.0,67.2,67.9,68.5,69.0,72.5,71.7,69.5,77.8,56.4,55.5,0.0,0.0,0.0
normalized income,0.6,1.1,1.2,2.1,0.4,-0.7,-1.2,-0.2,-0.7,-2.9,-7.2,-3.0,-6.8,-3.8,4.7,-2.1,-3.1,1.3,-4.4,-5.0,-0.3,-0.4,-0.3,-0.8,-2.1,0.3,0.3,0.6,1.7,2.4,26.9,23.0,20.8,20.4,19.6,13.9,22.4,23.1,38.7,38.2,30.2,27.0,48.9,7.1,2.0,7.7,32.3,1.4,8.4,-7.2,4.4,4.3,40.9,2.8,0.9,6.5,2.5,-19.8,6.4,22.3,14.3,24.1,24.5,17.4,20.7,14.0,33.0,23.1,81.7,36.2,22.1,31.2,18.3,51.3
normalized income per employee,None,None,10930,None,None,None,1364,None,None,None,-28462,None,None,None,-26567,None,None,None,-26250,None,None,None,None,-6545,None,None,None,-3128,None,None,None,137206,None,None,None,163739,None,None,None,230759,None,None,None,168293,None,None,None,45766,None,None,None,7603,None,None,None,70063,None,None,None,17500,None,None,None,128106,None,None,None,140691,None,None,None,208939,None,None
normalized net profit margin,-2.8,-3.1,6.8,7.3,7.0,4.5,0.9,-2.6,-4.4,-8.0,-19.1,-24.8,-38.2,-42.4,-16.7,-15.2,-7.9,1.3,-13.9,-17.2,0.0,0.0,0.0,-2.2,-4.6,-3.6,-2.8,-1.1,3.1,5.0,17.6,19.9,22.4,22.8,21.0,19.6,18.7,18.8,18.3,18.5,17.0,15.5,18.1,16.0,14.8,13.7,11.0,8.1,9.8,5.9,1.1,0.8,5.4,6.9,6.1,6.5,1.8,-1.6,-0.8,2.0,3.7,7.3,8.0,6.6,6.8,6.8,7.9,9.6,16.0,18.9,18.1,18.5,11.2,11.9
notes payable,0.0,0.0,0.0,0.0,0.0,0.0,0.0,0.0,0.0,0.0,0.0,0.0,0.0,0.0,0.0,0.0,0.0,0.0,0.0,0.0,0.0,0.0,0.0,0.0,0.0,0.0,0.0,0.0,0.0,0.0,0.0,0.0,0.0,0.0,0.0,0.0,0.0,0.0,0.0,0.0,0.0,0.0,0.0,0.0,0.0,0.0,0.0,0.0,0.0,0.0,0.0,0.0,0.0,0.0,0.0,0.0,0.0,0.0,0.0,0.0,0.0,0.0,0.0,0.0,0.0,0.0,0.0,0.0,0.0,0.0,0.0,0.0,0.0,0.0
number of days cost of goods in inventory,138,131,126,133,147,150,133,138,139,151,138,137,130,141,125,135,126,96,89,96,None,None,None,96,112,120,118,120,121,127,63,59,64,57,68,78,85,93,69,58,51,44,51,64,93,115,133,140,131,103,90,77,73,73,69,72,63,59,65,62,51,31,30,27,23,30,41,46,47,54,59,63,53,52
number of employees,None,None,None,None,None,None,None,None,None,None,None,None,None,None,None,None,None,None,None,None,None,None,None,None,None,None,None,None,None,None,None,None,None,None,None,None,None,None,None,None,None,None,None,None,None,None,None,None,None,None,None,None,None,None,None,None,None,None,None,None,None,None,None,None,None,None,None,None,None,None,None,None,None,None
number of months last report period,3,3,3,3,3,3,3,3,3,3,3,3,3,3,3,3,3,3,3,3,3,3,3,3,3,3,3,3,3,3,3,3,3,3,3,3,3,3,3,3,3,3,3,3,3,3,3,3,3,3,3,3,3,3,3,3,3,3,3,3,3,3,3,3,3,3,3,3,3,3,3,3,3,3
number of part-time employees,None,None,None,None,None,None,None,None,None,None,None,None,None,None,None,None,None,None,None,None,None,None,None,None,None,None,None,None,None,None,None,None,None,None,None,None,None,None,None,None,None,None,None,None,None,None,None,None,None,None,None,None,None,None,None,None,None,None,None,None,None,None,None,None,None,None,None,None,None,None,None,None,None,None
operating gains,0.9,0.4,2.4,0.0,1.5,0.2,0.0,-0.3,0.3,-0.6,-1.3,-0.4,0.4,0.1,-3.1,0.3,2.4,2.5,4.1,2.7,1.0,1.4,3.0,1.7,0.8,1.6,1.6,3.3,2.2,5.6,53.8,57.0,-24.3,-26.6,-12.0,-15.7,4.0,5.0,12.5,7.5,-11.3,-0.5,75.2,81.9,-7.4,-4.4,-21.5,-19.4,19.9,0.7,0.8,-1.8,-1.1,5.1,5.2,2.6,-0.0,0.9,3.4,12.7,-0.0,-3.4,-4.4,0.6,0.1,0.1,0.1,0.3,0.0,0.1,0.1,0.0,0.0,0.0
operating income,0.0,0.0,0.0,0.0,0.0,0.0,0.0,0.0,0.0,0.0,0.0,0.0,0.0,0.0,0.0,0.0,0.0,0.0,0.0,0.0,0.0,0.0,0.0,0.0,0.0,0.0,0.0,0.0,2.9,4.4,31.0,38.4,10.4,33.5,32.2,35.4,36.9,38.1,64.0,62.0,49.8,49.3,-58.5,6.8,1.8,6.3,8.9,-14.2,13.2,-5.7,2.4,4.0,61.7,8.3,0.1,3.6,2.6,-27.0,4.6,-56.8,27.0,36.5,42.4,25.6,43.3,24.1,40.6,24.8,-138.6,17.8,39.7,30.4,-21.2,82.8
other current assets,5.1,4.8,4.8,6.7,6.4,5.6,6.4,5.9,6.1,6.7,4.1,1.1,1.1,1.8,3.3,3.1,3.6,1.2,3.9,2.6,2.2,2.6,2.4,4.1,3.5,2.8,3.2,4.0,5.1,0.0,36.4,0.0,0.0,0.0,0.0,0.0,0.0,0.0,0.0,0.0,0.0,143.0,0.0,0.0,0.0,0.0,0.0,20.8,0.0,0.0,0.0,0.0,0.0,0.0,0.0,0.0,0.0,0.0,0.0,0.0,0.0,0.0,0.0,0.0,0.0,0.0,0.0,0.0,0.0,0.0,0.0,0.0,0.0,0.0
other current liabilities,7.4,7.3,6.7,6.4,6.3,6.4,5.8,5.8,5.8,6.5,4.3,3.6,3.7,3.7,2.9,2.5,3.0,2.9,4.0,4.3,3.8,3.4,3.4,3.2,3.4,3.3,4.2,4.1,4.0,1.8,15.7,47.1,38.7,49.7,48.3,44.2,50.9,66.6,156.8,114.9,131.5,133.8,104.0,79.3,71.2,59.3,5.2,60.2,109.3,119.0,113.5,106.6,110.5,78.2,65.6,36.5,45.3,44.9,44.3,91.5,0.0,0.0,0.0,24.7,0.0,0.0,0.0,0.0,0.0,0.0,0.0,0.0,0.0,0.0
other equity adjustments,0.0,0.0,0.0,0.0,0.0,0.0,0.0,0.0,0.0,0.0,0.0,0.0,0.0,0.0,0.0,0.0,0.0,0.0,0.0,0.0,0.0,-0.4,-0.4,-0.3,-0.3,-0.3,-0.3,-0.2,-0.2,-0.2,-0.2,0.0,0.0,0.0,0.0,0.0,0.0,0.0,0.0,-1.7,-0.6,-2.5,-0.2,-0.7,-5.5,0.4,-9.8,-9.6,-0.2,-0.8,1.6,-0.4,3.2,2.5,1.4,-1.4,-1.7,-1.2,-0.4,0.1,0.1,0.8,1.1,0.4,0.3,0.1,0.2,0.1,0.1,0.1,-0.0,0.0,0.0,0.0
"other financing charges, net",0.0,0.0,0.0,0.0,0.0,0.0,0.0,0.0,0.0,0.0,0.0,0.0,0.0,0.0,0.0,0.0,0.0,0.0,0.0,0.0,0.0,0.0,0.0,0.0,0.0,0.0,0.0,0.0,0.0,0.0,0.0,0.0,0.0,0.0,0.0,2.0,0.0,0.0,0.0,-16.8,0.0,0.0,0.0,0.0,0.0,0.0,0.0,0.0,0.6,0.7,3.0,0.7,0.1,0.4,0.5,-0.4,0.2,0.2,0.2,0.3,0.0,-13.0,-60.6,-91.6,0.3,0.5,0.1,2.2,1.8,2.7,3.0,-11.6,3.0,4.8
other fixed assets,0.0,0.0,0.0,0.0,0.0,0.0,0.0,0.0,0.0,0.0,0.0,0.0,0.0,0.0,0.0,0.0,0.0,0.0,0.0,0.0,0.0,0.0,0.0,0.0,0.0,0.0,0.0,0.0,0.0,50.6,0.0,0.0,54.6,56.4,0.0,0.0,58.2,0.0,69.2,0.0,80.1,85.0,93.9,0.0,101.9,107.7,114.0,0.0,126.5,27.1,28.3,30.3,29.6,30.0,30.3,29.0,30.1,30.5,32.1,29.2,0.0,0.0,0.0,0.0,0.0,0.0,0.0,0.0,0.0,0.0,0.0,0.0,0.0,0.0
other gains/losses,0.0,0.0,0.0,0.0,0.0,0.0,0.0,0.0,0.0,0.0,0.0,0.0,0.0,0.0,0.0,0.0,0.0,0.0,0.0,0.0,0.0,0.0,0.0,0.0,0.0,0.0,0.0,0.0,0.0,0.0,0.0,0.0,0.0,0.0,0.0,0.0,0.0,0.0,0.0,0.0,0.0,0.0,0.0,0.0,0.0,0.0,0.0,0.0,0.0,0.0,0.0,0.0,0.0,0.0,0.0,0.0,0.0,0.0,0.0,0.0,0.0,0.0,0.0,0.0,0.0,0.0,0.0,0.0,0.0,0.0,0.0,0.0,0.0,0.0
other income net,0.0,0.0,0.2,2.0,0.0,0.0,0.6,0.3,0.2,0.2,2.0,0.1,0.1,-0.3,7.0,0.1,0.1,3.6,2.5,0.1,0.2,0.0,0.5,0.2,0.1,0.3,0.1,0.0,0.3,0.0,0.1,-0.8,4.9,-0.2,-0.1,-4.9,-0.0,-0.0,-0.1,0.1,-0.0,-0.1,-0.1,2.6,1.3,1.5,21.1,-0.0,-0.7,-4.9,3.0,1.4,21.4,-6.1,0.0,4.0,1.6,0.1,-0.3,0.4,1.3,3.8,1.6,-1.8,0.0,0.1,3.6,-0.1,0.0,0.0,0.0,20.4,-0.0,0.0
"other investing changes, net",-0.2,-0.3,-1.3,0.0,0.0,0.0,-2.1,-1.0,0.0,0.0,-1.5,0.0,0.0,1.3,-0.3,0.0,0.0,0.0,0.0,0.0,0.0,0.0,0.0,0.0,0.0,0.0,0.0,0.0,0.0,0.0,0.0,0.0,0.0,0.0,0.0,0.0,0.0,0.0,0.0,0.0,-10.0,0.0,-7.0,-18.7,-0.0,0.1,-4.9,-16.1,-9.0,-12.1,-12.1,-9.0,0.0,0.0,0.0,0.0,0.0,1.7,1.7,1.7,0.0,0.0,0.0,0.0,0.0,0.0,0.0,0.0,0.0,0.0,0.0,0.0,0.0,3.8
other non-cash items,0.0,0.0,0.0,1.0,0.0,0.0,0.0,0.0,0.0,0.0,0.0,0.0,0.0,0.0,0.0,0.0,0.0,0.0,0.0,0.0,0.0,0.0,0.0,0.0,0.0,0.0,0.0,0.0,0.0,0.0,0.0,0.0,0.0,0.0,0.0,0.0,0.0,0.0,0.0,0.6,0.0,0.0,0.0,0.0,0.0,0.0,19.9,35.0,0.0,52.1,57.1,31.0,11.0,-3.8,-13.8,-25.2,-15.7,-40.2,-33.4,-25.1,-7.9,16.1,16.9,20.9,-5.2,-2.8,5.7,5.7,6.1,36.5,40.9,35.2,2.7,18.9
other non-current assets,12.2,12.0,12.5,12.1,12.1,18.3,17.8,20.9,21.8,24.6,27.5,25.6,24.0,23.5,16.7,17.3,17.6,17.7,16.5,16.0,16.1,16.4,19.1,18.2,18.9,18.9,18.9,18.8,4.1,3.9,6.9,8.4,1.4,13.0,13.6,3.1,3.1,2.7,20.8,28.8,15.8,13.7,26.2,36.5,44.2,52.2,21.8,29.8,44.2,44.3,50.7,45.5,21.5,13.1,18.4,18.0,17.2,9.7,8.4,3.1,1.4,2.0,2.0,1.5,1.0,1.9,3.5,5.4,6.3,6.6,6.5,14.7,14.3,13.6
other non-current liabilities,0.3,0.3,0.6,0.6,0.6,0.6,0.9,0.9,0.9,0.9,0.7,0.7,0.7,0.7,0.6,0.6,0.6,0.6,0.7,0.7,0.7,0.9,0.9,0.7,0.7,0.7,0.7,0.6,0.6,0.6,0.6,4.5,0.3,4.3,0.3,0.0,0.0,0.0,0.0,0.3,0.3,0.3,0.3,0.4,0.4,0.4,0.4,0.6,0.3,0.3,0.3,0.0,13.2,13.5,13.7,0.0,31.4,32.1,30.8,41.6,40.8,41.3,42.9,42.1,44.8,40.2,41.1,43.2,43.8,42.8,44.8,20.0,23.5,24.2
other receivable,0.0,0.0,0.0,0.0,0.0,0.0,0.0,0.0,0.0,0.0,0.0,0.0,0.0,0.0,0.0,0.0,0.0,0.0,0.0,0.0,0.0,0.0,0.0,0.0,0.0,0.0,0.0,0.0,0.0,0.0,0.0,0.0,0.0,0.0,0.0,0.0,0.0,0.0,177.9,0.0,0.0,0.0,0.0,0.0,0.0,0.0,0.0,0.0,9.6,18.9,18.9,12.4,6.6,6.6,6.6,17.5,13.5,21.7,24.1,35.4,39.9,22.3,15.3,9.0,0.0,3.8,9.6,18.6,54.9,63.3,37.9,27.0,31.1,11.4
other special charges,0.0,0.0,0.0,0.0,0.0,0.0,0.0,0.0,0.0,0.0,0.0,0.0,0.0,0.0,0.0,0.0,0.0,0.0,-1.2,-1.9,0.0,0.0,0.0,0.0,0.0,0.0,0.0,0.0,0.0,0.0,0.0,0.0,0.0,0.0,0.0,4.8,0.0,0.0,0.0,0.0,0.0,2.8,0.0,-2.8,0.0,-8.3,-7.0,-9.2,0.0,0.0,0.0,0.7,0.6,0.0,0.4,-0.9,0.0,0.0,-4.6,-37.4,3.4,-0.1,1.8,-6.8,5.7,4.1,-2.3,-5.5,-190.6,0.0,0.0,0.1,-47.0,0.0
payment of cash dividends,0.0,0.0,0.0,0.0,-0.3,-0.3,-0.3,0.0,0.0,0.0,0.0,0.0,0.0,0.0,0.0,0.0,0.0,0.0,0.0,0.0,0.0,0.0,0.0,0.0,0.0,0.0,0.0,0.0,0.0,0.0,0.0,0.0,0.0,0.0,0.0,0.0,0.0,0.0,0.0,0.0,0.0,0.0,0.0,0.0,0.0,0.0,0.0,0.0,0.0,0.0,0.0,0.0,0.0,0.0,0.0,0.0,0.0,0.0,0.0,0.0,0.0,0.0,0.0,0.0,0.0,0.0,0.0,0.0,0.0,0.0,0.0,0.0,0.0,0.0
payout ratio,None,None,None,None,None,None,None,None,None,None,None,None,None,None,None,None,None,None,None,None,None,None,None,None,None,None,None,None,None,None,None,None,None,None,None,None,None,None,None,None,None,None,None,None,None,None,None,None,None,None,None,None,None,None,None,None,None,None,None,None,None,None,None,None,None,None,None,None,None,None,None,None,None,None
post-tax profit margin,-2.8,-3.1,6.8,7.3,7.0,4.5,0.9,-2.6,-4.4,-8.0,-19.1,-24.8,-38.2,-42.4,-16.7,-15.2,-7.9,1.3,-15.9,-22.0,0.0,0.0,0.0,-2.2,-4.6,-3.6,-2.8,-1.1,3.1,5.0,17.6,19.9,22.4,22.8,21.0,20.8,19.9,19.9,19.1,18.5,17.0,15.9,7.9,4.2,0.2,-6.1,6.9,4.4,5.0,3.2,-0.3,0.9,5.6,7.1,6.3,6.6,1.8,-1.6,-1.7,-7.9,-5.1,1.3,3.4,6.5,6.9,7.2,8.0,9.2,-4.5,-5.6,-6.7,-5.0,3.5,7.3
pre-tax profit margin,-4.6,-5.2,9.2,10.4,10.1,5.5,2.1,-3.1,-6.0,-11.2,-19.0,-23.5,-35.9,-36.3,-15.8,-15.3,-8.1,1.3,-15.9,-21.8,0.0,0.0,0.0,-2.2,-4.9,-3.7,-3.0,-1.1,4.5,8.1,21.7,28.0,32.8,34.2,34.5,34.1,32.7,32.8,31.6,30.3,27.8,25.9,12.7,6.7,-0.1,-10.5,8.6,4.1,5.5,3.1,-0.9,1.2,8.3,10.6,9.6,10.2,2.7,-2.1,-2.2,-12.8,-8.3,1.5,5.0,10.6,11.2,11.4,12.1,13.4,-4.9,-5.6,-6.2,-3.5,8.5,13.9
pref. securities of subsid. trust,0.0,0.0,0.0,0.0,0.0,0.0,0.0,0.0,0.0,0.0,0.0,0.0,0.0,0.0,0.0,0.0,0.0,0.0,0.0,0.0,0.0,0.0,0.0,0.0,0.0,0.0,0.0,0.0,0.0,0.0,0.0,0.0,0.0,0.0,0.0,0.0,0.0,0.0,0.0,0.0,0.0,0.0,0.0,0.0,0.0,0.0,0.0,0.0,0.0,0.0,0.0,0.0,0.0,0.0,0.0,0.0,0.0,0.0,0.0,0.0,0.0,0.0,0.0,0.0,0.0,0.0,0.0,0.0,0.0,0.0,0.0,0.0,0.0,0.0
preferred dividends,0.0,0.0,0.3,0.3,0.0,0.0,0.0,0.0,0.0,0.0,0.0,0.0,0.0,0.0,0.0,0.0,0.0,0.0,0.0,0.0,0.0,0.0,0.0,0.0,0.0,0.0,0.0,0.0,0.0,0.0,0.0,0.0,0.0,0.0,0.0,0.0,0.0,0.0,0.0,0.0,0.0,0.0,0.0,0.0,0.0,0.0,0.0,0.0,0.0,0.0,0.0,0.0,0.0,0.0,0.0,0.0,0.0,0.0,0.0,0.0,0.0,0.0,0.0,0.0,0.0,0.0,0.0,0.0,0.0,0.0,0.0,0.0,0.0,0.0
preferred equity outside stock equity,0.0,0.0,0.0,0.0,0.0,0.0,0.0,0.0,0.0,0.0,0.0,0.0,0.0,0.0,0.0,0.0,0.0,0.0,0.0,0.0,0.0,0.0,0.0,0.0,0.0,0.0,0.0,0.0,0.0,0.0,0.0,0.0,0.0,0.0,0.0,0.0,0.0,0.0,0.0,0.0,0.0,0.0,0.0,0.0,0.0,0.0,0.0,0.0,0.0,0.0,0.0,0.0,0.0,0.0,0.0,0.0,0.0,0.0,0.0,0.0,0.0,0.0,0.0,0.0,0.0,0.0,0.0,0.0,0.0,0.0,0.0,0.0,0.0,0.0
preferred secur. of subsid. trust,0.0,0.0,0.0,0.0,0.0,0.0,0.0,0.0,0.0,0.0,0.0,0.0,0.0,0.0,0.0,0.0,0.0,0.0,0.0,0.0,0.0,0.0,0.0,0.0,0.0,0.0,0.0,0.0,0.0,0.0,0.0,0.0,0.0,0.0,0.0,0.0,0.0,0.0,0.0,0.0,0.0,0.0,0.0,0.0,0.0,0.0,0.0,0.0,0.0,0.0,0.0,0.0,0.0,0.0,0.0,0.0,0.0,0.0,0.0,0.0,0.0,0.0,0.0,0.0,0.0,0.0,0.0,0.0,0.0,0.0,0.0,0.0,0.0,0.0
preferred shares,1.2,1.1,1.1,1.0,1.0,1.0,0.0,0.0,0.0,0.0,0.0,0.0,0.0,0.0,0.0,0.0,0.0,0.0,0.0,0.0,0.0,0.0,0.0,0.0,0.0,0.0,0.0,0.0,0.0,0.0,0.0,0.0,0.0,0.0,0.0,0.0,0.0,0.0,0.0,0.0,0.0,0.0,0.0,0.0,0.0,0.0,0.0,0.0,0.0,0.0,0.0,0.0,0.0,0.0,0.0,0.0,0.0,0.0,0.0,0.0,0.0,0.0,0.0,0.0,0.0,0.0,0.0,0.0,0.0,0.0,0.0,0.0,0.0,0.0
preferred stock equity,0.0,0.0,0.0,0.0,0.0,0.0,0.0,0.0,0.0,0.0,0.0,0.0,0.0,0.0,0.0,0.0,0.0,0.0,0.0,0.0,0.0,0.0,0.0,0.0,0.0,0.0,0.0,0.0,0.0,0.0,0.0,0.0,0.0,0.0,0.0,0.0,0.0,0.0,0.0,0.0,0.0,0.0,0.0,0.0,0.0,0.0,0.0,0.0,0.0,0.0,0.0,0.0,0.0,0.0,0.0,0.0,0.0,0.0,0.0,0.0,0.0,0.0,0.0,0.0,0.0,0.0,0.0,0.0,0.0,0.0,0.0,0.0,0.0,0.0
prepaid expenses,0.0,0.0,0.0,0.0,0.0,0.0,0.0,0.0,0.0,0.0,0.0,0.0,0.0,0.0,0.0,0.0,0.0,0.0,0.0,0.0,0.0,0.0,0.0,0.0,0.0,0.0,0.0,0.0,0.0,5.7,5.1,4.2,5.6,4.9,5.7,7.1,4.3,5.9,8.7,10.0,19.0,9.6,5.9,17.1,13.5,14.7,14.7,19.6,14.0,12.0,11.7,15.8,23.2,22.2,13.6,14.3,14.0,15.7,16.2,20.0,19.1,15.6,16.6,14.1,21.5,18.0,17.4,17.7,15.3,14.3,22.5,20.5,26.2,24.5
price/cash flow ratio,107.8,129.2,17.5,18.5,24.7,36.2,52.8,125.0,0.0,-42.7,-14.7,-8.1,-3.6,-3.4,-6.6,-5.4,-57.0,24.0,-17.7,-11.9,0.0,0.0,0.0,246.9,-125.0,-262.5,0.0,138.8,73.6,122.8,87.2,18.9,8.9,9.4,8.3,11.5,16.0,17.8,20.7,16.8,13.9,8.1,16.0,32.8,76.0,-75.7,19.7,142.5,61.3,57.7,-73.0,26.6,13.0,12.5,8.6,10.8,16.9,49.2,24.6,-30.5,473.5,10.7,10.5,8.4,7.1,8.0,8.9,11.3,-77.7,-47.8,-28.3,-65.5,20.5,10.8
price/equity ratio,2.65,2.33,2.57,2.61,3.11,2.44,2.40,1.86,1.80,1.31,1.12,0.99,0.89,0.94,0.70,0.51,1.66,1.62,1.83,2.27,3.49,4.20,2.46,2.42,3.17,2.64,3.63,3.42,6.33,13.76,10.42,7.82,4.26,5.02,4.52,4.43,5.70,5.68,6.70,5.66,4.52,2.69,3.00,3.39,2.71,2.54,1.97,2.50,2.18,1.64,1.54,1.86,1.90,2.10,1.37,1.86,1.36,1.31,0.98,1.15,0.77,1.15,1.55,1.89,1.64,1.64,1.73,2.20,2.15,2.23,1.72,1.96,2.42,2.06
price/free cash flow ratio,-14.4,-9.3,-12.5,92.5,46.4,-1050.0,-316.7,-75.0,-40.3,-8.3,-4.6,-116.7,-10.6,-6.9,-5.6,-9.4,-10.6,-76.0,-19.3,-43.2,-51.8,-45.7,-14.1,-12.7,-48.1,-16.9,-30.2,-34.7,-189.1,-139.5,238.3,15.8,70.6,-20.4,-25.2,-124.2,69.6,51.2,32.8,23.8,-29.3,-12.2,-11.1,-12.0,-29.3,-22.2,-20.0,108.1,-21.3,-23.1,260.6,58.9,30.3,8.7,11.9,9.4,41.4,270.5,136.6,17.9,-6.0,-10.8,113.2,-82.0,24.8,14.3,10.5,12.4,29.3,12.8,177.5,-3.0,-774.6,19.0
price/revenue ratio,1.90,1.67,1.82,1.97,2.40,2.66,2.60,2.11,2.07,1.53,1.37,1.17,0.99,1.05,0.75,0.54,1.58,1.42,2.06,2.14,0.00,0.00,0.00,1.82,2.37,1.95,2.66,2.42,4.24,9.27,6.41,4.00,2.09,2.24,2.28,2.56,3.43,3.86,4.30,3.38,2.56,1.39,1.52,2.03,1.98,2.26,2.04,2.48,1.94,1.10,0.99,1.08,1.13,1.32,0.82,1.06,0.87,0.88,0.74,0.80,0.53,0.57,0.70,0.79,0.68,0.80,0.96,1.37,1.18,1.31,1.08,1.29,1.47,1.28
price/tangible book ratio,2.65,2.33,2.57,2.61,3.11,2.44,2.40,1.86,1.80,1.31,1.12,0.99,0.89,0.94,0.70,0.51,1.66,1.62,1.83,2.27,3.49,4.20,2.46,2.42,3.17,2.64,3.63,3.42,6.33,13.76,10.42,8.33,5.21,7.00,5.99,6.09,7.51,7.18,8.17,6.68,5.24,3.09,4.19,4.94,3.88,3.60,2.69,3.21,2.84,2.20,2.07,2.53,2.47,2.69,1.74,2.40,1.74,1.82,1.32,1.52,0.98,1.68,2.17,2.58,2.17,2.31,2.38,2.95,3.07,2.93,2.23,81.83,-50.96,28.68
purchase of  short-term investments,0.0,0.0,0.0,0.0,0.0,-4.6,-2.5,0.1,-1.0,-2.5,-0.2,0.0,0.0,0.0,0.0,0.0,0.0,0.0,0.0,0.0,0.0,0.0,0.0,0.0,0.0,0.0,0.0,0.0,0.0,0.0,0.0,0.0,0.0,0.0,0.0,0.0,0.0,0.0,0.0,-205.5,0.0,-252.9,-350.3,-400.8,0.0,-48.6,-37.1,-52.3,-0.1,-0.3,-0.4,-9.7,-36.4,-124.0,-225.4,-279.2,-17.3,-81.7,-98.9,-106.9,0.0,-10.0,-10.0,-10.0,-20.9,-33.2,-33.2,-33.2,-8.0,-23.4,-26.0,-26.0,-6.6,-6.6
purchase of long-term investments,0.0,0.0,0.0,0.0,0.0,0.0,0.0,0.0,0.0,0.0,0.0,0.0,0.0,0.0,0.0,0.0,0.0,0.0,0.0,0.0,0.0,0.0,0.0,0.0,0.0,0.0,0.0,0.0,0.0,0.0,0.0,0.0,0.0,0.0,0.0,0.0,0.0,0.0,0.0,0.0,0.0,0.0,0.0,0.0,0.0,0.0,-12.0,-12.0,0.0,0.0,0.0,-0.6,-1.2,-1.4,-8.3,-8.4,-0.6,-0.7,-2.2,0.0,0.0,0.0,0.0,0.0,0.0,0.0,0.0,0.0,0.0,0.0,0.0,0.0,0.0,0.0
quarterly indicator,2,3,4,1,2,3,4,1,2,3,4,1,2,3,4,1,2,3,4,1,1,2,3,4,1,2,3,4,1,2,3,4,1,2,3,4,1,2,3,4,1,2,3,4,1,2,3,4,1,2,3,4,1,2,3,4,1,2,3,4,1,2,3,4,1,2,3,4,1,2,3,4,1,2
quick ratio,0.7,0.7,0.9,0.9,1.0,2.0,2.0,1.7,1.6,1.0,0.7,0.7,0.5,0.4,1.0,0.6,0.5,1.0,1.9,1.4,1.6,1.3,1.0,0.9,0.7,0.8,0.8,0.8,0.9,1.0,1.2,1.4,1.3,1.0,1.2,1.6,1.9,1.9,2.6,3.1,3.0,2.3,2.3,2.2,2.3,2.4,3.1,2.2,2.0,1.6,1.6,0.8,1.1,1.2,1.2,1.2,1.3,1.2,1.3,1.2,1.5,1.8,1.5,1.8,2.1,1.9,2.6,3.2,1.5,1.6,2.2,1.4,1.2,1.4
receivables,6.8,8.7,9.3,7.7,6.5,8.8,9.0,8.1,7.8,8.7,7.6,7.8,7.4,7.3,11.4,8.0,9.8,12.0,15.3,14.5,16.5,14.6,17.3,17.5,16.3,22.8,21.0,22.3,24.3,29.7,84.7,38.0,17.8,57.0,64.9,54.3,72.2,99.1,354.8,157.7,168.9,178.6,156.2,149.1,152.1,189.1,196.7,143.6,244.0,144.8,121.6,107.2,153.6,53.7,114.8,81.7,97.5,83.0,111.8,118.8,171.5,284.2,120.2,163.8,167.4,136.0,109.6,114.3,172.9,186.0,136.0,153.0,166.3,167.4
receivables as % of revenue,10.5,13.0,13.4,11.2,9.5,13.1,13.5,12.5,12.2,13.9,13.1,14.0,14.2,14.9,21.4,15.2,17.9,19.7,25.3,22.3,0.0,0.0,0.0,21.8,20.9,28.5,25.9,26.2,26.2,29.9,47.5,14.0,5.5,14.3,16.3,14.2,17.7,23.5,66.0,23.8,22.0,20.7,19.6,21.6,26.4,39.4,44.0,33.2,47.9,24.6,18.9,14.8,19.5,7.1,14.4,10.6,14.1,13.1,19.6,20.6,27.3,30.9,11.3,13.7,13.1,12.0,10.2,11.3,18.2,20.2,15.1,16.5,17.2,16.2
receivables per day sales,37.84,46.96,48.10,40.47,34.26,47.14,48.72,45.14,44.01,50.03,47.17,50.41,51.13,53.63,77.14,54.55,64.62,71.05,91.19,80.18,0.00,0.00,0.00,78.46,75.10,102.74,93.38,94.45,94.48,107.64,170.83,50.49,19.70,51.50,58.57,51.19,63.76,84.65,237.43,85.80,79.29,74.43,70.42,77.79,95.08,141.78,158.30,119.34,172.43,88.68,68.07,53.22,70.27,25.47,51.77,38.21,50.85,47.00,70.40,73.98,98.44,111.42,40.65,49.43,47.04,43.23,36.81,40.79,65.52,72.88,54.42,59.47,62.08,58.25
receivables turnover,8.3,9.7,8.6,10.2,10.3,7.7,7.3,8.2,8.9,7.2,7.0,7.0,6.9,6.1,5.6,6.7,6.3,6.3,4.5,5.8,0.0,0.0,0.0,4.9,5.1,4.3,4.2,4.3,4.6,3.8,3.4,9.0,15.5,9.2,5.3,8.3,9.1,5.4,2.6,6.2,6.4,6.2,3.1,4.5,3.6,2.6,2.5,3.0,2.6,3.5,4.0,5.8,4.0,7.7,6.8,8.1,5.5,9.3,5.0,5.8,4.7,5.0,9.2,8.4,7.6,5.4,9.3,7.3,5.6,5.7,7.3,6.9,5.7,5.9
repayment of long-term debt,-1.2,-3.6,-4.9,-0.8,-1.1,-2.5,-3.9,-4.2,-4.6,-5.0,-5.5,-3.5,-3.6,-3.7,-3.8,-0.1,-0.1,-0.2,-4.5,-0.1,-0.1,-0.1,-0.2,-0.3,-0.1,-0.1,-0.2,-0.3,-0.1,-0.1,-9.9,-9.9,-0.1,-0.1,-0.2,-0.3,-0.9,-1.1,-1.2,-8.9,-0.1,-0.2,-0.2,-0.7,-2.0,-3.5,-4.6,-5.9,-1.1,-2.3,-3.1,-5.8,-1.8,-3.6,-4.4,-4.5,0.0,0.0,0.0,-49.6,-2.2,0.0,0.0,0.0,0.0,0.0,-47.7,-47.7,0.0,0.0,0.0,-4.4,-4.4,-8.8
repurchase of capital stock,0.0,0.0,0.0,0.0,0.0,0.0,0.0,0.0,0.0,0.0,0.0,0.0,0.0,0.0,0.0,0.0,0.0,0.0,0.0,0.0,0.0,0.0,0.0,0.0,0.0,0.0,0.0,0.0,0.0,0.0,0.0,0.0,0.0,0.0,0.0,0.0,0.0,0.0,0.0,0.0,0.0,-20.1,-32.0,-32.0,0.0,-0.2,-0.2,-0.2,-0.6,-0.6,-0.6,-1.0,-0.7,-1.3,-1.4,-33.2,-1.1,-1.2,-1.3,-1.6,-1.7,-1.7,-1.9,-2.2,-1.7,-1.8,-2.2,-4.8,-7.0,-7.1,-7.4,-8.0,-2.1,-2.1
restricted cash,0.0,0.0,0.0,0.0,0.0,0.0,0.0,0.0,0.0,0.0,0.0,0.0,0.0,0.0,0.0,0.0,0.0,0.0,0.0,0.0,0.0,0.0,0.0,0.0,0.0,0.0,0.0,0.0,0.0,0.0,0.0,0.0,0.0,0.0,0.0,0.0,0.0,0.0,0.0,0.0,0.0,0.0,0.0,0.0,0.0,0.0,0.0,0.0,0.0,0.0,0.0,0.0,0.0,0.0,0.0,0.0,0.0,0.0,0.0,0.0,0.0,0.0,0.0,0.0,0.0,0.0,0.0,0.0,0.0,0.0,0.0,0.0,0.0,0.0
retained earnings,3.9,5.0,6.2,8.0,8.4,8.0,6.8,6.6,5.8,2.9,-1.5,-4.5,-11.3,-15.1,-10.4,-12.5,-15.7,-14.4,-20.0,-26.9,-27.2,-27.6,-27.9,-28.7,-30.8,-30.5,-30.2,-29.6,-27.9,-25.6,1.3,22.5,43.3,63.6,83.3,101.9,124.4,147.5,186.3,224.5,254.7,284.5,249.5,253.7,255.7,255.1,280.4,245.5,253.9,190.8,195.2,200.3,241.8,244.6,245.8,230.2,232.8,212.7,214.4,182.4,175.5,199.4,225.7,236.4,262.7,281.1,311.6,329.1,220.2,229.2,251.1,303.0,274.3,325.5
revenue per $  plant (net),2.97,2.89,3.03,2.94,2.89,2.79,2.73,2.60,2.52,2.42,2.22,2.18,2.08,2.01,1.91,1.93,2.03,2.29,2.49,2.86,0.00,0.00,0.00,3.54,3.45,3.47,3.45,3.61,3.97,4.16,7.34,11.13,12.64,14.43,14.21,14.10,13.40,11.30,12.99,14.13,15.79,16.17,12.80,10.35,8.28,6.37,5.48,4.86,5.80,6.57,7.08,8.13,9.11,8.93,9.75,9.31,8.29,7.50,6.63,7.28,7.91,11.58,14.03,15.97,17.52,15.37,14.59,14.02,13.23,12.92,12.91,9.47,9.45,10.11
revenue per $ cash,14.38,30.32,22.45,16.71,11.02,3.65,3.69,4.28,4.69,12.04,193.33,0.00,0.00,0.00,266.00,528.00,546.00,608.00,6.16,10.17,0.00,0.00,0.00,401.50,415.10,379.78,229.15,382.98,367.41,422.00,71.13,4.00,4.20,16.29,11.81,5.86,4.77,3.94,3.42,4.07,8.04,16.91,31.53,18.89,13.69,14.96,7.47,4.64,11.15,9.04,6.65,5.99,5.56,4.12,6.99,3.85,2.99,3.58,3.33,3.39,4.69,6.59,6.23,9.81,8.66,6.46,6.05,4.61,3.71,2.99,3.98,5.70,6.15,4.28
revenue per $ common equity,1.39,1.40,1.41,1.33,1.30,0.91,0.92,0.88,0.87,0.86,0.82,0.85,0.90,0.90,0.93,0.96,1.05,1.14,0.89,1.06,0.00,0.00,0.00,1.33,1.34,1.36,1.36,1.42,1.49,1.48,1.63,1.96,2.04,2.24,1.98,1.73,1.66,1.47,1.56,1.67,1.77,1.94,1.97,1.67,1.36,1.12,0.97,1.01,1.13,1.49,1.55,1.72,1.68,1.59,1.66,1.76,1.56,1.49,1.32,1.43,1.46,2.01,2.20,2.39,2.42,2.05,1.80,1.61,1.82,1.70,1.60,1.52,1.64,1.60
revenue per $ invested capital,1.26,1.25,1.27,1.20,1.19,0.86,0.87,0.84,0.83,0.82,0.79,0.83,0.89,0.88,0.89,0.91,1.00,1.08,0.87,1.04,0.00,0.00,0.00,1.31,1.31,1.33,1.34,1.41,1.49,1.46,1.61,1.94,2.03,2.23,1.97,1.71,1.65,1.46,0.99,1.11,1.21,1.34,1.32,1.12,0.93,0.76,0.68,0.69,0.78,0.98,1.04,1.72,1.68,1.59,1.66,1.64,1.56,1.49,1.32,1.43,1.46,1.59,2.20,2.39,2.42,2.05,1.80,1.61,1.82,1.70,1.60,0.99,1.07,1.09
revenue per share,4.54,4.64,4.81,4.69,4.64,3.94,3.66,3.55,3.50,3.36,3.11,2.98,2.79,2.62,2.82,2.80,2.89,3.22,2.06,2.22,0.00,0.00,0.00,2.72,2.64,2.69,2.73,2.87,3.12,3.31,5.58,8.46,10.16,12.38,12.27,11.63,12.37,12.60,15.86,19.28,22.24,25.32,23.58,20.35,16.85,14.05,13.07,12.64,14.55,16.78,18.37,20.71,22.22,21.45,22.50,22.73,19.98,18.41,16.60,16.67,18.03,26.41,30.56,34.24,36.55,32.30,30.29,28.10,26.25,25.18,24.66,25.39,26.30,28.15
revenue/assets,0.9,1.0,1.0,1.0,1.0,0.7,0.7,0.7,0.7,0.7,0.7,0.7,0.7,0.7,0.7,0.7,0.7,0.9,0.7,0.8,0.0,0.0,0.0,1.0,0.9,0.9,0.9,1.0,1.0,1.0,1.0,1.2,1.4,1.5,1.4,1.3,1.2,1.1,0.7,0.9,0.9,1.0,1.0,0.9,0.8,0.6,0.6,0.6,0.6,0.7,0.8,0.9,0.9,0.9,1.0,1.0,0.9,0.8,0.7,0.8,0.9,1.0,1.4,1.6,1.7,1.4,1.4,1.3,1.1,1.0,1.1,0.8,0.8,0.8
sale of long-term investments,0.0,0.0,0.0,0.0,0.0,0.0,0.0,0.0,0.0,0.0,0.0,0.0,0.0,0.0,0.0,0.0,0.0,0.0,0.0,0.0,0.0,0.0,0.0,0.0,0.0,0.0,0.0,0.0,0.0,0.0,0.0,0.0,0.0,0.0,0.0,0.0,0.0,0.0,0.0,0.0,0.0,0.0,0.0,0.0,0.0,0.0,31.3,31.3,0.0,0.0,0.0,0.0,0.0,16.6,16.6,16.6,0.0,0.0,0.0,0.0,0.0,0.0,0.0,0.0,0.0,0.0,0.0,44.1,0.0,0.0,0.0,0.0,0.0,0.0
sale of short-term investments,1.0,1.0,1.0,0.0,0.0,0.0,0.0,0.0,0.1,0.1,0.1,0.0,0.1,0.1,6.7,0.0,0.0,0.0,0.0,0.0,0.0,0.0,0.0,0.0,0.0,0.0,0.0,0.0,0.0,0.0,0.0,0.0,0.0,0.0,0.0,0.0,0.0,0.0,0.0,0.0,0.0,248.7,347.9,428.5,45.5,94.5,92.7,95.4,0.0,5.0,5.0,23.3,31.1,62.1,158.5,299.7,35.0,56.4,67.8,99.4,21.8,42.0,65.3,65.4,11.4,21.6,29.9,0.0,7.2,12.0,22.0,27.0,2.5,12.5
sales per $ inventory,3.66,3.71,4.24,4.23,4.16,3.98,4.32,3.87,3.71,3.13,2.99,3.04,3.12,3.04,4.03,3.20,3.37,5.29,4.61,4.17,0.00,0.00,0.00,4.04,3.56,3.51,3.91,4.20,4.65,4.33,7.44,8.62,7.35,8.66,8.27,7.40,7.93,7.32,9.19,9.92,9.78,11.72,9.68,7.95,5.71,4.72,4.48,4.29,4.33,5.38,5.79,6.82,8.98,9.07,9.85,9.07,10.59,12.28,11.69,13.60,12.87,16.67,14.12,14.78,19.04,16.46,13.99,13.90,13.63,12.19,11.11,8.72,10.40,11.59
sales per $ receivables,9.51,7.67,7.48,8.90,10.51,7.64,7.39,7.98,8.18,7.20,7.63,7.14,7.04,6.71,4.67,6.60,5.57,5.07,3.95,4.49,0.00,0.00,0.00,4.59,4.79,3.50,3.86,3.81,3.81,3.34,2.11,7.13,18.27,6.99,6.15,7.03,5.65,4.25,1.52,4.20,4.54,4.84,5.11,4.63,3.79,2.54,2.27,3.02,2.09,4.06,5.29,6.76,5.12,14.14,6.95,9.42,7.08,7.66,5.11,4.87,3.66,3.23,8.86,7.28,7.65,8.33,9.78,8.83,5.49,4.94,6.62,6.05,5.80,6.18
sales per employee,None,None,161860,None,None,None,151136,None,None,None,148718,None,None,None,158806,None,None,None,188750,None,None,None,None,292000,None,None,None,286269,None,None,None,689656,None,None,None,836849,None,None,None,1246117,None,None,None,1051854,None,None,None,565527,None,None,None,913310,None,None,None,1074953,None,None,None,883968,None,None,None,1936946,None,None,None,1470662,None,None,None,1130816,None,None
shares out (common class only),14.3,14.4,14.5,14.6,14.7,17.1,18.2,18.2,18.2,18.7,18.7,18.7,18.7,18.7,18.9,18.9,18.9,18.9,29.3,29.3,29.4,29.4,29.5,29.6,29.6,29.6,29.6,29.6,29.7,29.9,32.0,32.0,32.1,32.2,32.5,32.8,32.9,33.5,33.9,34.3,34.5,34.1,33.9,33.9,34.2,34.2,34.2,34.3,35.0,35.0,35.0,35.0,35.4,35.4,35.5,33.9,34.5,34.5,34.5,34.7,34.8,34.8,34.8,34.8,35.0,35.1,35.4,35.9,36.2,36.5,36.5,36.5,36.7,36.8
short-term debt,1.9,2.0,1.9,1.3,1.4,1.4,1.5,1.6,1.7,1.7,2.1,3.9,8.3,9.6,4.2,7.1,12.3,5.0,0.3,0.2,0.2,0.2,3.7,4.6,8.4,13.8,11.9,11.1,13.2,15.9,0.3,0.2,0.2,0.2,0.2,0.6,0.5,0.5,1.8,0.1,0.2,0.2,0.2,4.3,2.4,1.0,1.5,2.9,1.8,0.8,2.3,204.5,202.6,200.8,200.0,200.0,200.0,200.0,200.0,142.0,129.2,0.0,74.4,46.2,46.7,47.2,0.0,0.0,0.0,0.0,0.0,21.9,26.3,30.6
special income charges,0.0,0.0,0.0,0.0,0.0,0.0,0.0,0.0,0.0,0.0,0.0,0.0,0.0,0.0,0.0,0.0,0.0,0.0,-1.2,-1.9,0.0,0.0,0.0,0.0,0.0,0.0,0.0,0.0,0.0,0.0,0.0,0.0,0.0,0.0,0.0,4.8,0.0,0.0,0.0,0.0,0.0,2.8,-84.0,-2.8,0.0,-8.3,-7.0,-9.2,0.0,0.0,0.0,0.7,0.6,0.0,0.4,-0.9,0.0,0.0,-4.6,-52.8,2.0,-0.1,2.0,-6.5,5.7,4.1,-2.3,-5.5,-190.6,-27.0,0.0,0.1,-47.0,0.0
tangible book value per share,3.26,3.32,3.40,3.54,3.58,4.31,3.96,4.03,4.03,3.92,3.78,3.52,3.08,2.92,3.04,2.92,2.75,2.82,2.32,2.09,2.08,2.07,2.06,2.04,1.97,1.99,2.00,2.03,2.09,2.23,3.43,4.06,4.07,3.97,4.67,4.89,5.66,6.78,8.35,9.76,10.86,11.39,8.58,8.38,8.61,8.83,9.89,9.75,9.93,8.39,8.83,8.84,10.18,10.49,10.67,9.98,9.99,8.90,9.32,8.82,9.65,9.03,9.93,10.49,11.42,11.22,12.21,13.07,10.12,11.24,11.96,0.40,-0.76,1.26
total assets per share,4.78,4.78,4.78,4.81,4.85,5.39,5.00,5.03,5.04,4.88,4.55,4.20,3.97,3.91,3.85,3.83,3.93,3.65,2.83,2.66,2.56,2.54,2.71,2.80,2.82,3.05,2.95,3.01,3.05,3.33,5.75,6.77,7.37,8.28,8.89,9.19,10.10,11.94,21.89,22.23,23.82,24.39,22.70,22.67,22.19,22.34,22.68,22.97,24.34,22.56,23.07,23.15,24.38,23.68,23.38,23.08,22.83,22.34,22.60,21.71,20.73,25.46,21.36,20.77,21.45,22.35,21.52,21.82,24.33,25.07,21.55,33.76,34.20,35.41
total capitalization,0.0,0.0,0.0,0.0,0.0,0.0,0.0,0.0,0.0,0.0,0.0,0.0,0.0,0.0,0.0,0.0,0.0,0.0,0.0,0.0,0.0,61.9,61.9,61.4,59.4,59.8,60.2,60.2,62.1,67.8,110.8,139.5,160.5,179.0,202.2,223.2,247.0,287.9,545.4,595.3,633.9,646.4,605.5,613.9,622.4,628.8,661.6,629.0,652.0,596.9,615.7,421.0,468.8,476.4,481.0,468.7,442.4,426.3,431.8,404.6,428.4,576.1,483.4,498.7,529.5,553.6,595.5,628.4,522.3,539.3,563.6,933.3,902.8,951.0
total debt as % total assets,31.8,30.5,28.9,26.5,26.2,20.2,20.9,19.9,20.0,19.5,16.8,15.9,22.2,25.3,21.3,23.7,29.8,22.8,18.0,21.4,18.8,18.6,24.2,27.0,30.0,34.9,32.3,32.6,31.5,32.9,40.3,36.2,32.4,33.2,30.3,26.8,26.3,28.3,53.5,48.2,47.2,46.4,47.3,46.2,44.3,43.9,40.6,45.5,47.0,50.0,48.8,48.1,45.7,43.2,42.0,44.0,43.9,44.7,44.6,46.2,40.6,48.5,35.0,31.1,29.6,29.3,21.8,19.8,40.7,41.0,28.3,50.5,53.1,50.5
total debt/equity ratio,0.14,0.16,0.15,0.13,0.12,0.08,0.08,0.08,0.07,0.07,0.07,0.08,0.16,0.20,0.12,0.18,0.28,0.14,0.02,0.02,0.02,0.02,0.08,0.09,0.16,0.25,0.22,0.19,0.21,0.25,0.01,0.01,0.01,0.01,0.01,0.01,0.01,0.01,0.58,0.51,0.46,0.45,0.49,0.49,0.48,0.47,0.44,0.47,0.45,0.51,0.49,0.49,0.43,0.42,0.42,0.53,0.45,0.47,0.46,0.35,0.30,0.26,0.15,0.09,0.09,0.09,0.00,0.00,0.00,0.00,0.00,0.57,0.58,0.52
total non-current assets,34.0,35.1,35.5,35.4,35.7,42.4,42.2,45.7,47.1,50.5,53.6,51.2,49.0,47.9,44.5,44.7,44.5,44.3,40.8,38.8,38.6,39.0,41.8,40.9,41.5,41.9,42.3,42.4,41.0,41.2,31.3,41.1,56.3,90.8,91.1,90.5,92.5,99.5,124.3,135.8,136.6,139.6,250.7,275.0,280.3,291.8,277.7,263.5,284.7,285.4,295.2,295.8,265.6,252.9,260.2,258.2,255.8,272.8,265.6,252.4,241.4,290.4,283.7,277.7,272.4,308.4,312.0,306.1,312.0,263.4,258.8,707.5,732.0,714.5
total ordinary shares,0.0,0.0,0.0,0.0,0.0,0.0,0.0,0.0,0.0,0.0,0.0,0.0,0.0,0.0,0.0,0.0,0.0,0.0,0.0,0.0,0.0,0.0,0.0,0.0,0.0,0.0,0.0,0.0,0.0,0.0,0.0,0.0,0.0,0.0,0.0,0.0,0.0,0.0,0.0,0.0,0.0,0.0,0.0,0.0,0.0,0.0,0.0,0.0,0.0,0.0,0.0,0.0,0.0,0.0,0.0,0.0,0.0,0.0,0.0,0.0,0.0,0.0,0.0,0.0,0.0,0.0,0.0,0.0,0.0,0.0,0.0,0.0,0.0,0.0
total revenue,16.4,17.1,17.9,17.1,16.2,16.0,17.5,14.9,15.4,14.8,13.0,12.5,11.8,11.7,17.2,12.1,13.6,17.9,16.8,16.8,20.2,21.0,19.3,19.6,18.1,22.7,20.4,23.7,25.7,29.3,99.7,116.3,80.5,101.8,100.2,99.1,106.4,115.9,216.6,222.8,211.8,212.5,151.6,114.2,97.5,117.0,118.7,100.0,173.8,195.2,174.0,183.6,234.2,167.6,212.7,155.1,154.9,112.9,149.0,161.3,204.0,404.0,294.8,290.3,291.9,255.5,234.4,227.0,233.0,224.2,215.4,253.6,271.5,294.3
treasury shares,0.0,0.0,0.0,0.0,0.0,0.0,0.0,0.0,0.0,0.0,0.0,0.0,0.0,0.0,0.0,0.0,0.0,0.0,0.0,0.0,0.0,0.0,0.0,0.0,0.0,0.0,0.0,0.0,0.0,0.0,0.0,0.0,0.0,0.0,0.0,0.0,0.0,0.0,0.0,0.0,0.0,0.5,0.8,0.8,0.8,0.8,0.8,0.8,0.9,0.9,0.9,0.9,0.9,0.9,0.9,2.6,2.7,2.7,2.7,2.7,2.8,2.8,2.8,2.8,2.9,2.9,2.9,3.0,3.2,3.2,3.2,3.2,3.2,3.2
treasury stock,0.0,0.0,0.0,0.0,0.0,0.0,0.0,0.0,0.0,0.0,0.0,0.0,0.0,0.0,0.0,0.0,0.0,0.0,0.0,0.0,0.0,0.0,0.0,0.0,0.0,0.0,0.0,0.0,0.0,0.0,0.0,0.0,0.0,0.0,0.0,0.0,0.0,0.0,0.0,0.0,0.0,-20.1,-32.0,-32.0,-32.0,-32.2,-32.2,-32.2,-32.7,-32.7,-32.8,-33.2,-33.9,-34.5,-34.6,-66.4,-67.5,-67.6,-67.7,-68.0,-69.6,-69.6,-69.8,-70.1,-71.9,-72.0,-72.3,-75.0,-82.0,-82.0,-82.3,-83.0,-85.0,-85.1
working capital,17.5,18.6,19.7,22.0,22.4,36.2,35.0,32.5,31.0,27.1,20.7,16.8,10.6,8.7,16.0,13.6,10.7,12.4,29.1,24.2,24.3,23.9,20.9,21.3,18.6,18.6,18.6,18.5,21.7,27.3,80.9,102.9,108.6,92.5,115.2,136.3,157.6,191.5,421.1,459.8,497.7,507.2,355.2,339.2,342.5,337.4,384.2,366.1,367.7,311.9,320.8,125.2,216.5,236.9,234.5,210.5,218.0,185.5,197.0,193.8,227.8,326.9,242.6,263.1,301.9,285.4,324.6,365.5,254.1,318.7,349.7,271.7,221.2,287.4
working capital as % of price,14.3,16.6,15.5,16.3,13.7,20.2,20.3,23.9,23.4,28.3,26.1,25.7,20.7,17.1,40.0,48.0,12.5,14.5,23.3,17.5,11.4,9.3,14.0,14.6,10.1,12.0,8.7,8.9,5.5,3.0,7.1,9.5,16.0,10.4,12.7,14.0,11.3,11.8,18.2,20.6,25.4,42.2,29.2,24.2,30.0,31.0,42.2,34.1,37.3,48.2,50.2,16.0,24.3,23.7,35.6,25.9,36.3,33.1,46.5,41.7,69.2,62.0,32.4,27.9,34.7,31.4,31.5,26.4,22.6,26.5,36.0,22.8,15.6,21.6
working capital per share,1.23,1.29,1.36,1.51,1.52,2.12,1.93,1.79,1.70,1.45,1.11,0.90,0.57,0.47,0.85,0.72,0.57,0.66,0.99,0.83,0.83,0.81,0.71,0.72,0.63,0.63,0.63,0.62,0.73,0.91,2.53,3.21,3.39,2.88,3.55,4.16,4.79,5.72,12.41,13.40,14.43,14.87,10.49,10.00,10.02,9.87,11.23,10.68,10.50,8.90,9.16,3.58,6.11,6.69,6.61,6.22,6.31,5.37,5.72,5.59,6.55,9.40,6.97,7.55,8.61,8.14,9.17,10.18,7.02,8.73,9.58,7.45,6.03,7.82
working captial as % of equity,37.6,38.9,40.0,42.6,42.5,49.2,48.6,44.4,42.2,37.0,29.3,25.5,18.4,15.9,27.9,24.6,20.6,23.2,42.8,39.5,39.7,39.3,34.4,35.3,31.8,31.6,31.3,30.8,35.0,40.8,73.8,74.3,68.1,52.0,57.3,61.7,64.2,66.8,121.9,116.4,114.8,113.7,87.7,82.0,81.1,78.7,83.3,85.3,81.3,79.0,77.5,29.7,46.2,49.7,48.8,48.1,49.3,43.5,45.6,47.9,53.2,71.7,50.2,52.8,57.0,51.5,54.5,58.2,48.7,59.1,62.0,44.6,37.6,44.6
