,2000/07,2000/10,2001/01,2001/04,2001/07,2001/10,2002/01,2002/04,2002/07,2002/10,2003/01,2003/04,2003/07,2003/10,2004/01,2004/04,2004/07,2004/10,2005/01,2005/04,2005/07,2005/10,2006/01,2006/04,2006/07,2006/10,2007/01,2007/04,2007/07,2007/10,2008/01,2008/04,2008/07,2008/10,2009/01,2009/04,2009/07,2009/10,2010/01,2010/04,2010/07,2010/10,2011/01,2011/04,2011/07,2011/10,2012/01,2012/04,2012/07,2012/10,2013/01,2013/04
% of EPS-to-Industry,0.0,0.0,0.0,180.8,152.4,168.5,175.9,162.0,176.7,224.6,267.2,265.8,251.2,243.8,242.4,240.2,277.1,192.5,127.8,83.0,66.2,74.1,80.4,123.7,139.2,133.0,134.9,140.8,139.9,150.1,145.7,156.4,179.8,178.5,181.5,199.7,208.0,277.9,252.2,432.7,639.3,568.8,2043.8,186.0,159.5,136.8,124.2,189.5,192.7,0.0,0.0,232.4
% of PE-to-Industry,0.0,0.0,0.0,44.4,48.3,56.9,57.9,69.3,63.5,49.4,42.3,35.3,38.4,45.7,48.4,49.4,37.2,57.1,90.6,145.5,165.3,141.8,133.0,85.6,84.4,94.9,87.6,95.9,101.9,101.6,84.5,108.1,103.7,83.1,74.0,56.3,68.4,59.8,67.3,38.6,25.5,32.6,9.3,117.2,136.9,156.8,169.4,106.1,89.0,93.7,89.0,93.5
% of ROE-to-Industry,0.0,0.0,0.0,143.8,119.8,141.6,135.2,107.8,46.2,72.4,93.5,91.5,93.9,90.3,90.4,84.4,92.4,54.4,37.0,28.3,28.5,29.5,29.3,28.7,28.3,27.3,28.9,33.5,33.3,34.5,33.2,30.8,34.8,42.4,17.0,23.1,31.8,50.0,52.4,39.6,28.9,29.6,28.3,67.4,0.0,0.0,0.0,53.3,50.0,0.0,0.0,63.5
% of current ratio-to-industry,221.4,188.2,226.7,212.5,193.8,176.5,212.5,194.4,126.3,125.0,142.1,133.3,128.6,136.8,155.6,126.3,127.3,140.0,150.0,180.0,170.0,200.0,230.0,240.0,230.0,210.0,240.0,270.0,290.9,320.0,350.0,290.9,190.9,183.3,92.3,108.3,116.7,125.0,200.0,216.7,336.4,354.5,285.7,242.9,142.9,307.7,284.6,207.7,178.6,0.0,0.0,207.7
% of debt/equity-to-industry,40.0,80.3,82.1,85.9,93.1,96.4,94.3,82.8,25.0,23.5,24.0,24.5,29.3,23.5,22.4,23.4,37.8,40.6,40.6,39.4,43.9,43.9,48.1,51.0,52.1,42.3,44.9,41.5,78.2,73.2,69.4,57.9,47.6,88.1,25.3,22.2,24.7,23.1,21.5,22.7,34.3,35.3,28.2,30.5,32.5,44.3,46.3,44.3,37.9,0.0,0.0,43.2
% of earnings-to-industry,0.0,0.0,0.0,5.2,4.2,4.5,4.5,4.5,6.1,9.4,12.3,12.3,12.1,12.0,12.1,11.7,2.9,1.8,1.2,0.9,0.9,0.9,0.9,0.8,0.8,0.8,0.8,0.9,0.9,1.0,0.9,1.0,1.1,1.1,1.3,2.2,3.0,5.2,5.2,3.8,2.7,2.7,4.1,9.6,-21.8,-16.3,-27.6,7.7,6.4,0.0,0.0,9.1
% of gross profit margin-to-industry,0.0,0.0,0.0,104.0,102.5,100.0,98.1,100.5,102.5,102.5,105.1,110.6,110.9,112.4,114.3,113.3,110.9,107.4,102.6,98.6,96.9,97.8,97.2,76.3,75.1,73.8,76.0,76.5,78.8,79.6,78.3,74.8,65.0,56.1,52.2,84.7,110.4,167.2,194.2,67.2,60.8,62.0,66.3,110.0,151.7,152.0,141.9,104.3,102.3,0.0,0.0,0.0
% of leverage-to-industry,60.0,76.0,76.0,76.0,79.2,86.4,86.4,82.6,63.6,66.7,66.7,66.7,66.7,63.6,63.6,63.6,53.1,53.1,50.0,51.6,51.6,51.6,50.0,53.6,59.3,53.6,53.6,55.6,60.7,60.7,58.6,51.5,56.3,71.0,58.6,56.7,57.1,53.3,50.0,51.7,57.1,57.1,55.2,57.1,57.1,58.6,58.6,60.0,58.1,0.0,0.0,60.0
% of net profit margin-to-industry,0.0,0.0,0.0,181.5,139.4,150.0,145.5,128.6,140.0,164.9,176.9,162.2,155.1,156.0,158.0,164.6,106.7,96.1,81.2,75.0,69.4,72.1,70.9,67.7,64.4,62.5,66.7,79.3,80.4,83.5,77.4,76.1,81.3,75.0,76.2,94.7,108.3,140.6,129.1,132.1,94.7,96.5,127.4,202.0,-376.9,-264.7,-442.1,148.2,123.1,0.0,0.0,164.3
% of post-tax profit margin-to-industry,0.0,0.0,0.0,181.5,139.4,150.0,137.1,128.6,136.1,152.5,181.6,158.7,155.1,159.2,161.2,164.6,101.3,92.3,80.7,79.0,76.5,78.0,76.8,76.1,72.2,69.1,72.9,80.2,83.9,88.4,83.7,80.7,83.3,75.0,75.3,97.3,108.3,142.9,132.5,130.5,96.4,98.2,127.4,253.8,-272.2,-176.5,-215.4,172.9,142.9,0.0,0.0,191.7
% of pre-tax profit margin-to-industry,0.0,0.0,0.0,171.1,141.2,149.0,140.0,130.4,133.9,150.8,168.2,157.3,155.7,160.3,162.8,165.8,109.9,100.0,83.5,82.6,80.8,83.3,83.8,82.6,80.5,78.4,81.1,88.9,92.2,95.1,88.0,82.8,82.9,76.2,77.0,100.0,111.4,144.7,168.1,132.5,102.6,101.9,108.3,134.2,370.0,400.0,304.8,139.6,138.2,0.0,0.0,0.0
% of pric/free cashlow-to-industry,-863.7,-141.3,-37.5,7.0,1066.2,-26.7,0.0,90.8,-100.4,-406.9,-32.1,29.8,42.9,76.0,284.9,14.3,-3.7,-9.2,-37.6,-95.7,-116.2,-341.5,44.6,71.9,-105.0,-21.6,-1.4,3.0,0.0,6.9,-4.6,-34.1,56.3,-8.5,-37.5,-75.4,-24.9,32.9,-10.5,0.5,-106.8,19.3,-75.5,798.1,-4.6,-12.4,45.7,-4.1,-402.2,-225.8,-95.0,4.9
% of price-to-industry,70.8,80.8,86.9,80.3,73.5,96.3,102.0,112.0,112.2,111.0,113.1,93.9,96.5,111.5,117.3,118.6,103.0,110.0,115.7,120.7,109.3,105.1,107.0,106.0,117.4,126.1,118.2,135.1,142.6,152.5,123.2,168.8,186.7,148.5,134.0,112.6,142.5,166.6,170.2,166.8,162.1,184.9,186.4,217.7,218.3,214.9,210.6,201.2,171.7,176.4,182.6,212.7
% of price/book-to-industry,50.6,66.7,72.2,61.7,59.0,84.4,85.3,75.9,43.8,42.3,41.7,33.4,36.2,42.1,44.1,42.7,22.9,23.4,25.2,25.8,24.2,23.4,24.5,24.8,28.6,30.8,29.9,34.2,37.1,37.4,29.0,32.5,35.9,77.9,23.9,18.4,24.6,26.2,28.3,28.0,28.5,37.6,43.8,50.6,52.7,47.4,51.2,44.9,40.3,44.8,45.5,47.3
% of price/cashflow-to-industry,0.0,0.0,0.0,55.3,50.1,68.1,69.4,76.1,117.9,84.5,69.2,48.2,48.7,57.8,60.0,65.0,25.7,43.6,65.2,87.5,77.4,73.1,74.7,77.0,91.7,104.2,96.0,99.3,108.7,107.2,82.7,104.8,104.4,183.2,131.4,76.8,74.9,54.2,53.5,64.0,82.9,105.8,128.9,84.7,11.2,-1.4,19.3,88.2,82.4,87.4,85.7,0.0
% of price/sales-to-industry,0.0,0.0,0.0,76.0,70.1,89.2,91.4,90.0,132.9,95.3,79.6,59.7,60.0,72.2,77.0,83.3,26.6,41.2,54.5,68.3,58.8,57.7,59.3,58.1,65.6,71.1,69.4,81.3,89.1,91.2,68.4,81.8,84.3,137.4,105.2,75.3,83.7,73.3,68.9,93.5,93.6,121.0,198.7,153.4,132.6,117.4,118.4,124.2,100.0,107.4,109.4,122.9
% of sales-to-industry,0.0,0.0,0.0,2.9,2.9,3.0,3.1,3.5,4.4,5.8,6.9,7.5,7.7,7.7,7.6,7.1,2.7,1.9,1.5,1.2,1.3,1.3,1.3,1.3,1.3,1.2,1.2,1.1,1.1,1.2,1.2,1.3,1.4,1.4,1.7,2.4,2.8,3.7,4.0,2.9,2.8,2.8,3.2,4.7,5.7,6.1,6.3,5.2,5.2,0.0,0.0,5.5
(increase) decrease in inventories,0.0,0.0,0.0,11.9,0.0,0.0,0.0,-2.1,0.0,0.0,0.0,-12.1,0.0,0.0,0.0,-16.7,0.0,0.0,0.0,-5.3,-58.2,-60.4,-30.3,-6.0,-31.3,-22.3,-1.9,-8.1,-63.7,-62.0,-15.2,-35.0,-80.9,-123.1,-18.9,34.7,-175.0,-150.8,-51.6,-46.2,-111.9,-167.9,-78.6,-204.2,-330.9,-272.6,-78.4,-48.2,-58.7,-14.6,82.9,15.2
(increase) decrease in other current assets,0.0,0.0,0.0,3.8,0.0,0.0,0.0,-0.0,0.0,0.0,0.0,-0.9,0.0,0.0,0.0,3.0,0.0,0.0,0.0,25.0,0.0,0.0,0.0,-24.4,0.0,0.0,0.0,5.2,0.0,0.0,0.0,-16.2,0.0,0.0,0.0,38.8,0.0,0.0,0.0,3.5,0.0,0.0,0.0,-45.6,0.0,0.0,0.0,3.0,0.0,0.0,0.0,0.0
(increase) decrease in prepaid expenses,0.0,0.0,0.0,0.0,0.0,0.0,0.0,0.0,0.0,0.0,0.0,0.0,0.0,0.0,0.0,0.0,0.0,0.0,0.0,0.0,0.0,0.0,0.0,0.0,0.0,0.0,0.0,0.0,0.0,0.0,0.0,0.0,0.0,0.0,0.0,0.0,0.0,0.0,0.0,0.0,0.0,0.0,0.0,0.0,0.0,0.0,0.0,0.0,0.0,0.0,0.0,0.0
(increase) decrease in receivables,0.0,0.0,0.0,5.2,0.0,0.0,0.0,-1.2,0.0,0.0,0.0,-43.0,0.0,0.0,0.0,-0.1,0.0,0.0,0.0,-2.0,-14.8,-39.4,26.1,1.4,3.0,-30.4,29.7,23.8,-14.0,-86.6,-6.2,-17.6,-20.8,-111.9,-73.3,-78.6,-38.7,-142.7,-13.1,31.5,-67.0,-177.0,-50.2,-102.6,7.5,-106.4,-8.4,9.3,-44.0,-122.3,-13.0,33.2
Basic EPS (Continuing),0.37,0.26,0.31,0.38,0.37,0.34,0.34,0.29,0.39,0.59,0.56,0.47,0.52,0.64,0.62,0.45,0.51,-0.70,0.61,0.46,0.51,0.80,0.54,0.63,0.51,0.80,0.72,0.76,0.72,0.88,0.75,0.68,0.78,0.95,0.68,0.83,0.83,1.18,1.14,1.01,0.86,1.25,1.12,0.83,0.98,1.12,1.03,0.94,1.00,1.36,1.42,1.22
Basic EPS (Cum. Effect of Acct. Change),0.00,0.00,0.00,-0.04,0.00,0.00,0.00,0.00,0.00,0.00,0.00,0.00,0.00,0.00,0.00,0.00,0.00,0.00,0.00,0.00,0.00,0.00,0.00,0.00,0.00,0.00,0.00,0.00,0.00,0.00,0.00,0.00,0.00,0.00,0.00,0.00,0.00,0.00,0.00,0.00,0.00,0.00,0.00,0.00,0.00,0.00,0.00,0.00,0.00,0.00,0.00,0.00
Basic EPS (Discontinued),0.00,0.00,0.00,0.00,0.00,0.00,0.00,0.00,0.00,0.00,0.00,0.00,0.00,0.00,0.00,0.00,0.10,-0.05,0.01,-0.09,0.00,0.00,0.00,0.00,0.00,0.00,0.00,0.00,0.00,0.00,0.00,0.00,0.00,0.00,0.00,0.00,0.00,0.00,0.00,0.00,0.00,0.00,0.00,0.00,0.00,0.00,0.00,0.00,0.00,0.00,0.00,0.00
Basic EPS (Extraordinary Items),0.00,0.00,0.00,0.00,0.00,0.00,0.00,0.00,0.00,0.00,0.00,0.00,0.00,0.00,0.00,0.00,0.00,0.00,0.00,0.00,0.00,0.00,0.00,0.00,0.00,0.00,0.00,0.00,0.00,0.00,0.00,0.00,0.00,0.00,0.00,0.00,0.00,0.00,0.00,0.00,0.00,0.00,0.00,0.00,0.00,0.00,0.00,0.00,0.00,0.00,0.00,0.00
Basic EPS (Other Gains/Losses),0.00,0.00,0.00,0.00,0.00,0.00,0.00,0.00,0.00,0.00,0.00,0.00,0.00,0.00,0.00,0.00,0.00,0.00,0.00,0.00,0.00,0.00,0.00,0.00,0.00,0.00,0.00,0.00,0.00,0.00,0.00,0.00,0.00,0.00,0.00,0.00,0.00,0.00,0.00,0.00,0.00,0.00,0.00,0.00,0.00,0.00,0.00,0.00,0.00,0.00,0.00,0.00
Basic EPS (Tax Loss Carry Forward),0.00,0.00,0.00,0.00,0.00,0.00,0.00,0.00,0.00,0.00,0.00,0.00,0.00,0.00,0.00,0.00,0.00,0.00,0.00,0.00,0.00,0.00,0.00,0.00,0.00,0.00,0.00,0.00,0.00,0.00,0.00,0.00,0.00,0.00,0.00,0.00,0.00,0.00,0.00,0.00,0.00,0.00,0.00,0.00,0.00,0.00,0.00,0.00,0.00,0.00,0.00,0.00
Close PE Ratio,0.0,0.0,0.0,21.3,22.4,25.8,24.0,28.0,26.0,23.6,22.3,18.0,19.0,20.2,20.9,23.7,18.2,19.3,20.3,22.2,22.1,20.0,19.6,16.0,18.2,19.9,18.1,20.2,18.7,17.5,15.1,16.6,15.9,14.2,14.8,12.6,15.3,15.0,15.1,14.7,14.7,15.1,14.7,18.5,18.7,19.1,19.9,19.6,18.8,19.8,18.8,20.6
Diluted EPS (Continuing),0.37,0.25,0.30,0.37,0.36,0.34,0.34,0.28,0.39,0.58,0.56,0.46,0.51,0.64,0.62,0.44,0.50,0.69,0.60,0.45,0.51,0.79,0.54,0.62,0.50,0.80,0.71,0.75,0.72,0.87,0.75,0.67,0.77,0.94,0.68,0.82,0.83,1.18,1.14,1.01,0.86,1.25,1.11,0.82,0.98,1.12,1.03,0.94,1.00,1.36,1.42,1.22
Diluted EPS (Cum. Effect of Acct. Change),0.00,0.00,0.00,-0.04,0.00,0.00,0.00,0.00,0.00,0.00,0.00,0.00,0.00,0.00,0.00,0.00,0.00,0.00,0.00,0.00,0.00,0.00,0.00,0.00,0.00,0.00,0.00,0.00,0.00,0.00,0.00,0.00,0.00,0.00,0.00,0.00,0.00,0.00,0.00,0.00,0.00,0.00,0.00,0.00,0.00,0.00,0.00,0.00,0.00,0.00,0.00,0.00
Diluted EPS (Discontinued),0.00,0.00,0.00,0.00,0.00,0.00,0.00,0.00,0.00,0.00,0.00,0.00,0.00,0.00,0.00,0.00,0.10,-0.04,0.01,-0.07,0.00,0.00,0.00,0.00,0.00,0.00,0.00,0.00,0.00,0.00,0.00,0.00,0.00,0.00,0.00,0.00,0.00,0.00,0.00,0.00,0.00,0.00,0.00,0.00,0.00,0.00,0.00,0.00,0.00,0.00,0.00,0.00
Diluted EPS (Extraordinary),0.00,0.00,0.00,0.00,0.00,0.00,0.00,0.00,0.00,0.00,0.00,0.00,0.00,0.00,0.00,0.00,0.00,0.00,0.00,0.00,0.00,0.00,0.00,0.00,0.00,0.00,0.00,0.00,0.00,0.00,0.00,0.00,0.00,0.00,0.00,0.00,0.00,0.00,0.00,0.00,0.00,0.00,0.00,0.00,0.00,0.00,0.00,0.00,0.00,0.00,0.00,0.00
Diluted EPS (Other Gains/Losses),0.00,0.00,0.00,0.00,0.00,0.00,0.00,0.00,0.00,0.00,0.00,0.00,0.00,0.00,0.00,0.00,0.00,0.00,0.00,0.00,0.00,0.00,0.00,0.00,0.00,0.00,0.00,0.00,0.00,0.00,0.00,0.00,0.00,0.00,0.00,0.00,0.00,0.00,0.00,0.00,0.00,0.00,0.00,0.00,0.00,0.00,0.00,0.00,0.00,0.00,0.00,0.00
Diluted EPS (Tax Loss Carry Forward),0.00,0.00,0.00,0.00,0.00,0.00,0.00,0.00,0.00,0.00,0.00,0.00,0.00,0.00,0.00,0.00,0.00,0.00,0.00,0.00,0.00,0.00,0.00,0.00,0.00,0.00,0.00,0.00,0.00,0.00,0.00,0.00,0.00,0.00,0.00,0.00,0.00,0.00,0.00,0.00,0.00,0.00,0.00,0.00,0.00,0.00,0.00,0.00,0.00,0.00,0.00,0.00
Dividends Paid Per Share (YTD),0.00,0.34,0.51,0.68,0.17,0.34,0.51,0.68,0.16,0.36,0.56,0.76,0.23,0.46,0.69,0.92,0.25,0.50,0.75,1.00,0.27,0.54,0.81,1.09,0.28,0.56,0.84,1.12,0.30,0.60,0.90,1.20,0.32,5.64,5.96,6.28,0.35,0.70,1.05,1.40,0.40,0.80,1.20,1.64,0.44,0.92,1.40,1.88,0.48,1.00,1.52,2.04
EPS from Total Operations (YTD),0.37,0.63,0.93,1.30,0.36,0.70,1.04,1.31,0.39,0.99,1.56,2.02,0.51,1.15,1.77,2.21,0.60,1.25,1.86,2.24,0.51,1.30,1.83,2.45,0.50,1.30,2.01,2.76,0.72,1.58,2.33,3.00,0.77,1.71,2.30,3.12,0.83,2.00,3.14,4.15,0.86,2.11,3.23,4.05,0.98,2.09,3.12,4.06,1.00,2.36,3.78,5.00
High PE Ratio,0.0,0.0,0.0,23.6,24.0,27.9,28.3,30.5,31.0,25.8,23.6,20.9,20.0,20.2,21.3,24.2,23.3,23.2,23.3,23.7,24.0,22.6,23.3,20.8,20.2,20.0,19.0,20.8,21.6,21.1,20.8,21.4,19.0,18.1,18.5,18.2,17.3,15.8,15.9,15.3,15.2,15.2,15.7,18.6,19.3,19.9,20.6,20.2,20.0,20.3,19.1,21.0
"Income, Restructuring and M&A;",0.0,0.0,0.0,0.0,0.0,0.0,-0.9,-4.1,-4.9,-2.5,-1.5,-2.9,-1.8,-3.1,-2.5,0.2,-5.1,-5.1,-8.0,-10.6,-4.4,-6.1,-12.5,-1.8,-0.7,-0.8,0.2,-0.8,-0.7,-3.1,-3.6,-3.7,-3.9,-6.3,-33.1,-39.6,-16.5,-8.1,-4.7,-6.2,-20.8,-8.3,-8.4,-13.0,-9.9,-10.4,-13.5,-8.8,-10.9,-11.5,-6.9,0.0
LT-Debt as % of Invested Capital,19.1,36.2,35.5,35.3,35.1,34.8,33.5,32.5,11.2,11.0,10.8,10.7,10.6,10.3,10.1,10.0,21.7,20.5,20.5,20.3,20.3,19.9,19.8,19.9,19.7,18.3,18.3,17.9,30.0,29.2,29.9,30.5,28.2,42.4,15.6,15.6,15.3,14.9,14.7,14.5,19.4,19.1,19.5,19.8,19.8,27.9,27.8,28.1,27.9,28.2,27.7,27.7
LT-Debt as % of Total Debt,43.6,60.4,61.7,60.4,57.2,57.4,57.4,55.2,28.8,28.4,29.2,27.5,26.9,27.7,28.1,28.5,39.6,36.8,45.4,45.7,43.4,43.3,46.4,46.5,44.0,42.2,43.7,43.7,58.4,57.9,60.3,59.4,50.5,59.7,27.3,28.0,28.4,27.2,33.8,34.0,43.0,42.6,43.4,43.0,38.4,53.8,53.8,51.1,50.0,50.0,51.4,50.7
LT-Debt to Equity Ratio,0.24,0.57,0.55,0.55,0.54,0.53,0.50,0.48,0.13,0.12,0.12,0.12,0.12,0.12,0.11,0.11,0.28,0.26,0.26,0.26,0.25,0.25,0.25,0.25,0.25,0.22,0.22,0.22,0.43,0.41,0.43,0.44,0.39,0.74,0.19,0.18,0.18,0.18,0.17,0.17,0.24,0.24,0.24,0.25,0.25,0.39,0.38,0.39,0.39,0.39,0.38,0.38
Low PE Ratio,0.0,0.0,0.0,12.8,14.8,16.7,17.9,19.3,19.6,18.5,16.0,14.2,15.2,15.2,14.8,16.1,16.4,17.7,17.7,18.2,19.5,19.0,19.5,15.2,15.2,15.1,14.1,14.2,14.4,14.8,13.8,14.3,13.1,12.8,12.2,10.9,10.4,9.7,8.6,9.4,11.7,12.0,12.6,13.2,13.8,15.0,15.5,16.4,16.2,16.3,14.9,14.6
Net Income from Total Operations (YTD),9.9,16.0,22.9,31.7,8.4,16.3,24.2,30.9,16.0,45.1,73.1,96.3,25.8,57.9,89.2,111.4,32.8,70.9,107.0,129.1,29.9,76.3,107.7,143.4,28.7,74.3,114.7,157.2,40.8,90.9,133.3,170.4,42.3,93.7,171.7,266.0,98.1,238.1,373.5,494.1,102.9,252.6,384.6,479.5,111.5,238.8,355.6,459.7,110.9,259.7,413.9,544.2
Normalized Close PE Ratio,0.0,0.0,0.0,19.9,21.0,25.8,23.4,24.0,20.7,19.6,19.2,16.0,17.6,18.5,19.1,22.0,17.4,17.9,18.3,18.0,17.4,16.1,15.2,13.6,15.9,17.9,17.7,19.9,18.5,17.1,14.4,15.6,14.7,12.9,12.0,9.6,11.8,12.1,12.9,13.4,13.3,13.6,13.0,16.3,16.8,17.1,18.2,17.5,16.5,17.8,17.4,0.0
Normalized High PE Ratio,0.0,0.0,0.0,22.1,22.4,27.9,27.5,26.1,24.6,21.4,20.3,18.6,18.5,18.6,19.5,22.5,22.3,21.6,21.0,19.2,18.9,18.2,18.1,17.7,17.6,17.9,18.6,20.5,21.3,20.5,19.9,20.1,17.5,16.4,15.1,13.9,13.4,12.8,13.6,14.0,13.8,13.7,13.9,16.4,17.3,17.8,18.8,18.0,17.6,18.3,17.7,0.0
Normalized Low PE Ratio,0.0,0.0,0.0,12.0,13.8,16.7,17.4,16.5,15.6,15.4,13.8,12.6,14.0,14.0,13.5,15.0,15.7,16.5,16.0,14.8,15.3,15.3,15.2,12.9,13.2,13.6,13.9,14.0,14.2,14.4,13.2,13.4,12.1,11.6,9.9,8.3,8.0,7.9,7.3,8.6,10.6,10.9,11.1,11.6,12.3,13.4,14.2,14.6,14.3,14.7,13.8,0.0
Normalized ROA,0.0,0.0,0.0,7.2,6.7,6.5,6.7,6.8,3.1,4.6,5.9,6.7,7.0,7.1,7.3,7.1,4.5,4.7,5.5,6.0,6.0,6.2,6.3,6.4,6.0,5.8,5.8,5.9,5.4,5.4,5.8,5.8,5.8,5.7,3.1,4.3,5.1,6.0,6.9,6.8,6.5,6.6,6.8,6.6,6.2,5.7,5.3,5.7,5.6,5.8,6.1,0.0
Normalized ROCI,0.0,0.0,0.0,8.8,8.4,8.2,8.4,8.6,4.0,5.9,7.4,8.6,9.0,9.1,9.2,8.9,6.0,6.4,6.8,7.5,7.6,7.8,7.7,7.8,7.5,7.3,7.1,7.3,6.5,6.6,7.0,7.0,7.4,7.3,4.4,6.0,7.0,8.4,8.9,8.7,8.2,8.3,8.6,8.3,8.2,7.0,6.6,7.2,7.2,7.5,7.7,0.0
Normalized ROE,0.0,0.0,0.0,13.7,12.9,12.6,12.6,12.8,4.5,6.6,8.3,9.6,10.1,10.1,10.3,9.9,7.6,8.0,8.6,9.4,9.5,9.7,9.6,9.8,9.4,9.0,8.7,8.9,9.3,9.3,10.0,10.1,10.3,12.6,5.2,7.1,8.3,9.9,10.4,10.2,10.2,10.2,10.6,10.3,10.2,9.7,9.2,10.0,10.0,10.4,10.6,0.0
Return on Assets (ROA),0.0,0.0,0.0,6.7,6.2,6.5,6.5,5.9,2.5,3.8,5.1,6.0,6.5,6.6,6.7,6.6,4.3,4.4,4.9,4.9,4.7,4.9,4.9,5.4,5.2,5.3,5.7,5.8,5.3,5.3,5.6,5.4,5.3,5.1,2.5,3.2,3.9,4.9,5.9,6.2,5.9,5.9,6.0,5.8,5.6,5.1,4.9,5.0,5.0,5.2,5.6,6.0
Return on Capital Invested (ROCI),0.0,0.0,0.0,8.3,7.8,8.2,8.2,7.4,3.2,4.9,6.4,7.7,8.3,8.4,8.4,8.3,5.7,5.9,6.1,6.1,5.9,6.2,6.0,6.6,6.5,6.6,7.0,7.2,6.4,6.4,6.7,6.6,6.8,6.6,3.6,4.5,5.4,6.8,7.6,7.9,7.5,7.5,7.6,7.3,7.3,6.3,6.0,6.4,6.3,6.7,7.1,7.6
Return on Stock Equity (ROE),0.0,0.0,0.0,12.8,12.1,12.6,12.3,11.0,3.6,5.5,7.2,8.6,9.3,9.3,9.4,9.2,7.3,7.4,7.7,7.6,7.4,7.8,7.5,8.3,8.1,8.1,8.6,8.8,9.2,9.1,9.5,9.5,9.5,11.5,4.2,5.4,6.4,8.0,8.9,9.3,9.2,9.2,9.4,9.1,9.1,8.7,8.4,8.9,8.8,9.3,9.8,10.6
Revenue (YTD),163.7,330.5,481.5,651.2,169.8,342.6,511.0,687.1,274.9,641.9,982.7,"1,311.7",350.3,736.3,"1,091.6","1,417.0",415.8,"1,002.2","1,552.4","2,043.9",510.3,"1,116.6","1,653.0","2,154.7",526.5,"1,131.5","1,654.5","2,148.0",561.5,"1,269.4","1,934.8","2,524.8",663.7,"1,506.8","2,689.4","3,757.9","1,051.5","2,330.3","3,536.2","4,605.3","1,047.3","2,326.2","3,638.6","4,825.7","1,188.9","2,702.8","4,170.4","5,525.8","1,369.7","2,998.4","4,558.0","5,897.7"
accounts payable,36.8,33.6,27.6,30.0,34.1,34.1,30.6,32.4,71.8,67.6,48.8,68.7,70.1,62.2,56.5,66.3,101.9,117.7,100.9,105.3,124.0,141.4,80.6,89.0,95.0,94.1,80.6,93.5,108.7,133.2,114.6,119.8,154.9,146.8,176.4,199.0,196.1,200.1,150.4,179.5,183.6,194.2,174.9,234.9,288.1,260.7,232.4,274.7,283.2,290.1,251.6,285.8
accounts receivable,63.2,64.4,52.5,56.0,54.4,60.6,54.4,57.4,111.4,120.2,93.9,101.4,103.3,113.0,91.5,102.7,150.1,197.8,129.7,145.7,161.3,187.2,122.5,148.0,144.7,178.4,117.6,124.0,148.1,223.3,141.2,162.4,182.7,267.5,259.1,266.0,307.5,411.2,281.7,238.9,305.4,415.8,289.5,344.4,350.3,462.2,364.7,347.5,390.9,469.4,360.2,313.7
accrued expenses,0.0,0.0,0.0,8.6,0.0,0.0,0.0,11.6,0.0,0.0,0.0,29.3,0.0,0.0,0.0,0.0,0.0,0.0,0.0,0.0,0.0,0.0,0.0,0.0,0.0,0.0,0.0,0.0,0.0,0.0,0.0,0.0,0.0,0.0,0.0,0.0,0.0,0.0,0.0,0.0,0.0,0.0,0.0,0.0,0.0,0.0,0.0,0.0,0.0,0.0,0.0,0.0
accrued liabilities,0.0,0.0,0.0,0.0,0.0,0.0,0.0,0.0,0.0,0.0,0.0,0.0,0.0,0.0,0.0,25.3,0.0,0.0,0.0,0.0,0.0,0.0,0.0,29.2,0.0,0.0,0.0,24.7,0.0,0.0,0.0,32.4,0.0,0.0,0.0,115.5,0.0,145.0,112.5,112.6,79.2,113.9,82.3,124.9,81.4,97.0,54.1,145.4,115.0,131.2,89.8,0.0
accumulated depreciation,179.9,180.7,186.2,190.3,195.7,200.4,187.0,191.3,197.6,204.8,211.5,221.7,231.5,241.5,231.1,225.6,226.4,235.8,243.6,256.0,268.9,283.3,284.1,296.7,295.5,299.7,312.1,326.5,337.5,352.9,365.5,377.7,391.7,401.4,423.4,436.2,466.7,488.4,515.4,541.8,578.0,612.2,639.3,656.6,699.3,729.5,757.6,757.0,790.0,811.8,814.0,0.0
acquisitions,0.0,0.0,0.0,0.0,0.0,-5.6,-5.7,-5.7,-9.3,-9.9,-10.7,-10.8,0.0,0.0,0.0,-9.2,-97.3,-98.8,-99.2,-99.1,0.0,0.0,0.0,8.8,-19.4,19.5,23.6,23.6,-133.4,-160.1,-163.6,-217.5,-55.6,-56.1,-72.1,-77.3,0.0,0.0,0.0,19.6,0.0,0.0,0.0,0.0,-362.8,-353.6,-733.1,-728.0,0.0,0.0,0.0,0.0
additional paid-in capital,17.6,14.8,17.4,19.3,20.9,21.8,29.5,33.2,809.5,810.9,814.1,815.8,822.2,823.1,824.5,829.3,"1,221.9","1,234.6","1,227.2","1,240.1","1,242.6","1,241.9","1,237.8","1,212.6","1,209.0","1,206.0","1,218.8","1,230.3","1,239.3","1,241.3","1,221.5","1,195.3","1,199.4","1,202.9","4,542.9","4,577.5","4,558.9","4,562.7","4,571.8","4,604.9","4,587.8","4,592.7","4,460.7","4,425.1","4,406.8","4,389.6","4,372.5","4,288.7","4,295.8","4,221.5","4,225.8",0.0
adjustments to revenue,0.0,0.0,0.0,0.0,0.0,0.0,0.0,0.0,0.0,0.0,0.0,0.0,0.0,0.0,0.0,0.0,0.0,0.0,0.0,0.0,0.0,0.0,0.0,0.0,0.0,0.0,0.0,0.0,0.0,0.0,0.0,0.0,0.0,0.0,0.0,0.0,0.0,0.0,0.0,0.0,0.0,0.0,0.0,0.0,0.0,0.0,0.0,0.0,0.0,0.0,0.0,0.0
advertising,0.0,0.0,0.0,0.0,0.0,0.0,0.0,0.0,0.0,0.0,0.0,0.0,0.0,0.0,0.0,0.0,0.0,0.0,0.0,0.0,0.0,0.0,0.0,0.0,0.0,0.0,0.0,0.0,0.0,0.0,0.0,0.0,0.0,0.0,0.0,0.0,0.0,0.0,0.0,0.0,0.0,0.0,0.0,0.0,0.0,0.0,0.0,0.0,0.0,0.0,0.0,0.0
amortization,0.0,2.2,3.3,4.4,1.1,2.3,3.5,4.6,0.7,1.6,2.1,1.8,0.4,1.4,1.9,2.4,0.5,1.0,1.5,2.0,2.7,4.6,6.0,7.4,0.0,1.1,1.2,1.5,0.1,1.5,2.9,4.1,1.5,3.0,23.5,40.3,18.4,36.7,55.3,73.7,18.5,37.0,55.5,73.8,20.2,40.8,62.8,88.1,24.2,48.4,72.6,96.8
amortization of intangibles,0.0,0.0,0.0,0.0,0.0,0.0,0.0,0.0,0.0,0.0,0.0,0.0,0.0,0.0,0.0,0.0,0.0,0.0,0.0,0.0,0.0,0.0,0.0,0.0,0.0,0.0,0.0,0.0,0.0,0.0,0.0,0.0,0.0,0.0,0.0,0.0,0.0,0.0,0.0,0.0,0.0,0.0,0.0,0.0,0.0,0.0,0.0,0.0,0.0,0.0,0.0,0.0
asset turnover,0.0,0.0,0.0,0.0,1.3,1.4,1.4,1.4,0.8,1.0,1.1,1.2,0.9,0.9,0.9,0.9,0.7,0.7,0.9,0.9,0.8,0.8,0.8,0.8,0.8,0.8,0.8,0.8,0.7,0.8,0.8,0.9,0.8,0.8,0.6,0.7,0.7,0.8,0.6,0.6,0.6,0.5,0.6,0.6,0.6,0.6,0.6,0.6,0.6,0.6,0.6,0.6
auditor name,None,None,None,None,None,None,None,None,None,None,None,None,None,None,None,None,None,None,None,None,None,None,None,None,None,None,None,None,None,None,None,None,None,None,None,None,None,None,None,None,None,None,None,None,None,None,None,None,None,None,None,None
auditor report,None,None,None,None,None,None,None,None,None,None,None,None,None,None,None,None,None,None,None,None,None,None,None,None,None,None,None,None,None,None,None,None,None,None,None,None,None,None,None,None,None,None,None,None,None,None,None,None,None,None,None,None
basic earnings indicator,Y,Y,Y,Y,Y,Y,Y,Y,Y,Y,Y,Y,Y,Y,Y,Y,Y,Y,Y,Y,Y,Y,Y,Y,Y,Y,Y,Y,Y,Y,Y,Y,Y,Y,Y,Y,Y,Y,Y,Y,Y,Y,Y,Y,Y,Y,Y,Y,Y,Y,Y,Y
book value per share,11.90,10.43,10.70,10.73,10.84,10.94,11.43,11.92,21.58,21.97,22.36,22.59,22.81,23.39,23.88,24.13,27.82,28.73,28.81,28.88,29.00,29.61,29.93,30.34,30.49,30.90,31.04,31.62,32.09,33.34,33.10,32.95,33.18,12.77,41.50,41.54,42.33,43.16,43.99,44.71,45.15,46.05,46.24,46.35,46.76,47.11,47.54,46.82,47.30,47.51,48.49,48.00
building and improvements,88.1,78.2,79.9,79.9,80.3,80.7,84.4,87.1,105.5,105.8,103.6,117.6,117.5,118.8,112.1,127.2,179.2,184.5,170.0,175.7,178.1,187.3,192.1,196.5,173.0,173.0,173.4,177.0,189.7,188.2,189.3,202.6,202.9,208.2,265.4,273.3,283.2,292.0,300.6,308.4,310.4,312.1,305.2,348.0,369.9,383.1,407.9,460.2,479.5,488.9,490.3,0.0
capital lease obligations,0.0,0.0,0.0,0.0,0.0,0.0,0.0,0.0,0.0,0.0,0.0,0.0,0.0,0.0,0.0,0.0,0.0,0.0,0.0,0.0,0.0,0.0,0.0,0.0,0.0,0.0,0.0,0.0,0.0,0.0,0.0,0.0,0.0,0.0,0.0,0.0,0.0,0.0,0.0,0.0,0.0,0.0,0.0,0.0,0.0,0.0,0.0,0.0,0.0,0.0,0.0,0.0
cash as % of revenue,0.0,0.0,0.0,7.9,7.8,5.0,9.9,13.4,9.4,10.0,13.0,13.8,12.1,5.0,8.3,7.5,3.1,1.9,2.9,2.8,2.2,2.0,4.2,3.3,4.4,3.6,7.1,9.3,9.5,12.6,13.5,7.3,5.4,6.0,11.0,12.2,7.0,8.9,2.7,6.2,11.4,10.6,11.7,6.6,2.1,9.5,6.9,4.2,5.5,3.5,7.4,4.3
cash at beginning of period,23.8,23.8,23.8,23.8,51.1,51.1,51.1,51.1,91.9,91.9,91.9,91.9,181.2,181.2,181.2,181.2,105.6,104.6,104.6,104.6,58.1,58.1,58.1,58.1,72.0,72.0,72.0,72.0,200.1,200.1,200.1,200.1,184.2,171.5,171.5,171.5,456.7,456.7,456.7,456.7,283.6,283.6,283.6,283.6,319.8,319.8,319.8,319.8,229.7,229.7,229.7,229.7
cash end of period,25.4,9.2,30.8,51.1,51.0,33.2,67.4,91.9,74.1,98.8,150.8,181.2,167.5,70.2,118.3,106.6,45.5,32.5,55.5,58.1,47.5,42.4,89.2,72.0,96.1,77.7,152.2,200.1,206.7,287.1,327.7,184.2,142.7,166.3,359.9,456.7,289.8,409.7,125.6,283.6,522.8,487.5,549.6,319.8,102.5,496.3,370.4,229.7,311.5,203.6,438.8,256.4
cash flow,0.0,0.0,0.0,58.6,64.3,60.2,61.8,59.4,68.0,91.2,113.1,134.1,146.4,151.5,155.7,151.2,158.5,166.8,176.1,185.1,189.9,201.3,200.7,214.4,209.8,206.1,211.2,216.1,227.9,233.9,237.6,233.0,236.1,238.6,302.4,385.7,468.6,584.9,644.2,676.0,685.0,717.8,730.2,719.1,738.1,709.9,691.2,706.7,711.7,734.2,774.3,0.0
cash flow per share,0.00,0.00,0.00,2.54,2.79,2.60,2.63,2.53,1.37,1.84,2.27,2.69,2.93,3.03,3.11,3.01,2.72,2.85,3.02,3.16,3.25,3.45,3.45,3.77,3.66,3.63,3.73,3.81,3.96,4.07,4.25,4.27,4.31,2.01,2.55,3.24,3.94,4.92,5.41,5.68,5.73,6.01,6.30,6.30,6.45,6.24,6.10,6.41,6.44,6.77,7.14,0.00
cash from discontinued financing activities,0.0,0.0,0.0,0.0,0.0,0.0,0.0,0.0,0.0,0.0,0.0,0.0,0.0,0.0,0.0,0.0,0.0,0.0,0.0,-46.0,0.0,0.0,0.0,0.0,0.0,0.0,0.0,0.0,0.0,0.0,0.0,0.0,0.0,0.0,0.0,0.0,0.0,0.0,0.0,0.0,0.0,0.0,0.0,0.0,0.0,0.0,0.0,0.0,0.0,0.0,0.0,0.0
cash from discontinued investing activities,0.0,0.0,0.0,0.0,0.0,0.0,0.0,0.0,0.0,0.0,0.0,0.0,0.0,0.0,0.0,0.0,0.0,0.0,0.0,0.0,0.0,0.0,0.0,0.0,0.0,0.0,0.0,0.0,0.0,0.0,0.0,0.0,0.0,0.0,0.0,0.0,0.0,0.0,0.0,0.0,0.0,0.0,0.0,0.0,0.0,0.0,0.0,0.0,0.0,0.0,0.0,0.0
cash per share,0.95,0.40,1.34,2.22,2.21,1.43,2.87,3.91,1.50,1.99,3.03,3.64,3.35,1.40,2.36,2.12,0.78,0.56,0.95,0.99,0.81,0.73,1.53,1.26,1.68,1.37,2.69,3.52,3.59,4.99,5.86,3.37,2.61,1.40,3.04,3.84,2.44,3.44,1.05,2.38,4.37,4.08,4.74,2.80,0.90,4.36,3.27,2.08,2.82,1.88,4.05,2.39
common par,7.1,6.0,6.1,6.1,6.1,6.1,6.2,6.2,12.4,12.4,12.4,12.4,12.5,12.5,12.5,12.5,14.6,14.6,14.6,14.6,14.6,14.6,14.5,14.2,14.3,14.2,0.0,0.0,14.4,14.4,0.0,0.0,0.0,0.0,29.6,0.0,29.7,29.7,29.8,0.0,29.9,29.9,29.0,0.0,28.6,28.5,28.3,0.0,0.0,0.0,0.0,0.0
common stock equity,318.5,238.4,245.3,247.1,250.1,253.4,268.2,280.1,"1,069.3","1,090.3","1,113.0","1,124.2","1,139.5","1,170.9","1,196.3","1,210.7","1,623.6","1,679.0","1,678.6","1,690.8","1,694.2","1,728.3","1,741.6","1,728.1","1,745.5","1,754.7","1,755.4","1,795.7","1,845.7","1,917.9","1,850.6","1,799.9","1,817.3","1,512.3","4,914.9","4,939.9","5,034.3","5,135.4","5,240.2","5,326.3","5,395.1","5,504.0","5,363.3","5,292.4","5,348.3","5,363.3","5,384.1","5,163.4","5,223.5","5,152.7","5,260.2","5,148.8"
construction in progress,35.9,26.6,28.8,17.1,17.3,14.1,9.0,7.5,13.0,13.9,20.9,21.5,40.8,57.9,72.4,70.3,72.8,34.5,44.5,26.1,30.0,28.9,29.7,21.0,20.7,17.8,23.5,25.3,30.5,41.5,44.7,39.5,41.5,47.4,60.0,48.6,45.4,71.3,34.9,31.4,43.8,58.0,77.7,76.8,103.8,129.3,171.6,143.0,111.8,110.9,121.3,0.0
cost in excess,0.0,0.0,0.0,0.0,0.0,0.0,0.0,33.5,495.7,0.0,0.0,0.0,0.0,0.0,0.0,0.0,0.0,0.0,0.0,0.0,0.0,0.0,0.0,941.0,955.5,990.6,988.8,990.8,"1,069.7","1,118.3","1,110.3","1,132.5","1,149.5","1,121.4","2,688.8","2,791.4","2,802.8","2,802.8","2,804.3","2,807.7","2,806.9","2,807.4","2,808.7","2,812.7","2,903.7","2,898.0","3,033.5","3,054.6","3,053.2","3,053.5","3,053.7","3,052.9"
cost of sales,105.6,97.3,89.9,118.8,105.7,109.5,106.3,112.2,174.4,231.3,209.0,203.2,218.9,237.6,215.6,213.6,260.3,386.3,361.6,324.3,327.0,386.2,354.0,324.5,353.3,400.0,335.5,298.3,360.6,474.1,453.6,391.6,439.4,583.2,757.6,643.9,620.2,760.6,719.9,609.6,609.5,735.5,794.3,722.1,719.8,974.3,965.4,862.1,860.3,"1,048.7",986.1,820.9
cost of sales with depreciation,105.6,110.4,96.5,126.0,112.9,116.8,113.4,119.1,182.6,240.6,217.9,214.6,229.6,249.0,225.5,221.6,271.2,400.0,376.0,341.3,345.6,402.8,372.6,341.7,368.5,413.8,350.1,313.6,375.5,489.4,469.9,407.8,455.9,599.7,781.6,669.4,645.5,786.5,747.6,639.0,638.9,784.2,837.9,766.2,757.8,"1,015.2","1,002.0",905.6,899.9,"1,086.8","1,023.3",860.0
cumulative translation adjustments,-10.2,-13.9,-12.6,-16.6,-18.2,-20.1,0.0,0.0,0.0,0.0,0.0,0.0,0.0,0.0,0.0,0.0,0.0,0.0,0.0,0.0,0.0,0.0,0.0,0.0,0.0,0.0,0.0,0.0,0.0,0.0,0.0,0.0,0.0,0.0,0.0,0.0,0.0,0.0,0.0,0.0,0.0,0.0,0.0,0.0,0.0,0.0,0.0,0.0,0.0,0.0,0.0,0.0
current assets per share,8.99,9.58,9.58,9.95,10.69,10.39,11.08,11.91,8.03,8.57,8.79,9.38,9.62,8.52,8.86,8.48,9.83,10.62,10.09,9.50,10.59,11.09,10.32,10.04,11.81,10.69,10.29,11.26,15.91,16.40,15.28,14.21,15.25,8.49,11.35,11.76,12.13,13.71,9.43,10.27,14.23,15.51,14.56,14.34,15.21,19.27,15.95,14.90,16.30,16.01,16.09,14.87
current defered income taxes,0.0,0.0,0.0,0.0,0.0,0.0,0.0,0.0,0.0,0.0,0.0,0.0,0.0,0.0,0.0,0.0,0.0,0.0,0.0,0.0,0.0,0.0,0.0,0.0,0.0,0.0,0.0,0.0,0.0,0.0,0.0,0.0,0.0,0.0,0.0,0.0,0.0,0.0,0.0,0.0,0.0,0.0,0.0,0.0,0.0,0.0,0.0,0.0,0.0,0.0,0.0,0.0
current deferred income taxes,0.0,0.0,0.0,0.0,0.0,0.0,0.0,0.0,0.0,0.0,0.0,0.0,0.0,0.0,0.0,0.0,0.0,0.0,0.0,0.0,0.0,0.0,0.0,0.0,0.0,0.0,0.0,0.0,0.0,0.0,0.0,0.0,0.0,0.0,0.0,0.0,0.0,0.0,0.0,0.0,0.0,0.0,0.0,0.0,0.0,0.0,0.0,0.0,0.0,0.0,0.0,0.0
current liabilities per share,2.90,3.04,2.82,2.92,3.46,3.41,3.28,3.42,3.35,3.46,3.30,3.36,3.63,3.28,3.14,3.49,6.99,7.85,6.55,5.27,6.09,6.12,4.56,4.13,5.06,5.01,4.38,4.16,4.94,5.10,4.36,4.38,7.37,3.95,9.49,8.92,8.41,9.31,3.93,4.02,3.80,3.99,3.65,4.23,7.65,4.79,4.36,5.59,6.43,6.51,5.47,5.56
current ratio,3.1,3.2,3.4,3.4,3.1,3.0,3.4,3.5,2.4,2.5,2.7,2.8,2.7,2.6,2.8,2.4,1.4,1.4,1.5,1.8,1.7,1.8,2.3,2.4,2.3,2.1,2.4,2.7,3.2,3.2,3.5,3.2,2.1,2.2,1.2,1.3,1.4,1.5,2.4,2.6,3.7,3.9,4.0,3.4,2.0,4.0,3.7,2.7,2.5,2.5,2.9,2.7
decrease (increase) in other current liabilities,0.0,0.0,0.0,0.9,0.0,0.0,0.0,-3.1,0.0,0.0,0.0,35.4,0.0,0.0,0.0,-16.0,0.0,0.0,0.0,-2.5,0.0,0.0,0.0,0.0,0.0,0.0,0.0,-15.1,0.0,0.0,0.0,-22.3,0.0,0.0,0.0,22.9,0.0,0.0,0.0,55.4,-43.6,-105.2,-97.0,-66.2,30.6,-33.1,-30.1,-3.0,44.8,-13.4,-6.8,-18.9
decrease (increase) in other working capital,4.8,-1.5,15.0,0.0,0.0,0.0,-7.9,0.0,0.0,0.0,0.0,0.0,0.0,0.0,0.0,-5.0,0.0,0.0,-21.7,0.0,14.3,21.1,36.2,49.2,16.0,15.7,15.6,6.6,6.7,-0.9,-14.0,13.4,21.7,2.3,25.4,-83.3,22.8,49.6,48.3,33.5,-7.3,-11.9,-22.2,13.2,1.7,14.0,15.0,-41.5,-6.6,12.2,-1.5,-5.4
decrease (increase) in payables,0.0,0.0,0.0,10.2,0.0,0.0,0.0,12.5,0.0,0.0,0.0,56.2,0.0,0.0,0.0,3.4,0.0,0.0,0.0,-43.6,30.4,26.4,-63.4,-63.9,19.5,26.7,-8.0,1.0,22.1,62.8,25.1,7.0,73.9,108.8,93.7,67.9,16.5,91.1,-11.1,-34.6,33.0,95.2,36.6,84.6,55.4,71.1,-0.7,72.8,61.1,98.9,2.0,11.2
deferred income taxes,0.0,0.0,0.0,2.0,0.0,0.0,0.0,1.5,0.0,0.0,0.0,-3.7,0.0,0.0,0.0,6.1,0.0,0.0,0.0,36.2,0.0,0.0,0.0,33.1,0.0,0.0,0.0,22.5,0.0,0.0,0.0,18.2,0.0,0.0,0.0,25.5,0.0,0.0,0.0,-39.3,0.0,0.0,0.0,-59.8,0.0,0.0,0.0,-17.2,0.0,0.0,0.0,0.0
deferred revenues,0.0,0.0,0.0,0.0,0.0,0.0,0.0,0.0,0.0,0.0,0.0,0.0,0.0,0.0,0.0,0.0,0.0,0.0,0.0,0.0,0.0,0.0,0.0,0.0,0.0,0.0,0.0,0.0,0.0,0.0,0.0,0.0,0.0,0.0,0.0,0.0,0.0,0.0,0.0,0.0,0.0,0.0,0.0,0.0,0.0,0.0,0.0,0.0,0.0,0.0,0.0,0.0
depreciation,0.0,10.8,16.4,22.5,6.0,12.2,18.1,23.9,7.5,15.9,24.3,35.9,10.2,20.7,30.0,37.4,10.4,23.6,37.5,54.1,15.9,30.7,47.9,63.6,15.1,27.9,42.4,57.3,14.8,28.7,43.5,58.5,15.0,30.0,54.0,79.5,25.3,51.1,78.9,108.2,29.4,78.1,121.7,165.8,38.0,78.9,115.5,158.9,39.6,77.8,115.0,154.1
depreciation (unrecognized),0.0,0.0,0.0,0.0,0.0,0.0,0.0,0.0,0.0,0.0,0.0,0.0,0.0,0.0,0.0,0.0,0.0,0.0,0.0,0.0,0.0,0.0,0.0,0.0,0.0,0.0,0.0,0.0,0.0,0.0,0.0,0.0,0.0,0.0,0.0,0.0,0.0,0.0,0.0,0.0,0.0,0.0,0.0,0.0,0.0,0.0,0.0,0.0,0.0,0.0,0.0,0.0
domestic sales,0.0,0.0,0.0,0.0,0.0,0.0,0.0,0.0,0.0,0.0,0.0,0.0,0.0,0.0,0.0,0.0,0.0,0.0,0.0,0.0,0.0,0.0,0.0,0.0,0.0,0.0,0.0,0.0,0.0,0.0,0.0,0.0,0.0,0.0,0.0,0.0,0.0,0.0,0.0,0.0,0.0,0.0,0.0,0.0,0.0,0.0,0.0,0.0,0.0,0.0,0.0,0.0
earnings from equity interest,0.0,0.0,0.0,0.0,0.0,0.0,0.0,0.0,0.0,0.0,0.0,0.0,0.0,0.0,0.0,0.0,0.0,0.0,0.0,0.0,0.0,0.0,0.0,0.0,0.0,0.0,0.0,0.0,0.0,0.0,0.0,0.0,0.0,0.0,0.0,0.0,0.0,0.0,0.0,0.0,0.0,0.0,0.0,0.0,0.0,0.0,0.0,0.0,0.0,0.0,0.0,0.0
earnings period indicator,Q,S,N,F,Q,S,N,F,Q,S,N,F,Q,S,N,F,Q,S,N,F,Q,S,N,F,Q,S,N,F,Q,S,N,F,Q,S,N,F,Q,S,N,F,Q,S,N,F,Q,S,N,F,Q,S,N,F
effect exchange rate changes,-0.2,-0.6,-0.3,-0.9,0.1,-0.3,-0.3,0.1,0.4,0.7,1.6,3.1,0.7,2.5,3.0,2.0,0.8,1.1,1.3,-3.1,-0.2,-0.4,-0.2,0.6,0.1,-0.2,-3.3,-0.6,1.9,5.1,4.9,5.1,-0.4,-0.9,-4.7,2.5,3.3,3.2,4.2,6.4,-0.8,0.0,1.8,8.0,-1.3,-6.0,-6.5,-4.8,-2.0,-1.5,-1.1,-2.5
effective tax rate,0.0,0.0,0.0,36.6,36.5,36.7,37.3,38.5,38.2,38.0,37.9,38.0,37.9,37.7,37.6,37.7,37.5,37.2,36.8,36.2,35.8,35.6,35.8,33.5,33.6,33.4,32.6,34.8,35.1,34.6,34.3,33.1,32.4,32.3,32.2,32.9,33.5,34.0,33.6,32.4,31.6,30.9,31.2,33.1,33.5,34.0,34.4,34.4,34.6,34.4,34.4,0.0
excise taxes,0.0,0.0,0.0,0.0,0.0,0.0,0.0,0.0,0.0,0.0,0.0,0.0,0.0,0.0,0.0,0.0,0.0,0.0,0.0,0.0,0.0,0.0,0.0,0.0,0.0,0.0,0.0,0.0,0.0,0.0,0.0,0.0,0.0,0.0,0.0,0.0,0.0,0.0,0.0,0.0,0.0,0.0,0.0,0.0,0.0,0.0,0.0,0.0,0.0,0.0,0.0,0.0
extraordinary gains,0.0,0.0,0.0,0.0,0.0,0.0,0.0,0.0,0.0,0.0,0.0,0.0,0.0,0.0,0.0,0.0,0.0,0.0,0.0,0.0,0.0,0.0,0.0,0.0,0.0,0.0,0.0,0.0,0.0,0.0,0.0,0.0,0.0,0.0,0.0,0.0,0.0,0.0,0.0,0.0,0.0,0.0,0.0,0.0,0.0,0.0,0.0,0.0,0.0,0.0,0.0,0.0
extraordinary income/losses,0.0,0.0,0.0,0.0,0.0,0.0,0.0,0.0,0.0,0.0,0.0,0.0,0.0,0.0,0.0,0.0,0.0,0.0,0.0,0.0,0.0,0.0,0.0,0.0,0.0,0.0,0.0,0.0,0.0,0.0,0.0,0.0,0.0,0.0,0.0,0.0,0.0,0.0,0.0,0.0,0.0,0.0,0.0,0.0,0.0,0.0,0.0,0.0,0.0,0.0,0.0,0.0
foreign sales,0.0,0.0,0.0,0.0,0.0,0.0,0.0,0.0,0.0,0.0,0.0,0.0,0.0,0.0,0.0,0.0,0.0,0.0,0.0,0.0,0.0,0.0,0.0,0.0,0.0,0.0,0.0,0.0,0.0,0.0,0.0,0.0,0.0,0.0,0.0,0.0,0.0,0.0,0.0,0.0,0.0,0.0,0.0,0.0,0.0,0.0,0.0,0.0,0.0,0.0,0.0,0.0
free cash flow,1.3,3.7,23.3,42.1,-0.4,-19.2,-0.1,22.3,-18.9,3.2,73.7,72.1,-17.8,-43.9,-10.7,-29.1,-164.4,-145.9,-71.9,-48.3,-9.1,-2.4,34.8,81.2,10.7,63.2,144.9,176.4,-157.6,-190.2,-90.2,-170.5,-39.7,-103.1,-215.1,-126.3,-94.9,96.8,271.4,429.8,-101.8,-137.9,140.2,17.5,-538.9,-534.2,-620.1,-485.0,77.6,151.0,370.6,426.5
free cash flow per share,0.05,0.16,1.02,1.83,-0.02,-0.83,0.00,0.95,-0.38,0.06,1.48,1.45,-0.36,-0.88,-0.21,-0.58,-2.82,-2.50,-1.23,-0.82,-0.16,-0.04,0.60,1.43,0.19,1.11,2.56,3.11,-2.74,-3.31,-1.61,-3.12,-0.73,-0.87,-1.82,-1.06,-0.80,0.81,2.28,3.61,-0.85,-1.15,1.21,0.15,-4.71,-4.69,-5.48,-4.40,0.70,1.39,3.42,3.98
gross fixed assets,358.0,351.6,358.6,361.9,367.1,371.5,352.0,354.1,478.2,484.5,476.1,496.7,520.2,546.5,543.0,555.3,737.0,755.4,751.5,777.1,790.9,811.1,808.2,824.5,751.8,757.6,765.4,780.5,817.9,845.7,855.0,874.0,897.7,915.4,"1,265.0","1,274.7","1,305.0","1,361.5","1,383.1","1,400.1","1,425.2","1,453.3","1,480.4","1,524.5","1,625.0","1,677.8","1,821.9","1,853.1","1,891.0","1,925.3","1,935.6","1,142.5"
gross margin,58.1,69.5,61.1,50.9,64.1,63.4,62.1,63.9,100.5,135.7,131.9,125.8,131.4,148.4,139.7,111.8,155.5,202.6,188.6,167.2,183.4,220.1,182.5,177.2,173.2,205.0,187.6,195.2,200.9,233.8,211.7,198.4,224.3,259.9,425.0,424.6,431.3,518.1,486.0,459.4,437.8,543.4,518.1,465.1,469.1,539.6,502.3,493.2,509.4,580.1,573.5,518.7
gross profit margin,0.0,0.0,0.0,36.8,37.4,36.1,35.3,36.9,36.6,36.7,37.3,37.6,37.8,38.2,38.4,37.6,37.5,36.2,35.0,34.9,34.6,35.2,35.1,35.5,34.7,34.0,34.5,35.4,36.1,35.8,34.7,33.5,33.0,32.4,33.8,35.4,37.2,39.3,40.4,41.1,41.3,41.9,41.6,40.7,40.2,38.3,36.9,36.3,35.8,35.8,36.5,0.0
income before income taxes,16.2,10.1,10.8,12.8,13.7,12.9,13.0,10.5,25.8,46.9,45.1,37.5,41.3,51.3,50.1,36.1,43.3,64.1,55.5,41.6,45.6,72.6,49.6,47.9,44.2,70.6,60.4,65.7,63.8,75.9,62.2,52.9,63.4,77.2,114.4,141.0,151.2,215.0,197.2,167.4,149.8,221.7,195.8,149.9,166.8,193.2,177.2,163.9,167.3,224.2,234.0,191.9
income from cum. effect of acct. change,0.0,0.0,0.0,-1.0,0.0,0.0,0.0,0.0,0.0,0.0,0.0,0.0,0.0,0.0,0.0,0.0,0.0,0.0,0.0,0.0,0.0,0.0,0.0,0.0,0.0,0.0,0.0,0.0,0.0,0.0,0.0,0.0,0.0,0.0,0.0,0.0,0.0,0.0,0.0,0.0,0.0,0.0,0.0,0.0,0.0,0.0,0.0,0.0,0.0,0.0,0.0,0.0
income from tax loss carryforward,0.0,0.0,0.0,0.0,0.0,0.0,0.0,0.0,0.0,0.0,0.0,0.0,0.0,0.0,0.0,0.0,0.0,0.0,0.0,0.0,0.0,0.0,0.0,0.0,0.0,0.0,0.0,0.0,0.0,0.0,0.0,0.0,0.0,0.0,0.0,0.0,0.0,0.0,0.0,0.0,0.0,0.0,0.0,0.0,0.0,0.0,0.0,0.0,0.0,0.0,0.0,0.0
income per employee,None,None,None,14071,None,None,None,13413,None,None,None,34718,None,None,None,37746,None,None,None,34885,None,None,None,40958,None,None,None,51973,None,None,None,52424,None,None,None,56586,None,None,None,101884,None,None,None,106552,None,None,None,94793,None,None,None,None
income taxes,6.3,3.9,3.9,4.1,5.4,5.0,5.1,3.9,9.8,17.8,17.2,14.2,15.5,19.2,18.8,14.0,15.9,23.5,20.0,14.8,15.7,26.1,18.3,12.2,15.5,25.1,20.0,23.2,23.1,25.7,19.8,15.9,21.2,25.8,36.4,46.8,53.2,75.0,61.7,46.8,46.9,72.0,63.8,55.0,55.3,66.0,60.4,59.8,56.4,75.4,79.8,61.5
"income, acquired in process r&a;",0.0,0.0,0.0,0.0,0.0,0.0,0.0,0.0,0.0,0.0,0.0,0.0,0.0,0.0,0.0,0.0,0.0,0.0,0.0,0.0,0.0,0.0,0.0,0.0,0.0,0.0,0.0,0.0,0.0,0.0,0.0,0.0,0.0,0.0,0.0,0.0,0.0,0.0,0.0,0.0,0.0,0.0,0.0,0.0,0.0,0.0,0.0,0.0,0.0,0.0,0.0,0.0
intangibles,49.3,47.4,46.9,45.6,44.6,43.6,48.2,14.8,331.7,829.3,849.1,846.4,847.0,847.6,847.9,854.3,"1,507.6","1,519.3","1,403.8","1,421.0","1,418.9","1,420.8","1,422.7",472.9,474.4,478.3,476.7,478.2,600.6,590.9,592.8,614.0,632.9,638.4,"3,270.6","3,099.0","3,088.4","3,070.0","3,042.9","3,026.5","3,007.2","2,989.4","2,955.3","2,940.0","3,132.8","3,099.1",0.0,"3,187.0","3,162.0","3,138.1","3,114.0","3,089.4"
intangibles as % of book-value,15.5,19.9,19.1,18.5,17.8,17.2,18.0,17.3,77.4,76.1,76.3,75.3,74.3,72.4,70.9,70.6,92.9,90.5,83.6,84.0,83.8,82.2,81.7,81.8,81.9,83.7,83.5,81.8,90.5,89.1,92.0,97.0,98.1,116.4,121.3,119.2,117.0,114.4,111.6,109.5,107.8,105.3,107.5,108.7,112.9,111.8,56.3,120.9,119.0,120.2,117.3,119.3
interest as % of invested capital,0.0,0.0,0.0,2.0,2.4,2.5,2.3,2.2,0.8,0.7,0.8,0.7,0.7,0.6,0.5,0.5,0.4,0.6,0.8,1.1,1.1,1.1,1.1,1.1,1.1,1.1,1.1,1.1,1.0,1.2,1.4,1.6,1.7,1.6,0.9,1.1,1.2,1.3,1.1,1.0,0.9,0.9,1.0,1.1,1.0,0.9,1.0,1.1,1.2,1.3,1.3,1.3
interest coverage (cont. operations),0.0,0.0,0.0,7.4,6.2,6.3,6.6,6.5,7.7,11.5,14.7,18.8,21.3,23.4,26.9,29.1,21.4,16.0,12.3,10.1,9.5,9.8,9.6,10.0,9.9,9.9,10.5,11.3,10.5,9.2,8.2,7.0,6.9,6.9,6.7,7.3,7.8,9.1,11.2,12.2,12.6,12.5,11.9,11.3,11.7,11.2,10.2,9.6,8.8,8.7,9.3,0.0
interest expense,0.9,2.0,2.2,2.7,2.3,2.4,2.1,2.5,2.3,2.3,2.3,1.9,2.0,1.7,1.4,1.3,4.5,5.8,6.2,6.2,6.1,6.0,6.0,5.9,6.1,5.9,5.7,5.7,10.1,10.9,10.7,10.4,10.7,11.3,22.0,18.5,19.0,17.5,14.2,14.5,16.5,18.5,18.1,16.4,15.4,19.4,23.6,22.8,23.9,24.3,24.2,21.0
interest income,0.8,0.7,0.6,0.9,0.7,0.6,0.4,0.5,0.6,0.6,0.4,0.4,0.5,0.9,1.0,0.9,0.7,0.7,1.0,2.3,1.8,1.3,1.7,1.8,2.0,2.0,2.6,2.6,3.5,3.8,3.7,2.2,1.3,1.9,1.8,1.9,1.4,0.7,0.3,0.4,0.4,0.6,0.8,0.7,0.3,0.3,0.5,0.4,0.3,0.4,0.5,-1.1
inventories,134.9,132.2,122.1,108.0,129.6,132.4,123.3,116.5,195.7,188.6,176.4,169.1,194.6,194.9,185.2,189.0,328.1,329.3,301.5,284.5,344.2,348.9,321.5,297.6,305.1,300.1,277.3,286.1,389.1,400.0,348.3,379.6,471.8,500.6,658.5,603.9,786.8,762.0,663.4,654.9,765.9,822.6,735.3,863.6,"1,213.8","1,144.0",990.8,961.6,"1,019.3",975.4,878.2,945.5
"inventories, finished goods",52.1,50.3,52.6,52.0,56.8,55.4,55.4,52.8,91.5,98.7,89.5,85.5,100.2,98.4,105.6,107.6,204.5,203.4,188.4,176.2,215.4,225.7,206.1,197.6,200.5,201.6,181.5,196.2,267.7,282.3,238.1,280.6,341.1,335.6,400.0,409.6,497.6,505.4,409.9,413.3,495.6,518.8,445.5,518.2,753.1,704.5,630.6,643.5,647.2,613.2,575.9,0.0
"inventories, other",0.0,0.0,0.0,0.0,0.0,0.0,0.0,0.0,0.0,0.0,0.0,0.0,0.0,0.0,0.0,0.0,0.0,0.0,0.0,0.0,0.0,0.0,0.0,0.0,0.0,0.0,0.0,0.0,0.0,0.0,0.0,0.0,0.0,0.0,0.0,0.0,0.0,0.0,0.0,0.0,0.0,0.0,0.0,0.0,0.0,0.0,0.0,0.0,0.0,0.0,0.0,945.5
"inventories, purchased components",0.0,0.0,0.0,0.0,0.0,0.0,0.0,0.0,0.0,0.0,0.0,0.0,0.0,0.0,0.0,0.0,0.0,0.0,0.0,0.0,0.0,0.0,0.0,0.0,0.0,0.0,0.0,0.0,0.0,0.0,0.0,0.0,0.0,0.0,0.0,0.0,0.0,0.0,0.0,0.0,0.0,0.0,0.0,0.0,0.0,0.0,0.0,0.0,0.0,0.0,0.0,0.0
"inventories, raw materials",82.8,81.9,69.5,56.0,72.8,77.0,68.0,63.7,104.2,89.9,87.0,83.6,94.4,96.5,79.5,81.4,123.6,125.9,113.0,108.3,128.8,123.2,115.4,100.0,104.5,98.5,95.8,89.9,121.4,117.7,110.1,99.0,130.7,165.0,258.4,194.3,289.2,256.7,253.5,241.7,270.3,303.8,289.7,345.3,460.8,439.4,360.2,318.1,372.2,362.2,302.3,0.0
"inventories, work in progress",0.0,0.0,0.0,0.0,0.0,0.0,0.0,0.0,0.0,0.0,0.0,0.0,0.0,0.0,0.0,0.0,0.0,0.0,0.0,0.0,0.0,0.0,0.0,0.0,0.0,0.0,0.0,0.0,0.0,0.0,0.0,0.0,0.0,0.0,0.0,0.0,0.0,0.0,0.0,0.0,0.0,0.0,0.0,0.0,0.0,0.0,0.0,0.0,0.0,0.0,0.0,0.0
inventory as % of revenue,0.0,0.0,0.0,16.6,19.7,20.0,18.1,17.0,24.7,19.1,15.2,12.9,14.0,13.9,13.0,13.3,22.1,19.5,16.0,13.9,16.1,16.2,15.0,13.8,14.1,13.8,12.9,13.3,17.8,17.5,14.3,15.0,18.0,18.1,20.1,16.1,19.0,16.6,14.4,14.2,16.6,17.9,15.6,17.9,24.4,22.0,18.5,17.4,17.9,16.8,14.9,16.0
inventory turnover,0.0,0.0,0.0,0.0,3.1,3.2,3.6,3.9,3.1,3.9,4.8,5.7,4.4,4.5,4.8,4.9,3.5,4.1,5.0,5.6,4.2,4.1,4.5,4.8,4.4,4.4,4.7,4.8,4.0,4.2,5.1,5.0,4.1,4.1,4.3,4.9,4.1,4.4,4.2,4.3,3.5,3.4,3.9,3.8,3.0,3.3,3.9,3.9,3.3,3.5,4.0,0.0
invested capital,393.5,373.4,380.3,382.1,385.1,388.4,403.2,415.1,"1,204.3","1,225.3","1,248.0","1,259.2","1,274.5","1,305.9","1,331.3","1,345.7","2,074.8","2,112.1","2,110.9","2,122.4","2,125.0","2,158.3","2,171.0","2,156.7","2,173.4","2,148.8","2,148.8","2,188.3","2,637.6","2,709.1","2,641.0","2,589.5","2,531.2","2,625.5","5,824.9","5,849.9","5,944.3","6,035.4","6,140.2","6,226.3","6,695.1","6,804.0","6,663.3","6,596.4","6,666.7","7,435.2","7,455.3","7,183.9","7,243.3","7,171.9","7,278.7","7,116.6"
issuance of capital stock,0.0,0.0,0.0,0.0,0.0,0.0,0.0,0.0,0.0,0.0,0.0,0.0,0.0,0.0,0.0,0.0,0.0,0.0,0.0,0.0,0.0,0.0,0.0,0.0,0.0,0.0,0.0,25.8,16.3,16.7,16.7,17.2,0.6,1.9,1.9,2.0,1.2,1.7,6.3,6.4,1.3,2.1,10.0,14.5,0.2,0.5,1.7,2.8,0.2,0.8,1.9,2.2
issuance of debt,0.0,60.0,60.0,60.0,0.0,0.0,0.0,0.0,0.0,0.0,0.0,0.0,0.0,0.0,0.0,0.0,196.4,236.2,238.4,133.2,0.0,4.1,0.8,0.0,20.6,0.0,0.0,0.0,400.0,400.0,400.0,400.0,0.0,400.0,400.0,400.0,0.0,0.0,0.0,0.0,400.0,400.0,400.0,400.0,306.7,748.6,748.6,748.6,0.0,0.0,0.0,0.0
land and improvements,18.6,17.5,17.5,17.7,17.7,17.7,18.5,16.9,23.4,23.7,26.6,26.3,27.4,27.9,27.4,29.6,35.6,36.0,42.5,42.0,42.5,44.0,42.4,43.2,38.7,38.7,41.2,41.5,43.3,45.3,45.2,45.5,45.9,45.8,51.0,51.1,54.8,58.5,60.0,63.0,63.2,63.5,72.2,77.1,87.0,87.5,88.4,89.6,90.3,92.5,96.0,0.0
leverage ratio,1.5,1.9,1.9,1.9,1.9,1.9,1.9,1.9,1.4,1.4,1.4,1.4,1.4,1.4,1.4,1.4,1.7,1.7,1.6,1.6,1.6,1.6,1.5,1.5,1.6,1.5,1.5,1.5,1.7,1.7,1.7,1.7,1.8,2.2,1.7,1.7,1.6,1.6,1.5,1.5,1.6,1.6,1.6,1.6,1.6,1.7,1.7,1.8,1.8,1.8,1.7,1.8
loans receivable,0.0,0.0,0.0,0.0,0.0,0.0,0.0,0.0,0.0,0.0,0.0,0.0,0.0,0.0,0.0,0.0,0.0,0.0,0.0,0.0,0.0,0.0,0.0,0.0,0.0,0.0,0.0,0.0,0.0,0.0,0.0,0.0,0.0,0.0,0.0,0.0,0.0,0.0,0.0,0.0,0.0,0.0,0.0,0.0,0.0,0.0,0.0,0.0,0.0,0.0,0.0,0.0
long-term debt,75.0,135.0,135.0,135.0,135.0,135.0,135.0,135.0,135.0,135.0,135.0,135.0,135.0,135.0,135.0,135.0,451.1,433.0,432.3,431.6,430.8,430.1,429.3,428.6,427.9,394.1,393.4,392.6,791.9,791.2,790.4,789.7,713.9,"1,113.2",910.0,910.0,910.0,900.0,900.0,900.0,"1,300.0","1,300.0","1,300.0","1,304.0","1,318.5","2,071.9","2,071.2","2,020.5","2,019.9","2,019.2","2,018.5","1,967.8"
long-term debt per share,2.80,5.91,5.89,5.86,5.85,5.83,5.75,5.74,2.72,2.72,2.71,2.71,2.70,2.70,2.69,2.69,7.73,7.41,7.42,7.37,7.37,7.37,7.38,7.53,7.47,6.94,6.96,6.92,13.77,13.75,14.14,14.46,13.04,9.40,7.68,7.65,7.65,7.56,7.56,7.56,10.88,10.88,11.21,11.42,11.53,18.20,18.29,18.32,18.29,18.62,18.61,18.35
marketable securities,0.0,0.0,0.0,0.0,0.0,0.0,0.0,0.0,0.0,0.0,0.0,0.0,0.0,29.5,24.3,15.1,0.0,0.0,7.7,17.7,20.0,19.9,15.2,14.9,5.0,5.0,0.0,0.0,144.6,0.0,0.0,0.0,0.0,0.0,0.0,0.0,0.0,0.0,0.0,0.0,57.1,48.1,38.6,0.0,0.0,0.0,0.0,0.0,0.0,0.0,0.0,0.0
minority interest,0.0,0.0,0.0,0.0,0.0,0.0,0.0,0.0,0.0,0.0,0.0,0.0,0.0,0.0,0.0,0.0,0.0,0.0,0.0,0.0,0.0,0.0,0.0,0.0,0.0,0.0,0.0,0.0,0.0,0.0,0.0,0.0,0.0,0.0,0.0,0.0,0.0,0.0,0.0,0.0,0.0,0.0,0.0,0.0,0.0,0.0,0.0,0.0,0.0,0.0,0.0,0.0
minority interest liability,0.0,0.0,0.0,0.0,0.0,0.0,0.0,0.0,0.0,0.0,0.0,0.0,0.0,0.0,0.0,0.0,0.0,0.0,0.0,0.0,0.0,0.0,0.0,0.0,0.0,0.0,0.0,0.0,0.0,0.0,0.0,0.0,0.0,0.0,0.0,0.0,0.0,0.0,0.0,0.0,0.0,0.0,0.0,0.0,0.0,0.0,0.0,0.0,0.0,0.0,0.0,0.0
net cash from continuing operations,14.7,28.9,59.0,88.2,9.8,6.9,37.9,67.0,2.7,42.0,112.2,166.0,19.3,31.5,99.7,125.9,-10.7,8.1,121.0,194.4,20.2,59.2,124.6,198.3,60.8,107.4,212.0,273.4,9.6,40.4,178.4,191.6,55.5,8.7,289.0,444.8,-26.2,186.2,508.7,713.5,-27.2,19.5,394.4,391.6,-58.2,59.9,469.2,730.9,176.7,359.6,683.6,855.8
net cash from discontinued operations,0.0,0.0,0.0,0.0,0.0,0.0,0.0,0.0,0.0,0.0,0.0,0.0,0.0,0.0,0.0,0.0,-30.1,2.0,-1.9,0.0,0.0,0.0,0.0,0.0,0.0,0.0,0.0,0.0,0.0,0.0,0.0,0.0,0.0,0.0,0.0,0.0,0.0,0.0,0.0,0.0,0.0,0.0,0.0,0.0,0.0,0.0,0.0,0.0,0.0,0.0,0.0,0.0
net fixed assets,178.2,170.9,172.4,171.6,171.4,171.1,165.0,162.8,280.6,279.7,264.7,275.0,288.7,305.0,311.9,329.7,510.6,519.6,507.8,521.1,522.0,527.8,524.1,527.7,456.3,457.9,453.3,454.0,480.4,492.8,489.4,496.3,505.9,514.0,841.6,838.4,838.4,873.1,867.6,858.3,847.2,841.1,841.1,867.9,925.7,948.2,"1,064.3","1,096.1","1,101.0","1,113.4","1,121.6","1,142.5"
net income (continuing operations),9.9,6.2,6.9,8.7,8.4,7.9,7.9,6.7,16.0,29.1,28.0,23.2,25.8,32.1,31.3,22.2,27.5,40.7,35.5,26.8,29.9,46.4,31.3,35.7,28.7,45.6,40.4,42.5,40.8,50.2,42.4,37.1,42.3,51.5,77.9,94.3,98.1,140.0,135.5,120.6,102.9,149.7,132.0,94.9,111.5,127.2,116.8,104.1,110.9,148.8,154.2,130.3
net income (discontinued operations),0.0,0.0,0.0,0.0,0.0,0.0,0.0,0.0,0.0,0.0,0.0,0.0,0.0,0.0,0.0,0.0,5.4,-2.7,0.6,-4.7,0.0,0.0,0.0,0.0,0.0,0.0,0.0,0.0,0.0,0.0,0.0,0.0,0.0,0.0,0.0,0.0,0.0,0.0,0.0,0.0,0.0,0.0,0.0,0.0,0.0,0.0,0.0,0.0,0.0,0.0,0.0,0.0
net income available for common,9.9,6.2,6.9,8.7,8.4,7.9,7.9,6.7,16.0,29.1,28.0,23.2,25.8,32.1,31.3,22.2,27.5,40.7,35.5,26.8,29.9,46.4,31.3,35.7,28.7,45.6,40.4,42.5,40.8,50.2,42.4,37.1,42.3,51.5,77.9,94.3,98.1,140.0,135.5,120.6,102.9,149.7,132.0,94.9,111.5,127.2,116.8,104.1,110.9,148.8,154.2,0.0
net income/loss,9.9,16.0,22.9,30.7,8.4,16.3,24.2,30.9,16.0,45.1,73.1,96.3,25.8,57.9,89.2,111.4,27.5,68.2,103.7,130.5,29.9,76.3,107.7,143.4,28.7,74.3,114.7,157.2,40.8,90.9,133.3,170.4,42.3,93.7,171.7,266.0,98.1,238.1,373.5,494.1,102.9,252.6,384.6,479.5,111.5,238.8,355.6,459.7,110.9,259.7,413.9,544.2
net profit margin,0.0,0.0,0.0,4.9,4.6,4.8,4.8,4.5,4.9,6.1,6.9,7.3,7.6,7.8,7.9,7.9,8.0,7.4,6.9,6.3,5.9,6.2,6.1,6.7,6.5,6.5,7.0,7.3,7.8,7.6,7.2,6.7,6.5,6.3,6.4,7.1,7.8,9.0,10.2,10.7,10.8,11.1,10.7,9.9,9.8,9.0,8.4,8.3,8.0,8.3,8.8,9.2
non-current deferred income taxes,0.0,0.0,0.0,0.0,0.0,0.0,0.0,0.0,0.0,0.0,0.0,0.0,0.0,0.0,0.0,0.0,0.0,0.0,0.0,0.0,0.0,0.0,0.0,0.0,0.0,0.0,0.0,0.0,0.0,0.0,0.0,0.0,0.0,0.0,0.0,0.0,0.0,0.0,0.0,0.0,0.0,0.0,0.0,0.0,0.0,0.0,0.0,0.0,0.0,0.0,0.0,0.0
normalized income,9.9,8.3,6.9,8.7,8.4,7.9,8.9,10.8,20.9,31.6,29.5,26.2,27.6,35.2,33.8,22.0,32.6,45.8,43.5,37.4,34.3,52.5,43.9,37.5,29.5,46.4,40.2,43.3,41.5,53.3,46.0,40.8,46.2,57.8,111.0,133.8,114.5,148.1,150.0,128.7,123.6,160.3,157.9,105.7,120.4,137.6,129.2,127.4,127.4,150.4,154.2,88.2
normalized income per employee,None,None,None,15027,None,None,None,15601,None,None,None,38967,None,None,None,40671,None,None,None,43045,None,None,None,48289,None,None,None,52694,None,None,None,55872,None,None,None,74223,None,None,None,111614,None,None,None,121239,None,None,None,106399,None,None,None,None
normalized net profit margin,0.0,0.0,0.0,5.2,4.9,4.8,5.0,5.2,6.1,7.3,8.0,8.2,8.3,8.4,8.6,8.5,8.3,8.0,7.7,7.8,7.5,7.8,7.8,7.8,7.5,7.2,7.1,7.4,7.9,7.8,7.6,7.2,7.1,6.9,7.8,9.3,10.1,11.1,11.9,11.8,12.0,12.2,12.1,11.3,11.0,10.0,9.2,9.3,9.1,9.2,9.5,0.0
notes payable,0.0,0.0,0.0,0.0,0.0,0.0,0.0,0.0,0.0,0.0,0.0,0.0,0.0,0.0,0.0,0.0,97.6,81.0,56.4,33.4,34.3,39.8,37.7,28.6,48.6,0.0,0.0,0.0,0.0,0.0,0.0,0.0,0.0,0.0,350.0,350.0,350.0,350.0,0.0,0.0,0.0,0.0,0.0,0.0,0.0,0.0,0.0,0.0,0.0,0.0,0.0,0.0
number of days cost of goods in inventory,None,None,None,None,116,112,100,93,117,93,74,63,81,79,74,73,101,88,72,64,86,87,81,75,82,82,76,76,90,86,71,71,88,87,83,73,87,82,87,84,104,107,92,96,120,110,92,93,110,102,90,None
number of employees,None,None,None,None,None,None,None,None,None,None,None,None,None,None,None,None,None,None,None,None,None,None,None,None,None,None,None,None,None,None,None,None,None,None,None,None,None,None,None,None,None,None,None,None,None,None,None,None,None,None,None,None
number of months last report period,None,3,3,3,3,3,3,3,3,3,3,3,3,3,3,3,3,3,3,3,3,3,3,3,3,3,3,3,3,3,3,3,3,3,3,3,3,3,3,3,3,3,3,3,3,3,3,3,3,3,3,3
number of part-time employees,None,None,None,None,None,None,None,None,None,None,None,None,None,None,None,None,None,None,None,None,None,None,None,None,None,None,None,None,None,None,None,None,None,None,None,None,None,None,None,None,None,None,None,None,None,None,None,None,None,None,None,None
operating gains,0.0,1.3,1.3,2.3,-5.8,-23.8,0.0,0.0,-21.5,-20.5,12.8,0.0,-17.2,-48.4,-21.4,0.0,-49.0,-84.7,0.0,0.0,0.0,0.0,-5.6,-5.6,0.0,0.0,0.0,0.0,0.0,0.0,0.0,-1.9,0.0,0.0,0.0,0.0,0.0,0.0,0.0,-7.8,0.1,1.0,1.8,2.9,0.7,14.0,14.4,14.7,1.0,2.7,3.4,4.8
operating income,16.1,11.6,12.8,14.3,15.2,14.8,14.3,10.5,27.5,49.0,49.5,38.5,42.3,52.9,50.3,33.2,48.3,68.5,59.7,44.3,49.7,77.3,47.7,54.0,48.9,74.3,64.4,69.5,68.5,84.0,68.9,62.8,71.8,86.3,135.5,157.4,168.6,231.0,209.6,180.8,165.2,240.0,213.0,166.1,180.7,211.6,200.4,185.6,190.5,247.5,258.3,214.1
other current assets,17.1,13.2,14.3,14.0,11.7,14.4,14.7,14.0,16.8,17.6,16.1,14.9,15.2,18.9,24.8,11.9,50.0,61.2,93.2,49.8,45.8,48.7,52.4,39.0,125.5,45.8,34.9,29.1,26.8,33.3,37.2,50.0,37.9,70.9,66.8,72.2,58.3,48.4,52.2,46.3,49.4,80.2,76.1,109.2,73.2,91.3,80.0,104.7,78.6,87.7,68.8,79.5
other current liabilities,40.9,35.9,37.0,28.6,45.8,44.9,46.4,36.5,94.3,103.9,115.5,69.3,111.2,102.1,100.7,83.3,208.5,243.1,207.2,152.6,197.7,176.0,146.7,88.7,146.1,157.3,133.9,85.3,142.2,160.0,129.3,87.2,173.8,245.5,319.7,120.0,253.6,201.8,195.4,176.8,181.4,168.8,165.6,122.9,199.1,187.2,207.8,146.9,262.2,234.8,202.1,261.1
other equity adjustments,-12.2,-11.7,-11.3,-11.2,-12.5,-11.9,-29.0,-27.1,-26.5,-26.1,-24.7,-27.1,-32.0,-22.2,-18.1,-18.2,-18.4,0.9,-4.8,-11.8,-16.8,-10.3,-3.7,12.2,20.3,22.6,8.4,11.7,17.7,55.2,43.4,37.1,25.8,-22.2,-29.2,-62.1,-35.4,-36.4,-34.5,-24.7,-23.1,-21.1,-14.2,0.3,-10.1,-32.4,-35.3,-86.6,-86.2,-82.0,-76.6,"5,148.8"
"other financing charges, net",0.1,1.8,3.8,5.3,-0.2,1.3,9.8,10.9,0.2,2.1,5.2,6.8,2.4,3.7,5.0,5.7,2.8,7.4,11.0,18.6,0.1,1.2,0.8,0.7,2.0,13.2,16.7,0.5,3.0,2.8,2.0,1.2,-0.3,0.3,-1.2,-0.5,0.7,-82.7,1.7,1.8,2.2,2.5,5.0,8.2,2.5,-5.1,-2.9,-2.3,-7.7,-7.6,-7.1,-6.2
other fixed assets,0.0,0.0,0.0,0.0,0.0,0.0,0.0,0.0,0.0,0.0,0.0,0.0,0.0,0.0,0.0,0.0,0.0,0.0,0.0,0.0,0.0,0.0,0.0,0.0,0.0,0.0,0.0,0.0,0.0,0.0,0.0,0.0,0.0,0.0,0.0,0.0,0.0,0.0,0.0,0.0,0.0,0.0,0.0,0.0,0.0,0.0,0.0,0.0,0.0,0.0,0.0,"1,142.5"
other gains/losses,0.0,0.0,0.0,0.0,0.0,0.0,0.0,0.0,0.0,0.0,0.0,0.0,0.0,0.0,0.0,0.0,0.0,0.0,0.0,0.0,0.0,0.0,0.0,0.0,0.0,0.0,0.0,0.0,0.0,0.0,0.0,0.0,0.0,0.0,0.0,0.0,0.0,0.0,0.0,0.0,0.0,0.0,0.0,0.0,0.0,0.0,0.0,0.0,0.0,0.0,0.0,0.0
other income net,0.3,-0.2,-0.3,0.4,0.1,-0.1,0.4,2.1,0.1,-0.4,-2.5,0.4,0.4,-0.8,0.2,3.3,-1.2,0.8,0.9,1.2,0.2,-0.1,6.2,-2.0,-0.6,0.3,-0.9,-0.7,1.9,-1.0,0.3,2.2,0.9,0.8,-1.3,-3.5,-1.2,-1.0,0.2,7.5,-0.1,-3.1,-2.6,-3.5,-3.4,-18.8,-5.9,-0.5,-5.9,-10.9,-3.3,-42.8
"other investing changes, net",0.4,0.7,1.1,1.5,0.4,0.8,1.2,1.6,0.4,0.9,1.3,6.1,0.0,-0.0,0.4,-5.5,38.4,6.6,6.9,6.5,7.3,7.4,7.6,8.7,-1.1,-1.8,-1.8,-2.2,3.7,-0.1,-0.8,-0.2,0.2,6.3,6.9,5.4,-0.2,-0.8,-0.8,-0.7,0.0,0.0,-0.1,-0.1,-0.0,-2.3,-1.0,-20.4,17.7,5.9,17.2,17.6
other non-cash items,0.0,0.0,0.0,-5.8,0.0,0.0,0.0,0.0,0.0,0.0,0.0,0.0,0.0,0.0,0.0,0.0,0.0,0.0,0.0,0.0,0.0,0.0,0.0,0.0,9.8,14.6,18.4,21.3,2.8,6.0,9.0,13.0,2.8,6.0,12.8,31.2,6.4,13.1,28.6,41.5,18.6,17.6,42.1,50.2,6.9,14.3,23.5,34.3,4.3,10.3,15.1,20.6
other non-current assets,22.5,24.8,25.0,24.2,23.5,33.1,30.2,34.0,31.3,30.8,24.1,27.4,24.8,78.8,73.2,74.9,171.7,196.8,131.9,138.0,126.9,124.8,118.7,136.6,155.5,155.9,155.2,131.5,136.4,137.7,115.3,110.9,108.9,97.2,101.2,64.5,62.7,61.2,61.8,58.7,57.2,61.3,64.6,66.9,80.1,76.4,"3,332.1",134.0,145.5,147.6,149.1,151.8
other non-current liabilities,19.3,19.2,19.0,16.3,21.2,21.0,23.2,25.2,167.0,168.2,162.7,54.9,185.2,187.6,188.6,27.3,280.9,66.0,66.8,94.7,95.2,94.8,94.9,102.1,101.9,102.8,109.0,110.6,125.8,122.0,118.4,125.0,125.2,115.3,121.5,135.2,140.0,145.7,139.1,168.1,165.5,168.4,168.2,202.7,201.7,204.0,256.3,321.6,312.9,313.9,312.9,"1,318.4"
other receivable,0.0,0.0,0.0,0.0,0.0,0.0,0.0,0.0,0.0,0.0,0.0,0.0,0.0,0.0,0.0,0.0,0.0,0.0,0.0,0.0,0.0,0.0,0.0,0.0,0.0,0.0,0.0,0.0,0.0,0.0,0.0,0.0,0.0,0.0,0.0,0.0,0.0,0.0,0.0,0.0,0.0,0.0,0.0,0.0,0.0,0.0,0.0,0.0,0.0,0.0,0.0,0.0
other special charges,0.0,-2.2,0.0,0.0,0.0,0.0,0.0,0.0,0.0,0.0,0.0,0.0,0.0,0.0,0.0,0.0,0.0,0.0,0.0,0.0,0.0,0.0,0.0,0.0,0.0,0.0,0.0,0.0,0.0,0.0,0.0,0.0,0.0,0.0,0.0,0.0,0.0,0.0,-9.8,-1.9,0.0,-2.2,-17.5,2.2,1.0,0.0,1.2,-14.5,-5.7,10.0,6.9,42.1
payment of cash dividends,-4.5,-9.0,-12.8,-16.7,-3.9,-7.7,-11.6,-15.6,-3.9,-13.1,0.0,-33.6,-11.4,-22.8,-34.3,-45.7,-12.5,-27.0,-41.5,-56.1,-15.7,-31.4,-47.0,-62.7,-15.8,-31.9,-47.8,-63.6,-17.0,-34.2,-51.5,-68.1,-17.5,0.0,-347.0,-384.9,-41.4,0.0,-124.6,-166.2,-47.6,-95.3,-143.1,-194.0,-50.2,-104.8,-159.4,-213.7,-52.8,-110.2,-166.5,-222.8
payout ratio,None,None,None,52,53,49,48,52,50,44,40,38,39,40,40,42,41,42,43,45,47,45,48,44,44,45,42,41,38,38,38,40,40,199,205,201,193,38,35,34,35,35,37,40,40,44,47,46,47,45,42,41
post-tax profit margin,0.0,0.0,0.0,4.9,4.6,4.8,4.8,4.5,4.9,6.1,6.9,7.3,7.6,7.8,7.9,7.9,7.6,7.2,6.7,6.4,6.2,6.4,6.3,6.7,6.5,6.5,7.0,7.3,7.8,7.6,7.2,6.7,6.5,6.3,6.4,7.1,7.8,9.0,10.2,10.7,10.8,11.1,10.7,9.9,9.8,9.0,8.4,8.3,8.0,8.3,8.8,9.2
pre-tax profit margin,0.0,0.0,0.0,7.7,7.2,7.6,7.7,7.3,7.9,9.8,11.1,11.8,12.3,12.5,12.7,12.6,12.2,11.5,10.6,10.0,9.7,10.0,9.8,10.0,9.9,9.8,10.3,11.2,11.9,11.6,11.0,10.1,9.7,9.3,9.4,10.5,11.7,13.6,15.3,15.9,15.9,16.0,15.6,14.9,14.8,13.6,12.8,12.7,12.3,12.6,13.3,0.0
pref. securities of subsid. trust,0.0,0.0,0.0,0.0,0.0,0.0,0.0,0.0,0.0,0.0,0.0,0.0,0.0,0.0,0.0,0.0,0.0,0.0,0.0,0.0,0.0,0.0,0.0,0.0,0.0,0.0,0.0,0.0,0.0,0.0,0.0,0.0,0.0,0.0,0.0,0.0,0.0,0.0,0.0,0.0,0.0,0.0,0.0,0.0,0.0,0.0,0.0,0.0,0.0,0.0,0.0,0.0
preferred dividends,0.0,0.0,0.0,0.0,0.0,0.0,0.0,0.0,0.0,0.0,0.0,0.0,0.0,0.0,0.0,0.0,0.0,0.0,0.0,0.0,0.0,0.0,0.0,0.0,0.0,0.0,0.0,0.0,0.0,0.0,0.0,0.0,0.0,0.0,0.0,0.0,0.0,0.0,0.0,0.0,0.0,0.0,0.0,0.0,0.0,0.0,0.0,0.0,0.0,0.0,0.0,0.0
preferred equity outside stock equity,0.0,0.0,0.0,0.0,0.0,0.0,0.0,0.0,0.0,0.0,0.0,0.0,0.0,0.0,0.0,0.0,0.0,0.0,0.0,0.0,0.0,0.0,0.0,0.0,0.0,0.0,0.0,0.0,0.0,0.0,0.0,0.0,0.0,0.0,0.0,0.0,0.0,0.0,0.0,0.0,0.0,0.0,0.0,0.0,0.0,0.0,0.0,0.0,0.0,0.0,0.0,0.0
preferred secur. of subsid. trust,0.0,0.0,0.0,0.0,0.0,0.0,0.0,0.0,0.0,0.0,0.0,0.0,0.0,0.0,0.0,0.0,0.0,0.0,0.0,0.0,0.0,0.0,0.0,0.0,0.0,0.0,0.0,0.0,0.0,0.0,0.0,0.0,0.0,0.0,0.0,0.0,0.0,0.0,0.0,0.0,0.0,0.0,0.0,0.0,0.0,0.0,0.0,0.0,0.0,0.0,0.0,0.0
preferred shares,0.0,0.0,0.0,0.0,0.0,0.0,0.0,0.0,0.0,0.0,0.0,0.0,0.0,0.0,0.0,0.0,0.0,0.0,0.0,0.0,0.0,0.0,0.0,0.0,0.0,0.0,0.0,0.0,0.0,0.0,0.0,0.0,0.0,0.0,0.0,0.0,0.0,0.0,0.0,0.0,0.0,0.0,0.0,0.0,0.0,0.0,0.0,0.0,0.0,0.0,0.0,0.0
preferred stock equity,0.0,0.0,0.0,0.0,0.0,0.0,0.0,0.0,0.0,0.0,0.0,0.0,0.0,0.0,0.0,0.0,0.0,0.0,0.0,0.0,0.0,0.0,0.0,0.0,0.0,0.0,0.0,0.0,0.0,0.0,0.0,0.0,0.0,0.0,0.0,0.0,0.0,0.0,0.0,0.0,0.0,0.0,0.0,0.0,0.0,0.0,0.0,0.0,0.0,0.0,0.0,0.0
prepaid expenses,0.0,0.0,0.0,0.0,0.0,0.0,0.0,0.0,0.0,0.0,0.0,0.0,0.0,0.0,0.0,0.0,0.0,0.0,0.0,0.0,0.0,0.0,0.0,0.0,0.0,0.0,0.0,0.0,0.0,0.0,0.0,0.0,0.0,0.0,0.0,0.0,0.0,0.0,0.0,0.0,0.0,0.0,0.0,0.0,0.0,0.0,0.0,0.0,0.0,0.0,0.0,0.0
price/cash flow ratio,0.0,0.0,0.0,10.9,10.3,13.6,12.9,14.5,24.5,19.9,17.6,13.5,13.7,14.4,15.0,17.4,15.4,15.6,15.4,15.7,14.6,13.2,12.6,10.4,12.2,13.5,12.7,14.7,14.1,13.1,11.0,11.7,11.3,22.2,17.7,12.2,12.7,10.7,11.1,10.8,10.7,10.7,9.9,11.9,12.1,12.3,12.9,12.4,11.9,12.6,12.4,0.0
price/equity ratio,1.60,2.26,2.44,2.58,2.65,3.24,2.96,3.08,1.55,1.67,1.79,1.61,1.76,1.87,1.95,2.17,1.50,1.55,1.62,1.72,1.64,1.54,1.45,1.29,1.46,1.59,1.53,1.77,1.74,1.60,1.41,1.51,1.47,3.49,1.09,0.95,1.18,1.22,1.37,1.37,1.36,1.40,1.34,1.62,1.67,1.63,1.66,1.70,1.62,1.80,1.83,2.15
price/free cash flow ratio,381.0,147.2,25.6,15.1,-1436.5,-42.6,0.0,38.7,-88.2,610.2,27.0,25.0,-111.2,-49.7,-221.9,-90.2,-14.8,-17.8,-37.9,-60.5,-297.3,-1142.8,72.5,27.5,234.9,44.1,18.6,17.9,-20.4,-16.1,-29.1,-16.0,-66.8,-51.2,-24.8,-37.2,-62.5,65.1,26.3,16.9,-72.3,-55.9,51.4,500.5,-16.5,-16.4,-14.4,-18.1,109.7,61.6,25.9,25.9
price/revenue ratio,0.00,0.00,0.00,0.98,1.01,1.24,1.17,1.26,2.10,1.84,1.72,1.38,1.44,1.56,1.64,1.85,1.65,1.54,1.44,1.42,1.30,1.24,1.18,1.04,1.18,1.28,1.25,1.48,1.47,1.34,1.08,1.08,1.02,1.91,1.63,1.25,1.44,1.37,1.55,1.58,1.60,1.67,1.53,1.78,1.79,1.69,1.67,1.59,1.49,1.60,1.63,1.88
price/tangible book ratio,1.90,2.82,3.02,3.16,3.23,3.91,3.62,3.72,6.86,6.96,7.55,6.50,6.83,6.78,6.70,7.37,21.01,16.30,9.88,10.76,10.10,8.67,7.94,7.11,8.10,9.74,9.26,9.71,18.30,14.72,17.72,50.90,76.16,-21.32,-5.12,-4.93,-6.95,-8.50,-11.80,-14.34,-17.50,-26.24,-18.02,-18.63,-12.94,-13.83,3.80,-8.14,-8.55,-8.94,-10.59,-11.15
purchase of  short-term investments,0.0,0.0,0.0,0.0,0.0,0.0,0.0,0.0,0.0,0.0,0.0,0.0,0.0,-75.8,-79.6,-86.4,-5.3,-35.4,-65.5,-88.8,-15.1,-5.0,-5.0,-5.0,-20.0,-20.0,-20.0,-20.0,-144.7,0.0,-229.4,-229.4,0.0,0.0,0.0,0.0,0.0,0.0,0.0,0.0,-57.0,0.0,0.0,-75.6,0.0,0.0,0.0,0.0,0.0,0.0,0.0,0.0
purchase of long-term investments,0.0,0.0,0.0,0.0,0.0,0.0,0.0,0.0,0.0,0.0,0.0,0.0,0.0,0.0,0.0,0.0,0.0,0.0,0.0,0.0,0.0,0.0,0.0,0.0,0.0,0.0,0.0,0.0,0.0,-179.5,0.0,0.0,0.0,0.0,0.0,0.0,0.0,0.0,0.0,0.0,0.0,-57.0,-75.6,0.0,0.0,0.0,0.0,-35.9,0.0,0.0,0.0,0.0
quarterly indicator,1,2,3,4,1,2,3,4,1,2,3,4,1,2,3,4,1,2,3,4,1,2,3,4,1,2,3,4,1,2,3,4,1,2,3,4,1,2,3,4,1,2,3,4,1,2,3,4,1,2,3,4
quick ratio,1.1,1.1,1.3,1.6,1.3,1.2,1.6,1.9,1.1,1.3,1.5,1.7,1.5,1.3,1.5,1.3,0.5,0.5,0.5,0.7,0.6,0.7,0.9,1.0,0.8,0.9,1.1,1.4,1.8,1.7,1.9,1.4,0.8,0.9,0.6,0.7,0.6,0.7,0.9,1.1,1.9,2.0,2.1,1.4,0.5,1.8,1.5,0.9,1.0,1.0,1.3,1.0
receivables,63.2,64.4,52.5,56.0,54.4,60.6,54.4,57.4,111.4,120.2,93.9,101.4,103.3,113.0,91.5,102.7,150.1,197.8,129.7,145.7,161.3,187.2,122.5,148.0,144.7,178.4,117.6,124.0,148.1,223.3,141.2,162.4,182.7,267.5,259.1,266.0,307.5,411.2,281.7,238.9,305.4,415.8,289.5,344.4,350.3,462.2,364.7,347.5,390.9,469.4,360.2,313.7
receivables as % of revenue,0.0,0.0,0.0,8.6,8.3,9.1,8.0,8.3,14.1,12.2,8.1,7.7,7.4,8.0,6.4,7.2,10.1,11.7,6.9,7.1,7.5,8.7,5.7,6.9,6.7,8.2,5.5,5.8,6.8,9.8,5.8,6.4,7.0,9.7,7.9,7.1,7.4,9.0,6.1,5.2,6.6,9.0,6.2,7.1,7.1,8.9,6.8,6.3,6.9,8.1,6.1,5.3
receivables per day sales,0.00,0.00,0.00,30.95,29.79,32.90,28.78,30.06,50.64,43.86,29.16,27.82,26.80,28.92,23.19,26.09,36.45,42.25,24.84,25.67,27.12,31.22,20.57,24.73,24.00,29.61,19.64,20.79,24.42,35.17,20.94,23.16,25.04,34.86,28.44,25.49,26.70,32.31,22.02,18.67,23.90,32.53,22.14,25.69,25.39,31.98,24.51,22.64,24.66,29.03,21.93,19.15
receivables turnover,0.0,0.0,0.0,0.0,11.2,10.6,12.7,12.1,9.6,10.9,15.6,16.5,12.9,12.1,15.3,13.9,11.7,10.8,17.0,16.5,13.8,11.2,17.0,14.7,14.2,11.9,18.0,15.8,14.9,11.4,18.8,17.6,15.9,11.3,16.4,17.5,16.9,13.5,17.0,18.2,15.0,11.1,16.5,16.5,15.2,11.9,16.4,16.0,15.4,12.5,16.3,17.8
repayment of long-term debt,0.0,0.0,0.0,0.0,0.0,0.0,0.0,0.0,0.0,0.0,0.0,0.0,0.0,0.0,0.0,0.0,-151.9,-213.3,-241.8,-151.1,0.0,-17.0,-17.0,-25.4,0.0,-28.6,-28.3,-28.1,-115.0,-148.0,-148.0,-148.0,0.0,-309.2,0.0,0.0,-75.0,-75.0,-625.0,-625.0,0.0,-10.0,-10.0,-10.0,0.0,0.0,0.0,0.0,0.0,0.0,0.0,-50.0
repurchase of capital stock,0.0,-80.4,-81.0,-81.0,0.0,-0.5,-1.1,-1.1,0.0,0.0,-23.7,0.0,-1.1,-1.1,-1.1,0.0,0.0,0.0,-16.9,-16.9,-16.2,-20.8,-30.1,-81.7,-1.0,-36.7,-51.9,-52.1,-3.6,-3.6,-86.3,-152.5,-3.4,-3.4,-3.4,-4.0,-4.9,-5.2,-5.4,-5.6,-5.0,-5.1,-247.3,-389.1,-5.4,-44.6,-90.5,-315.8,-4.2,-175.3,-175.5,-364.2
restricted cash,0.0,0.0,0.0,0.0,0.0,0.0,0.0,0.0,0.0,0.0,0.0,0.0,0.0,0.0,0.0,0.0,0.0,0.0,0.0,0.0,0.0,0.0,0.0,0.0,0.0,0.0,0.0,0.0,0.0,0.0,0.0,0.0,0.0,0.0,0.0,0.0,0.0,0.0,0.0,0.0,0.0,0.0,0.0,0.0,0.0,0.0,0.0,0.0,0.0,0.0,0.0,0.0
retained earnings,316.2,243.2,245.7,249.6,253.8,257.4,261.4,267.8,273.9,293.1,311.2,323.1,336.9,357.5,377.4,387.1,405.6,429.0,441.6,447.8,453.7,482.0,493.0,489.1,501.9,511.9,528.2,553.6,574.3,607.0,585.7,567.4,592.1,331.6,371.6,424.5,481.0,579.3,673.1,746.1,800.6,902.5,887.8,866.9,922.9,977.7,"1,018.6",961.2,"1,013.8","1,013.2","1,111.0",0.0
revenue per $  plant (net),0.00,0.00,0.00,3.80,3.83,3.88,4.13,4.22,2.82,3.53,4.38,4.77,4.80,4.61,4.55,4.30,2.90,3.24,3.70,3.92,4.10,4.09,4.09,4.08,4.76,4.74,4.76,4.73,4.54,4.64,4.96,5.09,5.19,5.37,3.90,4.48,4.94,5.25,5.31,5.37,5.43,5.47,5.60,5.56,5.37,5.49,5.03,5.04,5.18,5.23,5.27,5.16
revenue per $ cash,0.00,0.00,0.00,12.74,12.89,19.97,10.09,7.48,10.69,9.98,7.68,7.24,8.28,20.04,12.01,13.29,32.56,51.85,33.91,35.19,45.08,50.95,24.03,29.95,22.58,27.92,14.17,10.73,10.56,7.96,7.41,13.71,18.41,16.61,9.11,8.23,14.31,11.18,36.67,16.24,8.80,9.44,8.57,15.09,48.47,10.48,14.46,24.06,18.32,28.60,13.48,23.00
revenue per $ common equity,0.00,0.00,0.00,2.64,2.63,2.62,2.54,2.45,0.74,0.90,1.04,1.17,1.22,1.20,1.19,1.17,0.91,1.00,1.12,1.21,1.26,1.25,1.23,1.25,1.24,1.24,1.23,1.20,1.18,1.19,1.31,1.40,1.45,1.83,0.67,0.76,0.82,0.89,0.88,0.86,0.85,0.84,0.88,0.91,0.93,0.97,1.00,1.07,1.09,1.13,1.12,1.15
revenue per $ invested capital,0.00,0.00,0.00,1.70,1.71,1.71,1.69,1.66,0.66,0.81,0.93,1.04,1.09,1.08,1.07,1.05,0.71,0.80,0.89,0.96,1.01,1.00,0.99,1.00,1.00,1.01,1.00,0.98,0.83,0.84,0.92,0.97,1.04,1.05,0.56,0.64,0.70,0.76,0.75,0.74,0.69,0.68,0.71,0.73,0.75,0.70,0.72,0.77,0.79,0.81,0.81,0.83
revenue per share,0.00,0.00,0.00,28.29,28.49,28.63,29.01,29.24,15.99,19.88,23.29,26.36,27.76,28.09,28.36,28.24,25.40,28.83,32.28,34.91,36.65,36.98,36.85,37.84,37.92,38.21,38.12,37.83,37.96,39.73,43.44,46.22,47.96,23.32,27.69,31.60,34.86,38.51,38.66,38.66,38.50,38.49,40.59,42.27,43.43,45.69,47.31,50.10,51.67,53.67,54.51,54.99
revenue/assets,0.0,0.0,0.0,1.4,1.4,1.4,1.4,1.3,0.5,0.6,0.7,0.8,0.8,0.8,0.8,0.8,0.5,0.6,0.7,0.8,0.8,0.8,0.8,0.8,0.8,0.8,0.8,0.8,0.7,0.7,0.8,0.8,0.8,0.8,0.4,0.5,0.5,0.5,0.6,0.6,0.5,0.5,0.6,0.6,0.6,0.6,0.6,0.6,0.6,0.6,0.6,0.7
sale of long-term investments,0.0,0.0,0.0,0.0,0.0,0.0,0.0,0.0,0.0,0.0,0.0,0.0,0.0,0.0,0.0,0.0,0.0,0.0,0.0,0.0,0.0,0.0,0.0,0.0,0.0,0.0,0.0,0.0,0.0,183.4,0.0,0.0,0.0,0.0,0.0,0.0,2.4,0.0,0.0,0.0,0.0,9.0,37.1,0.0,0.0,0.0,0.0,0.0,0.0,0.0,0.0,0.0
sale of short-term investments,0.0,0.0,0.0,0.0,0.0,0.0,0.0,0.0,0.0,0.0,0.0,0.0,0.0,0.0,14.3,29.0,22.7,28.0,42.4,67.1,21.9,16.2,28.9,31.1,12.2,14.8,23.2,26.3,2.3,0.0,256.9,257.5,0.5,0.9,1.3,3.0,0.0,13.5,13.5,13.5,0.0,0.0,0.0,57.1,18.6,18.6,18.6,18.6,0.0,0.0,0.0,0.0
sales per $ inventory,0.00,0.00,0.00,6.03,5.07,5.01,5.52,5.90,4.05,5.23,6.57,7.76,7.13,7.21,7.67,7.50,4.52,5.12,6.24,7.18,6.22,6.19,6.67,7.24,7.12,7.23,7.78,7.51,5.61,5.72,6.97,6.65,5.57,5.52,4.98,6.22,5.27,6.01,6.94,7.03,6.01,5.59,6.40,5.59,4.09,4.55,5.41,5.75,5.60,5.97,6.73,6.24
sales per $ receivables,0.00,0.00,0.00,11.63,12.08,10.94,12.51,11.98,7.11,8.21,12.35,12.94,13.43,12.45,15.52,13.80,9.88,8.52,14.49,14.02,13.28,11.53,17.50,14.56,15.00,12.16,18.33,17.32,14.74,10.24,17.20,15.54,14.38,10.33,12.66,14.13,13.48,11.14,16.35,19.28,15.06,11.07,16.26,14.01,14.18,11.26,14.69,15.90,14.60,12.40,16.42,18.80
sales per employee,None,None,None,289441,None,None,None,298760,None,None,None,472701,None,None,None,480343,None,None,None,552399,None,None,None,615636,None,None,None,710088,None,None,None,776854,None,None,None,799560,None,None,None,949544,None,None,None,1072387,None,None,None,1139336,None,None,None,None
shares out (common class only),26.8,22.9,22.9,23.0,23.1,23.2,23.5,23.5,49.6,49.6,49.8,49.8,50.0,50.1,50.1,50.2,58.4,58.5,58.3,58.5,58.4,58.4,58.2,56.9,57.3,56.8,56.6,56.8,57.5,57.5,55.9,54.6,54.8,118.4,118.4,118.9,118.9,119.0,119.1,119.1,119.5,119.5,116.0,114.2,114.4,113.9,113.3,110.3,110.4,108.5,108.5,107.3
short-term debt,0.0,0.0,0.0,0.0,0.0,0.0,0.0,0.0,0.0,0.0,0.0,0.0,0.0,0.0,0.0,0.0,0.0,17.0,17.0,17.0,0.0,0.0,0.0,0.0,0.0,33.0,33.0,33.0,33.0,0.0,0.0,0.0,75.0,75.0,277.5,276.7,201.0,210.2,10.0,10.0,10.0,0.0,0.0,0.0,306.7,0.0,0.0,50.0,50.0,50.0,50.0,50.0
special income charges,0.0,-2.2,0.0,0.0,0.0,0.0,-0.9,-4.1,-4.9,-2.5,-1.5,-2.9,-1.8,-3.1,-2.5,0.2,-5.1,-5.1,-8.0,-10.6,-4.4,-6.1,-12.5,-1.8,-0.7,-0.8,0.2,-0.8,-0.7,-3.1,-3.6,-3.7,-3.9,-6.3,-33.1,-39.6,-16.5,-8.1,-14.5,-8.1,-20.8,-10.5,-25.9,-10.8,-8.9,-10.4,-12.4,-23.2,-16.6,-1.5,0.0,42.1
tangible book value per share,10.05,8.36,8.65,8.75,8.90,9.05,9.37,9.86,4.88,5.26,5.30,5.58,5.86,6.46,6.95,7.10,1.99,2.73,4.72,4.61,4.71,5.27,5.48,5.52,5.51,5.03,5.13,5.75,3.05,3.63,2.64,0.98,0.64,-2.09,-8.82,-7.99,-7.20,-6.20,-5.09,-4.26,-3.51,-2.45,-3.45,-4.03,-6.02,-5.57,20.75,-9.78,-8.98,-9.58,-8.37,-9.26
total assets per share,18.32,20.22,20.23,20.44,21.07,21.08,21.45,22.33,31.02,31.54,31.65,32.46,32.84,33.12,33.48,33.57,47.36,48.87,45.17,45.03,45.99,46.61,45.82,46.53,47.47,47.37,46.96,47.44,55.68,57.07,56.57,57.30,59.02,28.51,69.63,68.88,69.23,70.93,66.31,66.95,70.45,71.56,72.07,72.91,76.78,80.94,81.55,82.65,83.87,84.72,84.66,84.21
total capitalization,393.5,373.4,380.3,382.1,385.1,388.4,403.2,415.1,"1,204.3","1,225.3","1,248.0","1,259.2","1,274.5","1,305.9","1,331.3","1,345.7","2,074.8","2,112.1","2,110.9","2,122.4","2,125.0","2,158.3","2,171.0","2,156.7","2,173.4","2,148.8","2,148.8","2,188.3","2,637.6","2,709.1","2,641.0","2,589.5","2,531.2","2,625.5","5,824.9","5,849.9","5,944.3","6,035.4","6,140.2","6,226.3","6,695.1","6,804.0","6,663.3","6,596.4","6,666.7","7,435.2","7,455.3","7,183.9","7,243.3","7,171.9","7,278.7","7,116.6"
total debt as % total assets,35.1,48.4,47.1,47.5,48.6,48.1,46.7,46.6,30.4,30.3,29.3,30.4,30.6,29.4,28.7,28.1,41.3,41.2,36.2,35.9,36.9,36.5,34.7,34.8,35.8,34.8,33.9,33.3,42.4,41.6,41.5,42.5,43.8,55.2,40.4,39.7,38.9,39.1,33.7,33.2,35.9,35.7,35.8,36.4,39.1,41.8,41.7,43.4,43.6,43.9,42.7,43.0
total debt/equity ratio,0.24,0.57,0.55,0.55,0.54,0.53,0.50,0.48,0.13,0.12,0.12,0.12,0.12,0.12,0.11,0.11,0.34,0.32,0.30,0.29,0.27,0.27,0.27,0.26,0.27,0.24,0.24,0.24,0.45,0.41,0.43,0.44,0.43,0.79,0.31,0.31,0.29,0.28,0.17,0.17,0.24,0.24,0.24,0.25,0.30,0.39,0.38,0.40,0.40,0.40,0.39,0.39
total non-current assets,250.0,243.1,244.3,241.4,239.5,247.8,243.3,245.1,"1,139.2","1,139.8","1,137.8","1,148.7","1,160.4","1,231.3","1,233.1","1,258.9","2,189.9","2,235.8","2,043.5","2,080.0","2,067.7","2,073.4","2,065.5","2,078.2","2,041.7","2,082.6","2,074.0","2,054.5","2,287.0","2,339.7","2,307.9","2,353.7","2,397.2","2,371.0","6,902.2","6,793.3","6,792.3","6,807.1","6,776.6","6,751.2","6,718.5","6,699.2","6,669.7","6,687.6","7,042.3","7,021.7","7,429.9","7,471.8","7,461.8","7,452.7","7,438.5","7,436.6"
total ordinary shares,0.0,0.0,0.0,0.0,0.0,0.0,0.0,0.0,0.0,0.0,0.0,0.0,0.0,0.0,0.0,0.0,0.0,0.0,0.0,0.0,0.0,0.0,0.0,0.0,0.0,0.0,0.0,0.0,0.0,0.0,0.0,0.0,0.0,0.0,0.0,0.0,0.0,0.0,0.0,0.0,0.0,0.0,0.0,0.0,0.0,0.0,0.0,0.0,0.0,0.0,0.0,0.0
total revenue,163.7,166.9,151.0,169.7,169.8,172.8,168.4,176.1,274.9,367.0,340.8,329.0,350.3,386.0,355.3,325.4,415.8,588.9,550.2,491.5,510.3,606.3,536.5,501.7,526.5,605.0,523.1,493.5,561.5,707.9,665.4,590.0,663.7,843.1,"1,182.6","1,068.5","1,051.5","1,278.7","1,205.9","1,069.1","1,047.3","1,278.9","1,312.4","1,187.2","1,188.9","1,513.9","1,467.6","1,355.4","1,369.7","1,628.7","1,559.6","1,339.6"
treasury shares,3.9,7.8,7.7,7.6,7.6,7.6,7.2,7.1,7.1,7.0,6.9,6.9,6.7,6.7,6.6,6.5,0.0,6.4,6.7,6.6,6.7,6.8,6.9,8.2,7.9,8.5,8.7,8.6,7.9,7.9,9.5,10.8,10.8,0.0,10.2,0.0,9.7,9.6,9.5,9.5,9.1,9.1,12.6,14.4,14.2,14.8,15.3,18.3,18.2,20.1,20.1,0.0
treasury stock,0.0,0.0,0.0,0.0,0.0,0.0,0.0,0.0,0.0,0.0,0.0,0.0,0.0,0.0,0.0,0.0,0.0,0.0,0.0,0.0,0.0,0.0,0.0,0.0,0.0,0.0,0.0,0.0,0.0,0.0,0.0,0.0,0.0,0.0,0.0,0.0,0.0,0.0,0.0,0.0,0.0,0.0,0.0,0.0,0.0,0.0,0.0,0.0,0.0,0.0,0.0,0.0
working capital,162.9,149.5,155.0,162.0,166.8,161.6,183.0,199.4,232.0,253.7,272.8,299.4,299.3,262.2,286.8,250.4,165.7,162.0,206.1,247.6,262.8,289.8,335.7,336.1,386.6,322.6,334.4,402.9,631.3,650.5,610.4,536.8,431.3,538.0,220.8,337.7,441.7,524.2,654.5,744.7,"1,246.4","1,377.3","1,266.3","1,154.3",864.5,"1,648.8","1,311.7","1,026.5","1,089.9","1,030.0","1,152.5",998.4
working capital as % of price,31.9,27.8,25.9,25.4,25.2,19.7,23.0,23.1,14.0,14.0,13.7,16.6,15.0,12.0,12.3,9.5,6.8,6.2,7.6,8.5,9.5,10.9,13.3,15.0,15.1,11.6,12.4,12.7,19.7,21.2,23.3,19.7,16.2,10.2,4.1,7.2,7.4,8.4,9.1,10.2,17.0,17.9,17.6,13.5,9.7,18.8,14.7,11.7,12.9,11.1,12.0,9.0
working capital per share,6.08,6.54,6.76,7.04,7.23,6.98,7.80,8.48,4.68,5.11,5.48,6.02,5.99,5.24,5.72,4.99,2.84,2.77,3.54,4.23,4.50,4.97,5.77,5.90,6.75,5.68,5.91,7.10,10.98,11.31,10.92,9.83,7.88,4.54,1.86,2.84,3.71,4.41,5.49,6.25,10.43,11.52,10.92,10.11,7.56,14.48,11.58,9.31,9.87,9.50,10.62,9.31
working captial as % of equity,51.1,62.7,63.2,65.5,66.7,63.8,68.3,71.2,21.7,23.3,24.5,26.6,26.3,22.4,24.0,20.7,10.2,9.6,12.3,14.6,15.5,16.8,19.3,19.4,22.2,18.4,19.1,22.4,34.2,33.9,33.0,29.8,23.7,35.6,4.5,6.8,8.8,10.2,12.5,14.0,23.1,25.0,23.6,21.8,16.2,30.7,24.4,19.9,20.9,20.0,21.9,19.4
