,1994/04,1994/07,1994/10,1995/01,1995/04,1995/07,1995/10,1996/01,1996/04,1996/07,1996/10,1997/01,1997/04,1997/07,1997/10,1998/01,1998/04,1998/07,1998/10,1999/01,1999/04,1999/07,1999/10,2000/01,2000/04,2000/07,2000/10,2001/01,2001/04,2001/07,2001/10,2002/01,2002/04,2002/07,2002/10,2003/01,2003/04,2003/07,2003/10,2004/01,2004/04,2004/07,2004/10,2005/01,2005/04,2005/07,2005/10,2006/01,2006/04,2006/07,2006/10,2007/01,2007/04,2007/07,2007/10,2008/01,2008/04,2008/07,2008/10,2009/01,2009/04,2009/07,2009/10,2010/01,2010/04,2010/07,2010/10,2011/01,2011/04,2011/07,2011/10,2012/01,2012/04,2012/07,2012/10,2013/01,2013/04
% of EPS-to-Industry,7.6,6.6,7.4,42.7,30.8,31.6,34.3,-9.4,-13.0,-13.8,-13.6,39.2,39.9,0.0,0.0,44.0,51.2,47.7,1.1,9.6,18.8,18.2,63.6,67.0,71.5,63.7,67.8,53.0,38.8,0.0,-11.6,-10.9,-8.6,12.5,22.5,20.5,19.9,19.9,25.3,69.0,72.4,65.6,24.3,18.5,16.4,26.0,35.7,6.2,23.8,6.5,8.2,13.7,-3.7,3.6,7.4,12.3,16.1,13.7,-7.9,62.0,69.6,72.5,58.3,-24.1,-14.2,-4.3,3.3,13.1,13.8,21.0,14.2,15.4,13.1,10.6,11.3,11.4,8.1
% of PE-to-Industry,362.5,403.1,348.1,78.1,119.5,136.7,80.0,0.0,0.0,0.0,0.0,157.8,157.3,0.0,0.0,191.1,187.6,164.2,0.0,1061.3,450.3,354.6,86.1,61.6,53.8,60.9,63.7,99.6,112.6,0.0,0.0,0.0,0.0,277.1,201.9,207.6,227.8,266.8,226.2,96.9,70.5,77.4,196.1,257.4,278.7,188.3,123.0,768.2,187.5,491.6,455.7,254.6,0.0,952.7,643.2,400.8,0.0,243.7,0.0,0.0,0.0,0.0,0.0,0.0,0.0,0.0,949.0,240.1,220.8,175.1,173.2,139.3,133.6,170.4,149.4,166.3,233.0
% of ROE-to-Industry,14.6,11.0,14.6,65.9,71.7,44.2,47.8,0.0,0.0,0.0,0.0,58.1,56.7,0.0,0.0,56.4,55.6,54.1,0.0,10.4,14.9,15.9,73.5,76.3,37.5,29.7,32.2,55.9,32.9,0.0,0.0,0.0,0.0,13.5,26.0,23.3,22.6,23.1,25.2,78.3,88.0,87.8,35.6,22.8,25.2,37.4,51.9,8.9,42.1,10.9,21.3,35.0,0.0,8.3,18.2,32.5,41.8,38.9,0.0,0.0,0.0,0.0,0.0,0.0,0.0,0.0,14.9,34.5,40.5,54.8,67.1,35.2,28.0,24.7,26.5,27.2,19.4
% of current ratio-to-industry,115.0,91.3,85.7,120.0,120.0,114.3,105.3,115.0,110.0,104.5,95.0,133.3,115.0,0.0,0.0,125.0,90.5,100.0,111.1,100.0,104.8,104.5,105.3,120.0,104.8,114.3,105.6,121.1,120.0,100.0,105.0,100.0,100.0,104.8,100.0,114.3,109.1,109.5,95.0,100.0,81.8,95.7,90.5,91.7,122.2,111.1,135.7,118.8,112.5,150.0,93.3,93.3,88.2,100.0,100.0,93.3,140.0,150.0,128.6,160.0,166.7,156.3,153.3,141.2,160.0,160.0,120.0,137.5,146.7,146.7,230.0,270.0,280.0,260.0,240.0,200.0,180.0
% of debt/equity-to-industry,171.3,148.4,150.0,154.3,197.1,124.3,127.9,81.5,66.0,56.1,89.7,100.0,88.3,0.0,0.0,52.6,28.3,26.2,105.0,107.1,83.9,81.7,106.3,102.3,86.4,84.9,100.0,92.9,68.6,53.5,70.2,48.8,49.2,46.8,50.4,48.8,47.2,45.9,87.7,76.2,108.3,124.5,137.7,151.2,150.0,89.7,71.4,78.3,87.8,91.7,142.6,93.2,62.0,54.5,52.6,41.5,77.4,79.2,81.5,103.1,103.2,103.3,80.0,82.1,88.5,90.4,60.4,60.8,60.8,52.5,45.6,44.8,44.8,50.8,52.5,39.0,31.7
% of earnings-to-industry,0.1,0.1,0.1,0.3,0.3,0.4,0.4,-0.1,-9.3,-9.9,-9.4,0.9,0.9,0.0,0.0,1.7,2.1,2.1,-0.6,0.6,1.0,1.1,3.8,4.1,2.6,2.1,1.8,3.2,2.4,0.1,-0.6,-0.8,-0.5,1.0,1.9,1.6,1.6,1.6,2.0,6.5,7.9,7.8,3.0,1.9,1.6,2.3,2.9,0.4,1.6,0.4,0.5,0.9,-0.2,0.3,0.6,1.0,1.3,1.2,-0.5,5.0,5.6,5.8,4.7,-1.9,-1.0,-0.3,0.5,1.2,1.4,2.0,0.8,0.5,0.4,0.3,0.3,0.3,0.2
% of gross profit margin-to-industry,48.2,51.3,56.1,59.9,62.2,70.1,78.5,91.6,19.7,30.2,43.2,100.0,93.4,0.0,0.0,100.6,118.7,114.5,117.7,100.3,99.7,99.4,100.6,99.4,94.5,93.9,87.8,103.2,109.1,113.0,118.5,99.1,98.3,99.4,99.7,101.1,101.4,101.7,104.2,107.7,109.1,109.1,105.8,104.1,106.4,108.4,109.4,109.4,107.4,105.6,103.2,112.5,109.3,107.6,107.1,115.0,113.3,113.0,109.2,96.1,94.6,91.3,93.8,107.2,109.8,113.1,115.2,116.7,117.9,118.6,126.3,146.1,148.6,148.9,152.2,146.4,140.8
% of leverage-to-industry,72.3,62.3,66.7,66.7,110.7,86.1,92.1,75.8,69.7,63.9,78.9,76.5,76.5,0.0,0.0,60.6,54.3,52.9,79.4,81.3,73.5,70.6,78.8,76.7,72.7,69.7,78.1,71.0,61.8,58.3,64.7,55.6,58.3,55.6,57.9,55.6,58.3,58.3,81.5,76.9,92.3,88.0,92.3,100.0,88.0,79.2,74.1,79.2,92.0,83.3,120.0,95.8,87.5,80.8,78.6,80.0,80.0,76.9,81.5,78.6,78.6,78.6,69.0,74.1,74.1,74.1,71.4,69.2,73.1,67.9,62.1,62.1,60.0,62.1,63.3,62.1,62.1
% of net profit margin-to-industry,42.1,30.3,28.1,78.8,73.0,71.1,73.0,-14.3,-1203.1,-1182.8,-966.7,67.7,67.7,0.0,0.0,69.0,72.4,68.8,-17.2,13.8,24.1,25.0,87.1,100.0,65.5,53.6,45.5,78.6,60.0,0.0,-14.3,-21.4,-12.5,22.7,39.1,37.5,35.5,35.7,44.4,107.7,107.1,93.3,32.0,23.7,23.1,36.8,54.3,10.5,40.5,13.2,18.9,46.2,-10.0,10.8,25.7,43.8,55.2,50.0,-20.0,231.8,278.3,288.5,241.7,-100.0,-52.0,-14.8,25.9,58.6,71.4,96.6,67.7,86.2,86.7,80.0,86.7,60.6,45.7
% of post-tax profit margin-to-industry,43.2,30.3,28.1,83.9,75.0,79.4,81.8,-17.2,-1480.8,-1319.2,-1074.1,67.7,67.7,0.0,0.0,69.0,72.4,68.8,-17.2,13.8,24.1,25.0,87.1,100.0,65.5,53.6,45.5,73.3,60.0,0.0,-13.3,-15.0,-9.1,18.5,32.1,38.7,37.9,35.7,44.4,51.9,50.0,40.0,16.7,22.5,23.1,36.8,54.3,10.8,41.7,13.5,22.2,-5.1,-5.0,18.9,25.7,43.8,55.2,50.0,-20.0,186.4,236.4,252.0,191.7,-100.0,-52.0,-14.8,25.9,58.6,71.4,96.6,67.7,86.2,86.7,77.4,86.7,60.6,45.7
% of pre-tax profit margin-to-industry,26.0,17.4,17.6,79.6,68.8,71.0,73.8,-5.4,-808.5,-719.1,-600.0,67.9,37.0,0.0,0.0,72.2,-95.2,-110.8,0.0,20.8,29.6,28.8,78.2,87.5,69.8,57.7,48.8,54.5,39.4,0.0,-13.3,-12.1,-8.3,18.6,34.9,39.6,37.0,36.4,37.2,42.9,42.6,32.7,16.0,20.3,19.0,41.0,61.1,26.7,89.7,57.6,72.9,-23.3,-14.8,5.2,14.5,44.2,57.8,51.1,-5.0,466.7,535.7,511.8,473.3,-111.4,-60.0,-37.2,-25.6,26.1,38.6,68.9,76.1,70.8,75.5,69.4,70.0,65.3,47.1
% of pric/free cashlow-to-industry,2.1,-4.3,-8.3,7.1,-29.2,52.0,38.1,-258.5,-15.6,71.3,274.9,-212.6,-46.3,0.0,0.0,-177.1,6.7,36.9,21.0,-6.1,30.6,8.8,11.4,-13.3,3.2,287.1,-50.4,52.4,18.0,-3.9,12.7,43.2,-35.9,-390.8,133.7,-48.5,-7.3,25.3,-72.1,75.3,0.0,-8.8,30.9,-58.6,-1068.3,58.4,90.2,220.6,-167.9,12.2,5.1,-11.4,119.4,44.6,106.6,-99.1,0.0,75.1,35.9,-18.9,0.0,-120.4,-57.5,0.0,-10.3,-68.6,192.8,129.7,-182.6,-9.3,-66.1,13.3,-34.9,131.4,-3.1,104.1,-193.1
% of price-to-industry,28.0,27.1,26.2,34.0,37.3,47.2,29.9,27.2,49.9,53.5,62.2,61.9,62.3,0.0,0.0,85.5,97.4,79.7,76.4,101.5,84.7,64.5,54.8,41.3,38.5,38.8,43.2,52.8,43.8,38.6,29.3,33.8,50.8,34.6,45.4,42.6,45.4,53.1,57.2,66.9,51.0,50.8,47.6,47.6,45.7,49.0,43.9,47.3,44.5,32.2,37.3,35.0,35.9,34.0,47.3,49.1,37.3,33.4,18.9,12.9,32.5,26.0,22.9,17.2,22.2,22.8,27.3,27.0,26.3,23.2,24.6,21.4,17.4,18.1,16.8,18.9,18.9
% of price/book-to-industry,68.7,57.1,56.0,82.3,95.7,78.5,50.2,60.8,101.7,94.8,93.4,106.2,104.4,0.0,0.0,115.4,127.7,105.1,89.2,117.0,97.6,74.7,66.7,47.3,42.9,43.3,50.4,59.7,46.8,42.1,33.9,36.8,56.6,39.1,51.1,50.0,53.3,61.4,64.2,75.9,68.5,70.2,66.9,61.5,55.9,60.5,55.5,78.0,79.4,57.8,104.0,97.2,94.9,89.4,121.5,129.0,0.0,89.4,52.3,33.3,0.0,50.0,44.9,0.0,71.3,75.2,88.1,87.2,82.5,78.8,60.0,50.2,39.4,42.7,40.2,46.7,45.8
% of price/cashflow-to-industry,222.2,178.9,135.1,90.3,100.0,137.7,85.3,176.5,-23.9,-29.9,-39.7,165.3,163.9,0.0,0.0,205.4,245.7,193.1,307.8,283.5,237.2,161.5,86.3,61.8,88.9,96.0,84.1,80.2,86.4,84.9,63.1,73.3,114.0,74.1,84.2,96.5,103.2,116.9,127.1,80.6,64.8,56.1,65.8,92.7,70.2,76.0,63.6,139.9,102.0,109.4,146.9,139.2,243.2,190.2,215.1,194.5,0.0,124.0,104.1,-63.4,0.0,-20.9,-218.2,0.0,167.2,157.2,154.5,137.2,128.1,112.1,66.6,89.0,87.0,102.7,83.1,88.7,124.5
% of price/sales-to-industry,197.4,147.2,111.4,100.0,94.7,125.0,77.3,60.8,145.2,156.4,175.0,125.6,125.0,0.0,0.0,145.1,172.2,132.7,132.7,151.8,166.7,113.3,78.7,64.6,73.5,79.3,71.9,85.3,86.7,77.4,48.4,60.0,89.7,62.5,78.8,77.8,84.6,96.3,110.3,100.0,82.5,71.4,58.7,66.0,50.0,60.3,56.3,84.6,79.7,66.2,89.9,130.4,124.0,126.9,172.2,177.3,0.0,116.2,66.7,50.0,0.0,77.8,77.3,0.0,120.4,125.6,150.0,150.0,146.8,139.5,60.6,123.3,120.8,140.5,130.8,104.1,105.9
% of sales-to-industry,0.2,0.2,0.3,0.4,0.5,0.5,0.5,1.0,0.8,0.8,1.0,1.3,1.4,0.0,0.0,2.4,2.9,3.1,3.6,4.2,3.9,4.3,4.3,4.0,4.0,3.9,3.9,4.0,4.0,3.9,3.9,4.6,4.5,4.5,4.7,4.5,4.5,4.5,4.6,6.4,7.4,8.8,9.8,7.7,7.1,6.2,5.3,4.4,3.8,3.3,2.9,2.0,2.2,2.1,2.2,2.2,2.3,2.3,2.2,2.2,2.0,2.0,1.9,1.9,2.0,2.0,2.0,2.0,2.0,2.1,1.2,0.5,0.4,0.4,0.4,0.5,0.5
(increase) decrease in inventories,0.0,0.0,0.0,15.2,0.0,0.0,0.0,-8.1,0.0,0.0,0.0,17.9,0.0,0.0,0.0,-71.7,0.0,0.0,0.0,-127.2,0.0,0.0,0.0,-101.8,0.0,0.0,0.0,-29.4,0.0,0.0,0.0,189.3,0.0,0.0,0.0,-10.8,0.0,0.0,0.0,-143.1,0.0,0.0,0.0,-77.8,0.0,0.0,0.0,103.5,0.0,0.0,0.0,-142.8,0.0,0.0,0.0,-71.9,0.0,0.0,0.0,118.5,0.0,0.0,0.0,79.6,0.0,0.0,0.0,-22.2,0.0,0.0,0.0,-50.5,-71.6,-27.2,-205.2,-101.0,-33.5
(increase) decrease in other current assets,0.0,0.0,0.0,1.4,0.0,0.0,0.0,1.8,0.0,0.0,0.0,-14.4,0.0,0.0,0.0,27.7,0.0,0.0,0.0,-8.1,0.0,0.0,0.0,3.3,0.0,0.0,0.0,14.2,0.0,0.0,0.0,-26.8,0.0,0.0,0.0,-18.5,0.0,0.0,0.0,8.9,0.0,0.0,0.0,36.4,0.0,0.0,0.0,-38.1,0.0,0.0,0.0,-11.1,0.0,0.0,0.0,12.9,0.0,0.0,0.0,21.0,0.0,0.0,0.0,11.4,0.0,0.0,0.0,-13.9,0.0,0.0,0.0,36.3,-23.7,-8.7,-5.7,-13.6,-1.7
(increase) decrease in prepaid expenses,0.0,0.0,0.0,0.0,0.0,0.0,0.0,0.0,0.0,0.0,0.0,0.0,0.0,0.0,0.0,0.0,0.0,0.0,0.0,0.0,0.0,0.0,0.0,0.0,0.0,0.0,0.0,0.0,0.0,0.0,0.0,0.0,0.0,0.0,0.0,0.0,0.0,0.0,0.0,0.0,0.0,0.0,0.0,0.0,0.0,0.0,0.0,0.0,0.0,0.0,0.0,0.0,0.0,0.0,0.0,0.0,0.0,0.0,0.0,0.0,0.0,0.0,0.0,0.0,0.0,0.0,0.0,0.0,0.0,0.0,0.0,0.0,0.0,0.0,0.0,0.0,0.0
(increase) decrease in receivables,0.0,0.0,0.0,65.6,0.0,0.0,0.0,4.0,0.0,0.0,0.0,3.2,0.0,0.0,0.0,10.3,0.0,0.0,0.0,293.9,0.0,0.0,0.0,-42.5,0.0,0.0,0.0,4.5,0.0,0.0,0.0,-18.6,0.0,0.0,0.0,-27.6,0.0,0.0,0.0,-42.7,0.0,0.0,0.0,0.0,0.0,0.0,0.0,0.0,0.0,0.0,0.0,0.0,0.0,0.0,0.0,0.0,0.0,0.0,0.0,0.0,0.0,0.0,0.0,0.0,0.0,0.0,0.0,0.0,0.0,0.0,0.0,0.0,0.0,0.0,0.0,0.0,0.0
Basic EPS (Continuing),0.01,0.02,0.13,0.57,0.12,0.03,0.14,-0.52,0.07,0.04,0.14,0.53,0.16,0.09,0.19,0.40,0.23,0.16,-0.74,0.70,0.23,0.13,0.18,0.84,0.24,-0.04,-0.06,0.39,0.11,-0.44,-0.17,0.38,0.14,-0.14,0.01,0.48,0.10,-0.18,0.09,0.58,0.16,-0.20,-0.18,0.67,0.12,0.06,0.00,-0.02,0.58,-0.38,0.09,0.16,0.08,-0.17,0.15,0.28,0.13,-0.23,-0.31,-0.48,-0.04,-0.39,0.04,-0.03,0.12,-0.21,0.24,0.16,0.18,-0.05,0.12,0.24,0.21,-0.08,0.15,0.14,0.14
Basic EPS (Cum. Effect of Acct. Change),0.00,0.00,0.00,0.00,0.00,0.00,0.00,0.00,0.00,0.00,0.00,0.00,0.00,0.00,0.00,0.00,0.00,0.00,0.00,0.00,0.00,0.00,0.00,0.00,0.00,0.00,0.00,0.00,0.00,0.00,0.00,0.00,-0.32,0.00,0.00,0.00,0.00,0.00,0.00,0.00,0.00,0.00,0.00,0.00,0.00,0.00,0.00,0.00,0.00,0.00,0.00,0.00,0.00,0.00,0.00,0.00,0.00,0.00,0.00,0.00,0.00,0.00,0.00,0.00,0.00,0.00,0.00,0.00,0.00,0.00,0.00,0.00,0.00,0.00,0.00,0.00,0.00
Basic EPS (Discontinued),0.00,0.00,0.00,0.00,0.00,0.00,0.00,0.00,0.00,0.00,0.00,0.00,0.00,0.00,0.00,0.00,0.00,0.00,0.00,0.00,0.00,0.00,0.00,0.00,0.00,0.00,0.00,0.00,0.00,0.00,0.00,0.00,0.00,0.00,0.00,0.00,0.00,0.00,0.00,0.00,0.00,0.00,0.00,0.00,0.00,0.00,0.00,0.00,0.00,0.00,-0.05,0.00,0.00,0.00,0.00,0.00,0.00,0.00,0.00,-0.23,0.00,0.00,0.00,0.00,0.00,0.00,0.00,0.00,0.00,0.00,0.00,0.00,0.00,0.00,0.00,0.00,0.00
Basic EPS (Extraordinary Items),0.00,0.00,0.00,0.00,0.00,0.00,0.00,0.00,0.00,0.00,0.00,0.00,0.00,0.00,0.00,0.00,0.00,0.00,0.00,0.00,0.00,0.00,0.00,0.00,0.00,0.00,0.00,0.00,0.00,0.00,0.00,0.00,0.00,0.00,0.00,0.00,0.00,0.00,0.00,0.00,0.00,0.00,0.00,0.00,0.00,0.00,0.00,0.00,0.00,0.00,0.00,0.00,0.00,0.00,0.00,0.00,0.00,0.00,0.00,0.00,0.00,0.00,0.00,0.00,0.00,0.00,0.00,0.00,0.00,0.00,0.00,0.00,0.00,0.00,0.00,0.00,0.00
Basic EPS (Other Gains/Losses),0.00,0.00,0.00,0.00,0.00,0.00,0.00,-0.05,0.00,0.00,0.00,0.00,0.00,-0.01,-0.01,-0.09,0.00,0.00,-0.15,-0.03,0.00,0.00,0.00,0.00,0.00,0.00,0.00,0.00,0.08,0.03,0.02,0.00,0.00,0.00,0.00,0.00,0.00,0.00,0.00,0.00,0.00,0.00,0.00,0.00,0.00,0.00,0.00,0.00,0.00,0.00,0.00,0.00,0.00,0.00,0.00,0.00,0.00,0.00,0.00,0.00,0.00,0.00,0.00,0.00,0.00,0.00,0.00,0.00,0.00,0.00,0.00,0.00,0.00,0.00,0.00,0.00,0.00
Basic EPS (Tax Loss Carry Forward),0.00,0.00,0.00,0.00,0.00,0.00,0.00,0.00,0.00,0.00,0.00,0.00,0.00,0.00,0.00,0.00,0.00,0.00,0.00,0.00,0.00,0.00,0.00,0.00,0.00,0.00,0.00,0.00,0.00,0.00,0.00,0.00,0.00,0.00,0.00,0.00,0.00,0.00,0.00,0.00,0.00,0.00,0.00,0.00,0.00,0.00,0.00,0.00,0.00,0.00,0.00,0.00,0.00,0.00,0.00,0.00,0.00,0.00,0.00,0.00,0.00,0.00,0.00,0.00,0.00,0.00,0.00,0.00,0.00,0.00,0.00,0.00,0.00,0.00,0.00,0.00,0.00
Close PE Ratio,40.6,52.8,45.6,10.7,14.7,20.1,13.6,0.0,0.0,0.0,0.0,23.2,22.5,30.1,31.2,36.3,45.2,33.5,0.0,216.5,83.3,71.9,13.9,10.2,8.3,8.4,10.5,25.4,29.8,0.0,0.0,0.0,0.0,53.2,28.6,18.1,19.9,27.6,28.4,29.3,22.9,21.4,35.9,33.9,44.8,33.2,22.1,120.7,32.5,89.7,87.9,46.9,0.0,185.1,105.8,58.2,36.1,34.0,0.0,0.0,0.0,0.0,0.0,0.0,0.0,0.0,159.1,39.1,38.6,22.9,27.8,22.2,24.4,24.8,22.8,26.4,36.1
Diluted EPS (Continuing),0.01,0.02,0.13,0.57,0.12,0.03,0.14,-0.52,0.07,0.04,0.14,0.50,0.15,0.09,0.18,0.39,0.22,0.15,-0.74,0.70,0.23,0.13,0.18,0.83,0.24,-0.04,-0.06,0.39,0.11,-0.44,-0.17,0.38,0.13,-0.14,0.01,0.48,0.10,-0.18,0.09,0.57,0.15,-0.20,-0.18,0.65,0.11,0.06,0.00,-0.01,0.57,-0.38,0.09,0.16,0.07,-0.17,0.14,0.26,0.13,-0.23,-0.31,-0.48,-0.04,-0.39,0.04,-0.03,0.11,-0.21,0.20,0.16,0.16,-0.05,0.11,0.21,0.18,-0.08,0.14,0.13,0.13
Diluted EPS (Cum. Effect of Acct. Change),0.00,0.00,0.00,0.00,0.00,0.00,0.00,0.00,0.00,0.00,0.00,0.00,0.00,0.00,0.00,0.00,0.00,0.00,0.00,0.00,0.00,0.00,0.00,0.00,0.00,0.00,0.00,0.00,0.00,0.00,0.00,0.00,-0.31,0.00,0.00,-0.01,0.00,0.00,0.00,0.00,0.00,0.00,0.00,0.00,0.00,0.00,0.00,0.00,0.00,0.00,0.00,0.00,0.00,0.00,0.00,0.00,0.00,0.00,0.00,0.00,0.00,0.00,0.00,0.00,0.00,0.00,0.00,0.00,0.00,0.00,0.00,0.00,0.00,0.00,0.00,0.00,0.00
Diluted EPS (Discontinued),0.00,0.00,0.00,0.00,0.00,0.00,0.00,0.00,0.00,0.00,0.00,0.00,0.00,0.00,0.00,0.00,0.00,0.00,0.00,0.00,0.00,0.00,0.00,0.00,0.00,0.00,0.00,0.00,0.00,0.00,0.00,0.00,0.00,0.00,0.00,0.00,0.00,0.00,0.00,0.00,0.00,0.00,0.00,0.00,0.00,0.00,0.00,0.00,0.00,0.00,-0.05,0.00,0.00,0.00,0.00,0.00,0.00,0.00,0.00,-0.23,0.00,0.00,0.00,0.00,0.00,0.00,0.00,0.00,0.00,0.00,0.00,0.00,0.00,0.00,0.00,0.00,0.00
Diluted EPS (Extraordinary),0.00,0.00,0.00,0.00,0.00,0.00,0.00,0.00,0.00,0.00,0.00,0.00,0.00,0.00,0.00,0.00,0.00,0.00,0.00,0.00,0.00,0.00,0.00,0.00,0.00,0.00,0.00,0.00,0.00,0.00,0.00,0.00,0.00,0.00,0.00,0.00,0.00,0.00,0.00,0.00,0.00,0.00,0.00,0.00,0.00,0.00,0.00,0.00,0.00,0.00,0.00,0.00,0.00,0.00,0.00,0.00,0.00,0.00,0.00,0.00,0.00,0.00,0.00,0.00,0.00,0.00,0.00,0.00,0.00,0.00,0.00,0.00,0.00,0.00,0.00,0.00,0.00
Diluted EPS (Other Gains/Losses),0.00,0.00,0.00,0.00,0.00,0.00,0.00,-0.05,0.00,0.00,0.00,0.00,0.00,-0.01,-0.01,-0.08,0.00,0.00,-0.15,-0.03,0.00,0.00,0.00,0.00,0.00,0.00,0.00,0.00,0.07,0.03,0.02,0.00,0.00,0.00,0.00,0.00,0.00,0.00,0.00,0.00,0.00,0.00,0.00,0.00,0.00,0.00,0.00,0.00,0.00,0.00,0.00,0.00,0.00,0.00,0.00,0.00,0.00,0.00,0.00,0.00,0.00,0.00,0.00,0.00,0.00,0.00,0.00,0.00,0.00,0.00,0.00,0.00,0.00,0.00,0.00,0.00,0.00
Diluted EPS (Tax Loss Carry Forward),0.00,0.00,0.00,0.00,0.00,0.00,0.00,0.00,0.00,0.00,0.00,0.00,0.00,0.00,0.00,0.00,0.00,0.00,0.00,0.00,0.00,0.00,0.00,0.00,0.00,0.00,0.00,0.00,0.00,0.00,0.00,0.00,0.00,0.00,0.00,0.00,0.00,0.00,0.00,0.00,0.00,0.00,0.00,0.00,0.00,0.00,0.00,0.00,0.00,0.00,0.00,0.00,0.00,0.00,0.00,0.00,0.00,0.00,0.00,0.00,0.00,0.00,0.00,0.00,0.00,0.00,0.00,0.00,0.00,0.00,0.00,0.00,0.00,0.00,0.00,0.00,0.00
Dividends Paid Per Share (YTD),0.00,0.00,0.00,0.00,0.00,0.00,0.00,0.00,0.00,0.00,0.00,0.00,0.00,0.00,0.00,0.00,0.00,0.00,0.00,0.00,0.00,0.00,0.00,0.00,0.00,0.00,0.00,0.00,0.00,0.00,0.00,0.00,0.00,0.00,0.00,0.00,0.00,0.00,0.00,0.00,0.00,2.00,2.00,2.00,0.00,0.00,0.00,0.00,0.00,4.00,4.00,8.00,0.00,0.00,0.00,0.00,0.00,0.00,0.00,0.00,0.00,0.00,0.00,0.00,0.00,0.00,0.00,0.00,0.00,0.00,0.00,0.00,0.00,0.00,0.00,0.00,0.00
EPS from Total Operations (YTD),0.01,0.03,0.15,1.03,0.12,0.14,0.29,-0.22,0.07,0.11,0.25,0.78,0.15,0.24,0.42,0.81,0.22,0.37,-0.53,0.17,0.23,0.36,0.53,1.36,0.24,0.20,0.14,0.53,0.11,-0.33,-0.49,-0.11,0.13,0.00,0.01,0.49,0.10,-0.08,0.01,0.58,0.15,-0.05,-0.23,0.42,0.11,0.17,0.17,0.16,0.57,0.19,0.24,0.40,0.07,-0.10,0.05,0.31,0.13,-0.10,-0.41,-1.12,-0.04,-0.43,-0.37,-0.40,0.11,-0.09,0.14,0.30,0.16,0.12,0.24,0.45,0.18,0.13,0.28,0.41,0.13
High PE Ratio,76.6,102.1,88.8,12.5,15.8,20.1,19.9,0.0,0.0,0.0,0.0,27.4,25.8,30.1,33.3,40.0,45.6,47.3,0.0,261.4,130.7,123.4,31.9,29.0,22.2,20.5,19.5,28.4,35.6,0.0,0.0,0.0,0.0,78.8,41.4,32.1,34.8,34.6,28.9,29.8,28.4,29.4,52.7,42.7,50.7,33.5,30.0,154.0,39.7,136.9,93.6,53.6,0.0,232.5,116.3,75.0,64.6,76.8,0.0,0.0,0.0,0.0,0.0,0.0,0.0,0.0,164.1,40.7,41.8,27.6,34.1,28.8,27.0,28.9,27.0,29.6,38.0
"Income, Restructuring and M&A;",0.0,0.0,0.0,0.0,0.0,0.0,0.0,0.0,0.0,0.0,0.0,0.0,0.0,0.0,0.0,0.0,0.0,0.0,0.0,0.0,0.0,0.0,0.0,0.0,0.0,0.0,0.0,0.0,-0.8,-21.1,0.0,0.0,0.0,0.0,0.0,0.0,0.0,0.0,0.0,0.0,0.0,0.0,0.0,0.0,0.0,0.0,0.0,0.0,0.0,0.0,0.0,0.0,0.0,0.0,0.0,0.0,0.0,-0.3,0.0,0.0,0.0,0.0,0.0,0.0,0.0,0.0,0.0,0.0,0.0,0.0,0.0,0.0,0.0,0.0,0.0,0.0,0.0
LT-Debt as % of Invested Capital,59.8,58.6,59.0,55.5,57.4,57.0,58.7,40.8,38.2,38.9,51.3,48.2,47.6,48.4,38.9,33.5,24.0,21.7,51.1,51.2,48.5,48.6,50.3,47.1,47.0,47.4,46.7,44.0,41.1,40.6,42.3,37.4,37.2,37.3,38.9,36.9,36.8,36.1,36.2,32.6,39.5,39.9,42.2,39.2,38.8,26.1,25.9,26.6,30.1,30.4,40.0,29.1,23.5,23.1,23.1,17.7,28.9,29.7,30.4,39.7,39.0,38.4,32.6,31.5,31.3,31.9,24.5,23.6,23.5,23.6,23.8,23.4,23.2,24.5,24.2,18.5,15.6
LT-Debt as % of Total Debt,63.1,61.5,55.2,62.8,63.0,63.2,57.6,51.3,48.7,50.2,53.1,58.2,56.0,57.0,46.5,48.9,35.7,35.2,62.3,66.3,64.3,66.9,62.2,68.0,65.3,68.6,60.1,65.4,62.5,62.7,58.6,58.4,55.9,57.4,54.0,57.4,53.0,51.5,45.6,48.3,46.3,53.9,50.6,51.4,50.7,38.7,36.2,39.0,32.2,45.6,33.0,31.1,27.8,28.2,25.8,21.2,40.4,42.8,36.4,53.0,53.1,53.2,46.2,46.4,44.9,45.9,32.0,36.7,35.4,35.9,37.6,39.9,39.2,39.8,36.8,27.7,23.6
LT-Debt to Equity Ratio,1.49,1.41,1.44,1.25,1.34,1.33,1.42,0.75,0.62,0.64,1.05,0.93,0.91,0.94,0.64,0.50,0.32,0.28,1.05,1.05,0.94,0.94,1.01,0.89,0.89,0.90,0.88,0.79,0.70,0.68,0.73,0.60,0.59,0.59,0.64,0.59,0.58,0.56,0.57,0.48,0.65,0.66,0.73,0.65,0.63,0.35,0.35,0.36,0.43,0.44,0.67,0.41,0.31,0.30,0.30,0.22,0.41,0.42,0.44,0.66,0.64,0.62,0.48,0.46,0.46,0.47,0.32,0.31,0.31,0.31,0.31,0.30,0.30,0.33,0.32,0.23,0.19
Low PE Ratio,34.4,41.0,36.9,7.2,8.8,8.7,10.3,0.0,0.0,0.0,0.0,14.3,18.8,17.8,17.0,19.3,20.8,26.5,818.8,96.3,48.2,51.2,11.8,10.0,7.7,8.3,9.0,14.4,19.1,0.0,0.0,0.0,0.0,23.0,17.2,16.6,14.8,16.2,13.6,11.5,13.5,17.5,34.1,27.6,30.6,18.1,14.6,88.5,25.4,83.6,64.1,35.3,0.0,141.0,71.9,46.4,30.7,30.5,0.0,0.0,0.0,0.0,0.0,0.0,0.0,0.0,76.7,20.5,21.3,14.0,20.2,17.0,17.0,18.3,18.9,22.5,28.9
Net Income from Total Operations (YTD),0.4,1.2,4.2,16.1,2.8,3.9,7.3,-6.4,6.3,9.8,19.7,40.3,10.5,16.9,27.2,72.1,20.9,35.2,-75.0,25.0,33.7,52.6,78.5,198.9,33.9,28.1,19.9,75.2,15.9,-46.3,-70.1,-15.7,19.8,-0.6,1.3,69.8,14.4,-11.3,1.0,82.8,22.0,-6.9,-31.7,61.1,16.2,24.4,24.6,22.3,77.9,26.0,32.2,53.7,11.0,-13.6,8.0,47.5,18.3,-13.4,-56.2,-154.9,-5.1,-59.6,-53.3,-57.9,18.8,-13.4,22.9,47.8,28.4,20.0,37.8,74.8,32.1,19.8,42.5,62.9,20.0
Normalized Close PE Ratio,40.6,52.8,45.6,10.7,14.7,20.1,13.6,8.7,0.0,0.0,0.0,16.6,17.0,23.0,24.1,21.4,27.0,20.1,0.0,153.4,55.5,45.1,20.2,8.5,6.4,6.4,6.5,11.3,11.3,0.0,12.8,77.5,78.3,36.7,21.7,12.8,13.8,18.5,20.1,23.9,18.7,17.4,26.6,22.2,28.4,20.0,15.4,0.0,0.0,0.0,0.0,625.3,349.0,68.6,70.5,47.5,33.4,31.8,300.0,0.0,0.0,0.0,0.0,0.0,0.0,27.4,41.3,30.8,30.7,25.0,31.1,19.6,22.4,21.3,19.8,20.8,25.7
Normalized High PE Ratio,76.6,102.1,88.8,12.5,15.8,20.1,19.9,13.6,0.0,0.0,0.0,19.6,19.4,23.1,25.7,23.7,27.3,28.3,0.0,185.2,87.1,77.5,46.5,24.1,17.2,15.8,12.0,12.7,13.6,0.0,26.8,109.5,82.9,54.3,31.5,22.8,24.1,23.2,20.5,24.4,23.3,23.9,39.0,28.0,32.1,20.2,20.9,0.0,0.0,0.0,0.0,715.0,357.5,86.1,77.5,61.2,59.6,72.0,0.0,0.0,0.0,0.0,0.0,0.0,0.0,35.5,42.6,32.2,33.3,30.2,38.1,25.4,24.8,24.8,23.3,23.3,27.0
Normalized Low PE Ratio,34.4,41.0,36.9,7.2,8.8,8.7,10.3,8.2,0.0,0.0,0.0,10.3,14.2,13.6,13.1,11.4,12.5,15.8,0.0,68.2,32.1,32.1,17.2,8.3,5.9,6.4,5.6,6.4,7.3,0.0,8.7,35.4,24.2,15.9,13.1,11.8,10.2,10.9,9.7,9.4,11.0,14.2,25.2,18.1,19.4,11.0,10.1,0.0,0.0,0.0,0.0,470.0,235.0,52.2,47.9,37.8,28.3,28.6,240.5,0.0,0.0,0.0,0.0,0.0,0.0,17.0,19.9,16.2,16.9,15.3,22.6,15.0,15.7,15.7,16.3,17.8,20.5
Normalized ROA,0.7,0.6,0.7,3.0,3.1,3.2,2.9,4.4,-44.3,-43.8,-24.5,4.0,4.1,4.1,3.8,5.5,6.5,7.4,2.5,0.7,1.3,1.5,2.3,4.7,3.0,2.4,1.8,3.3,3.0,2.2,1.4,0.4,0.5,1.0,1.5,2.2,2.0,1.9,2.0,2.2,2.2,2.4,1.4,2.0,1.8,3.7,4.0,-2.2,-1.7,-4.9,-4.1,0.2,0.3,1.6,1.8,2.4,2.5,2.2,0.1,-5.2,-6.2,-7.6,-5.8,-1.3,-0.1,1.9,3.1,2.8,3.2,3.4,2.6,4.0,3.9,4.1,4.2,3.8,3.4
Normalized ROCI,1.0,0.8,1.1,4.0,4.2,4.3,4.1,6.1,-62.1,-60.7,-35.6,5.4,5.6,5.6,5.5,7.4,9.3,10.3,3.3,0.9,1.6,1.9,2.9,5.8,3.7,3.0,2.4,4.1,3.8,2.8,1.8,0.5,0.6,1.2,2.0,2.7,2.6,2.6,2.8,2.9,3.2,3.2,2.0,2.7,2.5,5.3,5.8,-3.0,-2.7,-6.7,-7.4,0.3,0.5,2.5,3.0,4.1,3.6,3.1,0.2,-7.0,-8.3,-10.2,-8.0,-1.8,-0.2,2.6,4.8,4.0,4.6,4.8,3.6,5.4,5.3,5.7,5.9,5.7,5.2
Normalized ROE,2.4,2.0,2.6,8.9,9.9,10.0,10.0,11.2,0.0,0.0,0.0,10.4,10.7,10.9,9.0,11.2,12.3,13.1,6.8,1.8,3.1,3.6,5.9,10.9,7.0,5.6,4.5,7.4,6.4,4.7,3.2,0.8,1.0,1.9,3.3,4.4,4.1,4.0,4.5,4.4,5.4,5.3,3.5,4.5,4.1,7.2,7.8,0.0,0.0,0.0,0.0,0.5,0.6,3.2,3.9,4.9,5.0,4.4,0.3,0.0,0.0,0.0,0.0,0.0,0.0,3.8,6.3,5.2,6.0,6.2,4.8,7.0,7.0,7.5,7.8,7.0,6.1
Return on Assets (ROA),0.7,0.6,0.7,3.0,3.1,3.2,2.9,-0.8,-49.5,-49.2,-27.7,2.9,3.1,3.1,2.9,3.2,3.9,4.4,-0.5,0.5,0.8,0.9,3.3,3.9,2.3,1.9,1.1,1.5,1.2,0.0,-0.3,-0.3,-0.3,0.7,1.1,1.5,1.4,1.3,1.4,1.8,1.8,1.9,1.0,1.3,1.2,2.3,2.8,0.6,2.3,0.8,1.0,2.1,-0.5,0.6,1.2,2.0,2.3,2.1,-0.7,-7.2,-8.2,-9.7,-7.0,-2.7,-1.5,-0.5,0.8,2.2,2.6,3.7,2.9,3.5,3.6,3.6,3.6,3.0,2.4
Return on Capital Invested (ROCI),1.0,0.8,1.1,4.0,4.2,4.3,4.1,-1.1,-69.5,-68.1,-40.2,3.9,4.2,4.3,4.2,4.4,5.6,6.2,-0.7,0.6,1.1,1.2,4.3,4.8,2.9,2.3,1.5,1.8,1.5,0.0,-0.4,-0.4,-0.3,0.8,1.5,1.9,1.8,1.7,2.0,2.4,2.7,2.6,1.5,1.8,1.6,3.2,4.0,0.8,3.7,1.1,1.8,3.5,-0.9,1.0,2.0,3.3,3.3,2.9,-1.1,-9.7,-11.0,-12.9,-9.6,-3.7,-2.1,-0.8,1.3,3.1,3.7,5.3,4.1,4.7,4.9,4.9,5.1,4.5,3.7
Return on Stock Equity (ROE),2.4,2.0,2.6,8.9,9.9,10.0,10.0,0.0,0.0,0.0,0.0,7.5,8.0,8.3,6.9,6.6,7.4,7.9,0.0,1.2,2.1,2.2,8.6,9.0,5.4,4.3,2.8,3.3,2.5,0.0,0.0,0.0,0.0,1.3,2.5,3.1,2.8,2.7,3.2,3.6,4.4,4.3,2.6,2.9,2.6,4.3,5.4,1.1,5.3,1.5,2.9,4.9,0.0,1.2,2.6,4.0,4.6,4.2,0.0,0.0,0.0,0.0,0.0,0.0,0.0,0.0,1.7,4.1,4.9,6.9,5.3,6.2,6.3,6.5,6.7,5.5,4.3
Revenue (YTD),86.1,228.5,392.2,617.4,160.4,309.1,482.6,"1,333.5",296.6,568.3,936.6,"1,889.8",526.4,"1,018.7","1,610.9","3,544.7",833.1,"1,610.3","4,169.2","6,219.9","1,544.5","2,971.1","4,570.2","6,423.8","1,497.9","2,884.7","4,450.4","6,581.2","1,464.4","2,735.1","4,158.6","6,070.6","1,426.2","2,663.5","4,069.6","5,911.1","1,381.9","2,619.0","4,086.1","6,055.1","1,540.2","2,890.6","4,372.2","6,437.3","1,550.1","2,865.3","4,180.5","5,953.4","1,039.8","1,800.4","1,985.0","2,940.0",792.7,"1,486.9","2,282.9","3,282.6",862.4,"1,531.6","2,229.6","3,029.7",621.3,"1,183.0","1,820.2","2,631.5",667.4,"1,260.6","1,919.4","2,785.7",726.0,"1,396.2","2,088.5","3,013.6",753.6,"1,457.7","2,170.9","3,147.6",793.2
accounts payable,50.6,51.5,99.0,34.6,44.3,43.9,91.6,75.4,151.0,79.6,199.6,116.4,157.1,179.9,261.0,150.2,215.1,192.7,546.8,360.4,425.5,354.2,596.7,236.0,423.8,318.8,661.3,319.5,370.3,345.4,545.7,282.8,376.5,321.0,506.1,274.0,399.7,356.3,582.0,319.2,414.8,387.0,562.5,378.4,413.8,393.8,298.1,190.1,250.2,190.8,284.0,231.0,236.8,212.0,264.5,176.8,204.4,155.1,250.4,90.2,140.3,99.5,163.2,101.7,148.1,116.9,190.6,88.4,146.3,143.6,221.8,115.9,155.0,133.0,195.4,144.5,152.3
accounts receivable,0.0,0.0,0.0,0.0,0.0,0.0,0.0,54.3,0.0,0.0,0.0,0.0,0.0,0.0,0.0,0.0,0.0,0.0,0.0,0.0,0.0,0.0,0.0,202.1,0.0,0.0,0.0,0.0,237.4,185.4,211.0,239.4,259.6,252.0,243.3,267.1,0.0,0.0,0.0,0.0,0.0,0.0,0.0,0.0,0.0,0.0,0.0,0.0,0.0,0.0,0.0,0.0,0.0,0.0,0.0,0.0,0.0,0.0,0.0,0.0,0.0,0.0,0.0,0.0,0.0,0.0,0.0,0.0,0.0,0.0,0.0,0.0,0.0,0.0,0.0,0.0,0.0
accrued expenses,0.0,0.0,0.0,0.0,0.0,0.0,0.0,0.0,0.0,0.0,0.0,0.0,0.0,0.0,0.0,0.0,0.0,0.0,0.0,0.0,0.0,0.0,0.0,0.0,0.0,0.0,0.0,0.0,469.9,448.6,478.1,386.6,484.1,474.1,534.2,416.0,492.3,438.9,511.0,495.3,469.5,443.0,515.6,468.9,494.8,474.8,399.0,381.9,449.2,368.5,390.6,318.2,259.7,246.3,278.0,233.0,255.3,236.8,258.4,233.5,0.0,0.0,0.0,0.0,0.0,0.0,0.0,0.0,0.0,0.0,0.0,0.0,0.0,0.0,0.0,0.0,0.0
accrued liabilities,0.0,0.0,0.0,0.0,0.0,0.0,0.0,0.0,0.0,0.0,0.0,0.0,0.0,0.0,0.0,0.0,0.0,0.0,0.0,0.0,0.0,0.0,0.0,0.0,0.0,0.0,0.0,0.0,0.0,0.0,0.0,0.0,0.0,0.0,0.0,0.0,0.0,0.0,0.0,0.0,0.0,0.0,0.0,71.8,0.0,0.0,0.0,68.2,0.0,0.0,0.0,68.3,0.0,0.0,0.0,51.2,0.0,0.0,0.0,42.0,217.4,217.6,228.3,250.2,241.2,252.7,239.0,246.0,232.5,220.1,243.9,273.3,257.3,264.0,281.6,301.9,316.8
accumulated depreciation,24.0,24.0,24.0,40.8,24.0,24.0,24.0,134.9,134.9,134.9,134.9,159.7,159.7,159.7,159.7,273.3,273.3,273.3,273.3,697.3,697.3,697.3,697.3,764.0,764.0,764.0,764.0,922.4,922.4,922.4,922.4,"1,037.1","1,037.1","1,037.1","1,037.1","1,211.0","1,211.0","1,211.0","1,211.0","1,355.1","1,355.1","1,355.1","1,355.1","1,515.7","1,515.7","1,515.7","1,515.7","1,343.9","1,343.9","1,343.9","1,343.9",803.6,803.6,803.6,803.6,849.7,849.7,849.7,849.7,891.2,0.0,0.0,0.0,871.2,0.0,0.0,0.0,958.9,0.0,0.0,0.0,"1,128.0",0.0,0.0,0.0,"1,155.5",0.0
acquisitions,0.0,0.0,0.0,0.0,0.0,0.0,0.0,0.0,0.0,0.0,0.0,0.0,0.0,0.0,0.0,0.0,0.0,0.0,0.0,0.0,0.0,0.0,0.0,0.0,0.0,0.0,0.0,0.0,0.0,0.0,0.0,0.0,0.0,0.0,0.0,0.0,0.0,-14.0,-14.0,-14.0,0.0,0.0,0.0,0.0,0.0,0.0,0.0,0.0,0.0,"1,040.7",0.0,0.0,0.0,0.0,0.0,0.0,0.0,0.0,0.0,0.0,0.0,0.0,0.0,0.0,0.0,0.0,0.0,0.0,0.0,0.0,0.0,0.0,0.0,0.0,0.0,0.0,0.0
additional paid-in capital,0.0,0.0,0.0,0.0,0.0,0.0,0.0,0.0,0.0,0.0,0.0,0.0,0.0,0.0,0.0,0.0,0.0,0.0,0.0,0.0,0.0,0.0,0.0,"2,103.0",0.0,0.0,0.0,"2,115.1",0.0,0.0,0.0,"2,119.3",0.0,0.0,0.0,"2,131.1",0.0,0.0,0.0,"2,105.9","2,109.0","2,110.3","2,053.7","2,116.3",0.0,0.0,0.0,"1,995.0","1,575.8","1,600.7","1,048.8","1,097.8","1,139.3","1,148.8","1,123.9","1,119.2","1,108.5","1,093.9",0.0,"1,105.2","1,149.7","1,175.9","1,274.3","1,277.8","1,277.7","1,281.4","1,285.4","1,318.9","1,311.7","1,316.0","1,291.5","1,296.2","1,294.2","1,220.6","1,224.9","1,172.6","1,170.6"
adjustments to revenue,0.0,0.0,0.0,13.7,0.0,0.0,0.0,29.6,0.0,0.0,0.0,40.4,0.0,0.0,0.0,79.6,0.0,0.0,0.0,150.8,0.0,0.0,0.0,155.7,0.0,0.0,0.0,163.7,0.0,0.0,0.0,156.8,0.0,0.0,0.0,153.8,0.0,0.0,0.0,149.1,0.0,0.0,0.0,164.1,0.0,0.0,0.0,160.7,0.0,0.0,0.0,80.6,22.2,19.7,20.1,24.7,23.1,20.6,20.9,18.0,20.2,17.7,17.8,19.6,22.4,18.7,18.6,20.1,23.6,20.6,19.4,19.2,23.4,21.0,19.8,21.6,23.8
advertising,0.0,0.0,0.0,0.0,0.0,0.0,0.0,0.0,0.0,0.0,0.0,0.0,0.0,0.0,0.0,0.0,0.0,0.0,0.0,0.0,0.0,0.0,0.0,0.0,0.0,0.0,0.0,0.0,0.0,0.0,0.0,0.0,0.0,0.0,0.0,0.0,0.0,0.0,0.0,0.0,0.0,0.0,0.0,0.0,0.0,0.0,0.0,0.0,0.0,0.0,0.0,0.0,0.0,0.0,0.0,0.0,0.0,0.0,0.0,0.0,0.0,0.0,0.0,0.0,0.0,0.0,0.0,0.0,0.0,0.0,0.0,0.0,0.0,0.0,0.0,0.0,0.0
amortization,0.0,0.0,0.0,0.0,0.0,0.0,0.0,0.0,0.0,0.0,0.0,0.0,0.0,0.0,0.0,0.0,0.0,0.0,0.0,0.0,0.0,0.0,0.0,0.0,0.0,0.0,0.0,0.0,0.0,0.0,0.0,0.0,0.0,0.0,0.0,0.0,0.0,0.0,0.0,0.0,0.0,0.0,0.0,0.0,0.0,0.0,0.0,0.0,0.0,0.0,0.0,0.0,0.0,0.0,0.0,0.0,0.0,0.0,0.0,0.0,1.8,4.2,7.0,9.8,2.9,5.8,8.8,11.9,3.1,6.3,9.6,13.0,3.4,6.9,10.5,14.0,2.8
amortization of intangibles,0.0,0.0,0.0,0.0,0.0,0.0,0.0,0.0,0.0,0.0,0.0,0.0,0.0,0.0,0.0,0.0,0.0,0.0,0.0,0.0,0.0,0.0,0.0,0.0,0.0,0.0,0.0,0.0,0.0,0.0,0.0,0.0,0.0,0.0,0.0,0.0,0.0,0.0,0.0,0.0,0.0,0.0,0.0,0.0,0.0,0.0,0.0,0.0,0.0,0.0,0.0,0.0,0.0,0.0,0.0,0.0,0.0,0.0,0.0,0.0,0.0,0.0,0.0,0.0,0.0,0.0,0.0,0.0,0.0,0.0,0.0,0.0,0.0,0.0,0.0,0.0,0.0
asset turnover,0.7,1.0,1.1,1.5,1.2,1.2,1.1,1.9,1.5,1.7,1.3,1.7,1.9,2.0,1.7,2.0,2.2,2.3,1.5,1.7,1.6,1.8,1.3,1.2,1.2,1.3,1.2,1.3,1.3,1.3,1.2,1.3,1.3,1.3,1.2,1.3,1.2,1.3,1.2,1.3,1.3,1.4,1.3,1.4,1.3,1.5,1.4,1.4,1.3,1.4,1.2,0.9,1.0,1.2,1.2,1.3,1.4,1.4,1.3,1.3,1.2,1.2,1.1,1.2,1.2,1.3,1.2,1.3,1.3,1.3,1.4,1.4,1.4,1.4,1.4,1.5,1.5
auditor name,None,None,None,None,None,None,None,None,None,None,None,None,None,None,None,None,None,None,None,None,None,None,None,None,None,None,None,None,None,None,None,None,None,None,None,None,None,None,None,None,None,None,None,None,None,None,None,None,None,None,None,None,None,None,None,None,None,None,None,None,None,None,None,None,None,None,None,None,None,None,None,None,None,None,None,None,None
auditor report,None,None,None,None,None,None,None,None,None,None,None,None,None,None,None,None,None,None,None,None,None,None,None,None,None,None,None,None,None,None,None,None,None,None,None,None,None,None,None,None,None,None,None,None,None,None,None,None,None,None,None,None,None,None,None,None,None,None,None,None,None,None,None,None,None,None,None,None,None,None,None,None,None,None,None,None,None
basic earnings indicator,N,N,N,N,N,N,N,Y,Y,Y,Y,Y,Y,Y,Y,Y,Y,Y,Y,Y,Y,Y,Y,Y,Y,Y,Y,Y,Y,Y,Y,Y,Y,Y,Y,Y,Y,Y,Y,Y,Y,Y,Y,Y,Y,Y,Y,Y,Y,Y,Y,Y,Y,Y,Y,Y,Y,Y,Y,Y,Y,Y,Y,Y,Y,Y,Y,Y,Y,Y,Y,Y,Y,Y,Y,Y,Y
book value per share,8.52,8.41,8.42,9.06,9.22,9.21,9.35,8.58,9.21,8.83,10.18,9.57,9.84,10.01,11.23,12.23,12.49,12.66,13.13,14.05,14.11,14.24,14.34,15.55,15.72,15.68,15.70,16.17,16.36,15.96,15.82,15.94,15.79,15.64,15.67,15.92,15.89,16.05,16.09,16.37,14.44,14.20,14.01,14.88,14.95,15.05,15.51,14.70,11.64,11.43,7.42,7.80,8.05,7.89,7.96,8.29,8.25,8.01,7.73,6.79,6.85,6.64,6.67,6.71,6.78,6.60,6.85,7.14,7.25,7.22,7.34,7.54,7.71,7.54,7.71,7.68,7.78
building and improvements,0.0,0.0,0.0,0.0,0.0,0.0,0.0,0.0,0.0,0.0,0.0,0.0,0.0,0.0,0.0,0.0,0.0,0.0,0.0,0.0,0.0,0.0,0.0,0.0,0.0,0.0,0.0,0.0,0.0,0.0,0.0,"1,592.1",0.0,0.0,0.0,"1,028.3",0.0,0.0,0.0,"1,625.2",0.0,0.0,0.0,"1,632.5",0.0,0.0,0.0,"1,444.5",0.0,0.0,0.0,903.3,0.0,0.0,0.0,942.8,0.0,0.0,0.0,934.9,0.0,0.0,0.0,907.0,0.0,0.0,0.0,907.4,0.0,0.0,0.0,973.7,0.0,0.0,0.0,945.2,0.0
capital lease obligations,0.0,0.0,0.0,0.0,0.0,0.0,0.0,0.0,0.0,0.0,0.0,0.0,0.0,0.0,0.0,0.0,0.0,0.0,0.0,0.0,0.0,0.0,0.0,0.0,0.0,0.0,0.0,0.0,0.0,0.0,0.0,0.0,0.0,0.0,0.0,0.0,0.0,0.0,0.0,0.0,0.0,0.0,0.0,0.0,0.0,0.0,0.0,0.0,0.0,0.0,0.0,0.0,0.0,0.0,0.0,0.0,0.0,0.0,0.0,0.0,0.0,0.0,0.0,0.0,0.0,0.0,0.0,0.0,0.0,0.0,0.0,0.0,0.0,0.0,0.0,0.0,0.0
cash as % of revenue,0.4,0.3,0.3,0.2,0.2,0.2,0.2,2.0,0.2,0.2,0.2,0.2,0.7,0.7,0.3,1.1,0.7,0.6,0.1,0.5,0.8,0.3,0.3,0.3,0.3,0.9,0.3,1.0,1.1,0.3,0.6,1.6,1.7,1.5,0.6,3.5,8.6,6.6,4.7,6.0,9.2,3.2,1.2,4.0,4.5,3.9,0.4,1.3,21.2,10.2,18.0,9.5,4.9,4.1,2.0,3.1,3.7,1.8,0.6,0.3,0.4,0.5,0.3,5.6,6.7,6.0,4.0,7.1,7.1,10.1,2.5,6.6,6.2,4.5,2.4,2.6,0.6
cash at beginning of period,15.2,15.2,15.2,15.2,1.1,1.1,1.1,15.2,26.2,26.2,26.2,29.2,3.4,3.4,3.4,24.0,39.4,39.4,50.9,50.9,32.8,32.8,32.8,32.8,19.6,19.6,19.6,19.6,64.7,64.7,-64.7,64.7,99.1,99.1,99.1,99.1,209.6,209.6,209.6,209.6,365.8,365.8,365.8,365.9,257.1,257.1,257.1,257.1,80.4,80.4,80.4,80.4,277.9,277.9,277.9,277.9,101.2,101.2,101.2,101.2,10.3,10.3,10.3,10.3,147.3,147.3,147.3,147.3,197.9,197.9,197.9,197.9,200.2,200.2,200.2,200.2,80.4
cash end of period,0.0,0.0,0.0,0.0,0.0,0.0,0.0,26.2,0.0,0.0,0.0,0.0,0.0,0.0,0.0,0.0,0.0,0.0,0.0,0.0,0.0,22.7,20.9,19.6,21.3,54.7,20.1,64.7,75.1,20.3,-89.1,99.1,100.5,88.6,34.3,209.6,502.8,389.7,279.2,365.8,568.5,205.3,74.5,257.1,289.1,250.0,31.0,80.4,"1,152.2",502.0,767.4,277.9,158.3,128.4,63.5,101.2,124.5,60.0,20.0,10.3,10.3,12.5,7.1,147.3,179.1,161.4,109.5,197.9,202.0,294.0,73.7,200.2,189.0,139.0,74.2,80.4,20.1
cash flow,11.8,13.8,17.7,33.5,36.4,37.0,37.7,27.9,-371.3,-365.3,-354.1,82.2,89.6,95.9,97.1,137.4,154.5,169.4,117.8,180.4,220.8,248.1,346.1,377.7,297.8,282.0,262.5,289.3,276.2,223.3,206.7,204.0,206.3,247.2,273.7,285.9,280.3,274.9,288.2,304.2,313.1,311.4,273.9,290.2,288.4,324.3,342.8,232.5,272.3,196.5,171.6,182.3,111.4,136.5,165.0,182.1,190.2,181.3,116.3,-20.2,-41.2,-58.5,-6.5,87.1,107.6,124.2,151.2,178.5,188.7,212.0,194.3,206.3,209.9,207.7,212.2,197.3,185.0
cash flow per share,0.61,0.70,0.88,1.68,1.79,1.81,1.84,0.73,-9.40,-8.84,-7.43,1.46,1.59,1.68,1.58,1.54,1.72,1.87,0.82,1.26,1.53,1.71,2.41,2.66,2.11,1.99,1.85,2.04,1.95,1.57,1.46,1.43,1.45,1.73,1.92,2.01,1.96,2.00,2.10,2.14,2.19,2.17,1.96,2.07,2.03,2.29,2.47,1.71,1.99,1.43,1.25,1.30,0.78,0.95,1.16,1.28,1.33,1.28,0.82,-0.14,-0.29,-0.41,-0.04,0.54,0.67,0.77,0.94,1.10,1.15,1.30,1.22,1.29,1.31,1.36,1.39,1.32,1.23
cash from discontinued financing activities,0.0,0.0,0.0,0.0,0.0,0.0,0.0,0.0,0.0,0.0,0.0,0.0,0.0,0.0,0.0,0.0,0.0,0.0,0.0,0.0,0.0,0.0,0.0,0.0,0.0,0.0,0.0,0.0,0.0,0.0,0.0,0.0,0.0,0.0,0.0,0.0,0.0,0.0,0.0,0.0,0.0,0.0,0.0,0.0,0.0,0.0,0.0,0.0,0.0,0.0,-0.1,-0.1,0.0,0.0,0.0,0.0,0.0,0.0,0.0,0.0,0.0,0.0,0.0,0.0,0.0,0.0,0.0,0.0,0.0,0.0,0.0,0.0,0.0,0.0,0.0,0.0,0.0
cash from discontinued investing activities,0.0,0.0,0.0,0.0,0.0,0.0,0.0,0.0,0.0,0.0,0.0,0.0,0.0,0.0,0.0,0.0,0.0,0.0,0.0,0.0,0.0,0.0,0.0,0.0,0.0,0.0,0.0,0.0,0.0,0.0,0.0,0.0,0.0,0.0,0.0,0.0,0.0,0.0,0.0,0.0,0.0,0.0,0.0,0.0,0.0,0.0,0.0,0.0,0.0,0.0,"1,307.2","1,307.0",0.0,0.0,0.0,0.0,0.0,0.0,0.0,-1.9,0.0,0.0,0.0,0.0,0.0,0.0,0.0,0.0,0.0,0.0,0.0,0.0,0.0,0.0,0.0,0.0,0.0
cash per share,0.06,0.06,0.06,0.06,0.05,0.05,0.06,0.69,0.05,0.05,0.05,0.06,0.27,0.28,0.14,0.44,0.31,0.26,0.03,0.23,0.30,0.16,0.15,0.14,0.15,0.39,0.14,0.46,0.53,0.14,0.28,0.70,0.70,0.62,0.24,1.47,3.51,2.84,2.04,2.58,3.98,1.43,0.53,1.83,2.03,1.76,0.20,0.57,8.42,3.66,5.58,1.98,1.11,0.90,0.45,0.71,0.87,0.42,0.14,0.07,0.07,0.09,0.04,0.92,1.11,1.00,0.68,1.21,1.24,1.80,0.46,1.25,1.18,0.91,0.49,0.54,0.13
common par,0.0,0.0,0.0,0.0,0.0,0.0,0.0,0.0,0.0,0.0,0.0,0.0,0.0,0.0,0.0,0.0,0.0,0.0,0.0,0.0,0.0,0.0,0.0,14.3,0.0,0.0,0.0,14.3,0.0,0.0,0.0,14.4,0.0,0.0,0.0,14.5,0.0,0.0,0.0,14.2,14.3,14.3,13.9,14.0,0.0,0.0,0.0,13.6,13.7,13.7,13.8,14.0,14.2,14.3,14.2,14.2,14.4,14.2,0.0,14.2,14.4,14.5,16.0,16.0,16.1,16.1,16.1,16.3,16.4,16.3,16.0,16.0,16.1,15.3,15.3,15.0,15.0
common stock equity,166.0,167.0,169.3,180.7,187.3,188.4,191.6,328.0,363.8,365.1,485.4,539.9,555.2,572.2,689.5,"1,094.6","1,120.7","1,149.4","1,882.6","2,007.6","2,041.9","2,061.8","2,062.9","2,208.3","2,222.0","2,216.8","2,222.1","2,293.8","2,321.6","2,266.1","2,245.1","2,271.4","2,251.3","2,237.2","2,233.0","2,267.3","2,276.9","2,201.1","2,206.1","2,322.2","2,061.9","2,034.3","1,952.4","2,084.4","2,121.3","2,136.1","2,155.6","1,999.4","1,593.2","1,566.2","1,020.6","1,096.1","1,146.0","1,130.9","1,127.5","1,175.6","1,183.4","1,136.9","1,097.8",965.6,988.3,958.9,"1,065.1","1,071.6","1,090.5","1,061.9","1,102.2","1,163.6","1,184.9","1,180.8","1,173.7","1,206.8","1,237.4","1,151.2","1,178.5","1,149.8","1,168.3"
construction in progress,0.0,0.0,0.0,0.0,0.0,0.0,0.0,0.0,0.0,0.0,0.0,0.0,0.0,0.0,0.0,0.0,0.0,0.0,0.0,0.0,0.0,0.0,0.0,0.0,0.0,0.0,0.0,0.0,0.0,0.0,0.0,34.6,0.0,0.0,0.0,13.8,0.0,0.0,0.0,46.0,0.0,0.0,0.0,54.9,0.0,0.0,0.0,82.2,0.0,0.0,0.0,76.0,0.0,0.0,0.0,24.5,0.0,0.0,0.0,25.0,0.0,0.0,0.0,10.9,0.0,0.0,0.0,15.9,0.0,0.0,0.0,43.0,0.0,0.0,0.0,62.6,0.0
cost in excess,0.0,0.0,0.0,0.0,0.0,0.0,0.0,0.0,0.0,0.0,0.0,0.0,0.0,0.0,0.0,0.0,0.0,0.0,0.0,0.0,0.0,0.0,0.0,0.0,0.0,0.0,0.0,0.0,385.8,367.4,0.0,0.0,0.0,0.0,0.0,0.0,0.0,0.0,0.0,0.0,0.0,0.0,0.0,0.0,0.0,0.0,0.0,0.0,4.5,4.4,0.3,0.0,0.3,0.3,0.3,0.0,0.0,0.0,0.0,0.0,0.0,0.0,0.0,0.0,0.0,0.0,0.0,0.0,0.0,0.0,0.0,0.0,0.0,0.0,0.0,0.0,0.0
cost of sales,63.9,89.8,97.4,160.2,97.4,89.7,104.8,621.0,184.4,165.5,227.1,651.8,324.7,301.6,363.6,"1,306.5",584.9,544.6,913.6,"1,454.7",952.9,993.6,971.3,"1,437.2",897.6,977.5,"1,096.8","1,105.2",863.7,794.9,870.7,"1,430.9",836.9,735.0,820.3,"1,347.0",806.9,733.6,838.2,"1,384.0",885.0,799.5,843.3,"1,467.6",889.0,802.9,751.4,"1,299.1",601.8,469.1,384.2,686.2,464.5,447.3,462.0,625.4,533.1,435.4,449.7,644.3,381.1,391.1,374.0,512.1,376.8,368.9,375.2,535.7,402.9,412.4,383.2,573.9,415.7,438.5,396.7,604.9,438.3
cost of sales with depreciation,63.9,89.8,97.4,160.2,97.4,89.7,104.8,621.0,184.4,165.5,227.1,651.8,324.7,301.6,363.6,"1,306.5",584.9,544.6,913.6,"1,454.7",952.9,993.6,971.3,"1,437.2",897.6,977.5,"1,096.8","1,105.2",917.8,848.3,925.3,"1,268.7",889.4,787.5,875.8,"1,186.6",859.2,786.1,896.5,"1,221.0",938.6,853.4,901.3,"1,302.1",946.7,855.6,802.8,"1,137.4",637.5,506.1,404.6,593.1,464.5,447.3,462.0,625.4,533.1,435.4,449.7,644.3,382.9,393.5,376.8,514.9,379.7,371.9,378.2,538.7,406.1,415.6,386.5,577.2,419.1,442.0,400.3,608.4,441.1
cumulative translation adjustments,0.0,0.0,0.0,0.0,0.0,0.0,0.0,0.0,0.0,0.0,0.0,0.0,0.0,0.0,0.0,0.0,0.0,0.0,0.0,0.0,0.0,0.0,0.0,0.0,0.0,0.0,0.0,0.0,0.0,0.0,0.0,0.0,0.0,0.0,0.0,0.0,0.0,0.0,0.0,0.0,0.0,0.0,0.0,0.0,0.0,0.0,0.0,0.0,0.0,0.0,0.0,0.0,0.0,0.0,0.0,0.0,0.0,0.0,0.0,0.0,0.0,0.0,0.0,0.0,0.0,0.0,0.0,0.0,0.0,0.0,0.0,0.0,0.0,0.0,0.0,0.0,0.0
current assets per share,10.53,9.95,12.81,9.01,10.41,10.04,13.44,9.91,9.40,8.86,13.80,10.57,11.62,11.96,12.82,12.87,11.12,10.15,14.27,12.55,13.63,12.86,15.43,13.34,14.37,13.33,15.88,13.51,14.24,12.84,15.22,12.42,13.14,12.52,14.84,13.47,15.14,14.41,16.51,14.41,16.55,13.60,15.60,14.84,15.23,12.55,13.63,12.09,16.23,11.19,12.95,8.90,7.95,7.44,8.23,7.94,8.00,7.18,8.39,6.15,6.33,5.57,5.81,5.79,6.26,6.05,6.66,6.51,6.96,6.93,6.80,6.78,7.23,7.04,7.64,7.23,6.95
current defered income taxes,0.0,0.0,0.0,0.0,0.0,0.0,0.0,0.0,0.0,0.0,0.0,0.0,0.0,0.0,0.0,0.0,0.0,0.0,0.0,0.0,0.0,0.0,0.0,0.0,0.0,0.0,0.0,0.0,28.7,33.3,42.5,60.6,54.4,54.2,43.9,41.8,71.3,77.2,69.7,63.2,57.9,83.1,73.8,178.6,164.9,84.9,71.2,119.6,37.8,33.3,31.5,40.8,28.4,24.6,23.5,42.8,41.4,30.7,36.0,29.9,26.7,26.0,31.0,36.0,34.0,44.2,42.2,86.1,58.8,66.4,58.3,85.5,76.7,99.4,81.5,79.0,64.7
current deferred income taxes,0.0,0.0,0.0,0.0,0.0,0.0,0.0,0.0,0.0,0.0,0.0,0.0,0.0,0.0,0.0,0.0,0.0,0.0,0.0,0.0,0.0,0.0,0.0,0.0,0.0,0.0,0.0,0.0,0.0,0.0,0.0,0.0,0.0,0.0,0.0,0.0,0.0,0.0,0.0,0.0,0.0,0.0,0.0,0.0,0.0,0.0,0.0,0.0,0.0,0.0,0.0,0.0,0.0,0.0,0.0,0.0,0.0,0.0,0.0,0.0,0.0,0.0,0.0,0.0,0.0,0.0,0.0,0.0,0.0,0.0,0.0,0.0,0.0,0.0,0.0,0.0,0.0
current liabilities per share,4.67,4.74,7.15,3.83,4.29,4.17,6.86,4.36,4.25,3.91,7.15,4.46,4.96,5.03,6.28,5.07,5.73,4.89,7.28,6.34,6.25,5.55,7.66,5.52,6.44,5.46,8.25,5.85,5.96,5.63,7.25,5.52,6.07,5.59,7.34,5.58,6.27,6.39,8.57,6.81,9.23,6.32,8.28,6.71,6.81,6.17,7.16,6.21,9.16,4.71,9.06,6.14,5.17,4.86,5.69,5.51,3.83,3.40,4.78,2.61,2.52,2.23,2.48,2.38,2.60,2.48,3.73,2.96,3.22,3.13,2.96,2.48,2.62,2.66,3.18,3.64,3.79
current ratio,2.3,2.1,1.8,2.4,2.4,2.4,2.0,2.3,2.2,2.3,1.9,2.4,2.3,2.4,2.0,2.5,1.9,2.1,2.0,2.0,2.2,2.3,2.0,2.4,2.2,2.4,1.9,2.3,2.4,2.3,2.1,2.2,2.2,2.2,2.0,2.4,2.4,2.3,1.9,2.1,1.8,2.2,1.9,2.2,2.2,2.0,1.9,1.9,1.8,2.4,1.4,1.4,1.5,1.5,1.4,1.4,2.1,2.1,1.8,2.4,2.5,2.5,2.3,2.4,2.4,2.4,1.8,2.2,2.2,2.2,2.3,2.7,2.8,2.6,2.4,2.0,1.8
decrease (increase) in other current liabilities,0.0,0.0,0.0,0.0,0.0,0.0,0.0,-1.0,0.0,0.0,0.0,0.0,0.0,0.0,0.0,8.5,0.0,0.0,0.0,3.4,0.0,0.0,0.0,0.0,0.0,0.0,0.0,6.0,0.0,0.0,0.0,0.0,0.0,0.0,0.0,0.0,0.0,0.0,0.0,-62.9,0.0,0.0,0.0,0.0,0.0,0.0,0.0,0.0,0.0,0.0,0.0,0.0,0.0,0.0,0.0,0.0,0.0,0.0,0.0,0.0,0.0,0.0,0.0,0.0,0.0,0.0,0.0,0.0,0.0,0.0,0.0,0.0,0.0,0.0,0.0,0.0,0.0
decrease (increase) in other working capital,0.0,0.0,0.0,0.0,0.0,0.0,0.0,0.0,0.0,0.0,0.0,0.0,0.0,0.0,0.0,0.0,0.0,0.0,0.0,0.0,0.0,-184.3,-253.1,1.3,-11.7,24.5,51.9,0.0,-135.1,-36.7,-97.7,28.1,-29.9,-23.6,-180.5,-54.0,-75.4,-44.1,-166.0,0.0,-47.8,-26.4,-153.0,54.6,-31.5,-4.6,-202.7,-18.9,16.8,-45.0,-121.9,-12.0,-53.8,-70.9,-156.4,26.5,-1.0,-12.6,-110.8,3.4,-26.3,50.0,3.0,9.7,-18.7,-11.6,-124.6,-24.6,-59.7,30.1,-50.2,6.4,2.6,6.5,6.6,3.3,1.0
decrease (increase) in payables,0.0,0.0,0.0,-10.2,0.0,0.0,0.0,20.9,0.0,0.0,0.0,-20.7,0.0,0.0,0.0,63.3,0.0,0.0,0.0,97.3,0.0,0.0,0.0,-108.4,0.0,0.0,0.0,48.1,0.0,0.0,0.0,-41.9,0.0,0.0,0.0,34.9,0.0,0.0,0.0,50.4,0.0,0.0,0.0,3.1,0.0,0.0,0.0,-69.8,0.0,0.0,0.0,53.3,0.0,0.0,0.0,-119.9,0.0,0.0,0.0,-114.6,0.0,0.0,0.0,13.6,0.0,0.0,0.0,-13.9,0.0,0.0,0.0,24.8,20.1,-5.2,75.9,37.3,-10.7
deferred income taxes,0.0,0.0,0.0,3.9,0.0,0.0,0.0,-13.3,0.0,0.0,0.0,17.8,-2.5,0.7,1.3,5.4,0.0,22.0,-28.0,14.9,14.6,22.9,8.5,69.6,22.1,11.5,11.5,73.7,14.8,-23.8,-30.6,1.1,13.3,1.7,4.3,40.4,3.7,-29.2,-28.5,23.3,7.2,-9.9,-26.9,6.7,5.6,26.3,23.6,37.3,112.3,95.3,121.1,94.0,3.5,-1.4,7.4,26.3,10.5,2.7,7.2,-47.2,-3.3,-28.7,-28.1,-40.6,3.6,-11.1,-4.0,17.4,16.9,11.1,21.7,29.3,15.0,5.9,14.5,26.1,17.7
deferred revenues,0.0,0.0,0.0,0.0,0.0,0.0,0.0,0.0,0.0,0.0,0.0,0.0,0.0,0.0,0.0,0.0,0.0,0.0,0.0,0.0,0.0,0.0,0.0,0.0,0.0,0.0,0.0,0.0,0.0,0.0,0.0,0.0,0.0,0.0,0.0,0.0,0.0,0.0,0.0,0.0,0.0,0.0,0.0,0.0,0.0,0.0,0.0,0.0,0.0,0.0,0.0,0.0,0.0,0.0,0.0,0.0,0.0,0.0,0.0,0.0,0.0,0.0,0.0,0.0,0.0,0.0,0.0,0.0,0.0,0.0,0.0,0.0,0.0,0.0,0.0,0.0,0.0
depreciation,3.0,8.0,13.4,19.1,4.9,9.6,15.0,36.3,8.5,16.9,26.2,42.7,11.2,22.5,32.9,65.3,18.0,36.2,111.4,155.4,41.5,82.6,132.9,178.8,49.3,99.1,154.8,214.1,54.1,107.5,162.2,219.8,52.5,105.0,160.4,216.0,52.3,104.7,163.0,221.4,53.6,107.5,165.4,229.1,57.6,110.3,161.6,210.1,35.8,72.7,93.1,128.5,31.8,66.5,100.1,134.6,32.6,65.5,98.4,134.7,33.3,69.3,102.4,135.2,28.9,58.5,88.5,118.7,29.2,58.1,88.6,118.5,28.9,59.1,89.0,120.4,29.3
depreciation (unrecognized),3.0,4.0,4.5,5.0,4.9,4.8,5.3,21.3,8.5,8.2,9.5,16.5,11.2,11.3,10.4,32.4,18.0,18.2,75.2,44.0,41.5,41.1,41.1,45.9,49.3,49.9,55.7,59.3,0.0,0.0,0.0,219.8,0.0,0.0,0.0,216.0,0.0,0.0,0.0,221.4,0.0,0.0,0.0,229.1,0.0,0.0,0.0,210.1,0.0,0.0,0.0,128.5,31.8,34.7,33.6,34.6,32.6,32.9,32.9,36.2,33.3,35.9,33.1,32.8,28.9,29.7,29.9,30.2,29.2,28.9,30.5,30.0,28.9,30.2,29.9,31.4,29.3
domestic sales,0.0,0.0,0.0,0.0,0.0,0.0,0.0,0.0,0.0,0.0,0.0,0.0,0.0,0.0,0.0,0.0,0.0,0.0,0.0,0.0,0.0,0.0,0.0,0.0,0.0,0.0,0.0,0.0,0.0,0.0,0.0,0.0,0.0,0.0,0.0,0.0,0.0,0.0,0.0,0.0,0.0,0.0,0.0,0.0,0.0,0.0,0.0,0.0,0.0,0.0,0.0,0.0,0.0,0.0,0.0,0.0,0.0,0.0,0.0,0.0,0.0,0.0,0.0,0.0,0.0,0.0,0.0,0.0,0.0,0.0,0.0,0.0,0.0,0.0,0.0,0.0,0.0
earnings from equity interest,0.0,0.0,0.0,0.0,0.0,0.0,0.0,0.0,0.0,0.0,0.0,0.0,0.0,0.0,0.0,0.0,0.0,0.0,0.0,0.0,0.0,0.0,0.0,0.0,0.0,0.0,0.0,0.0,0.0,0.0,0.0,0.0,0.0,0.0,0.0,0.0,0.0,0.0,0.0,0.0,0.0,0.0,0.0,0.0,0.0,0.0,0.0,0.0,0.0,0.0,0.0,0.0,0.0,0.0,0.0,0.0,0.0,0.0,0.0,0.0,0.0,0.0,0.0,0.0,0.0,0.0,0.0,0.0,0.0,0.0,0.0,0.0,0.0,0.0,0.0,0.0,0.0
earnings period indicator,Q,S,N,F,Q,S,N,F,Q,S,N,F,Q,S,N,F,Q,S,N,F,Q,S,N,F,Q,S,N,F,Q,S,N,F,Q,S,N,F,Q,S,N,F,Q,S,N,F,Q,S,N,F,Q,S,N,F,Q,S,N,F,Q,S,N,F,Q,S,N,F,Q,S,N,F,Q,S,N,F,Q,S,N,F,Q
effect exchange rate changes,0.0,0.0,0.0,0.0,0.0,0.0,0.0,0.0,0.0,0.0,0.0,0.0,0.0,0.0,0.0,0.0,0.0,0.0,0.0,0.0,0.0,0.0,0.0,0.0,0.0,0.0,0.0,0.0,0.0,0.0,0.0,0.0,0.0,0.0,0.0,0.0,0.0,0.0,0.0,0.0,0.0,0.0,0.0,0.0,0.0,0.0,0.0,0.0,0.0,0.0,0.0,0.0,0.0,0.0,0.0,0.0,0.0,0.0,0.0,0.0,0.0,0.0,0.0,0.0,0.0,0.0,0.0,0.0,0.0,0.0,0.0,0.0,0.0,0.0,0.0,0.0,0.0
effective tax rate,40.6,42.9,43.2,39.5,39.9,39.7,39.6,0.0,0.0,0.0,0.0,43.9,43.9,44.3,0.0,0.0,0.0,0.0,0.0,0.0,0.0,0.0,37.8,37.3,0.0,0.0,0.0,34.9,34.0,0.0,0.0,0.0,0.0,38.5,37.8,36.5,36.2,36.5,24.4,24.6,25.8,25.3,32.2,27.5,27.0,43.0,42.3,0.0,0.0,0.0,0.0,0.0,0.0,0.0,0.0,36.7,37.7,36.9,0.0,0.0,0.0,0.0,0.0,0.0,0.0,0.0,0.0,0.0,0.0,11.9,39.4,26.6,29.5,29.0,26.5,36.7,34.8
excise taxes,0.0,0.0,0.0,0.0,0.0,0.0,0.0,0.0,0.0,0.0,0.0,0.0,0.0,0.0,0.0,0.0,0.0,0.0,0.0,0.0,0.0,0.0,0.0,0.0,0.0,0.0,0.0,0.0,0.0,0.0,0.0,0.0,0.0,0.0,0.0,0.0,0.0,0.0,0.0,0.0,0.0,0.0,0.0,0.0,0.0,0.0,0.0,0.0,0.0,0.0,0.0,0.0,0.0,0.0,0.0,0.0,0.0,0.0,0.0,0.0,0.0,0.0,0.0,0.0,0.0,0.0,0.0,0.0,0.0,0.0,0.0,0.0,0.0,0.0,0.0,0.0,0.0
extraordinary gains,0.0,0.0,0.0,0.0,0.0,0.0,0.0,0.0,0.0,0.0,0.0,0.0,0.0,0.0,0.0,-9.4,0.0,0.0,0.0,-11.3,0.0,0.0,0.0,-9.3,0.0,0.0,0.0,0.0,0.0,0.0,0.0,0.0,0.0,0.0,0.0,0.0,0.0,0.0,0.0,0.0,0.0,0.0,0.0,0.0,0.0,0.0,0.0,0.0,0.0,0.0,0.0,0.0,0.0,0.0,0.0,0.0,0.0,0.0,0.0,0.0,0.0,0.0,0.0,0.0,0.0,0.0,0.0,0.0,0.0,0.0,0.0,0.0,0.0,0.0,0.0,0.0,0.0
extraordinary income/losses,0.0,0.0,0.0,0.0,0.0,0.0,0.0,0.0,0.0,0.0,0.0,0.0,0.0,0.0,0.0,0.0,0.0,0.0,0.0,0.0,0.0,0.0,0.0,0.0,0.0,0.0,0.0,0.0,0.0,0.0,0.0,0.0,0.0,0.0,0.0,0.0,0.0,0.0,0.0,0.0,0.0,0.0,0.0,0.0,0.0,0.0,0.0,0.0,0.0,0.0,0.0,0.0,0.0,0.0,0.0,0.0,0.0,0.0,0.0,0.0,0.0,0.0,0.0,0.0,0.0,0.0,0.0,0.0,0.0,0.0,0.0,0.0,0.0,0.0,0.0,0.0,0.0
foreign sales,0.0,0.0,0.0,0.0,0.0,0.0,0.0,0.0,0.0,0.0,0.0,0.0,0.0,0.0,0.0,0.0,0.0,0.0,0.0,0.0,0.0,0.0,0.0,0.0,0.0,0.0,0.0,0.0,0.0,0.0,0.0,0.0,0.0,0.0,0.0,0.0,0.0,0.0,0.0,0.0,0.0,0.0,0.0,0.0,0.0,0.0,0.0,0.0,0.0,0.0,0.0,0.0,0.0,0.0,0.0,0.0,0.0,0.0,0.0,0.0,0.0,0.0,0.0,0.0,0.0,0.0,0.0,0.0,0.0,0.0,0.0,0.0,0.0,0.0,0.0,0.0,0.0
free cash flow,63.0,72.9,66.6,85.9,-10.7,-8.4,-31.7,3.6,-9.5,-17.2,-19.4,16.6,-13.8,-38.3,-50.3,17.0,201.7,218.8,-657.1,-423.3,-162.7,-210.7,-358.1,-220.6,16.8,14.2,25.7,210.6,-103.8,-99.6,-183.7,154.1,24.3,10.1,-131.0,133.9,300.3,227.9,126.0,272.5,3.8,-287.8,-428.1,-122.6,7.7,-66.3,-290.9,-49.3,17.9,407.3,-640.8,"-1,163.4",-44.2,-83.4,-144.8,-76.9,37.9,-6.1,-127.4,-130.0,-37.1,-17.4,-32.8,116.8,32.6,16.8,-34.1,68.1,9.8,103.3,66.9,190.4,-18.4,12.4,-50.6,45.0,-20.1
free cash flow per share,3.23,3.67,3.31,4.31,-0.53,-0.41,-1.55,0.09,-0.24,-0.42,-0.41,0.29,-0.24,-0.67,-0.82,0.19,2.25,2.41,-4.58,-2.96,-1.12,-1.46,-2.49,-1.55,0.12,0.10,0.18,1.48,-0.73,-0.70,-1.29,1.08,0.17,0.07,-0.92,0.94,2.10,1.66,0.92,1.92,0.03,-2.01,-3.07,-0.87,0.05,-0.47,-2.09,-0.36,0.13,2.97,-4.66,-8.28,-0.31,-0.58,-1.02,-0.54,0.26,-0.04,-0.90,-0.91,-0.26,-0.12,-0.21,0.73,0.20,0.10,-0.21,0.42,0.06,0.63,0.42,1.19,-0.11,0.08,-0.33,0.30,-0.13
gross fixed assets,314.2,316.7,316.5,341.1,334.5,335.8,346.6,516.7,515.7,522.7,613.5,670.2,665.1,685.9,703.8,"1,039.2","1,066.2","1,086.2","2,335.0","2,815.9","2,838.3","2,921.3","2,997.9","3,114.5","3,140.5","3,162.9","3,172.2","3,313.3","3,200.8","3,218.2","3,200.7","3,283.9","3,261.1","3,251.5","3,240.2","3,354.1","3,329.0","3,325.1","3,329.0","3,435.7","3,416.1","3,402.1","3,389.8","3,562.6","3,275.1","3,296.5","3,310.6","3,121.2","2,661.4","2,679.6","2,452.2","1,902.9","1,898.8","1,886.5","1,894.8","1,941.7","1,931.5","1,926.5","1,922.7","1,948.6","1,043.0","1,027.9","1,007.6","1,827.3",938.3,920.5,902.2,"1,849.2",881.3,872.4,862.2,"2,003.5",867.7,872.1,879.6,"2,030.7",911.9
gross margin,0.0,0.0,0.0,0.0,0.0,0.0,0.0,0.0,0.0,0.0,0.0,0.0,0.0,0.0,0.0,0.0,0.0,0.0,0.0,0.0,0.0,0.0,0.0,416.4,600.3,409.4,468.9,"1,025.6",600.7,475.8,552.9,481.1,589.3,502.3,585.8,494.5,575.0,503.5,628.9,585.0,655.2,550.8,638.3,597.5,661.0,512.3,563.8,473.8,438.0,291.5,312.8,268.8,328.3,246.8,334.1,374.3,329.3,233.8,248.3,155.9,240.2,170.6,257.4,299.2,290.6,224.2,283.7,330.7,323.1,257.7,309.1,351.2,337.9,265.6,316.5,371.7,354.9
gross profit margin,29.3,31.1,33.8,35.2,35.7,36.3,36.1,31.5,6.0,9.3,13.3,35.0,35.4,35.7,36.0,35.2,33.6,32.3,33.2,34.2,33.9,33.6,34.0,34.2,32.6,32.4,30.1,36.0,38.3,40.0,42.2,34.8,34.8,35.4,36.1,36.7,36.8,36.8,37.1,37.9,38.2,38.2,38.3,37.9,38.0,37.6,37.4,37.1,36.5,36.1,35.5,38.6,37.5,36.9,36.4,39.1,38.3,38.2,36.7,31.9,31.5,30.4,31.5,37.0,38.1,39.6,40.2,40.5,40.8,40.9,41.3,41.2,41.3,41.1,41.1,41.0,41.1
income before income taxes,0.0,0.0,0.0,0.0,0.0,0.0,0.0,0.0,0.0,0.0,0.0,0.0,0.0,0.0,0.0,0.0,0.0,0.0,0.0,0.0,0.0,0.0,0.0,0.0,0.0,0.0,0.0,0.0,25.7,-101.0,-37.7,113.0,31.6,-32.6,3.1,107.9,22.7,-40.6,2.0,125.8,34.7,-45.6,-41.0,136.1,26.1,40.8,0.4,27.4,215.9,-79.7,20.6,12.1,18.2,-41.2,37.6,60.4,31.0,-53.5,-43.6,-103.0,-8.1,-78.4,2.8,-18.8,31.5,-59.4,17.3,44.1,46.8,-16.4,28.4,43.1,56.3,-22.8,31.5,34.4,34.7
income from cum. effect of acct. change,0.0,0.0,0.0,0.0,0.0,0.0,0.0,0.0,0.0,0.0,0.0,0.0,0.0,0.0,0.0,0.0,0.0,0.0,0.0,0.0,0.0,0.0,0.0,0.0,0.0,0.0,0.0,0.0,0.0,0.0,0.0,0.0,-45.6,0.0,0.0,0.0,0.0,0.0,0.0,0.0,0.0,0.0,0.0,0.0,0.0,0.0,0.0,0.0,0.0,0.0,0.0,0.0,0.0,0.0,0.0,0.0,0.0,0.0,0.0,0.0,0.0,0.0,0.0,0.0,0.0,0.0,0.0,0.0,0.0,0.0,0.0,0.0,0.0,0.0,0.0,0.0,0.0
income from tax loss carryforward,0.0,0.0,0.0,0.0,0.0,0.0,0.0,0.0,0.0,0.0,0.0,0.0,0.0,0.0,0.0,0.0,0.0,0.0,0.0,0.0,0.0,0.0,0.0,0.0,0.0,0.0,0.0,0.0,0.0,0.0,0.0,0.0,0.0,0.0,0.0,0.0,0.0,0.0,0.0,0.0,0.0,0.0,0.0,0.0,0.0,0.0,0.0,0.0,0.0,0.0,0.0,0.0,0.0,0.0,0.0,0.0,0.0,0.0,0.0,0.0,0.0,0.0,0.0,0.0,0.0,0.0,0.0,0.0,0.0,0.0,0.0,0.0,0.0,0.0,0.0,0.0,0.0
income per employee,None,None,None,4025,None,None,None,-831,None,None,None,1493,None,None,None,1897,None,None,None,417,None,None,None,3552,None,None,None,1368,None,None,None,-297,None,None,None,1343,None,None,None,1593,None,None,None,1357,None,None,None,972,None,None,None,4362,None,None,None,3692,None,None,None,-14535,None,None,None,-5988,None,None,None,4880,None,None,None,7387,None,None,None,6032,None
income taxes,0.3,0.7,2.0,7.5,1.9,0.9,2.3,-3.2,4.4,2.6,7.1,17.5,7.6,5.3,13.0,40.0,14.1,10.4,-39.4,57.4,22.8,12.4,15.6,67.7,20.7,-10.2,-4.9,34.7,9.8,-38.8,-13.9,33.0,11.9,-12.2,1.2,39.4,8.3,-14.8,-10.4,44.0,12.7,-16.6,-16.2,43.3,9.9,32.6,0.1,29.7,138.0,-27.8,8.1,-9.6,7.2,-16.6,16.0,20.9,12.7,-21.8,-0.8,-36.5,-3.3,-23.9,-3.5,-13.9,12.7,-27.2,-19.1,19.6,18.4,-8.0,10.6,6.1,24.2,-10.5,8.9,14.0,14.7
"income, acquired in process r&a;",0.0,0.0,0.0,0.0,0.0,0.0,0.0,0.0,0.0,0.0,0.0,0.0,0.0,0.0,0.0,0.0,0.0,0.0,0.0,0.0,0.0,0.0,0.0,0.0,0.0,0.0,0.0,0.0,0.0,0.0,0.0,0.0,0.0,0.0,0.0,0.0,0.0,0.0,0.0,0.0,0.0,0.0,0.0,0.0,0.0,0.0,0.0,0.0,0.0,0.0,0.0,0.0,0.0,0.0,0.0,0.0,0.0,0.0,0.0,0.0,0.0,0.0,0.0,0.0,0.0,0.0,0.0,0.0,0.0,0.0,0.0,0.0,0.0,0.0,0.0,0.0,0.0
intangibles,46.8,45.4,45.1,44.6,49.0,50.4,51.0,52.8,52.5,52.1,290.1,277.5,275.7,273.8,272.4,273.9,281.8,280.4,518.3,586.3,585.1,582.6,577.4,578.0,573.3,562.1,556.9,511.3,0.0,0.0,363.6,360.6,314.9,314.7,316.8,316.4,316.1,324.0,323.6,323.3,325.1,324.7,324.4,323.8,323.6,235.4,235.2,183.4,0.0,0.0,0.0,0.3,0.0,0.0,0.0,0.3,0.3,0.3,0.3,0.0,0.0,0.0,0.0,0.0,0.0,0.0,0.0,0.0,0.0,0.0,0.0,0.0,0.0,0.0,0.0,0.0,0.0
intangibles as % of book-value,28.2,27.2,26.6,24.7,26.2,26.8,26.6,16.1,14.4,14.3,59.8,51.4,49.7,47.9,39.5,25.0,25.1,24.4,27.5,29.2,28.7,28.3,28.0,26.2,25.8,25.4,25.1,22.3,16.6,16.2,16.2,15.9,14.0,14.1,14.2,14.0,13.9,14.7,14.7,13.9,15.8,16.0,16.6,15.5,15.3,11.0,10.9,9.2,0.3,0.3,0.0,0.0,0.0,0.0,0.0,0.0,0.0,0.0,0.0,0.0,0.0,0.0,0.0,0.0,0.0,0.0,0.0,0.0,0.0,0.0,0.0,0.0,0.0,0.0,0.0,0.0,0.0
interest as % of invested capital,1.2,2.3,3.1,3.9,4.1,4.2,4.1,4.3,4.3,4.2,2.6,2.6,3.2,3.6,4.0,3.3,3.5,3.4,1.7,2.7,2.6,3.3,3.3,3.3,3.4,3.4,3.5,3.7,3.8,3.8,3.6,3.6,3.6,3.5,3.4,3.5,3.4,3.4,3.3,3.2,3.1,3.1,3.1,3.3,3.4,4.0,3.6,3.2,3.1,2.5,3.1,3.2,3.2,3.2,3.0,3.0,2.4,2.5,2.5,2.5,2.4,2.7,2.8,3.2,3.4,3.5,3.9,3.7,3.6,3.6,3.4,3.1,2.7,2.7,2.4,2.6,2.6
interest coverage (cont. operations),2.3,1.6,1.6,2.7,2.7,2.7,2.7,0.8,0.0,0.0,0.0,3.7,3.4,3.1,3.0,3.5,4.0,4.4,1.0,1.6,1.9,1.8,3.1,3.3,2.7,2.3,1.9,1.8,1.6,1.0,0.8,0.8,0.8,1.4,1.7,1.9,1.8,1.8,1.8,2.0,2.1,2.1,1.7,1.7,1.7,2.4,2.9,2.1,5.0,3.9,4.5,0.2,0.4,1.2,1.6,2.8,3.2,2.9,0.9,0.0,0.0,0.0,0.0,0.0,0.0,0.2,0.5,1.6,1.9,2.7,3.0,3.1,3.5,3.6,3.9,3.7,3.2
interest expense,2.7,4.3,4.4,4.3,4.8,4.8,4.9,11.6,4.1,4.5,6.0,12.2,10.7,11.0,10.8,22.6,7.9,7.9,27.1,34.6,35.0,34.3,33.8,35.9,36.9,35.5,36.9,40.8,34.6,32.5,32.3,31.7,31.1,31.1,30.8,31.0,28.9,27.9,26.2,26.8,26.0,26.2,27.3,34.6,28.2,26.3,16.4,14.9,14.1,11.7,12.1,12.4,12.0,9.9,10.2,10.2,10.1,10.0,10.0,9.3,10.4,12.3,12.8,13.9,14.1,14.3,14.3,14.0,13.6,13.0,11.9,9.6,9.4,9.6,9.3,8.9,7.8
interest income,0.0,0.0,0.0,0.0,0.0,0.0,0.0,0.0,0.0,0.0,0.0,0.0,0.0,0.0,0.0,0.0,0.0,0.0,0.0,0.0,0.0,0.0,0.0,0.0,0.0,0.0,0.0,0.0,0.0,0.0,0.0,0.0,0.0,0.0,0.0,0.0,0.0,0.0,0.0,0.0,0.0,0.0,0.0,0.0,0.0,0.0,0.0,0.0,0.0,0.0,0.0,0.0,0.0,0.0,0.0,0.0,0.0,0.0,0.0,0.0,0.0,0.0,0.0,0.0,0.0,0.0,0.0,0.0,0.0,0.0,0.0,0.0,0.0,0.0,0.0,0.0,0.0
inventories,176.1,170.6,226.4,167.9,182.1,172.8,242.1,286.5,317.0,307.8,530.4,447.2,499.4,528.3,679.5,715.1,803.9,784.3,"1,768.2","1,406.2","1,571.2","1,516.7","1,872.3","1,487.8","1,648.2","1,495.7","1,912.4","1,522.2","1,576.0","1,491.5","1,764.5","1,295.9","1,358.6","1,318.7","1,707.0","1,306.7","1,411.2","1,354.6","1,753.9","1,451.3","1,545.8","1,469.3","1,856.4","1,516.3","1,380.0","1,283.7","1,011.1",807.2,853.9,641.8,823.7,785.3,811.6,801.7,976.9,857.2,841.1,813.1,"1,016.2",728.8,779.5,670.3,799.1,649.2,702.1,670.9,830.6,671.4,732.2,689.2,882.4,721.9,793.5,749.1,927.1,822.9,856.4
"inventories, finished goods",0.0,0.0,0.0,0.0,0.0,0.0,0.0,0.0,0.0,0.0,0.0,0.0,0.0,0.0,0.0,0.0,0.0,0.0,0.0,0.0,0.0,0.0,0.0,0.0,0.0,0.0,0.0,0.0,0.0,0.0,0.0,0.0,0.0,0.0,0.0,0.0,0.0,0.0,0.0,0.0,0.0,0.0,0.0,0.0,0.0,0.0,0.0,0.0,0.0,0.0,0.0,0.0,0.0,0.0,0.0,0.0,0.0,0.0,0.0,0.0,0.0,0.0,0.0,0.0,0.0,0.0,0.0,0.0,0.0,0.0,0.0,0.0,0.0,0.0,0.0,0.0,0.0
"inventories, other",0.0,0.0,0.0,0.0,0.0,0.0,0.0,286.5,0.0,0.0,0.0,0.0,0.0,0.0,0.0,0.0,0.0,0.0,0.0,0.0,0.0,0.0,0.0,"1,487.8",0.0,0.0,0.0,0.0,"1,576.0","1,491.5","1,764.5","1,295.9","1,358.6","1,318.7","1,707.0","1,306.7","1,411.2","1,354.6","1,753.9","1,451.3","1,545.8","1,469.3","1,856.4","1,516.3","1,380.0","1,283.7","1,011.1",807.2,853.9,641.8,823.7,785.3,811.6,801.7,976.9,857.2,841.1,813.1,"1,016.2",728.8,779.5,670.3,799.1,649.2,702.1,670.9,830.6,671.4,732.2,689.2,882.4,721.9,793.5,749.1,927.1,822.9,856.4
"inventories, purchased components",0.0,0.0,0.0,0.0,0.0,0.0,0.0,0.0,0.0,0.0,0.0,0.0,0.0,0.0,0.0,0.0,0.0,0.0,0.0,0.0,0.0,0.0,0.0,0.0,0.0,0.0,0.0,0.0,0.0,0.0,0.0,0.0,0.0,0.0,0.0,0.0,0.0,0.0,0.0,0.0,0.0,0.0,0.0,0.0,0.0,0.0,0.0,0.0,0.0,0.0,0.0,0.0,0.0,0.0,0.0,0.0,0.0,0.0,0.0,0.0,0.0,0.0,0.0,0.0,0.0,0.0,0.0,0.0,0.0,0.0,0.0,0.0,0.0,0.0,0.0,0.0,0.0
"inventories, raw materials",0.0,0.0,0.0,0.0,0.0,0.0,0.0,0.0,0.0,0.0,0.0,0.0,0.0,0.0,0.0,0.0,0.0,0.0,0.0,0.0,0.0,0.0,0.0,0.0,0.0,0.0,0.0,0.0,0.0,0.0,0.0,0.0,0.0,0.0,0.0,0.0,0.0,0.0,0.0,0.0,0.0,0.0,0.0,0.0,0.0,0.0,0.0,0.0,0.0,0.0,0.0,0.0,0.0,0.0,0.0,0.0,0.0,0.0,0.0,0.0,0.0,0.0,0.0,0.0,0.0,0.0,0.0,0.0,0.0,0.0,0.0,0.0,0.0,0.0,0.0,0.0,0.0
"inventories, work in progress",0.0,0.0,0.0,0.0,0.0,0.0,0.0,0.0,0.0,0.0,0.0,0.0,0.0,0.0,0.0,0.0,0.0,0.0,0.0,0.0,0.0,0.0,0.0,0.0,0.0,0.0,0.0,0.0,0.0,0.0,0.0,0.0,0.0,0.0,0.0,0.0,0.0,0.0,0.0,0.0,0.0,0.0,0.0,0.0,0.0,0.0,0.0,0.0,0.0,0.0,0.0,0.0,0.0,0.0,0.0,0.0,0.0,0.0,0.0,0.0,0.0,0.0,0.0,0.0,0.0,0.0,0.0,0.0,0.0,0.0,0.0,0.0,0.0,0.0,0.0,0.0,0.0
inventory as % of revenue,69.7,47.7,48.1,27.2,26.3,24.8,34.2,21.5,29.8,25.9,38.4,23.7,23.6,22.6,26.5,20.2,20.9,19.0,35.2,22.6,26.9,23.4,28.3,23.2,25.8,23.6,30.3,23.1,24.1,23.2,28.1,21.3,22.5,22.0,28.5,22.1,24.1,23.1,29.6,24.0,24.9,23.2,29.3,23.6,21.4,20.0,16.2,13.6,15.7,13.1,19.3,26.7,25.3,25.5,30.2,26.1,25.1,24.4,31.5,24.1,28.0,25.0,30.6,24.7,26.3,24.8,30.4,24.1,25.7,23.6,29.9,24.0,26.1,24.4,29.9,26.1,26.9
inventory turnover,1.6,2.2,2.0,3.3,2.5,2.6,1.9,4.0,4.0,4.5,3.1,3.3,3.4,3.6,2.7,4.0,3.9,4.3,2.7,3.9,3.3,3.8,2.4,2.9,2.7,2.8,2.3,2.8,2.5,2.6,2.0,2.8,2.7,2.8,2.2,2.9,2.7,2.8,2.2,2.7,2.6,2.8,2.2,2.7,2.7,2.9,2.7,3.2,3.1,3.2,3.0,2.3,2.4,2.7,2.3,2.4,2.5,2.5,2.1,2.6,2.4,2.5,2.0,2.4,2.2,2.4,2.0,2.5,2.3,2.5,2.0,2.5,2.3,2.5,2.0,2.4,2.3
invested capital,412.9,403.1,412.7,406.3,439.2,438.4,463.7,602.5,589.1,597.1,996.2,"1,042.5","1,060.3","1,108.2","1,127.8","1,647.2","1,474.6","1,467.6","3,851.1","4,118.0","3,961.4","4,008.7","4,152.9","4,175.1","4,192.8","4,213.0","4,170.4","4,095.5","3,938.6","3,818.0","3,887.8","3,628.0","3,582.1","3,566.9","3,655.5","3,594.7","3,601.8","3,442.6","3,455.2","3,447.8","3,410.1","3,384.0","3,380.5","3,430.6","3,464.8","2,891.3","2,907.5","2,722.1","2,279.5","2,251.0","1,702.2","1,546.1","1,497.4","1,470.7","1,466.0","1,429.0","1,665.5","1,617.9","1,577.7","1,601.0","1,620.2","1,557.0","1,579.7","1,564.9","1,587.5","1,559.5","1,459.8","1,522.8","1,547.9","1,545.0","1,539.4","1,574.7","1,610.4","1,525.5","1,554.9","1,410.5","1,384.6"
issuance of capital stock,28.9,29.1,29.2,29.4,0.0,0.0,0.0,2.2,1.2,2.1,6.2,9.6,3.1,10.8,14.0,15.8,5.2,17.4,23.6,37.6,4.3,5.2,6.1,5.8,0.1,0.3,0.4,0.7,0.7,0.9,1.2,1.3,2.9,6.6,6.6,10.6,0.0,0.2,4.2,36.4,13.6,19.0,20.2,28.0,12.9,12.9,23.1,83.5,15.6,18.4,29.3,51.7,23.1,33.7,33.9,34.3,1.7,2.0,3.2,4.1,0.0,0.0,96.1,96.2,0.4,0.5,0.6,1.3,0.5,0.5,0.5,0.5,0.2,0.2,0.2,0.6,0.0
issuance of debt,112.6,112.6,123.0,85.7,24.2,24.5,51.2,32.3,0.0,0.0,116.6,113.0,8.7,129.2,122.4,186.9,0.0,0.0,"1,081.8","1,236.3",200.0,550.0,550.0,550.0,6.0,32.5,0.0,0.0,0.0,51.5,285.0,0.0,0.0,0.0,94.0,0.0,0.0,0.0,0.0,0.0,230.0,230.0,305.0,230.0,0.0,0.0,27.0,0.0,0.0,0.0,0.0,0.0,0.0,0.0,25.0,0.0,0.0,0.0,80.6,156.7,38.3,120.0,120.0,120.0,0.0,0.0,0.0,0.0,0.0,0.0,0.0,0.0,0.0,0.0,0.0,0.0,0.0
land and improvements,0.0,0.0,0.0,0.0,0.0,0.0,0.0,0.0,0.0,0.0,0.0,0.0,0.0,0.0,0.0,0.0,0.0,0.0,0.0,0.0,0.0,0.0,0.0,0.0,0.0,0.0,0.0,0.0,0.0,0.0,0.0,271.7,0.0,0.0,0.0,274.5,0.0,0.0,0.0,273.4,0.0,0.0,0.0,275.8,0.0,0.0,0.0,236.3,0.0,0.0,0.0,187.1,0.0,0.0,0.0,177.0,0.0,0.0,0.0,177.1,0.0,0.0,0.0,174.6,0.0,0.0,0.0,174.3,0.0,0.0,0.0,173.9,0.0,0.0,0.0,174.2,0.0
leverage ratio,3.4,3.3,3.6,3.0,3.1,3.1,3.5,2.5,2.3,2.3,3.0,2.6,2.6,2.6,2.4,2.0,1.9,1.8,2.7,2.6,2.5,2.4,2.6,2.3,2.4,2.3,2.5,2.2,2.1,2.1,2.2,2.0,2.1,2.0,2.2,2.0,2.1,2.1,2.2,2.0,2.4,2.2,2.4,2.3,2.2,1.9,2.0,1.9,2.3,2.0,3.0,2.3,2.1,2.1,2.2,2.0,2.0,2.0,2.2,2.2,2.2,2.2,2.0,2.0,2.0,2.0,2.0,1.8,1.9,1.9,1.8,1.8,1.8,1.8,1.9,1.8,1.8
loans receivable,0.0,0.0,0.0,0.0,0.0,0.0,0.0,0.0,0.0,0.0,0.0,0.0,0.0,0.0,0.0,0.0,0.0,0.0,0.0,0.0,0.0,0.0,0.0,0.0,0.0,0.0,0.0,0.0,0.0,0.0,0.0,0.0,0.0,0.0,0.0,0.0,0.0,0.0,0.0,0.0,0.0,0.0,0.0,0.0,0.0,0.0,0.0,0.0,0.0,0.0,0.0,0.0,0.0,0.0,0.0,0.0,0.0,0.0,0.0,0.0,0.0,0.0,0.0,0.0,0.0,0.0,0.0,0.0,0.0,0.0,0.0,0.0,0.0,0.0,0.0,0.0,0.0
long-term debt,246.9,236.1,243.4,225.6,251.9,250.0,272.1,245.6,225.3,232.0,510.8,502.6,505.1,536.0,438.3,552.6,353.9,318.2,"1,968.5","2,110.4","1,919.5","1,946.9","2,090.0","1,966.8","1,970.8","1,996.2","1,948.2","1,801.7","1,617.0","1,551.9","1,642.7","1,356.6","1,330.9","1,329.7","1,422.5","1,327.4","1,324.8","1,241.5","1,249.2","1,125.6","1,348.3","1,349.8","1,428.1","1,346.2","1,343.5",755.2,751.9,722.7,686.3,684.8,681.7,450.0,351.4,339.7,338.6,253.3,482.1,480.9,479.8,635.4,631.9,598.1,514.6,493.3,497.0,497.6,357.6,359.3,363.0,364.1,365.7,368.0,373.0,374.3,376.4,260.6,216.3
long-term debt per share,12.67,11.90,12.10,11.31,12.40,12.22,13.28,6.42,5.71,5.61,10.72,8.91,8.96,9.38,7.14,6.18,3.94,3.51,13.73,14.77,13.27,13.44,14.53,13.85,13.95,14.12,13.76,12.70,11.39,10.93,11.57,9.52,9.33,9.29,9.99,9.32,9.24,9.05,9.11,7.94,9.44,9.42,10.24,9.61,9.47,5.32,5.41,5.31,5.01,5.00,4.95,3.20,2.47,2.37,2.39,1.79,3.36,3.39,3.38,4.47,4.38,4.14,3.23,3.09,3.09,3.09,2.22,2.21,2.22,2.23,2.29,2.30,2.32,2.45,2.46,1.74,1.44
marketable securities,0.0,0.0,0.0,0.0,0.0,0.0,0.0,0.0,0.0,0.0,0.0,0.0,0.0,0.0,0.0,0.0,0.0,0.0,0.0,0.0,0.0,0.0,0.0,0.0,0.0,0.0,0.0,0.0,0.0,0.0,0.0,0.0,0.0,0.0,0.0,0.0,0.0,0.0,0.0,0.0,0.0,0.0,0.0,0.0,0.0,0.0,0.0,0.0,0.0,0.0,0.0,0.0,0.0,0.0,0.0,0.0,0.0,0.0,0.0,0.0,0.0,0.0,0.0,0.0,0.0,0.0,0.0,0.0,0.0,0.0,0.0,0.0,0.0,0.0,0.0,0.0,0.0
minority interest,0.0,0.0,0.0,0.0,0.0,0.0,0.0,0.0,0.0,0.0,0.0,0.0,0.0,0.0,0.0,0.0,0.0,0.0,0.0,0.0,0.0,0.0,0.0,0.0,0.0,0.0,0.0,0.0,0.0,0.0,0.0,0.0,0.0,0.0,0.0,0.0,0.0,0.0,0.0,0.0,0.0,0.0,0.0,0.0,0.0,0.0,0.0,0.0,0.0,0.0,0.0,0.0,0.0,0.0,0.0,0.0,0.0,0.0,0.0,0.0,0.0,0.0,0.0,0.0,0.0,0.0,0.0,0.0,0.0,0.0,0.0,0.0,0.0,0.0,0.0,0.0,0.0
minority interest liability,0.0,0.0,0.0,0.0,0.0,0.0,0.0,0.0,0.0,0.0,0.0,0.0,0.0,0.0,0.0,0.0,0.0,0.0,0.0,0.0,0.0,0.0,0.0,0.0,0.0,0.0,0.0,0.0,0.0,0.0,0.0,0.0,0.0,0.0,0.0,0.0,0.0,0.0,0.0,0.0,0.0,0.0,0.0,0.0,0.0,0.0,0.0,0.0,0.0,0.0,0.0,0.0,0.0,0.0,0.0,0.0,0.0,0.0,0.0,0.0,0.0,0.0,0.0,0.0,0.0,0.0,0.0,0.0,0.0,0.0,0.0,0.0,0.0,0.0,0.0,0.0,0.0
net cash from continuing operations,65.3,79.9,79.1,111.3,-3.1,6.1,-0.7,55.1,0.8,11.3,26.3,82.5,11.4,16.7,32.1,185.9,239.3,294.5,127.5,522.9,-92.3,-28.1,-33.2,209.7,91.1,163.9,239.5,485.5,-49.1,24.2,-12.8,374.0,58.3,87.3,-6.9,276.3,330.5,322.9,275.8,465.6,42.7,76.8,-4.6,358.8,49.3,36.5,-116.6,188.1,45.0,-24.2,162.2,212.1,-5.8,-15.6,-35.3,71.5,64.0,51.3,-32.5,-15.0,4.9,42.6,43.0,205.9,40.5,38.5,2.1,124.4,21.9,133.5,119.0,272.7,2.4,62.1,37.1,174.4,38.8
net cash from discontinued operations,0.0,0.0,0.0,0.0,0.0,0.0,0.0,0.0,0.0,0.0,0.0,0.0,0.0,0.0,0.0,0.0,0.0,0.0,0.0,0.0,0.0,0.0,0.0,0.0,0.0,0.0,0.0,0.0,0.0,0.0,0.0,0.0,0.0,0.0,0.0,0.0,0.0,0.0,0.0,0.0,0.0,0.0,0.0,0.0,0.0,0.0,0.0,0.0,0.0,0.0,-181.7,-156.8,0.0,0.0,0.0,0.0,0.0,0.0,0.0,13.5,-13.6,-13.6,-13.6,-13.7,0.0,0.0,0.0,-0.5,0.0,0.0,0.0,0.0,0.0,0.0,0.0,0.0,0.0
net fixed assets,290.2,292.7,292.5,300.3,310.5,311.8,322.6,381.8,380.8,387.8,478.6,510.5,505.4,526.2,544.1,765.9,792.9,812.9,"2,061.7","2,118.6","2,141.0","2,224.0","2,300.6","2,350.5","2,376.6","2,398.9","2,408.2","2,390.9","2,278.4","2,295.8","2,278.3","2,246.8","2,224.0","2,214.4","2,203.1","2,143.1","2,118.0","2,114.2","2,118.0","2,080.6","2,060.9","2,047.0","2,034.7","2,046.8","1,759.3","1,780.7","1,794.9","1,777.3","1,317.6","1,335.7","1,108.3","1,099.3","1,095.2","1,082.9","1,091.2","1,092.0","1,081.8","1,076.8","1,073.0","1,057.4","1,043.0","1,027.9","1,007.6",956.1,938.3,920.5,902.2,890.4,881.3,872.4,862.2,875.4,867.7,872.1,879.6,875.2,911.9
net income (continuing operations),0.4,0.8,3.0,11.9,2.8,1.1,3.4,-420.0,6.3,3.5,9.9,20.6,10.5,6.4,10.2,44.9,20.9,14.4,-106.2,100.0,33.7,18.8,25.9,41.9,33.9,-5.8,-8.1,55.3,15.9,-62.2,-23.8,54.3,19.8,-20.4,1.9,68.6,14.4,-25.8,12.4,81.8,22.0,-28.9,-24.8,92.8,16.2,8.2,0.2,-2.2,77.9,-51.9,12.5,21.6,11.0,-24.6,21.6,39.5,18.3,-31.7,-42.8,-66.6,-4.9,-54.5,6.3,-4.9,18.8,-32.2,36.3,24.5,28.4,-8.4,17.8,37.0,32.1,-12.3,22.6,20.4,20.0
net income (discontinued operations),0.0,0.0,0.0,0.0,0.0,0.0,0.0,0.0,0.0,0.0,0.0,0.0,0.0,0.0,0.0,0.0,0.0,0.0,0.0,0.0,0.0,0.0,0.0,0.0,0.0,0.0,0.0,0.0,0.0,0.0,0.0,0.0,0.0,0.0,0.0,0.0,0.0,0.0,0.0,0.0,0.0,0.0,0.0,0.0,0.0,0.0,0.0,0.0,0.0,0.0,-6.3,-0.1,0.0,0.0,0.0,0.0,0.0,0.0,0.0,-32.2,-0.2,-0.0,-0.0,0.3,0.0,0.0,0.0,0.5,0.0,0.0,0.0,0.0,0.0,0.0,0.0,0.0,0.0
net income available for common,0.4,0.8,3.0,11.9,2.3,0.6,2.9,-420.5,5.8,3.2,9.9,20.6,10.5,6.4,10.2,44.9,20.9,14.4,-106.2,100.0,33.7,18.8,25.9,41.9,33.9,-5.8,-8.1,55.3,15.9,-62.2,-23.8,54.3,19.8,-20.4,1.9,68.6,14.4,-25.8,12.4,81.8,22.0,-28.9,-24.8,92.8,16.2,8.2,0.2,-2.2,77.9,-51.9,12.5,21.6,11.0,-24.6,21.6,39.5,18.3,-31.7,-42.8,-66.6,-4.9,-54.5,6.3,-4.9,18.8,-32.2,36.3,24.5,28.4,-8.4,17.8,37.0,32.1,-12.3,22.6,20.4,20.0
net income/loss,0.4,1.2,4.2,16.1,2.8,3.9,7.3,-6.4,6.3,9.8,19.7,40.3,10.5,16.9,27.2,72.1,20.9,35.2,-75.0,25.0,33.7,52.6,78.5,198.9,33.9,28.1,19.9,75.2,26.5,-31.9,-53.6,0.3,-25.4,-45.8,-43.9,24.2,14.4,-11.3,1.0,82.8,22.0,-6.9,-31.7,61.1,16.2,24.4,24.6,22.3,77.9,26.0,32.2,53.7,11.0,-13.6,8.0,47.5,18.3,-13.4,-56.2,-154.9,-5.1,-59.6,-53.3,-57.9,18.8,-13.4,22.9,47.8,28.4,20.0,37.8,74.8,32.1,19.8,42.5,62.9,20.0
net profit margin,1.6,1.0,0.9,2.6,2.7,2.7,2.7,-0.5,-38.5,-34.3,-29.0,2.1,2.1,2.0,1.9,2.0,2.1,2.2,-0.5,0.4,0.7,0.7,2.7,3.1,1.9,1.5,1.0,1.1,0.9,0.0,-0.2,-0.3,-0.2,0.5,0.9,1.2,1.1,1.0,1.2,1.4,1.5,1.4,0.8,0.9,0.9,1.4,1.9,0.4,1.5,0.5,0.7,1.8,-0.4,0.4,0.9,1.4,1.6,1.4,-0.5,-5.1,-6.4,-7.5,-5.8,-2.2,-1.3,-0.4,0.7,1.7,2.0,2.8,2.1,2.5,2.6,2.4,2.6,2.0,1.6
non-current deferred income taxes,0.0,0.0,0.0,0.0,0.0,0.0,0.0,0.0,0.0,0.0,0.0,0.0,0.0,0.0,0.0,0.0,0.0,0.0,0.0,0.0,0.0,0.0,0.0,0.0,0.0,0.0,0.0,0.0,173.8,206.8,203.7,173.1,165.9,179.2,186.6,148.8,115.6,142.6,149.4,121.9,135.2,127.0,153.4,166.4,174.4,233.7,250.2,191.5,136.2,157.6,158.4,152.8,142.4,151.1,144.2,97.1,96.5,113.5,100.8,211.8,200.3,225.1,219.2,221.4,219.5,223.8,217.5,163.4,162.5,161.1,159.4,140.5,134.7,121.6,131.7,121.9,119.8
normalized income,0.4,0.8,3.0,11.9,2.8,1.1,3.4,-376.9,6.3,5.0,10.6,31.6,12.0,8.0,10.2,95.0,24.4,21.4,-13.4,11.7,43.6,32.6,34.2,56.7,31.5,2.2,9.4,121.3,16.7,-41.0,-25.7,69.9,19.8,-20.4,4.2,95.1,14.9,-25.7,14.1,100.1,22.0,-28.9,-24.8,124.6,16.2,37.2,-9.1,32.7,-123.1,-50.3,14.9,26.0,16.6,-20.9,22.0,40.2,18.4,-30.2,-25.6,-73.9,-4.7,-54.4,6.5,24.0,20.6,-10.7,35.7,14.8,31.3,-8.2,18.0,43.8,32.5,-7.6,22.8,32.4,23.8
normalized income per employee,None,None,None,4025,None,None,None,4766,None,None,None,2081,None,None,None,3216,None,None,None,590,None,None,None,4294,None,None,None,3067,None,None,None,348,None,None,None,1897,None,None,None,1950,None,None,None,2063,None,None,None,-3609,None,None,None,413,None,None,None,4504,None,None,None,-10471,None,None,None,-2954,None,None,None,6169,None,None,None,8385,None,None,None,7676,None
normalized net profit margin,1.6,1.0,0.9,2.6,2.7,2.7,2.7,2.8,-34.4,-30.5,-25.7,3.0,2.8,2.7,2.4,3.4,3.6,3.7,2.5,0.6,1.1,1.1,1.8,3.7,2.4,2.0,1.6,2.6,2.3,1.7,1.1,0.3,0.4,0.7,1.2,1.7,1.6,1.5,1.7,1.7,1.8,1.7,1.1,1.4,1.3,2.4,2.7,-1.4,-1.1,-3.1,-2.9,0.2,0.2,1.2,1.4,1.8,1.8,1.5,0.1,-3.7,-4.8,-5.9,-4.8,-1.1,-0.1,1.5,2.6,2.2,2.5,2.5,1.9,2.8,2.8,2.8,3.0,2.5,2.2
notes payable,0.0,0.0,0.0,0.0,0.0,0.0,0.0,0.0,0.0,0.0,0.0,0.0,0.0,0.0,0.0,0.0,0.0,0.0,0.0,0.0,0.0,0.0,0.0,0.0,0.0,0.0,0.0,0.0,5.6,5.5,0.0,0.0,0.0,0.0,0.0,0.0,0.0,0.0,0.0,0.0,0.0,0.0,0.0,0.0,0.0,0.0,0.0,0.0,0.0,0.0,0.0,0.0,0.0,0.0,0.0,0.0,0.0,0.0,0.0,0.0,0.0,0.0,0.0,0.0,0.0,0.0,0.0,0.0,0.0,0.0,0.0,0.0,0.0,0.0,0.0,0.0,0.0
number of days cost of goods in inventory,220,164,179,108,145,139,187,90,90,80,116,107,107,100,133,91,92,84,132,93,111,96,150,123,135,127,155,129,144,139,182,128,134,131,163,125,134,130,167,132,139,130,166,134,132,124,132,112,116,111,120,159,150,131,157,148,144,141,176,138,153,143,182,150,161,148,180,143,153,142,178,141,154,143,178,150,158
number of employees,None,None,None,None,None,None,None,None,None,None,None,None,None,None,None,None,None,None,None,None,None,None,None,None,None,None,None,None,None,None,None,None,None,None,None,None,None,None,None,None,None,None,None,None,None,None,None,None,None,None,None,None,None,None,None,None,None,None,None,None,None,None,None,None,None,None,None,None,None,None,None,None,None,None,None,None,None
number of months last report period,3,3,3,3,3,3,3,3,3,3,3,3,3,3,3,3,3,3,3,3,3,3,3,3,3,3,3,3,3,3,3,3,3,3,3,3,3,3,3,3,3,3,3,3,3,3,3,3,3,3,3,3,3,3,3,3,3,3,3,3,3,3,3,3,3,3,3,3,3,3,3,3,3,3,3,3,3
number of part-time employees,None,None,None,None,None,None,None,None,None,None,None,None,None,None,None,None,None,None,None,None,None,None,None,None,None,None,None,None,None,None,None,None,None,None,None,None,None,None,None,None,None,None,None,None,None,None,None,None,None,None,None,None,None,None,None,None,None,None,None,None,None,None,None,None,None,None,None,None,None,None,None,None,None,None,None,None,None
operating gains,62.0,70.7,0.0,0.3,0.0,0.0,0.0,20.8,-14.0,-2.3,-2.6,-4.1,0.5,-0.1,7.7,14.4,0.0,0.1,30.9,79.6,0.0,7.3,0.0,19.9,-2.3,0.7,1.2,79.2,-9.4,9.1,6.9,22.7,47.8,49.9,52.7,71.6,335.6,302.8,306.3,327.4,7.7,12.5,41.6,45.6,1.3,-119.8,-123.7,-58.4,-197.8,-0.0,0.0,0.0,0.0,5.6,0.0,6.7,0.0,0.0,-1.2,-3.4,4.2,-1.4,-1.4,15.4,0.0,-0.2,-0.5,-0.5,0.4,0.4,0.4,0.4,0.0,-0.2,-0.5,3.0,12.9
operating income,0.0,0.0,0.0,0.0,0.0,0.0,0.0,0.0,0.0,0.0,0.0,0.0,0.0,0.0,0.0,0.0,0.0,0.0,0.0,0.0,0.0,0.0,0.0,0.0,0.0,0.0,0.0,0.0,60.1,-68.6,-5.8,118.7,62.3,-1.7,34.2,138.3,46.5,-12.6,27.8,168.3,60.8,-19.7,-13.8,166.9,52.0,93.1,15.6,41.4,221.2,-74.9,26.5,18.0,32.6,-32.6,45.5,52.6,40.1,-44.3,-35.1,-96.1,2.2,-67.7,15.6,-4.6,45.5,-44.4,31.6,57.4,60.4,-3.8,39.7,52.0,64.9,-13.9,40.7,46.8,55.4
other current assets,16.0,19.2,20.0,0.3,15.5,17.1,17.0,11.8,20.3,30.4,62.3,124.8,61.1,59.6,40.4,54.8,54.9,44.1,89.9,194.4,165.3,161.5,153.2,185.2,155.1,141.2,118.2,136.1,103.2,93.6,102.2,75.0,101.1,77.8,85.3,93.4,185.1,155.0,161.3,162.9,190.5,190.4,169.6,127.1,328.9,162.8,783.9,640.6,177.8,356.5,159.4,146.9,133.7,112.1,102.2,125.0,141.7,114.4,119.9,105.4,98.0,96.2,89.8,93.5,93.0,96.7,89.2,105.4,144.6,83.5,72.4,78.1,101.9,86.9,83.9,99.8,101.8
other current liabilities,23.5,25.0,28.4,26.6,27.3,26.3,32.5,74.0,0.0,65.0,123.3,122.6,110.8,100.4,117.6,295.2,290.0,241.6,484.4,529.1,466.5,439.0,495.6,540.1,478.6,446.5,500.7,505.1,0.0,0.0,0.0,112.4,0.0,0.0,0.0,99.9,0.0,0.0,0.0,0.0,285.6,0.0,0.0,13.2,50.4,0.0,291.0,197.1,547.6,78.3,565.0,8.6,3.8,2.7,2.7,0.8,1.5,1.4,1.4,0.0,0.9,0.0,0.0,0.0,0.0,0.0,0.0,0.0,0.0,0.0,0.0,0.0,0.0,0.0,0.0,0.0,0.0
other equity adjustments,0.0,0.0,0.0,0.0,0.0,0.0,0.0,0.0,0.0,0.0,0.0,0.0,0.0,0.0,0.0,0.0,0.0,0.0,0.0,0.0,0.0,0.0,"2,062.9",0.0,0.0,0.0,"2,222.1",-1.9,"2,321.6","2,266.1","2,245.1",-28.9,"2,110.1","2,116.4","2,110.2",-69.2,"2,276.9","2,201.1","2,206.1",-71.6,-71.6,-71.6,-71.6,-86.8,"2,064.4",0.0,"2,090.1",-72.5,-33.1,-33.1,-33.1,-28.3,-28.3,-28.3,-28.3,-15.0,-15.0,-15.0,"1,097.8",-56.4,-56.4,-56.4,-56.4,-48.8,-48.8,-48.8,-48.8,-46.1,-17.7,-46.1,-46.1,-54.7,-54.3,-53.9,-53.4,-49.9,-49.5
"other financing charges, net",0.0,0.0,0.0,0.0,0.0,0.0,0.0,0.0,0.0,0.0,0.0,0.0,0.0,0.0,9.8,9.8,0.0,-125.0,0.0,-363.8,128.0,127.9,128.0,127.9,0.0,0.0,0.0,0.0,0.0,0.0,0.0,0.0,0.0,0.0,0.0,0.0,0.0,0.0,0.0,0.0,0.0,0.0,-25.0,-25.0,0.0,0.0,0.0,0.0,2.3,2.6,3.2,16.0,5.2,8.6,8.7,0.0,0.0,0.5,0.0,0.0,0.0,-76.4,-4.7,0.0,0.0,0.0,0.0,9.8,-2.3,-2.2,-6.9,-8.4,8.6,8.9,9.0,9.3,-0.0
other fixed assets,0.0,0.0,0.0,0.0,0.0,0.0,0.0,0.0,0.0,0.0,0.0,0.0,0.0,0.0,0.0,0.0,0.0,0.0,0.0,0.0,0.0,0.0,0.0,0.0,0.0,0.0,0.0,0.0,"3,200.8","3,218.2","3,200.7",0.0,"3,261.1","3,251.5","3,240.2",589.9,"3,329.0","3,325.1","3,329.0",0.0,"3,416.1","3,402.1","3,389.8",0.0,"3,275.1","3,296.5","3,310.6",0.0,"2,661.4","2,679.6","2,452.2",0.0,"1,898.8","1,886.5","1,894.8",0.0,"1,931.5","1,926.5","1,922.7",0.0,"1,043.0","1,027.9","1,007.6",0.0,938.3,920.5,902.2,0.0,881.3,872.4,862.2,0.0,867.7,872.1,879.6,0.0,911.9
other gains/losses,0.0,0.0,0.0,0.0,0.0,0.0,0.0,-2.1,0.0,0.0,0.0,0.0,0.0,-1.1,-0.4,-7.8,0.0,-0.3,-21.6,-4.0,-9.3,0.0,0.0,0.0,0.0,0.0,0.0,0.0,10.6,3.8,2.0,-0.4,0.4,0.0,0.0,-0.4,0.0,0.0,0.0,0.0,0.0,0.0,0.0,0.0,0.0,0.0,0.0,0.0,0.0,0.0,0.0,0.0,0.0,0.0,0.0,0.0,0.0,0.0,0.0,0.0,0.0,0.0,0.0,0.0,0.0,0.0,0.0,0.0,0.0,0.0,0.0,0.0,0.0,0.0,0.0,0.0,0.0
other income net,2.9,4.1,3.8,3.9,4.0,3.7,4.0,22.5,7.0,7.8,7.8,12.6,10.2,10.3,3.1,57.9,22.3,22.6,-18.4,-133.2,0.0,2.8,0.1,-15.3,0.2,-0.1,0.1,3.6,0.2,0.1,0.5,0.3,-0.5,0.2,-1.3,1.9,2.8,4.2,0.3,-5.2,-4.2,-3.1,-28.2,39.5,5.5,159.7,1.2,-28.1,8.8,6.9,6.2,6.5,2.8,1.7,2.3,18.0,0.9,0.7,1.5,2.4,0.1,1.6,0.0,-0.3,0.2,-0.7,-0.1,-0.3,-0.0,0.5,0.6,0.6,0.8,0.6,0.1,-3.5,-12.9
"other investing changes, net",-199.1,-199.1,-199.1,-185.9,-10.4,-10.4,-10.4,-10.5,5.0,5.0,-115.5,-113.7,20.5,19.8,0.0,0.0,-17.0,-15.2,0.0,0.0,0.0,0.0,0.0,0.0,0.0,0.0,0.0,0.0,0.0,0.0,275.5,0.0,0.0,0.0,0.0,0.0,0.0,0.0,0.0,0.0,0.0,0.0,0.0,0.0,0.0,0.0,-1.3,-1.3,"1,037.9",-3.1,0.0,0.0,0.0,0.0,0.0,0.0,0.0,0.0,0.0,0.0,0.0,0.0,0.0,0.0,0.0,0.0,0.0,0.0,0.0,0.0,-11.9,-7.4,0.0,0.0,0.0,0.0,0.0
other non-cash items,0.0,0.0,61.6,0.0,-10.8,-7.5,-23.0,0.0,0.0,-13.1,-17.1,-0.4,-8.4,-23.3,-37.0,0.0,200.4,201.2,88.3,0.0,-182.1,-9.3,0.0,0.0,0.0,0.0,0.0,0.0,0.0,0.0,0.0,0.0,0.0,0.0,0.0,0.0,0.0,0.0,0.0,0.0,0.0,0.0,0.0,0.0,0.0,0.0,0.0,0.0,0.0,-173.2,37.7,48.5,1.6,-1.9,5.6,8.8,3.6,9.1,30.1,27.5,0.4,8.9,13.4,29.6,5.0,10.5,11.0,3.7,3.5,7.4,11.2,19.8,-4.4,5.2,9.6,22.1,1.0
other non-current assets,15.1,15.1,14.8,15.6,16.3,16.3,15.2,22.2,21.3,21.3,20.8,19.9,20.6,29.0,28.3,33.3,39.2,39.2,418.5,691.2,329.5,304.5,323.8,275.8,259.9,278.7,252.4,232.2,49.6,49.2,44.3,45.1,51.7,52.1,46.9,52.5,56.3,55.6,93.2,85.9,91.7,90.9,89.3,88.1,352.0,58.7,55.8,53.9,42.1,36.7,34.8,41.1,40.9,36.0,35.9,55.5,50.9,51.5,50.5,21.4,19.7,24.1,24.7,32.3,30.5,29.0,28.7,28.6,29.7,28.6,38.4,26.9,25.7,24.8,24.3,11.1,11.6
other non-current liabilities,1.5,1.5,1.5,2.4,3.2,3.2,3.2,14.3,15.0,14.8,50.5,47.8,50.2,50.3,51.7,105.7,105.2,108.1,148.4,166.0,161.8,160.2,166.6,139.9,138.2,139.9,127.6,124.8,123.6,125.8,133.6,180.7,183.1,185.0,166.6,190.0,275.3,293.6,318.5,240.7,248.4,248.8,241.3,333.4,339.7,322.5,326.9,283.6,188.2,171.3,135.1,135.4,177.4,169.9,166.0,161.0,162.5,160.2,159.4,193.6,193.9,203.2,202.5,191.0,191.1,188.7,160.3,138.4,136.3,138.1,134.6,157.0,157.7,161.4,161.0,134.5,131.9
other receivable,0.0,0.0,0.0,0.0,0.0,0.0,0.0,0.0,0.0,0.0,0.0,0.0,0.0,0.0,0.0,0.0,0.0,0.0,0.0,0.0,0.0,0.0,0.0,0.0,0.0,0.0,0.0,0.0,0.0,0.0,0.0,0.0,0.0,0.0,0.0,0.0,0.0,0.0,0.0,0.0,0.0,0.0,0.0,0.0,0.0,0.0,0.0,0.0,0.0,0.0,0.0,0.0,0.0,0.0,0.0,0.0,0.0,0.0,0.0,0.0,0.0,0.0,0.0,0.0,0.0,0.0,0.0,0.0,0.0,0.0,0.0,0.0,0.0,0.0,0.0,0.0,0.0
other special charges,0.0,0.0,0.0,0.0,0.0,0.0,0.0,-43.1,0.0,-1.5,-0.7,-11.0,-1.5,-1.6,0.0,-50.1,-3.5,-7.0,-92.8,88.3,-9.9,-13.8,-8.3,-14.8,2.3,-8.0,-17.6,-66.0,0.0,0.0,1.9,-15.6,0.0,0.0,-2.3,-26.5,-0.5,-0.1,-1.7,-18.3,0.0,0.0,0.0,-31.8,0.0,-29.0,9.3,-34.9,201.0,-1.5,-2.4,-4.4,-5.6,-3.7,-0.4,-0.7,-0.1,-1.2,-17.1,7.4,-0.2,-0.1,-0.2,-28.9,-1.8,-21.6,0.6,9.7,-2.9,-0.2,-0.2,-6.9,-0.3,-4.7,-0.2,-11.9,-3.8
payment of cash dividends,0.0,-0.1,-0.9,-0.9,-1.0,-1.0,-2.0,-2.0,-1.0,-4.6,-4.6,-4.9,-1.1,-1.1,0.0,-1.1,0.0,0.0,0.0,0.0,0.0,0.0,0.0,0.0,0.0,0.0,0.0,0.0,0.0,0.0,0.0,0.0,0.0,0.0,0.0,0.0,0.0,0.0,0.0,0.0,0.0,-282.7,-282.7,-283.1,-0.1,-0.4,-0.5,-0.8,-0.7,-542.2,-542.8,"-1,095.0",-6.3,-7.4,-7.4,-7.4,-1.1,-1.2,-1.2,-1.2,-0.5,-0.5,-0.8,-0.8,0.0,-0.1,-0.1,-0.1,0.0,0.0,0.0,-0.2,0.0,0.0,-0.1,-0.1,0.0
payout ratio,None,None,None,None,None,None,None,None,None,None,None,None,None,None,None,None,None,None,None,None,None,None,None,None,None,None,None,None,None,None,None,None,None,None,None,None,None,None,None,None,None,328,588,476,526,None,None,None,None,2222,1818,2000,None,4000,2000,None,None,None,None,None,None,None,None,None,None,None,None,None,None,None,None,None,None,None,None,None,None
post-tax profit margin,1.6,1.0,0.9,2.6,2.7,2.7,2.7,-0.5,-38.5,-34.3,-29.0,2.1,2.1,2.0,1.9,2.0,2.1,2.2,-0.5,0.4,0.7,0.7,2.7,3.1,1.9,1.5,1.0,1.1,0.9,0.0,-0.2,-0.3,-0.2,0.5,0.9,1.2,1.1,1.0,1.2,1.4,1.5,1.4,0.8,0.9,0.9,1.4,1.9,0.4,1.5,0.5,0.8,-0.2,-0.2,0.7,0.9,1.4,1.6,1.4,-0.5,-4.1,-5.2,-6.3,-4.6,-2.2,-1.3,-0.4,0.7,1.7,2.0,2.8,2.1,2.5,2.6,2.4,2.6,2.0,1.6
pre-tax profit margin,2.5,1.6,1.6,4.3,4.4,4.4,4.5,-0.3,-38.0,-33.8,-28.2,3.8,3.7,3.6,3.5,3.9,4.0,4.1,0.0,1.1,1.6,1.5,4.3,4.9,3.7,3.0,2.1,1.8,1.3,0.0,-0.4,-0.4,-0.3,0.8,1.5,1.9,1.7,1.6,1.6,1.8,2.0,1.8,1.2,1.3,1.2,2.5,3.3,1.6,5.2,3.4,4.3,-1.4,-0.9,0.3,0.8,2.3,2.6,2.3,-0.2,-5.6,-7.5,-8.7,-7.1,-3.9,-2.4,-1.6,-1.1,1.2,1.7,3.1,3.5,3.4,3.7,3.4,3.5,3.2,2.4
pref. securities of subsid. trust,0.0,0.0,0.0,0.0,0.0,0.0,0.0,0.0,0.0,0.0,0.0,0.0,0.0,0.0,0.0,0.0,0.0,0.0,0.0,0.0,0.0,0.0,0.0,0.0,0.0,0.0,0.0,0.0,0.0,0.0,0.0,0.0,0.0,0.0,0.0,0.0,0.0,0.0,0.0,0.0,0.0,0.0,0.0,0.0,0.0,0.0,0.0,0.0,0.0,0.0,0.0,0.0,0.0,0.0,0.0,0.0,0.0,0.0,0.0,0.0,0.0,0.0,0.0,0.0,0.0,0.0,0.0,0.0,0.0,0.0,0.0,0.0,0.0,0.0,0.0,0.0,0.0
preferred dividends,0.0,0.0,0.0,0.0,0.5,0.5,0.5,0.5,0.5,0.3,0.0,0.0,0.0,0.0,0.0,0.0,0.0,0.0,0.0,0.0,0.0,0.0,0.0,0.0,0.0,0.0,0.0,0.0,0.0,0.0,0.0,0.0,0.0,0.0,0.0,0.0,0.0,0.0,0.0,0.0,0.0,0.0,0.0,0.0,0.0,0.0,0.0,0.0,0.0,0.0,0.0,0.0,0.0,0.0,0.0,0.0,0.0,0.0,0.0,0.0,0.0,0.0,0.0,0.0,0.0,0.0,0.0,0.0,0.0,0.0,0.0,0.0,0.0,0.0,0.0,0.0,0.0
preferred equity outside stock equity,0.0,0.0,0.0,0.0,0.0,0.0,0.0,0.0,0.0,0.0,0.0,0.0,0.0,0.0,0.0,0.0,0.0,0.0,0.0,0.0,0.0,0.0,0.0,0.0,0.0,0.0,0.0,0.0,0.0,0.0,0.0,0.0,0.0,0.0,0.0,0.0,0.0,0.0,0.0,0.0,0.0,0.0,0.0,0.0,0.0,0.0,0.0,0.0,0.0,0.0,0.0,0.0,0.0,0.0,0.0,0.0,0.0,0.0,0.0,0.0,0.0,0.0,0.0,0.0,0.0,0.0,0.0,0.0,0.0,0.0,0.0,0.0,0.0,0.0,0.0,0.0,0.0
preferred secur. of subsid. trust,0.0,0.0,0.0,0.0,0.0,0.0,0.0,0.0,0.0,0.0,0.0,0.0,0.0,0.0,0.0,0.0,0.0,0.0,0.0,0.0,0.0,0.0,0.0,0.0,0.0,0.0,0.0,0.0,0.0,0.0,0.0,0.0,0.0,0.0,0.0,0.0,0.0,0.0,0.0,0.0,0.0,0.0,0.0,0.0,0.0,0.0,0.0,0.0,0.0,0.0,0.0,0.0,0.0,0.0,0.0,0.0,0.0,0.0,0.0,0.0,0.0,0.0,0.0,0.0,0.0,0.0,0.0,0.0,0.0,0.0,0.0,0.0,0.0,0.0,0.0,0.0,0.0
preferred shares,0.0,0.0,0.0,0.0,0.0,0.0,0.0,0.6,0.0,0.0,0.0,0.0,0.0,0.0,0.0,0.0,0.0,0.0,0.0,0.0,0.0,0.0,0.0,0.0,0.0,0.0,0.0,0.0,0.0,0.0,0.0,0.0,0.0,0.0,0.0,0.0,0.0,0.0,0.0,0.0,0.0,0.0,0.0,0.0,0.0,0.0,0.0,0.0,0.0,0.0,0.0,0.0,0.0,0.0,0.0,0.0,0.0,0.0,0.0,0.0,0.0,0.0,0.0,0.0,0.0,0.0,0.0,0.0,0.0,0.0,0.0,0.0,0.0,0.0,0.0,0.0,0.0
preferred stock equity,0.0,0.0,0.0,0.0,0.0,0.0,0.0,28.9,0.0,0.0,0.0,0.0,0.0,0.0,0.0,0.0,0.0,0.0,0.0,0.0,0.0,0.0,0.0,0.0,0.0,0.0,0.0,0.0,0.0,0.0,0.0,0.0,0.0,0.0,0.0,0.0,0.0,0.0,0.0,0.0,0.0,0.0,0.0,0.0,0.0,0.0,0.0,0.0,0.0,0.0,0.0,0.0,0.0,0.0,0.0,0.0,0.0,0.0,0.0,0.0,0.0,0.0,0.0,0.0,0.0,0.0,0.0,0.0,0.0,0.0,0.0,0.0,0.0,0.0,0.0,0.0,0.0
prepaid expenses,0.0,0.0,0.0,0.0,0.0,0.0,0.0,0.0,0.0,0.0,0.0,0.0,0.0,0.0,0.0,0.0,0.0,0.0,0.0,0.0,0.0,0.0,0.0,0.0,0.0,0.0,0.0,0.0,0.0,0.0,0.0,0.0,0.0,0.0,0.0,0.0,0.0,0.0,0.0,0.0,0.0,0.0,0.0,0.0,0.0,0.0,0.0,0.0,0.0,0.0,0.0,0.0,0.0,0.0,0.0,0.0,0.0,0.0,0.0,0.0,0.0,0.0,0.0,0.0,0.0,0.0,0.0,0.0,0.0,0.0,0.0,0.0,0.0,0.0,0.0,0.0,0.0
price/cash flow ratio,16.0,13.6,10.4,6.5,6.9,9.5,6.4,15.0,-1.7,-2.0,-2.7,12.4,11.8,15.8,18.2,19.1,23.1,16.8,27.7,29.2,18.5,13.5,7.1,5.2,5.4,5.1,5.5,6.6,6.1,7.0,4.7,7.0,10.3,6.2,5.7,4.4,4.6,5.7,6.6,7.9,6.6,6.0,6.2,6.9,8.4,9.3,7.3,11.3,10.1,11.3,15.5,14.4,26.8,19.5,18.2,14.1,9.8,8.0,7.3,-18.0,-18.0,-12.8,-140.3,11.9,14.6,10.7,11.9,10.7,10.4,8.3,8.7,7.7,8.4,7.7,7.4,8.2,9.4
price/equity ratio,1.14,1.13,1.08,1.21,1.34,1.86,1.25,1.27,1.78,2.00,1.98,1.89,1.90,2.65,2.55,2.40,3.18,2.49,1.73,2.62,2.01,1.62,1.20,0.89,0.73,0.65,0.65,0.83,0.73,0.69,0.43,0.63,0.94,0.68,0.69,0.56,0.56,0.70,0.86,1.04,1.00,0.92,0.87,0.96,1.14,1.41,1.17,1.31,1.73,1.41,2.61,2.41,2.60,2.35,2.66,2.18,1.58,1.27,0.78,0.37,0.76,0.77,0.84,0.96,1.44,1.24,1.63,1.64,1.65,1.49,1.44,1.32,1.42,1.38,1.33,1.41,1.48
price/free cash flow ratio,3.0,2.6,2.8,2.6,-23.3,-41.8,-7.5,121.5,-68.2,-42.0,-49.2,62.5,-77.9,-39.6,-35.0,154.6,17.7,13.1,-5.0,-12.4,-25.3,-15.8,-6.9,-9.0,95.3,101.3,56.6,9.1,-16.3,-15.6,-5.3,9.3,87.5,152.0,-11.8,9.4,4.3,6.8,15.1,8.9,480.0,-6.5,-4.0,-16.4,340.8,-45.1,-8.7,-53.6,154.9,5.4,-4.2,-2.3,-67.5,-31.9,-20.7,-33.4,50.0,-254.8,-6.7,-2.8,-20.0,-42.7,-26.7,8.8,48.8,82.1,-53.0,27.9,199.3,17.0,25.2,8.4,-99.6,130.4,-31.2,36.0,-88.8
price/revenue ratio,0.75,0.53,0.39,0.36,0.36,0.50,0.34,0.31,0.61,0.61,0.70,0.54,0.50,0.65,0.69,0.74,0.93,0.69,0.65,0.85,0.70,0.51,0.37,0.31,0.25,0.23,0.23,0.29,0.26,0.24,0.15,0.24,0.35,0.25,0.26,0.21,0.22,0.26,0.32,0.40,0.33,0.30,0.27,0.31,0.38,0.47,0.40,0.44,0.51,0.45,0.62,0.90,0.93,0.85,0.93,0.78,0.56,0.43,0.26,0.12,0.27,0.28,0.34,0.39,0.59,0.49,0.66,0.69,0.69,0.60,0.57,0.53,0.58,0.52,0.51,0.51,0.54
price/tangible book ratio,1.59,1.55,1.48,1.61,1.82,2.54,1.70,1.52,2.08,2.33,4.92,3.90,3.77,5.08,4.22,3.20,4.25,3.29,2.39,3.70,2.81,2.25,1.66,1.21,0.98,0.87,0.87,1.07,0.87,0.82,0.51,0.75,1.09,0.79,0.81,0.65,0.65,0.83,1.01,1.21,1.18,1.09,1.05,1.13,1.34,1.58,1.31,1.45,1.73,1.42,2.61,2.41,2.60,2.35,2.66,2.18,1.58,1.27,0.78,0.37,0.76,0.77,0.84,0.96,1.44,1.24,1.63,1.64,1.65,1.49,1.44,1.32,1.42,1.38,1.33,1.41,1.48
purchase of  short-term investments,0.0,0.0,0.0,0.0,0.0,0.0,0.0,0.0,0.0,0.0,0.0,0.0,0.0,0.0,0.0,0.0,0.0,0.0,0.0,0.0,0.0,0.0,0.0,0.0,0.0,0.0,0.0,0.0,0.0,0.0,0.0,0.0,0.0,0.0,0.0,0.0,0.0,0.0,0.0,0.0,0.0,0.0,0.0,0.0,0.0,0.0,0.0,0.0,0.0,0.0,0.0,0.0,0.0,0.0,0.0,0.0,0.0,0.0,0.0,0.0,0.0,0.0,0.0,0.0,0.0,0.0,0.0,0.0,0.0,0.0,0.0,0.0,0.0,0.0,0.0,0.0,0.0
purchase of long-term investments,0.0,0.0,0.0,0.0,0.0,0.0,0.0,0.0,0.0,0.0,0.0,0.0,0.0,0.0,0.0,0.0,0.0,0.0,0.0,0.0,0.0,0.0,0.0,0.0,0.0,0.0,0.0,0.0,0.0,0.0,0.0,0.0,0.0,0.0,0.0,0.0,0.0,0.0,0.0,0.0,0.0,0.0,0.0,0.0,0.0,0.0,0.0,0.0,0.0,0.0,0.0,0.0,0.0,0.0,0.0,0.0,0.0,0.0,0.0,0.0,0.0,0.0,0.0,0.0,0.0,0.0,0.0,0.0,0.0,0.0,0.0,0.0,0.0,0.0,0.0,0.0,0.0
quarterly indicator,1,2,3,4,1,2,3,4,1,2,3,4,1,2,3,4,1,2,3,4,1,2,3,4,1,2,3,4,1,2,3,4,1,2,3,4,1,2,3,4,1,2,3,4,1,2,3,4,1,2,3,4,1,2,3,4,1,2,3,4,1,2,3,4,1,2,3,4,1,2,3,4,1,2,3,4,1
quick ratio,0.1,0.1,0.1,0.1,0.2,0.2,0.1,0.5,0.2,0.2,0.2,0.1,0.3,0.3,0.2,0.8,0.3,0.2,0.2,0.2,0.3,0.2,0.2,0.3,0.3,0.3,0.2,0.3,0.4,0.3,0.2,0.4,0.4,0.4,0.3,0.6,0.6,0.4,0.2,0.4,0.4,0.2,0.1,0.3,0.3,0.3,0.0,0.1,0.9,0.8,0.6,0.3,0.2,0.2,0.1,0.1,0.2,0.1,0.0,0.0,0.0,0.0,0.0,0.4,0.4,0.4,0.2,0.4,0.4,0.6,0.2,0.5,0.4,0.3,0.2,0.1,0.0
receivables,12.0,6.6,10.1,10.3,12.9,14.5,15.2,54.3,32.0,25.8,62.6,20.7,79.7,80.0,58.4,342.5,111.2,69.6,182.9,159.6,191.4,160.8,172.3,202.1,206.6,193.7,198.0,193.3,237.4,185.4,211.0,239.4,259.6,252.0,243.3,267.1,0.0,0.0,0.0,0.0,0.0,0.0,0.0,0.0,0.0,0.0,0.0,0.0,0.0,0.0,0.0,0.0,0.0,0.0,0.0,0.0,0.0,0.0,0.0,0.0,0.0,0.0,0.0,0.0,0.0,0.0,0.0,0.0,0.0,0.0,0.0,0.0,0.0,0.0,0.0,0.0,0.0
receivables as % of revenue,4.8,1.8,2.1,1.7,1.9,2.1,2.1,4.1,3.0,2.2,4.5,1.1,3.8,3.4,2.3,9.7,2.9,1.7,3.6,2.6,3.3,2.5,2.6,3.1,3.2,3.1,3.1,2.9,3.6,2.9,3.4,3.9,4.3,4.2,4.1,4.5,0.0,0.0,0.0,0.0,0.0,0.0,0.0,0.0,0.0,0.0,0.0,0.0,0.0,0.0,0.0,0.0,0.0,0.0,0.0,0.0,0.0,0.0,0.0,0.0,0.0,0.0,0.0,0.0,0.0,0.0,0.0,0.0,0.0,0.0,0.0,0.0,0.0,0.0,0.0,0.0,0.0
receivables per day sales,17.11,6.65,7.73,6.01,6.71,7.48,7.73,14.66,10.83,7.83,16.32,3.94,13.54,12.31,8.20,34.78,10.39,6.06,13.12,9.24,11.79,8.91,9.37,11.33,11.66,11.01,11.31,10.57,13.05,10.38,12.08,14.20,15.49,15.12,14.64,16.26,0.00,0.00,0.00,0.00,0.00,0.00,0.00,0.00,0.00,0.00,0.00,0.00,0.00,0.00,0.00,0.00,0.00,0.00,0.00,0.00,0.00,0.00,0.00,0.00,0.00,0.00,0.00,0.00,0.00,0.00,0.00,0.00,0.00,0.00,0.00,0.00,0.00,0.00,0.00,0.00,0.00
receivables turnover,11.7,19.8,21.5,21.9,55.6,66.2,56.0,41.3,47.4,58.9,35.5,50.4,38.0,44.2,42.4,19.5,40.3,55.3,41.6,24.8,38.6,56.4,37.3,35.5,32.1,35.7,34.0,33.3,29.5,33.9,30.8,28.1,24.3,27.4,26.3,23.3,45.2,46.6,48.7,45.3,0.0,0.0,0.0,0.0,0.0,0.0,0.0,0.0,0.0,0.0,0.0,0.0,0.0,0.0,0.0,0.0,0.0,0.0,0.0,0.0,0.0,0.0,0.0,0.0,0.0,0.0,0.0,0.0,0.0,0.0,0.0,0.0,0.0,0.0,0.0,0.0,0.0
repayment of long-term debt,-19.5,-29.7,-33.8,-29.2,-3.1,-5.7,-9.0,-16.7,-20.8,-14.0,-11.3,-49.3,-6.9,-109.1,-110.9,-224.1,-201.4,-111.6,-497.3,-507.0,-158.4,-482.5,-341.4,-465.5,-2.1,-4.1,-19.9,-167.3,-167.8,-278.6,-421.5,-422.8,-25.9,-27.1,-28.3,-29.4,-1.6,-2.8,-2.8,-92.1,-32.6,-106.6,-83.4,-155.5,-1.8,-589.3,-619.7,-621.6,-2.0,-3.7,-5.4,-7.4,-103.9,-116.1,-117.6,-119.0,-1.5,-2.8,-4.0,-89.2,-1.2,-24.7,-182.5,-196.7,-1.3,-3.5,-4.9,-29.1,-4.0,-5.6,-144.0,-144.0,-1.8,-3.9,-6.1,-8.3,-40.2
repurchase of capital stock,0.0,0.0,0.0,0.0,0.0,0.0,0.0,0.0,0.0,0.0,0.0,-2.1,0.0,0.0,-1.1,-13.1,0.0,0.0,-0.5,-0.5,0.0,0.0,-18.7,-33.3,-25.0,-25.0,-25.0,-25.0,-1.3,-1.3,-3.6,-3.6,0.0,0.0,-7.1,-7.1,-7.0,-59.1,-71.7,-74.5,-12.1,-18.7,-85.4,-85.4,0.0,0.0,0.0,-223.6,0.0,0.0,-6.5,-6.5,0.0,0.0,-27.5,-27.5,-14.8,-34.9,-34.9,-34.9,0.0,0.0,0.0,0.0,0.0,0.0,0.0,0.0,0.0,0.0,-28.9,-28.9,0.0,-79.0,-79.1,-167.4,-0.3
restricted cash,0.0,0.0,0.0,0.0,0.0,0.0,0.0,0.0,0.0,0.0,0.0,0.0,0.0,0.0,0.0,0.0,0.0,0.0,0.0,0.0,0.0,0.0,0.0,0.0,0.0,0.0,0.0,0.0,0.0,0.0,0.0,0.0,0.0,0.0,0.0,0.0,0.0,0.0,0.0,0.0,0.0,0.0,0.0,0.0,0.0,0.0,0.0,0.0,0.0,0.0,0.0,0.0,0.0,0.0,0.0,0.0,0.0,0.0,0.0,0.0,0.0,0.0,0.0,0.0,0.0,0.0,0.0,0.0,0.0,0.0,0.0,0.0,0.0,0.0,0.0,0.0,0.0
retained earnings,22.4,22.4,22.4,36.8,0.0,0.0,0.0,82.8,0.0,0.0,0.0,168.9,178.3,193.0,217.6,403.4,424.3,459.2,306.5,-98.6,-74.1,-46.0,0.0,91.1,0.0,0.0,0.0,166.3,0.0,0.0,0.0,166.6,141.2,120.8,122.7,190.8,0.0,0.0,0.0,273.7,10.1,-18.8,-43.6,40.9,57.0,0.0,65.5,63.3,36.8,-15.1,-8.9,12.6,20.8,-3.8,17.8,57.2,75.5,43.8,0.0,-97.4,-119.4,-175.1,-168.7,-173.3,-154.6,-186.8,-150.5,-125.5,-125.5,-105.5,-87.7,-50.7,-18.6,-30.9,-8.3,12.2,32.2
revenue per $  plant (net),0.87,1.22,1.61,2.06,2.23,2.24,2.19,3.49,2.79,3.06,2.89,3.70,4.19,4.45,4.71,4.63,4.86,5.09,2.43,2.94,2.73,2.92,2.88,2.73,2.68,2.64,2.62,2.75,2.87,2.80,2.76,2.70,2.71,2.71,2.72,2.76,2.77,2.77,2.80,2.91,3.01,3.09,3.12,3.14,3.66,3.60,3.48,3.35,4.13,3.66,3.85,2.67,2.93,2.90,2.97,3.01,3.10,3.09,3.01,2.87,2.67,2.61,2.59,2.75,2.85,2.94,3.03,3.13,3.23,3.35,3.43,3.44,3.51,3.53,3.52,3.60,3.49
revenue per $ cash,229.55,324.91,391.92,561.27,628.82,634.64,589.92,50.90,531.75,593.20,531.23,555.82,141.31,148.11,298.15,89.97,138.54,174.52,1286.36,189.63,133.15,286.10,316.79,328.42,298.81,115.85,313.20,101.78,87.22,316.94,156.26,61.26,60.05,67.67,174.49,28.21,11.67,15.05,21.23,16.55,10.93,30.81,85.09,25.04,22.41,25.65,223.97,77.00,4.72,9.76,5.56,10.58,20.25,24.45,51.02,32.45,26.92,55.43,161.40,294.92,272.01,215.07,367.10,17.86,14.92,16.74,24.94,14.08,14.08,9.94,40.09,15.05,16.09,22.13,41.72,39.14,158.96
revenue per $ common equity,1.52,2.14,2.78,3.42,3.69,3.71,3.69,4.07,2.92,3.25,2.85,3.50,3.82,4.09,3.72,3.24,3.44,3.60,2.66,3.10,2.86,3.15,3.21,2.91,2.87,2.86,2.84,2.87,2.82,2.84,2.80,2.67,2.68,2.68,2.68,2.61,2.58,2.67,2.69,2.61,3.01,3.11,3.25,3.09,3.04,3.00,2.90,2.98,3.42,3.12,4.18,2.68,2.80,2.78,2.87,2.79,2.83,2.93,2.94,3.14,2.82,2.80,2.45,2.46,2.45,2.55,2.48,2.39,2.40,2.47,2.52,2.50,2.46,2.67,2.63,2.74,2.73
revenue per $ invested capital,0.61,0.89,1.14,1.52,1.57,1.59,1.53,2.21,1.81,1.99,1.39,1.81,2.00,2.11,2.27,2.15,2.61,2.82,1.30,1.51,1.48,1.62,1.59,1.54,1.52,1.50,1.51,1.61,1.66,1.68,1.62,1.67,1.68,1.68,1.64,1.64,1.63,1.70,1.72,1.76,1.82,1.87,1.88,1.88,1.86,2.22,2.15,2.19,2.39,2.17,2.51,1.90,2.14,2.13,2.21,2.30,2.01,2.06,2.05,1.89,1.72,1.72,1.66,1.68,1.68,1.73,1.87,1.83,1.84,1.89,1.92,1.91,1.89,2.02,1.99,2.23,2.30
revenue per share,12.96,18.01,23.38,30.96,34.04,34.12,34.55,34.87,26.93,28.71,28.97,33.50,37.58,40.94,41.76,39.61,42.92,45.56,35.00,43.54,40.40,44.85,46.04,45.23,45.12,44.82,44.53,46.40,46.13,45.28,44.31,42.61,42.30,41.93,41.99,41.49,40.93,42.79,43.23,42.69,43.52,44.16,45.49,45.94,45.44,45.19,44.94,43.77,39.76,35.69,31.03,20.93,22.53,21.89,22.85,23.15,23.36,23.45,22.73,21.31,19.32,18.55,16.39,16.47,16.60,16.80,16.97,17.10,17.40,17.87,18.48,18.83,18.94,20.14,20.27,21.03,21.23
revenue/assets,0.5,0.6,0.8,1.1,1.2,1.2,1.1,1.6,1.3,1.4,1.0,1.3,1.5,1.5,1.6,1.6,1.8,2.0,1.0,1.2,1.2,1.3,1.2,1.3,1.2,1.2,1.2,1.3,1.3,1.4,1.2,1.3,1.3,1.3,1.2,1.3,1.2,1.3,1.2,1.3,1.2,1.4,1.3,1.4,1.4,1.6,1.5,1.5,1.5,1.6,1.4,1.2,1.3,1.3,1.3,1.4,1.4,1.5,1.3,1.4,1.3,1.3,1.2,1.2,1.2,1.3,1.2,1.3,1.3,1.3,1.4,1.4,1.4,1.5,1.4,1.5,1.5
sale of long-term investments,0.0,0.0,0.0,0.0,0.0,0.0,0.0,0.0,0.0,0.0,0.0,0.0,0.0,0.0,0.0,0.0,0.0,0.0,0.0,0.0,0.0,0.0,0.0,0.0,0.0,0.0,0.0,0.0,0.0,0.0,0.0,0.0,0.0,0.0,0.0,0.0,0.0,0.0,0.0,0.0,0.0,0.0,0.0,0.0,0.0,0.0,0.0,0.0,0.0,0.0,0.0,0.0,0.0,0.0,0.0,0.0,0.0,0.0,0.0,0.0,0.0,0.0,0.0,0.0,0.0,0.0,0.0,0.0,0.0,0.0,0.0,0.0,0.0,0.0,0.0,0.0,0.0
sale of short-term investments,0.0,0.0,0.0,0.0,0.0,0.0,0.0,0.0,0.0,0.0,0.0,0.0,0.0,0.0,0.0,0.0,0.0,0.0,0.0,0.0,0.0,0.0,0.0,0.0,0.0,0.0,0.0,0.0,0.0,0.0,0.0,0.0,0.0,0.0,0.0,0.0,0.0,0.0,0.0,0.0,0.0,0.0,0.0,0.0,0.0,0.0,0.0,0.0,0.0,0.0,0.0,0.0,0.0,0.0,0.0,0.0,0.0,0.0,0.0,0.0,0.0,0.0,0.0,0.0,0.0,0.0,0.0,0.0,0.0,0.0,0.0,0.0,0.0,0.0,0.0,0.0,0.0
sales per $ inventory,1.43,2.09,2.08,3.68,3.80,4.04,2.92,4.65,3.35,3.85,2.60,4.23,4.24,4.43,3.77,4.96,4.79,5.27,2.84,4.42,3.72,4.28,3.54,4.32,3.87,4.24,3.30,4.32,4.15,4.31,3.56,4.68,4.44,4.55,3.50,4.52,4.16,4.33,3.38,4.17,4.02,4.31,3.42,4.25,4.67,4.99,6.18,7.38,6.37,7.62,5.18,3.74,3.95,3.92,3.31,3.83,3.99,4.09,3.18,4.16,3.58,4.00,3.27,4.05,3.81,4.03,3.29,4.15,3.88,4.24,3.35,4.17,3.83,4.11,3.34,3.82,3.72
sales per $ receivables,21.04,54.15,46.56,59.94,53.62,48.14,46.57,24.56,33.23,45.98,22.06,91.29,26.59,29.25,43.91,10.35,34.63,59.43,27.43,38.97,30.54,40.39,38.43,31.78,30.87,32.71,31.84,34.05,27.58,34.68,29.80,25.36,23.23,23.81,24.59,22.13,0.00,0.00,0.00,0.00,0.00,0.00,0.00,0.00,0.00,0.00,0.00,0.00,0.00,0.00,0.00,0.00,0.00,0.00,0.00,0.00,0.00,0.00,0.00,0.00,0.00,0.00,0.00,0.00,0.00,0.00,0.00,0.00,0.00,0.00,0.00,0.00,0.00,0.00,0.00,0.00,0.00
sales per employee,None,None,None,154350,None,None,None,173182,None,None,None,69993,None,None,None,93282,None,None,None,103665,None,None,None,114711,None,None,None,119659,None,None,None,114539,None,None,None,113675,None,None,None,116443,None,None,None,143051,None,None,None,258841,None,None,None,238637,None,None,None,255280,None,None,None,284216,None,None,None,272077,None,None,None,284144,None,None,None,297639,None,None,None,301924,None
shares out (common class only),19.5,19.8,20.1,19.9,20.3,20.5,20.5,38.2,39.5,41.3,47.7,56.4,56.4,57.2,61.4,89.5,89.7,90.8,143.3,142.9,144.7,144.8,143.8,142.0,141.3,141.4,141.6,141.8,141.9,142.0,141.9,142.5,142.6,143.1,142.5,142.5,143.3,137.1,137.1,141.8,142.8,143.3,139.4,140.1,141.9,141.9,139.0,136.0,136.9,137.0,137.6,140.5,142.3,143.4,141.7,141.8,143.5,141.9,142.1,142.2,144.4,144.5,159.6,159.8,160.9,160.9,160.9,162.9,163.5,163.5,159.9,160.0,160.6,152.7,152.8,149.7,150.2
short-term debt,16.9,17.6,16.5,15.3,15.6,15.3,16.5,17.3,16.9,16.9,18.1,12.5,11.9,7.4,7.3,8.6,8.8,9.2,12.6,15.5,12.2,10.7,8.7,7.8,7.6,6.8,6.4,5.7,0.0,0.0,5.2,5.1,4.8,4.7,4.8,4.8,7.4,81.5,81.5,151.9,147.2,74.9,76.1,7.7,7.4,7.5,7.5,7.8,7.6,7.1,6.9,236.7,235.8,235.6,260.4,319.2,89.0,88.9,169.4,4.7,4.7,4.7,4.8,27.9,28.6,28.7,170.3,147.5,148.2,148.5,7.1,7.5,8.7,8.9,9.3,99.0,100.6
special income charges,0.0,0.0,0.0,0.0,0.0,0.0,0.0,-43.1,0.0,-1.5,-0.7,-11.0,-1.5,-1.6,0.0,-50.1,-3.5,-7.0,-92.8,88.3,-9.9,-13.8,-8.3,-14.8,2.3,-8.0,-17.6,-66.0,-0.8,-21.1,1.9,-15.6,0.0,0.0,-2.3,-26.5,-0.5,-0.1,-1.7,-18.3,0.0,0.0,0.0,-31.8,0.0,-29.0,9.3,-34.9,201.0,-1.5,-2.4,-4.4,-5.6,-3.7,-0.4,-0.7,-0.1,-1.5,-17.1,7.4,-0.2,-0.1,-0.2,-28.9,-1.8,-21.6,0.6,9.7,-2.9,-0.2,-0.2,-6.9,-0.3,-4.7,-0.2,-11.9,-3.8
tangible book value per share,6.12,6.13,6.18,6.82,6.81,6.74,6.86,7.20,7.88,7.57,4.10,4.65,4.96,5.22,6.79,9.17,9.35,9.57,9.52,9.95,10.07,10.21,10.33,11.48,11.67,11.70,11.76,12.57,13.64,13.37,13.26,13.41,13.58,13.44,13.45,13.69,13.68,13.69,13.73,14.09,12.16,11.93,11.68,12.57,12.67,13.40,13.82,13.35,11.61,11.40,7.41,7.80,8.05,7.88,7.96,8.29,8.24,8.01,7.73,6.79,6.85,6.64,6.67,6.71,6.78,6.60,6.85,7.14,7.25,7.22,7.34,7.54,7.71,7.54,7.71,7.68,7.78
total assets per share,28.61,27.75,30.34,27.08,28.90,28.54,32.41,21.85,20.92,20.02,30.36,24.89,25.83,26.47,26.58,24.86,23.53,22.63,35.19,36.32,34.75,34.34,37.69,35.90,37.09,36.25,38.61,35.61,34.58,33.40,35.58,32.26,32.47,31.82,34.17,32.15,33.32,33.64,36.09,32.82,34.85,31.67,34.26,33.57,33.62,28.82,30.44,28.31,27.19,22.39,22.41,18.11,16.94,16.30,17.20,16.72,16.57,15.93,17.01,15.23,15.08,14.41,13.65,13.37,13.65,13.34,13.80,13.16,13.52,13.43,13.43,13.30,13.64,13.71,14.42,13.97,13.89
total capitalization,0.0,0.0,0.0,0.0,0.0,0.0,0.0,602.5,0.0,0.0,0.0,0.0,0.0,0.0,0.0,0.0,0.0,0.0,0.0,0.0,0.0,"4,008.7","4,152.9","4,175.1","4,192.8","4,213.0","4,170.4","4,095.5","3,938.6","3,818.0","3,887.8","3,628.0","3,582.1","3,566.9","3,655.5","3,594.7","3,601.8","3,442.6","3,455.2","3,447.8","3,410.1","3,384.0","3,380.5","3,430.6","3,464.8","2,891.3","2,907.5","2,722.1","2,279.5","2,251.0","1,702.2","1,546.1","1,497.4","1,470.7","1,466.0","1,429.0","1,665.5","1,617.9","1,577.7","1,601.0","1,620.2","1,557.0","1,579.7","1,564.9","1,587.5","1,559.5","1,459.8","1,522.8","1,547.9","1,545.0","1,539.4","1,574.7","1,610.4","1,525.5","1,554.9","1,410.5","1,384.6"
total debt as % total assets,70.2,69.7,72.3,66.5,68.1,67.8,71.2,57.3,56.0,55.9,66.5,61.5,61.9,62.2,57.7,50.8,46.9,44.0,62.7,61.3,59.4,58.5,61.9,56.7,57.6,56.7,59.3,54.6,52.7,52.2,55.5,50.6,51.4,50.8,54.1,50.5,52.3,52.3,55.4,50.1,58.6,55.2,59.1,55.7,55.5,47.8,49.0,48.1,57.2,48.9,66.9,56.9,52.5,51.6,53.7,50.4,50.2,49.7,54.6,55.4,54.6,53.9,51.1,49.8,50.4,50.5,50.4,45.7,46.4,46.2,45.3,43.3,43.5,45.0,46.5,45.0,44.0
total debt/equity ratio,1.59,1.52,1.54,1.33,1.43,1.41,1.51,0.80,0.67,0.68,1.09,0.95,0.93,0.95,0.65,0.51,0.32,0.28,1.05,1.06,0.95,0.95,1.02,0.89,0.89,0.90,0.88,0.79,0.70,0.69,0.73,0.60,0.59,0.60,0.64,0.59,0.59,0.60,0.60,0.55,0.73,0.70,0.77,0.65,0.64,0.36,0.35,0.37,0.44,0.44,0.67,0.63,0.51,0.51,0.53,0.49,0.48,0.50,0.59,0.66,0.64,0.63,0.49,0.49,0.48,0.50,0.48,0.44,0.43,0.43,0.32,0.31,0.31,0.33,0.33,0.31,0.27
total non-current assets,352.1,353.2,352.4,360.5,375.8,378.5,388.8,456.8,454.6,461.2,789.5,807.9,801.7,829.0,844.8,"1,073.1","1,113.9","1,132.5","2,998.5","3,396.1","3,055.6","3,111.1","3,201.8","3,204.3","3,209.8","3,239.7","3,217.6","3,134.4","2,887.6","2,919.1","2,889.8","2,825.6","2,756.5","2,760.4","2,753.4","2,660.8","2,606.0","2,636.3","2,684.3","2,611.7","2,613.0","2,589.7","2,601.8","2,625.1","2,609.3","2,308.5","2,336.0","2,206.1","1,500.4","1,534.4","1,301.8","1,293.5","1,278.9","1,270.3","1,271.6","1,244.9","1,229.4","1,242.0","1,224.6","1,290.6","1,262.9","1,277.1","1,251.5","1,209.8","1,188.2","1,173.3","1,148.4","1,082.3","1,073.5","1,062.0","1,060.0","1,042.8","1,028.1","1,018.5","1,035.5","1,008.1","1,043.3"
total ordinary shares,0.0,0.0,0.0,0.0,0.0,0.0,0.0,0.0,0.0,0.0,0.0,0.0,0.0,0.0,0.0,0.0,0.0,0.0,0.0,0.0,0.0,0.0,0.0,0.0,0.0,0.0,0.0,0.0,0.0,0.0,0.0,0.0,0.0,0.0,0.0,0.0,0.0,0.0,0.0,0.0,0.0,0.0,0.0,0.0,0.0,0.0,0.0,0.0,0.0,0.0,0.0,0.0,0.0,0.0,0.0,0.0,0.0,0.0,0.0,0.0,0.0,0.0,0.0,0.0,0.0,0.0,0.0,0.0,0.0,0.0,0.0,0.0,0.0,0.0,0.0,0.0,0.0
total revenue,86.1,142.4,163.7,225.2,160.4,148.8,173.5,444.6,296.6,271.7,368.3,953.2,526.4,492.3,592.2,"1,933.8",833.1,777.1,"1,472.8","2,050.7","1,544.5","1,426.5","1,599.2","1,853.6","1,497.9","1,386.8","1,565.7","2,130.8","1,464.4","1,270.7","1,423.6","1,912.0","1,426.2","1,237.2","1,406.1","1,841.5","1,381.9","1,237.1","1,467.1","1,968.9","1,540.2","1,350.4","1,481.6","2,065.1","1,550.1","1,315.3","1,315.2","1,772.8","1,039.8",760.7,697.0,955.0,792.7,694.1,796.1,999.7,862.4,669.2,698.0,800.1,621.3,561.7,631.4,811.3,667.4,593.1,658.8,866.3,726.0,670.2,692.3,925.1,753.6,704.1,713.2,976.6,793.2
treasury shares,0.0,0.0,0.0,0.0,0.0,0.0,0.0,0.0,0.0,0.0,0.0,0.0,0.0,0.0,0.0,0.0,0.0,0.0,0.0,0.0,0.0,0.0,0.0,0.0,0.0,0.0,0.0,0.0,0.0,0.0,0.0,0.0,0.0,0.0,0.0,0.0,0.0,0.0,0.0,0.0,0.0,0.0,0.0,0.0,0.0,0.0,0.0,0.0,0.0,0.0,0.0,0.0,0.0,0.0,0.0,0.0,0.0,0.0,0.0,0.0,0.0,0.0,0.0,0.0,0.0,0.0,0.0,0.0,0.0,0.0,0.0,0.0,0.0,0.0,0.0,0.0,0.0
treasury stock,0.0,0.0,0.0,0.0,0.0,0.0,0.0,0.0,0.0,0.0,0.0,0.0,0.0,0.0,0.0,0.0,0.0,0.0,0.0,0.0,0.0,0.0,0.0,0.0,0.0,0.0,0.0,0.0,0.0,0.0,0.0,0.0,0.0,0.0,0.0,0.0,0.0,0.0,0.0,0.0,0.0,0.0,0.0,0.0,0.0,0.0,0.0,0.0,0.0,0.0,0.0,0.0,0.0,0.0,0.0,0.0,0.0,0.0,0.0,0.0,0.0,0.0,0.0,0.0,0.0,0.0,0.0,0.0,0.0,0.0,0.0,0.0,0.0,0.0,0.0,0.0,0.0
working capital,114.2,103.4,113.8,103.1,124.4,120.0,134.9,212.1,203.4,204.6,317.0,344.5,375.4,396.1,401.1,697.9,483.9,478.2,"1,001.2",887.9,"1,067.6","1,057.8","1,117.7","1,110.8","1,121.2","1,113.3","1,080.4","1,086.0","1,174.6","1,024.7","1,131.5",983.2,"1,008.8",991.6,"1,068.7","1,123.8","1,271.2","1,099.8","1,089.5","1,076.8","1,045.6","1,043.2","1,020.0","1,139.0","1,195.1",905.3,898.5,799.6,967.3,887.9,535.5,388.1,395.9,370.3,360.5,345.1,598.6,536.0,512.5,504.0,551.1,483.0,530.7,546.2,590.3,575.0,471.7,578.9,610.7,621.0,614.0,689.0,740.1,668.4,680.4,536.8,473.3
working capital as % of price,60.1,54.8,62.0,47.0,49.5,34.3,56.3,50.7,31.5,28.1,32.9,33.7,35.6,26.2,22.8,26.6,13.6,16.7,30.7,16.9,26.1,31.7,45.2,56.4,69.3,77.7,74.9,57.0,69.6,65.8,117.2,68.5,47.5,65.1,69.1,89.1,99.1,70.9,57.2,44.6,50.8,55.8,59.9,57.1,49.4,30.1,35.6,30.5,35.1,40.1,20.1,14.7,13.3,13.9,12.0,13.5,32.1,37.1,60.2,140.5,73.3,65.2,59.4,53.1,37.6,43.5,26.3,30.3,31.2,35.4,36.3,43.1,42.1,42.0,43.3,33.2,27.3
working capital per share,5.86,5.21,5.66,5.17,6.12,5.87,6.58,5.55,5.15,4.95,6.65,6.11,6.66,6.93,6.53,7.80,5.39,5.27,6.99,6.22,7.38,7.30,7.77,7.82,7.93,7.87,7.63,7.66,8.28,7.21,7.97,6.90,7.07,6.93,7.50,7.89,8.87,8.02,7.95,7.59,7.32,7.28,7.32,8.13,8.42,6.38,6.46,5.88,7.07,6.48,3.89,2.76,2.78,2.58,2.54,2.43,4.17,3.78,3.61,3.54,3.82,3.34,3.33,3.42,3.67,3.57,2.93,3.55,3.73,3.80,3.84,4.30,4.61,4.38,4.45,3.59,3.15
working captial as % of equity,68.8,61.9,67.2,57.1,66.4,63.7,70.4,64.7,55.9,56.0,65.3,63.8,67.6,69.2,58.2,63.8,43.2,41.6,53.2,44.2,52.3,51.3,54.2,50.3,50.5,50.2,48.6,47.3,50.6,45.2,50.4,43.3,44.8,44.3,47.9,49.6,55.8,50.0,49.4,46.4,50.7,51.3,52.2,54.6,56.3,42.4,41.7,40.0,60.7,56.7,52.5,35.4,34.5,32.7,32.0,29.4,50.6,47.1,46.7,52.2,55.8,50.4,49.8,51.0,54.1,54.1,42.8,49.7,51.5,52.6,52.3,57.1,59.8,58.1,57.7,46.7,40.5
