,2005/03,2005/06,2005/09,2005/12,2006/03,2006/06,2006/09,2006/12,2007/03,2007/06,2007/09,2007/12,2008/03,2008/06,2008/09,2008/12,2009/03,2009/06,2009/09,2009/12,2010/03,2010/06,2010/09,2010/12,2011/03,2011/06,2011/09,2011/12,2012/03,2012/06,2012/09,2012/12,2013/03
% of EPS-to-Industry,0.0,0.0,0.0,-38.3,0.6,12.2,23.0,5.2,14.3,22.9,32.6,61.2,62.4,62.8,61.0,66.4,62.3,40.6,56.9,46.4,45.8,60.8,43.3,45.2,39.2,32.8,34.6,34.8,39.8,40.5,6.0,7.4,9.0
% of PE-to-Industry,0.0,0.0,0.0,0.0,0.0,0.0,0.0,1343.8,435.3,283.9,199.8,92.7,65.3,60.8,56.2,42.0,52.8,90.9,76.0,105.7,113.3,82.4,106.7,98.5,121.4,124.7,91.7,100.1,96.1,96.8,627.0,382.8,327.1
% of ROE-to-Industry,0.0,0.0,0.0,0.0,0.0,0.0,53.5,11.6,32.6,50.0,75.1,127.9,125.5,118.7,107.0,0.0,0.0,0.0,0.0,0.0,0.0,0.0,0.0,0.0,0.0,0.0,0.0,0.0,0.0,0.0,0.0,7.7,1.8
% of current ratio-to-industry,0.0,0.0,0.0,215.4,207.7,161.5,153.8,192.3,192.3,200.0,192.9,192.9,178.6,200.0,192.9,253.8,223.1,207.1,246.2,207.1,207.1,207.1,228.6,200.0,207.1,285.7,271.4,250.0,246.7,250.0,228.6,206.7,206.7
% of debt/equity-to-industry,0.0,0.0,0.0,495.5,410.9,366.7,344.2,156.8,140.0,125.0,113.3,109.5,106.7,97.6,95.1,81.8,90.6,98.1,77.9,71.8,74.3,72.2,86.6,95.7,95.5,91.3,91.0,72.0,71.8,74.7,82.2,69.0,65.9
% of earnings-to-industry,0.0,0.0,0.0,-1.1,-0.5,0.0,0.4,0.2,0.5,0.9,1.3,2.2,2.2,2.2,2.1,0.0,-0.7,-1.6,-2.9,0.0,0.0,0.0,0.0,0.0,0.0,0.0,0.0,0.0,0.0,0.0,-1.2,0.3,0.1
% of gross profit margin-to-industry,0.0,0.0,0.0,77.9,0.0,0.0,0.0,53.8,54.1,59.2,59.7,99.0,101.0,102.0,102.0,97.0,97.5,78.8,79.0,74.9,69.7,78.6,74.9,77.9,75.7,67.5,66.8,70.0,73.5,85.4,30.8,30.5,32.2
% of leverage-to-industry,0.0,0.0,0.0,188.9,181.5,181.5,192.3,118.5,111.1,103.6,103.7,104.0,103.8,104.0,100.0,85.3,88.2,93.8,64.4,66.7,65.9,65.9,66.7,70.0,71.8,65.0,70.3,55.3,59.1,57.8,62.8,55.1,55.1
% of net profit margin-to-industry,0.0,0.0,0.0,-138.9,-47.3,-1.7,23.0,7.9,25.0,42.2,61.2,111.6,114.5,115.5,109.9,0.0,-43.6,-92.2,-171.8,0.0,0.0,0.0,0.0,0.0,0.0,0.0,0.0,0.0,0.0,0.0,-49.1,12.2,2.0
% of post-tax profit margin-to-industry,0.0,0.0,0.0,-144.2,-48.1,-1.8,23.7,8.1,25.4,41.5,60.3,111.6,112.9,115.5,109.9,0.0,-43.6,-92.2,-167.5,0.0,0.0,0.0,0.0,0.0,0.0,0.0,0.0,0.0,0.0,0.0,-49.1,12.2,2.0
% of pre-tax profit margin-to-industry,0.0,0.0,0.0,-84.0,0.0,0.0,0.0,-25.3,-11.2,5.4,18.8,109.0,112.0,113.6,111.7,114.6,110.3,68.3,95.2,85.9,77.9,103.8,77.8,78.9,72.2,58.9,60.6,65.5,75.0,80.5,4.9,2.6,5.3
% of pric/free cashlow-to-industry,0.0,0.0,0.0,0.0,0.0,0.0,0.0,-19.1,2.3,-23.0,-79.3,-112.7,224.3,-87.1,-221.0,-188.7,5.4,-6.0,-12.7,-50.6,-8.2,-4.6,-7.3,-44.9,24.0,14.5,1.9,-5.9,85.4,-72.6,33.5,16.4,-38.7
% of price-to-industry,0.0,0.0,0.0,0.0,0.0,0.0,0.0,69.4,62.9,65.3,65.1,56.7,40.8,38.3,34.3,24.3,28.7,32.3,37.7,42.7,45.3,43.7,40.3,38.8,41.5,35.7,31.7,34.8,38.2,39.3,37.6,28.5,29.3
% of price/book-to-industry,0.0,0.0,0.0,0.0,0.0,0.0,0.0,173.8,148.9,141.1,143.7,122.2,79.2,72.1,61.3,43.8,51.2,60.8,49.9,56.0,59.9,56.0,54.6,50.0,56.3,50.2,41.9,38.0,43.1,43.4,46.3,30.3,30.8
% of price/cashflow-to-industry,0.0,0.0,0.0,0.0,0.0,0.0,0.0,435.8,279.0,195.3,153.9,93.2,61.1,57.2,52.4,123.0,401.8,-584.1,-175.0,222.0,245.7,256.1,256.8,245.2,257.6,259.6,171.4,196.7,210.8,193.8,895.6,100.0,125.9
% of price/sales-to-industry,0.0,0.0,0.0,0.0,0.0,0.0,0.0,128.2,118.8,120.3,115.9,105.9,72.5,69.5,64.0,55.1,70.9,79.4,82.4,92.0,96.3,97.0,91.9,83.5,88.8,82.9,53.3,65.6,68.3,75.8,64.2,50.6,51.0
% of sales-to-industry,0.0,0.0,0.0,0.8,1.1,1.4,1.7,2.0,2.0,2.1,2.1,2.0,1.9,1.9,1.9,1.7,1.7,1.7,1.7,1.7,1.7,1.6,1.6,1.7,1.7,1.9,1.9,2.2,2.3,2.2,2.4,2.2,2.3
(increase) decrease in inventories,0.0,0.0,0.0,-31.4,-31.5,-53.2,-171.5,-318.6,-63.6,-212.4,-312.6,-458.9,-155.8,-310.2,-432.9,-570.0,-235.4,-203.0,-319.5,-320.7,-88.1,-172.2,-268.1,-300.3,-140.4,75.6,-61.1,-121.6,-103.1,-171.7,272.6,228.3,-94.4
(increase) decrease in other current assets,0.0,0.0,0.0,1.3,3.9,-3.6,-6.1,-10.5,10.3,2.2,6.1,6.6,2.1,0.0,0.0,4.0,0.0,0.0,0.0,0.0,0.0,0.0,0.0,0.0,0.0,0.0,0.0,0.0,0.0,0.0,0.0,0.0,0.0
(increase) decrease in prepaid expenses,0.0,0.0,0.0,0.0,0.0,0.0,0.0,0.0,0.0,0.0,0.0,0.0,0.0,0.0,0.0,0.0,0.0,0.0,0.0,0.0,0.0,0.0,0.0,0.0,0.0,0.0,0.0,0.0,0.0,0.0,243.7,239.6,-12.0
(increase) decrease in receivables,0.0,0.0,0.0,-88.4,-75.4,-101.2,-63.2,-41.9,-54.3,-44.9,-48.0,20.5,-66.4,-52.9,-28.4,15.3,-121.6,-147.0,-93.3,-8.2,-78.9,-93.1,-78.0,-37.3,-49.4,-114.8,-98.7,-66.3,-143.9,-248.9,-410.7,-155.4,-165.6
Basic EPS (Continuing),-0.13,-0.13,-0.13,-0.42,0.83,0.23,0.25,-0.61,0.54,0.50,0.61,0.56,0.62,0.63,0.54,0.15,0.46,-0.06,0.63,0.36,0.40,0.40,0.33,0.43,0.25,0.21,0.48,0.43,0.52,0.25,-0.94,0.42,0.57
Basic EPS (Cum. Effect of Acct. Change),0.00,0.00,0.00,0.00,0.00,0.00,0.00,0.00,0.00,0.00,0.00,0.00,0.00,0.00,0.00,0.00,0.00,0.00,0.00,0.00,0.00,0.00,0.00,0.00,0.00,0.00,0.00,0.00,0.00,0.00,0.00,0.00,0.00
Basic EPS (Discontinued),0.00,0.00,0.00,0.00,0.00,0.00,0.00,0.00,0.00,0.00,0.00,0.00,0.00,0.00,0.00,0.00,0.00,0.00,0.00,0.00,0.00,0.00,0.00,0.00,0.00,0.00,0.00,0.00,0.00,0.00,0.00,0.00,0.00
Basic EPS (Extraordinary Items),0.00,0.00,0.00,0.00,0.00,0.00,0.00,0.00,0.00,0.00,0.00,0.00,0.00,0.00,0.00,0.00,0.00,0.00,0.00,0.00,0.00,0.00,0.00,0.00,0.00,0.00,0.00,0.00,0.00,0.00,0.00,0.00,0.00
Basic EPS (Other Gains/Losses),0.00,0.00,0.00,0.00,0.00,0.00,0.00,0.00,0.00,0.00,0.00,0.00,0.00,0.00,0.00,0.00,0.00,0.00,0.00,0.00,0.00,0.00,0.00,0.00,0.00,0.00,0.00,0.00,0.00,0.00,0.00,0.00,0.00
Basic EPS (Tax Loss Carry Forward),0.00,0.00,0.00,0.00,0.00,0.00,0.00,0.00,0.00,0.00,0.00,0.00,0.00,0.00,0.00,0.00,0.00,0.00,0.00,0.00,0.00,0.00,0.00,0.00,0.00,0.00,0.00,0.00,0.00,0.00,0.00,0.00,0.00
Close PE Ratio,0.0,0.0,0.0,0.0,0.0,0.0,0.0,239.1,79.6,54.6,38.2,16.2,9.9,8.1,7.0,5.3,5.7,12.8,15.6,14.5,17.7,10.8,13.5,13.4,18.3,18.0,11.7,15.4,15.1,14.4,92.5,70.7,65.5
Diluted EPS (Continuing),-0.13,-0.13,-0.13,-0.42,0.69,0.23,0.24,-0.57,0.50,0.49,0.60,0.54,0.61,0.62,0.53,0.15,0.45,-0.06,0.62,0.36,0.40,0.39,0.33,0.44,0.24,0.21,0.47,0.42,0.52,0.24,-0.94,0.42,0.57
Diluted EPS (Cum. Effect of Acct. Change),0.00,0.00,0.00,0.00,0.00,0.00,0.00,0.00,0.00,0.00,0.00,0.00,0.00,0.00,0.00,0.00,0.00,0.00,0.00,0.00,0.00,0.00,0.00,0.00,0.00,0.00,0.00,0.00,0.00,0.00,0.00,0.00,0.00
Diluted EPS (Discontinued),0.00,0.00,0.00,0.00,0.00,0.00,0.00,0.00,0.00,0.00,0.00,0.00,0.00,0.00,0.00,0.00,0.00,0.00,0.00,0.00,0.00,0.00,0.00,0.00,0.00,0.00,0.00,0.00,0.00,0.00,0.00,0.00,0.00
Diluted EPS (Extraordinary),0.00,0.00,0.00,0.00,0.00,0.00,0.00,0.00,0.00,0.00,0.00,0.00,0.00,0.00,0.00,0.00,0.00,0.00,0.00,0.00,0.00,0.00,0.00,0.00,0.00,0.00,0.00,0.00,0.00,0.00,0.00,0.00,0.00
Diluted EPS (Other Gains/Losses),0.00,0.00,0.00,0.00,0.00,0.00,0.00,0.00,0.00,0.00,0.00,0.00,0.00,0.00,0.00,0.00,0.00,0.00,0.00,0.00,0.00,0.00,0.00,0.00,0.00,0.00,0.00,0.00,0.00,0.00,0.00,0.00,0.00
Diluted EPS (Tax Loss Carry Forward),0.00,0.00,0.00,0.00,0.00,0.00,0.00,0.00,0.00,0.00,0.00,0.00,0.00,0.00,0.00,0.00,0.00,0.00,0.00,0.00,0.00,0.00,0.00,0.00,0.00,0.00,0.00,0.00,0.00,0.00,0.00,0.00,0.00
Dividends Paid Per Share (YTD),0.00,0.00,0.00,0.00,0.00,0.00,0.00,0.00,0.00,0.00,0.00,0.00,0.00,0.00,0.00,0.00,0.00,0.00,0.00,0.00,0.00,0.00,0.00,0.00,0.00,0.00,0.00,0.00,0.00,0.00,0.00,0.00,0.00
EPS from Total Operations (YTD),-0.13,-0.25,-0.38,-0.80,0.69,0.43,0.71,0.14,0.50,0.99,1.59,2.13,0.61,1.23,1.76,1.91,0.45,0.39,1.01,1.37,0.40,0.79,1.11,1.55,0.24,0.45,0.93,1.35,0.52,0.76,-0.18,0.24,0.57
High PE Ratio,0.0,0.0,0.0,0.0,0.0,0.0,0.0,240.4,84.1,57.7,40.9,19.6,18.6,17.6,16.9,18.1,18.0,22.7,16.1,15.0,17.9,13.6,16.2,15.5,18.9,21.7,19.5,19.6,16.1,15.8,108.3,108.3,89.3
"Income, Restructuring and M&A;",0.0,0.0,0.0,0.0,0.0,0.0,0.0,0.0,0.0,0.0,0.0,0.0,0.0,0.0,0.0,0.0,0.0,0.0,0.0,0.0,0.0,0.0,0.0,0.0,0.0,0.0,0.0,0.0,0.0,0.0,0.0,0.0,0.0
LT-Debt as % of Invested Capital,0.0,0.0,0.0,68.5,65.4,62.3,59.7,40.9,38.7,35.7,33.8,31.4,32.6,28.9,27.9,30.9,32.5,34.7,37.6,36.0,35.4,34.3,36.6,39.6,39.0,38.5,37.8,37.0,36.0,35.9,37.3,36.9,36.0
LT-Debt as % of Total Debt,0.0,0.0,0.0,53.4,47.9,42.0,37.5,31.9,31.0,29.3,28.8,27.9,27.8,25.5,24.8,23.6,24.7,27.2,31.0,30.5,31.5,31.2,35.2,36.1,36.2,40.0,39.2,37.4,35.9,34.8,34.2,34.1,33.6
LT-Debt to Equity Ratio,0.00,0.00,0.00,2.18,1.89,1.65,1.48,0.69,0.63,0.55,0.51,0.46,0.48,0.41,0.39,0.45,0.48,0.53,0.60,0.56,0.55,0.52,0.58,0.66,0.64,0.63,0.61,0.59,0.56,0.56,0.60,0.58,0.56
Low PE Ratio,0.0,0.0,0.0,0.0,0.0,0.0,0.0,185.7,65.0,39.4,25.5,12.9,9.4,8.0,4.3,3.7,4.1,6.7,6.2,5.9,7.3,6.8,10.7,10.5,12.2,14.7,10.5,10.6,8.8,8.6,60.2,58.2,48.1
Net Income from Total Operations (YTD),-14.5,-28.9,-43.4,-90.3,32.0,52.2,86.2,16.8,69.8,137.8,221.4,296.9,85.2,171.6,245.6,0.0,0.0,0.0,0.0,0.0,0.0,0.0,0.0,0.0,0.0,0.0,0.0,0.0,0.0,0.0,-25.9,34.8,81.2
Normalized Close PE Ratio,0.0,0.0,0.0,0.0,0.0,0.0,0.0,239.1,79.6,54.6,38.2,16.2,9.9,8.1,7.0,0.0,0.0,0.0,0.0,0.0,0.0,0.0,0.0,0.0,0.0,0.0,0.0,0.0,0.0,0.0,0.0,0.0,0.0
Normalized High PE Ratio,0.0,0.0,0.0,0.0,0.0,0.0,0.0,240.4,84.1,57.7,40.9,19.6,18.6,17.6,16.9,0.0,0.0,0.0,0.0,0.0,0.0,0.0,0.0,0.0,0.0,0.0,0.0,0.0,0.0,0.0,0.0,0.0,0.0
Normalized Low PE Ratio,0.0,0.0,0.0,0.0,0.0,0.0,0.0,185.7,65.0,39.4,25.5,12.9,9.4,8.0,4.3,0.0,0.0,0.0,0.0,0.0,0.0,0.0,0.0,0.0,0.0,0.0,0.0,0.0,0.0,0.0,0.0,0.0,0.0
Normalized ROA,0.0,0.0,0.0,-5.5,0.0,0.0,0.0,0.6,1.9,3.2,4.8,8.9,8.4,8.8,8.3,0.0,-2.1,-4.2,-5.7,0.0,0.0,0.0,0.0,0.0,0.0,0.0,0.0,0.0,0.0,0.0,-2.5,-2.1,-2.5
Normalized ROCI,0.0,0.0,0.0,-8.7,0.0,0.0,0.0,1.2,3.6,5.9,8.8,16.1,15.6,16.3,15.3,0.0,-4.2,-8.2,-10.5,0.0,0.0,0.0,0.0,0.0,0.0,0.0,0.0,0.0,0.0,0.0,-4.3,-3.5,-4.3
Normalized ROE,0.0,0.0,0.0,0.0,0.0,0.0,0.0,2.0,5.9,9.2,13.3,23.4,23.1,22.9,21.3,0.0,0.0,0.0,0.0,0.0,0.0,0.0,0.0,0.0,0.0,0.0,0.0,0.0,0.0,0.0,0.0,0.0,0.0
Return on Assets (ROA),0.0,0.0,0.0,-5.5,-2.4,-0.2,1.7,0.6,1.9,3.2,4.8,8.9,8.4,8.8,8.3,0.0,-2.1,-4.2,-5.7,0.0,0.0,0.0,0.0,0.0,0.0,0.0,0.0,0.0,0.0,0.0,-2.5,0.6,0.1
Return on Capital Invested (ROCI),0.0,0.0,0.0,-8.7,-4.1,-0.3,3.4,1.2,3.6,5.9,8.8,16.1,15.6,16.3,15.3,0.0,-4.2,-8.2,-10.5,0.0,0.0,0.0,0.0,0.0,0.0,0.0,0.0,0.0,0.0,0.0,-4.3,1.1,0.2
Return on Stock Equity (ROE),0.0,0.0,0.0,0.0,0.0,0.0,8.5,2.0,5.9,9.2,13.3,23.4,23.1,22.9,21.3,0.0,0.0,0.0,0.0,0.0,0.0,0.0,0.0,0.0,0.0,0.0,0.0,0.0,0.0,0.0,0.0,1.7,0.4
Revenue (YTD),216.7,433.5,650.2,"1,207.6",670.8,"1,526.2","2,355.9","3,207.7",954.1,"1,912.9","2,880.4","3,860.8","1,036.4","2,098.5","3,125.7","3,771.8",887.4,"1,947.0","3,000.8","4,078.5","1,043.3","2,099.3","3,101.3","4,172.4","1,049.6","2,515.2","3,644.9","4,863.8","1,265.8","2,606.8","3,972.1","5,397.7","1,442.2"
accounts payable,0.0,0.0,0.0,173.7,233.2,279.4,332.7,339.1,357.6,385.7,374.9,362.6,417.8,404.9,389.4,316.9,435.9,434.3,421.2,441.3,411.5,473.5,425.9,443.5,481.5,456.7,521.7,559.4,557.6,600.1,652.6,659.0,698.6
accounts receivable,0.0,0.0,0.0,98.8,175.0,263.7,215.7,200.2,256.8,261.7,247.2,159.9,266.5,234.3,211.9,149.3,268.6,263.8,235.8,160.4,235.1,270.1,290.0,200.2,285.4,347.9,333.2,267.2,402.3,460.0,497.5,411.6,587.3
accrued expenses,0.0,0.0,0.0,125.6,88.0,162.3,168.3,170.0,185.8,213.6,229.2,163.9,184.4,172.3,177.4,0.0,0.0,0.0,0.0,0.0,0.0,0.0,0.0,0.0,0.0,0.0,0.0,0.0,0.0,0.0,0.0,0.0,0.0
accrued liabilities,0.0,0.0,0.0,0.0,0.0,0.0,0.0,0.0,0.0,0.0,0.0,0.0,0.0,0.0,0.0,144.3,175.3,159.1,164.1,165.5,182.8,176.4,184.3,190.7,199.0,173.8,202.8,193.6,211.4,304.1,213.2,189.3,234.2
accumulated depreciation,0.0,0.0,0.0,28.6,45.5,42.9,58.9,81.2,102.1,125.0,148.3,179.4,208.1,238.3,270.8,299.7,330.8,363.8,393.7,426.1,451.9,479.2,510.1,539.9,573.6,606.2,637.9,669.8,703.4,747.0,783.9,819.5,855.2
acquisitions,0.0,0.0,0.0,-885.7,0.0,-145.4,-135.4,-145.4,0.0,0.0,0.0,0.0,0.0,0.0,0.0,0.0,0.0,0.0,0.0,0.0,0.0,0.0,0.0,0.0,0.0,0.0,0.0,0.0,0.0,0.0,0.0,0.0,0.0
additional paid-in capital,0.0,0.0,0.0,410.7,385.5,388.7,452.5,858.7,867.2,913.0,917.2,924.6,928.1,931.9,935.6,939.7,941.5,945.6,946.3,949.8,952.8,974.4,978.1,983.6,986.0,989.8,993.3,995.9,"1,000.0","1,005.4","1,009.0","1,012.3","1,015.0"
adjustments to revenue,0.0,0.0,0.0,0.0,0.0,0.0,0.0,0.0,0.0,0.0,0.0,0.0,0.0,0.0,0.0,0.0,0.0,0.0,0.0,0.0,0.0,0.0,0.0,0.0,0.0,0.0,0.0,0.0,0.0,0.0,0.0,0.0,0.0
advertising,0.0,0.0,0.0,0.0,0.0,0.0,0.0,0.0,0.0,0.0,0.0,0.0,0.0,0.0,0.0,0.0,0.0,0.0,0.0,0.0,0.0,0.0,0.0,0.0,0.0,0.0,0.0,0.0,0.0,0.0,0.0,0.0,0.0
amortization,0.0,0.0,0.0,3.3,1.1,4.0,6.2,12.0,1.9,3.8,5.7,7.6,2.1,4.6,7.1,9.4,2.2,4.7,7.7,11.0,3.1,6.4,9.2,12.7,3.5,7.0,10.6,10.5,2.8,14.4,16.9,19.7,2.8
amortization of intangibles,0.0,0.0,0.0,0.0,0.0,0.0,0.0,0.0,0.0,0.0,0.0,0.0,0.0,0.0,0.0,0.0,0.0,0.0,0.0,0.0,0.0,0.0,0.0,0.0,0.0,0.0,0.0,0.0,0.0,0.0,0.0,0.0,0.0
asset turnover,0.0,0.0,0.0,0.0,0.0,0.0,0.0,1.5,1.4,1.4,1.4,1.3,1.2,1.2,1.2,1.1,0.9,0.9,0.9,1.0,1.0,1.0,0.9,0.9,0.9,1.0,1.0,1.0,1.0,1.0,1.0,1.0,1.0
auditor name,None,None,None,None,None,None,None,None,None,None,None,None,None,None,None,None,None,None,None,None,None,None,None,None,None,None,None,None,None,None,None,None,None
auditor report,None,None,None,None,None,None,None,None,None,None,None,None,None,None,None,None,None,None,None,None,None,None,None,None,None,None,None,None,None,None,None,None,None
basic earnings indicator,Y,Y,Y,Y,Y,Y,Y,Y,Y,Y,Y,Y,Y,Y,Y,Y,Y,Y,Y,Y,Y,Y,Y,Y,Y,Y,Y,Y,Y,Y,Y,Y,Y
book value per share,0.00,0.00,0.00,2.66,9.08,3.45,3.79,6.38,6.70,7.56,8.17,9.08,9.69,10.32,10.78,9.27,9.72,9.74,10.32,11.18,11.53,12.03,12.39,12.74,13.04,13.24,13.68,13.75,14.32,14.50,13.65,13.89,14.41
building and improvements,0.0,0.0,0.0,116.0,116.3,100.0,128.3,154.2,155.5,156.4,165.5,178.2,180.5,183.8,204.1,206.5,249.2,266.5,259.6,258.1,261.0,379.3,408.8,419.7,423.2,425.9,425.8,431.5,437.3,436.0,444.8,504.7,507.8
capital lease obligations,0.0,0.0,0.0,0.0,0.0,0.0,0.0,0.0,0.0,0.0,0.0,0.0,0.0,0.0,0.0,0.0,0.0,0.0,0.0,0.0,0.0,0.0,0.0,0.0,0.0,0.0,0.0,0.0,0.0,0.0,0.0,0.0,0.0
cash as % of revenue,0.0,0.0,0.0,20.0,14.2,5.7,6.8,5.7,4.7,3.6,2.8,3.5,5.2,3.6,4.3,5.7,3.2,2.5,5.7,9.0,4.4,2.8,1.6,11.5,7.4,3.4,2.9,3.7,2.6,3.6,4.3,8.2,5.6
cash at beginning of period,0.0,0.0,0.0,0.0,241.3,241.3,241.3,241.3,184.3,184.3,184.3,184.3,133.4,133.4,133.4,133.4,216.5,216.5,216.5,216.5,369.0,369.0,369.0,369.0,481.6,481.6,481.6,481.6,177.8,177.8,177.8,177.8,440.7
cash end of period,0.0,0.0,0.0,241.3,236.2,125.7,189.0,184.3,157.3,127.0,105.4,133.4,203.4,147.4,177.7,216.5,115.6,88.9,206.7,369.0,186.6,117.6,66.3,481.6,310.9,154.1,138.3,177.8,134.1,180.1,221.7,440.7,313.1
cash flow,0.0,0.0,0.0,-58.4,0.0,0.0,0.0,81.6,124.6,190.8,253.1,401.9,424.6,450.6,451.2,131.8,49.4,-35.3,-112.1,134.0,131.5,128.7,128.1,128.0,133.1,137.8,141.9,139.7,139.9,160.1,28.2,205.6,184.7
cash flow per share,0.00,0.00,0.00,-0.48,0.00,0.00,0.00,0.61,0.89,1.37,1.81,2.88,3.04,3.22,3.23,0.94,0.35,-0.25,-0.79,0.95,0.93,0.91,0.90,0.90,0.94,0.96,0.99,0.98,0.98,1.11,0.20,1.43,1.29
cash from discontinued financing activities,0.0,0.0,0.0,0.0,0.0,0.0,0.0,0.0,0.0,0.0,0.0,0.0,0.0,0.0,0.0,0.0,0.0,0.0,0.0,0.0,0.0,0.0,0.0,0.0,0.0,0.0,0.0,0.0,0.0,0.0,0.0,0.0,0.0
cash from discontinued investing activities,0.0,0.0,0.0,0.0,0.0,0.0,0.0,0.0,0.0,0.0,0.0,0.0,0.0,0.0,0.0,0.0,0.0,0.0,0.0,0.0,0.0,0.0,0.0,0.0,0.0,0.0,0.0,0.0,0.0,0.0,0.0,0.0,0.0
cash per share,0.00,0.00,0.00,1.97,5.74,1.01,1.52,1.37,1.13,0.91,0.76,0.96,1.46,1.05,1.27,1.55,0.82,0.63,1.47,2.62,1.33,0.83,0.47,3.39,2.18,1.08,0.97,1.24,0.94,1.25,1.54,3.07,2.18
common par,0.0,0.0,0.0,1.2,0.4,0.4,1.2,1.3,1.4,1.4,1.4,1.4,1.4,1.4,1.4,1.4,1.4,1.4,1.4,0.0,1.4,1.5,1.4,1.4,1.5,1.4,1.4,1.4,1.4,1.4,1.4,1.4,1.4
common stock equity,0.0,0.0,0.0,325.8,373.7,427.9,471.1,859.0,935.3,"1,055.1","1,140.0","1,266.6","1,352.2","1,443.5","1,508.6","1,297.0","1,362.6","1,373.9","1,455.4","1,573.3","1,622.2","1,699.3","1,760.4","1,810.4","1,856.4","1,890.6","1,954.9","1,964.2","2,047.0","2,083.7","1,961.2","1,996.4","2,070.5"
construction in progress,0.0,0.0,0.0,169.2,251.3,311.6,318.2,213.4,238.9,247.2,282.0,164.4,182.3,209.9,211.4,204.3,184.9,235.6,266.5,316.3,357.5,268.4,216.4,174.3,173.4,154.4,173.8,204.0,199.5,212.1,206.6,143.0,163.9
cost in excess,0.0,0.0,0.0,0.0,0.0,0.0,0.0,6.0,3.6,3.7,3.8,0.0,3.7,0.0,0.0,2.7,2.7,3.0,3.0,3.0,2.8,2.8,2.9,2.9,3.0,3.0,2.9,2.9,2.9,2.9,2.9,3.0,2.8
cost of sales,0.0,0.0,0.0,0.0,515.2,624.1,624.3,979.3,772.0,764.0,779.4,776.8,827.2,842.2,828.8,533.2,704.4,987.6,845.6,909.8,870.7,888.4,836.4,884.4,892.5,"1,318.7",926.8,"1,034.4","1,055.4","1,100.7","1,708.0","1,210.4","1,195.0"
cost of sales with depreciation,0.0,0.0,0.0,0.0,533.0,624.5,642.2,"1,007.6",794.8,788.7,804.7,809.0,857.3,874.5,864.3,567.1,737.3,"1,021.6",878.3,944.2,901.1,919.6,868.5,918.7,928.0,"1,354.6",963.0,"1,066.5","1,091.1","1,156.8","1,746.7","1,250.7","1,237.1"
cumulative translation adjustments,0.0,0.0,0.0,0.0,0.0,0.0,0.0,0.0,0.0,0.0,0.0,0.0,0.0,0.0,0.0,0.0,0.0,0.0,0.0,0.0,0.0,0.0,0.0,0.0,0.0,0.0,0.0,0.0,0.0,0.0,0.0,0.0,0.0
current assets per share,0.00,0.00,0.00,7.03,23.30,8.25,9.28,10.55,10.73,11.97,12.32,13.21,15.53,15.98,16.60,17.39,18.99,18.56,19.58,20.27,19.78,20.22,20.45,23.19,23.42,21.23,21.99,22.09,23.50,24.72,23.25,23.35,24.22
current defered income taxes,0.0,0.0,0.0,1.1,3.2,4.6,3.4,68.3,0.0,0.0,0.0,67.3,0.0,0.0,0.0,62.1,65.0,65.4,63.2,55.8,57.7,55.0,57.2,47.6,57.5,60.1,64.6,52.2,55.6,60.5,62.1,57.1,61.5
current deferred income taxes,0.0,0.0,0.0,0.0,0.0,0.0,0.0,0.0,0.0,0.0,0.0,0.0,0.0,0.0,0.0,0.0,0.0,0.0,0.0,0.0,0.0,0.0,0.0,0.0,0.0,0.0,0.0,0.0,0.0,0.0,0.0,0.0,0.0
current liabilities per share,0.00,0.00,0.00,2.54,8.60,3.84,4.59,4.23,4.22,4.64,4.64,4.84,6.12,5.72,6.08,5.31,6.47,6.30,6.18,6.98,6.86,7.03,6.45,8.20,7.97,5.33,5.76,6.39,6.39,7.12,7.22,7.43,7.91
current ratio,0.0,0.0,0.0,2.8,2.7,2.1,2.0,2.5,2.5,2.6,2.7,2.7,2.5,2.8,2.7,3.3,2.9,2.9,3.2,2.9,2.9,2.9,3.2,2.8,2.9,4.0,3.8,3.5,3.7,3.5,3.2,3.1,3.1
decrease (increase) in other current liabilities,0.0,0.0,0.0,0.0,0.0,0.0,0.0,405.5,0.0,0.0,0.0,169.3,47.8,10.6,262.4,348.4,8.0,-43.7,-61.6,-141.2,-4.5,0.0,-116.6,0.0,0.0,0.0,0.0,0.0,0.0,0.0,0.0,0.0,0.0
decrease (increase) in other working capital,0.0,0.0,0.0,212.3,113.3,191.2,276.3,0.0,76.2,131.1,166.1,50.5,77.0,169.0,-7.0,77.2,-27.6,-45.5,-60.0,-23.6,-26.7,-83.9,-25.2,58.2,-60.1,-325.2,-368.7,-312.4,130.9,294.4,12.3,20.5,4.2
decrease (increase) in payables,0.0,0.0,0.0,163.4,31.0,92.8,142.0,149.4,-10.2,28.4,18.7,24.9,60.8,43.3,30.5,-37.6,134.2,109.2,104.9,125.7,-11.8,50.2,-5.7,0.8,46.2,-12.4,89.5,106.1,14.7,47.1,109.7,109.8,71.4
deferred income taxes,0.0,0.0,0.0,0.0,0.0,0.0,0.0,-125.1,6.0,13.7,3.8,9.1,-2.1,0.5,0.9,-2.8,-2.2,-4.6,-20.5,28.7,6.0,7.9,6.1,48.5,6.3,0.7,16.0,21.6,5.8,4.5,-100.6,-120.1,18.6
deferred revenues,0.0,0.0,0.0,0.0,0.0,0.0,0.0,8.2,0.0,0.0,0.0,42.3,0.0,40.0,43.5,110.5,75.8,64.3,59.3,107.1,88.1,95.6,73.2,302.6,302.6,47.0,36.8,34.6,23.6,18.1,30.1,25.3,25.4
depreciation,0.0,0.0,0.0,28.6,16.7,14.2,30.3,52.8,20.9,43.7,67.1,97.4,28.0,57.8,90.8,122.4,30.7,62.2,91.9,123.0,27.3,55.2,84.5,115.3,32.0,64.4,97.0,129.2,32.9,77.4,113.6,151.1,39.3
depreciation (unrecognized),0.0,0.0,0.0,0.0,0.0,0.0,0.0,0.0,0.0,0.0,0.0,0.0,0.0,0.0,0.0,0.0,0.0,0.0,0.0,0.0,0.0,0.0,0.0,0.0,0.0,0.0,0.0,0.0,0.0,0.0,0.0,0.0,0.0
domestic sales,0.0,0.0,0.0,0.0,0.0,0.0,0.0,0.0,0.0,0.0,0.0,0.0,0.0,0.0,0.0,0.0,0.0,0.0,0.0,0.0,0.0,0.0,0.0,0.0,0.0,0.0,0.0,0.0,0.0,0.0,0.0,0.0,0.0
earnings from equity interest,0.0,0.0,0.0,0.0,0.0,0.0,0.0,0.0,0.0,0.0,0.0,0.0,0.0,0.0,0.0,0.0,0.0,0.0,0.0,0.0,0.0,0.0,0.0,0.0,0.0,0.0,0.0,0.0,0.0,0.0,0.0,0.0,0.0
earnings period indicator,Q,S,N,F,Q,S,N,F,Q,S,N,F,Q,S,N,F,Q,S,N,F,Q,S,N,F,Q,S,N,F,Q,S,N,F,Q
effect exchange rate changes,0.0,0.0,0.0,0.0,0.0,0.1,0.2,2.1,0.0,0.5,0.2,-0.2,-0.5,0.9,-5.2,-11.3,-0.1,0.2,1.7,2.7,-0.2,0.0,-1.9,-1.5,0.5,1.3,0.4,-0.6,0.7,0.1,1.6,1.9,-1.6
effective tax rate,0.0,0.0,0.0,0.0,0.0,0.0,0.0,0.0,0.0,0.0,0.0,29.3,29.6,30.0,31.9,30.9,30.3,27.2,26.7,29.7,27.1,27.5,29.1,26.3,27.7,28.2,27.9,31.1,31.3,31.5,0.0,0.0,0.0
excise taxes,0.0,0.0,0.0,0.0,0.0,0.0,0.0,0.0,0.0,0.0,0.0,0.0,0.0,0.0,0.0,0.0,0.0,0.0,0.0,0.0,0.0,0.0,0.0,0.0,0.0,0.0,0.0,0.0,0.0,0.0,0.0,0.0,0.0
extraordinary gains,0.0,0.0,0.0,0.0,0.0,0.0,0.0,0.0,0.0,0.0,0.0,0.0,0.0,0.0,0.0,0.0,0.0,0.0,0.0,0.0,0.0,0.0,0.0,0.0,0.0,0.0,0.0,0.0,0.0,0.0,0.0,0.0,0.0
extraordinary income/losses,0.0,0.0,0.0,0.0,0.0,0.0,0.0,0.0,0.0,0.0,0.0,0.0,0.0,0.0,0.0,0.0,0.0,0.0,0.0,0.0,0.0,0.0,0.0,0.0,0.0,0.0,0.0,0.0,0.0,0.0,0.0,0.0,0.0
foreign sales,0.0,0.0,0.0,0.0,0.0,0.0,0.0,0.0,0.0,0.0,0.0,0.0,0.0,0.0,0.0,0.0,0.0,0.0,0.0,0.0,0.0,0.0,0.0,0.0,0.0,0.0,0.0,0.0,0.0,0.0,0.0,0.0,0.0
free cash flow,0.0,0.0,0.0,-806.5,-3.8,-112.8,-43.1,-215.0,-37.4,-94.6,-121.4,-108.1,5.6,-41.0,-28.6,-25.1,-203.5,-322.7,-369.3,-242.1,-179.4,-247.9,-422.0,-163.0,-169.6,-326.3,-340.0,-297.0,-42.6,29.0,65.0,295.4,-125.6
free cash flow per share,0.00,0.00,0.00,-6.57,-0.09,-0.91,-0.35,-1.60,-0.27,-0.68,-0.87,-0.77,0.04,-0.29,-0.20,-0.18,-1.45,-2.29,-2.62,-1.72,-1.27,-1.76,-2.97,-1.15,-1.19,-2.28,-2.38,-2.08,-0.30,0.20,0.45,2.06,-0.87
gross fixed assets,0.0,0.0,0.0,547.4,641.4,667.6,775.6,855.0,943.1,"1,016.6","1,086.0","1,143.2","1,209.5","1,267.1","1,324.0","1,368.0","1,437.8","1,531.4","1,617.7","1,705.4","1,772.2","1,836.2","1,901.7","2,009.9","2,053.4","2,103.8","2,180.3","2,285.5","2,329.0","2,370.3","2,440.9","2,518.0","2,573.2"
gross margin,0.0,0.0,0.0,0.0,155.6,139.0,161.0,-127.5,182.1,194.8,188.1,203.6,209.2,219.9,198.4,112.9,183.0,72.0,208.2,167.9,172.6,167.6,165.6,186.7,157.1,146.9,202.9,184.5,210.4,240.3,-342.7,215.2,247.2
gross profit margin,0.0,0.0,0.0,15.2,0.0,0.0,0.0,10.5,10.6,11.6,11.7,19.9,20.2,20.3,20.2,19.6,19.7,15.6,15.8,15.5,14.7,16.9,16.1,16.6,16.2,14.3,14.7,14.2,14.7,16.9,5.6,6.0,6.5
income before income taxes,0.0,0.0,0.0,0.0,57.4,50.3,57.9,-102.3,104.6,101.6,106.2,107.5,128.2,130.8,105.0,19.9,92.8,-14.0,121.9,72.1,73.6,74.7,72.1,77.4,50.3,42.1,99.9,88.0,107.5,50.3,-222.6,76.2,117.1
income from cum. effect of acct. change,0.0,0.0,0.0,0.0,0.0,0.0,0.0,0.0,0.0,0.0,0.0,0.0,0.0,0.0,0.0,0.0,0.0,0.0,0.0,0.0,0.0,0.0,0.0,0.0,0.0,0.0,0.0,0.0,0.0,0.0,0.0,0.0,0.0
income from tax loss carryforward,0.0,0.0,0.0,0.0,0.0,0.0,0.0,0.0,0.0,0.0,0.0,0.0,0.0,0.0,0.0,0.0,0.0,0.0,0.0,0.0,0.0,0.0,0.0,0.0,0.0,0.0,0.0,0.0,0.0,0.0,0.0,0.0,0.0
income per employee,None,None,None,-7784,None,None,None,1418,None,None,None,22683,None,None,None,None,None,None,None,None,None,None,None,None,None,None,None,None,None,None,None,2380,None
income taxes,0.0,0.0,0.0,0.0,25.4,24.2,29.2,-175.9,34.8,33.6,22.6,32.0,43.0,44.4,31.0,0.1,30.2,-5.8,34.4,22.1,17.8,19.6,25.4,15.4,15.3,11.9,32.4,27.3,33.6,15.3,-88.3,15.3,35.7
"income, acquired in process r&a;",0.0,0.0,0.0,0.0,0.0,0.0,0.0,0.0,0.0,0.0,0.0,0.0,0.0,0.0,0.0,0.0,0.0,0.0,0.0,0.0,0.0,0.0,0.0,0.0,0.0,0.0,0.0,0.0,0.0,0.0,0.0,0.0,0.0
intangibles,0.0,0.0,0.0,0.0,0.0,0.0,0.0,40.8,39.7,39.0,38.0,0.0,0.0,0.0,0.0,25.2,24.3,25.1,23.6,22.8,20.9,19.7,19.5,18.1,17.4,16.4,15.1,13.9,13.2,11.9,11.2,10.1,9.2
intangibles as % of book-value,0.0,0.0,0.0,0.0,0.0,0.0,0.0,5.4,4.6,4.0,3.7,0.0,0.3,0.0,0.0,2.2,2.0,2.0,1.8,1.6,1.5,1.3,1.3,1.2,1.1,1.0,0.9,0.9,0.8,0.7,0.7,0.7,0.6
interest as % of invested capital,0.0,0.0,0.0,2.5,0.0,0.0,0.0,3.4,3.1,2.8,2.5,2.0,1.8,1.9,1.8,2.1,1.9,1.8,1.7,1.8,1.9,2.0,2.0,2.0,2.2,2.4,2.5,2.5,2.3,2.5,2.5,2.6,2.5
interest coverage (cont. operations),0.0,0.0,0.0,0.0,0.0,0.0,0.0,0.0,0.3,1.4,2.5,12.4,13.0,13.4,13.3,4.0,1.5,0.0,0.0,2.9,2.4,2.8,2.5,2.3,2.1,1.9,1.9,2.1,2.4,2.3,0.0,1.1,0.8
interest expense,0.0,0.0,0.0,0.0,11.2,11.5,11.6,15.3,8.9,9.5,9.7,8.7,9.1,10.5,9.9,9.7,9.1,9.8,10.2,14.5,14.0,13.8,12.8,18.5,20.9,21.7,19.0,15.9,18.3,28.1,16.2,20.3,17.6
interest income,0.0,0.0,0.0,0.0,7.1,7.0,7.0,8.1,7.7,7.2,8.0,6.2,5.7,5.0,4.4,3.5,2.6,2.0,1.6,0.8,0.1,0.1,0.0,0.1,0.1,0.1,0.0,0.1,0.0,0.1,0.0,0.1,0.1
inventories,0.0,0.0,0.0,510.7,537.2,613.5,731.7,882.2,947.0,"1,097.5","1,198.4","1,342.6","1,499.5","1,652.8","1,768.8","1,882.0","2,118.4","2,093.1","2,204.6","2,206.9","2,286.2","2,375.3","2,479.2","2,507.9","2,652.5","2,440.2","2,571.9","2,630.9","2,739.1","2,800.8","2,368.6","2,410.8","2,492.9"
"inventories, finished goods",0.0,0.0,0.0,0.0,0.0,0.0,13.3,34.2,13.9,21.2,21.0,27.0,32.4,28.7,33.5,445.4,495.4,440.0,466.1,471.8,481.3,501.9,513.6,525.4,41.4,523.5,540.5,536.0,39.0,593.3,584.2,560.5,39.3
"inventories, other",0.0,0.0,0.0,0.0,0.0,0.0,0.0,0.0,189.3,227.4,259.9,279.5,300.5,333.6,374.6,0.0,0.0,0.0,0.0,0.0,0.0,0.0,0.0,0.0,517.9,0.0,0.0,0.0,560.4,0.0,0.0,0.0,"1,806.1"
"inventories, purchased components",0.0,0.0,0.0,0.0,0.0,0.0,0.0,0.0,0.0,0.0,0.0,0.0,0.0,0.0,0.0,0.0,0.0,0.0,0.0,0.0,0.0,0.0,0.0,0.0,0.0,0.0,0.0,0.0,0.0,0.0,0.0,0.0,0.0
"inventories, raw materials",0.0,0.0,0.0,119.1,120.0,194.2,176.8,118.1,118.8,139.4,151.5,157.8,167.3,166.6,189.2,176.3,195.6,199.1,186.2,209.1,198.8,187.7,234.6,234.0,216.6,224.9,228.1,236.9,234.6,246.1,260.9,250.3,230.8
"inventories, work in progress",0.0,0.0,0.0,391.6,417.2,419.3,541.6,729.9,625.0,709.5,766.0,878.3,999.3,"1,123.9","1,171.5","1,260.3","1,427.4","1,454.0","1,552.3","1,526.0","1,606.1","1,685.7","1,731.0","1,748.5","1,876.6","1,691.8","1,803.3","1,858.0","1,905.1","1,961.4","2,097.9","2,207.4","1,039.3"
inventory as % of revenue,0.0,0.0,0.0,42.3,32.3,27.8,26.4,27.5,28.2,30.9,32.1,34.8,38.0,40.8,43.1,49.9,58.5,57.8,60.5,54.1,54.0,56.1,59.3,60.1,63.5,53.2,54.5,54.1,53.9,56.5,45.6,44.7,44.7
inventory turnover,0.0,0.0,0.0,0.0,0.0,0.0,0.0,4.1,4.0,3.7,3.4,2.8,2.6,2.3,2.2,1.9,1.6,1.6,1.5,1.7,1.6,1.6,1.5,1.5,1.4,1.6,1.6,1.6,1.6,1.6,2.0,2.0,2.0
invested capital,0.0,0.0,0.0,"1,035.8","1,080.4","1,134.6","1,170.4","1,453.3","1,525.5","1,640.3","1,722.5","1,845.6","2,005.8","2,029.7","2,092.4","1,877.9","2,018.5","2,103.6","2,332.3","2,458.0","2,509.8","2,585.8","2,775.9","2,997.7","3,042.6","3,075.6","3,144.5","3,116.2","3,198.6","3,251.6","3,129.6","3,162.3","3,233.8"
issuance of capital stock,0.0,0.0,0.0,0.0,0.0,0.0,0.0,250.4,0.0,0.0,0.0,0.0,0.0,0.0,0.0,0.0,0.0,0.0,0.0,0.0,0.0,0.0,0.0,0.0,0.0,0.0,0.0,0.0,0.0,0.0,0.0,0.0,0.0
issuance of debt,0.0,0.0,0.0,700.0,0.0,0.0,0.0,85.0,0.0,0.0,0.0,0.0,75.0,85.8,83.8,201.2,100.5,250.6,594.1,601.0,0.0,0.0,125.0,450.0,0.0,0.0,0.0,30.0,120.0,717.3,717.3,717.6,0.0
land and improvements,0.0,0.0,0.0,18.8,18.8,18.5,27.3,22.5,23.4,25.8,19.5,19.2,19.9,19.7,18.6,15.5,15.6,17.0,16.6,17.7,16.8,16.7,17.4,17.1,17.5,17.5,17.2,17.0,17.4,17.0,17.7,17.7,16.8
leverage ratio,0.0,0.0,0.0,5.1,4.9,4.9,5.0,3.2,3.0,2.9,2.8,2.6,2.7,2.6,2.6,2.9,3.0,3.0,2.9,2.8,2.7,2.7,2.6,2.8,2.8,2.6,2.6,2.6,2.6,2.6,2.7,2.7,2.7
loans receivable,0.0,0.0,0.0,0.0,0.0,0.0,0.0,0.0,0.0,0.0,0.0,0.0,0.0,0.0,0.0,0.0,0.0,0.0,0.0,0.0,0.0,0.0,0.0,0.0,0.0,0.0,0.0,0.0,0.0,0.0,0.0,0.0,0.0
long-term debt,0.0,0.0,0.0,710.0,706.7,706.7,699.3,594.3,590.2,585.2,582.5,579.0,653.6,586.2,583.8,580.9,655.9,729.7,876.9,884.7,887.6,886.5,"1,015.5","1,187.3","1,186.2","1,185.0","1,189.6","1,152.0","1,151.6","1,167.9","1,168.4","1,165.9","1,163.3"
long-term debt per share,0.00,0.00,0.00,5.79,17.18,5.70,5.63,4.41,4.23,4.19,4.18,4.15,4.68,4.19,4.17,4.15,4.68,5.17,6.22,6.29,6.31,6.28,7.15,8.36,8.33,8.30,8.33,8.06,8.06,8.13,8.13,8.11,8.10
marketable securities,0.0,0.0,0.0,0.0,0.0,0.0,0.0,0.0,0.0,0.0,0.0,0.0,0.0,0.0,0.0,0.0,0.0,0.0,0.0,0.0,0.0,0.0,0.0,0.0,0.0,0.0,0.0,0.0,0.0,0.0,0.0,0.0,0.0
minority interest,0.0,0.0,0.0,0.0,0.0,0.0,0.0,0.0,0.0,0.0,0.0,0.0,0.0,0.0,0.0,0.0,0.0,0.0,0.0,0.0,0.0,0.0,0.0,0.0,0.0,0.0,0.0,0.0,0.0,0.0,0.0,0.0,0.0
minority interest liability,0.0,0.0,0.0,0.0,0.0,0.0,0.0,0.0,0.0,0.0,0.0,0.0,0.0,0.0,0.0,0.0,0.5,0.5,0.5,0.5,0.5,0.5,0.5,0.5,0.5,0.5,0.5,0.5,0.5,0.5,0.5,0.5,1.8
net cash from continuing operations,0.0,0.0,0.0,223.8,90.0,212.6,325.7,273.6,50.1,64.6,106.6,180.1,71.3,78.4,146.6,210.7,-149.1,-216.0,-211.3,-13.9,-110.2,-117.3,-239.0,125.1,-128.1,-241.9,-175.8,-47.3,11.6,132.8,235.5,544.4,-45.4
net cash from discontinued operations,0.0,0.0,0.0,0.0,0.0,0.0,0.0,0.0,0.0,0.0,0.0,0.0,0.0,0.0,0.0,0.0,0.0,0.0,0.0,0.0,0.0,0.0,0.0,0.0,0.0,0.0,0.0,0.0,0.0,0.0,0.0,0.0,0.0
net fixed assets,0.0,0.0,0.0,518.8,595.9,624.7,716.7,773.8,841.0,891.6,937.7,963.8,"1,001.4","1,028.8","1,053.2","1,068.3","1,107.0","1,167.6","1,224.0","1,279.3","1,320.3","1,357.0","1,391.6","1,470.0","1,479.8","1,497.6","1,542.4","1,615.7","1,625.6","1,623.3","1,657.0","1,698.5","1,718.0"
net income (continuing operations),-14.5,-14.5,-14.5,-46.9,32.0,26.1,28.7,-69.4,69.8,68.0,83.6,75.5,85.2,86.4,74.0,-245.6,0.0,0.0,0.0,0.0,0.0,0.0,0.0,0.0,0.0,0.0,0.0,0.0,0.0,0.0,-134.4,60.7,81.2
net income (discontinued operations),0.0,0.0,0.0,0.0,0.0,0.0,0.0,0.0,0.0,0.0,0.0,0.0,0.0,0.0,0.0,0.0,0.0,0.0,0.0,0.0,0.0,0.0,0.0,0.0,0.0,0.0,0.0,0.0,0.0,0.0,0.0,0.0,0.0
net income available for common,0.0,0.0,0.0,0.0,32.0,26.1,28.7,-69.4,69.8,68.0,83.6,75.5,85.2,86.4,74.0,-245.6,0.0,0.0,0.0,0.0,0.0,0.0,0.0,0.0,0.0,0.0,0.0,0.0,0.0,0.0,-134.4,60.7,81.2
net income/loss,0.0,0.0,0.0,-90.3,32.0,52.2,86.2,16.8,69.8,137.8,221.4,296.9,85.2,171.6,245.6,265.4,62.7,54.4,141.7,191.7,55.5,110.6,157.0,218.9,34.6,64.7,132.0,192.4,73.6,108.5,-25.9,34.8,81.2
net profit margin,0.0,0.0,0.0,-7.5,-2.6,-0.1,1.4,0.5,1.6,2.7,4.1,7.7,7.9,8.2,7.8,0.0,-2.4,-4.7,-6.7,0.0,0.0,0.0,0.0,0.0,0.0,0.0,0.0,0.0,0.0,0.0,-2.6,0.6,0.1
non-current deferred income taxes,0.0,0.0,0.0,0.0,0.0,0.0,0.0,39.1,35.2,35.7,63.3,30.5,33.3,0.0,0.0,146.0,145.7,149.5,167.5,95.8,88.1,86.4,81.5,55.0,35.5,38.3,18.4,55.7,47.7,41.3,145.1,192.0,168.7
normalized income,0.0,0.0,0.0,0.0,32.0,26.1,28.7,-69.4,69.8,68.0,83.6,75.5,85.2,86.4,74.0,-245.6,0.0,0.0,0.0,0.0,0.0,0.0,0.0,0.0,0.0,0.0,0.0,0.0,0.0,0.0,-134.4,-85.5,81.2
normalized income per employee,None,None,None,-7784,None,None,None,1418,None,None,None,22683,None,None,None,None,None,None,None,None,None,None,None,None,None,None,None,None,None,None,None,-7618,None
normalized net profit margin,0.0,0.0,0.0,-7.5,0.0,0.0,0.0,0.5,1.6,2.7,4.1,7.7,7.9,8.2,7.8,0.0,-2.4,-4.7,-6.7,0.0,0.0,0.0,0.0,0.0,0.0,0.0,0.0,0.0,0.0,0.0,-2.6,-2.1,-2.5
notes payable,0.0,0.0,0.0,0.0,0.0,0.0,0.0,0.0,0.0,0.0,0.0,0.0,0.0,0.0,0.0,0.0,0.0,0.0,0.0,0.0,0.0,0.0,0.0,0.0,0.0,0.0,0.0,0.0,0.0,0.0,0.0,0.0,0.0
number of days cost of goods in inventory,None,None,None,None,None,None,None,87,89,98,105,130,140,153,163,191,224,221,233,213,219,229,241,244,254,220,226,222,224,229,182,179,181
number of employees,None,None,None,None,None,None,None,None,None,None,None,None,None,None,None,None,None,None,None,None,None,None,None,None,None,None,None,None,None,None,None,None,None
number of months last report period,None,3,3,3,3,3,3,3,3,3,3,3,3,3,3,3,3,3,3,3,3,3,3,3,3,3,3,3,3,3,3,3,3
number of part-time employees,None,None,None,None,None,None,None,None,None,None,None,None,None,None,None,None,None,None,None,None,None,None,None,None,None,None,None,None,None,None,None,None,None
operating gains,0.0,0.0,0.0,0.0,0.0,0.0,0.0,0.9,-8.0,0.1,0.4,-1.1,-6.2,-0.4,0.1,-20.5,-0.4,-4.2,-3.5,-3.9,5.6,6.3,-3.2,-5.8,-3.4,-8.1,-8.7,-12.0,-5.9,-1.3,1.5,5.9,-3.2
operating income,0.0,0.0,0.0,0.0,60.1,53.3,61.4,"3,079.9",103.8,856.7,106.6,106.7,130.2,136.1,111.2,28.2,97.8,-10.4,131.0,84.9,93.0,85.7,82.4,95.9,69.6,63.6,120.5,102.4,122.3,82.5,-210.5,98.0,144.5
other current assets,0.0,0.0,0.0,0.0,0.0,0.0,0.0,0.0,78.1,93.6,59.6,6.3,72.7,74.9,67.8,0.6,11.1,13.2,16.0,1.1,17.6,36.7,12.8,1.6,27.2,29.9,33.9,27.7,15.4,40.4,43.7,26.1,24.3
other current liabilities,0.0,0.0,0.0,0.6,19.7,19.7,46.1,28.5,21.2,24.4,19.8,90.2,239.3,13.8,231.5,164.5,212.6,224.9,220.1,259.2,273.5,240.1,225.6,218.5,141.4,73.4,47.5,77.0,78.5,89.5,130.6,183.1,168.1
other equity adjustments,0.0,0.0,0.0,4.2,15.0,23.0,21.5,72.5,70.4,76.9,74.0,117.7,112.7,113.9,101.3,-134.2,-133.1,-117.6,-124.1,-58.3,-69.3,-69.0,-57.9,-75.3,-66.4,-66.0,-72.5,-126.2,-121.1,-124.7,-116.4,-145.2,-158.7
"other financing charges, net",0.0,0.0,0.0,352.8,-1.3,-4.9,-12.5,14.5,2.6,33.5,31.9,33.0,-6.8,-6.8,-5.2,-6.8,0.0,0.0,0.0,0.0,0.0,3.1,4.9,5.0,0.3,1.2,1.2,1.3,-119.9,-180.2,-180.1,-181.2,0.0
other fixed assets,0.0,0.0,0.0,0.0,0.0,0.0,0.0,0.0,0.0,0.0,0.0,0.0,0.0,0.0,0.0,0.0,0.0,0.0,0.0,0.0,0.0,0.0,0.0,0.0,0.0,0.0,0.0,0.0,0.0,0.0,0.0,0.0,0.4
other gains/losses,0.0,0.0,0.0,0.0,0.0,0.0,0.0,0.0,0.0,0.0,0.0,0.0,0.0,0.0,0.0,0.0,0.0,0.0,0.0,0.0,0.0,0.0,0.0,0.0,0.0,0.0,0.0,0.0,0.0,0.0,0.0,0.0,0.0
other income net,0.0,0.0,0.0,0.0,1.4,1.5,1.2,2.3,2.0,1.8,1.3,3.3,1.4,0.2,-0.7,-2.1,1.6,4.1,-0.7,0.9,-5.8,2.7,2.2,-0.2,1.1,0.0,-1.8,1.1,3.2,-4.3,222.8,-166.1,-18.9
"other investing changes, net",0.0,0.0,0.0,0.0,0.0,2.0,3.1,14.7,12.5,13.9,24.6,48.8,0.4,57.3,88.2,3.5,0.3,0.7,0.2,0.4,-0.8,-0.7,-0.5,-0.8,0.0,0.0,0.0,0.5,-0.7,-0.9,7.1,-1.4,2.1
other non-cash items,0.0,0.0,0.0,25.0,-1.1,16.2,25.5,132.3,1.1,-38.9,-22.1,-42.7,-1.2,-15.5,-22.5,-0.5,0.3,1.5,0.9,3.6,2.3,-4.7,1.0,14.1,2.6,6.2,16.3,5.2,3.8,8.4,2.4,10.2,12.3
other non-current assets,0.0,0.0,0.0,275.7,293.6,464.1,464.9,442.0,422.4,409.3,405.5,502.8,495.7,481.6,487.4,84.8,81.6,97.7,104.5,220.0,225.9,222.4,246.9,261.3,263.9,267.2,271.1,198.4,202.5,210.2,216.7,156.3,155.9
other non-current liabilities,0.0,0.0,0.0,308.2,410.3,496.3,591.3,699.2,725.1,762.6,796.8,795.6,840.8,916.5,920.4,"1,135.7","1,097.3","1,068.0","1,079.5","1,017.5",966.0,964.4,954.6,930.9,955.8,"1,018.1","1,023.3","1,007.2","1,138.0","1,167.3","1,206.2","1,185.5","1,161.7"
other receivable,0.0,0.0,0.0,0.0,0.0,0.0,0.0,64.7,59.0,91.3,92.3,119.1,113.2,110.8,82.8,112.7,82.6,93.7,34.8,45.5,0.0,0.0,0.0,45.9,0.0,0.0,0.0,0.0,12.1,10.2,147.0,9.1,0.0
other special charges,0.0,0.0,0.0,0.0,0.0,0.0,0.0,0.0,0.0,0.0,0.0,0.0,0.0,0.0,0.0,0.0,0.0,0.0,0.0,0.0,0.0,0.0,0.0,0.0,0.0,0.0,0.0,0.0,0.0,0.0,0.0,146.2,0.0
payment of cash dividends,0.0,0.0,0.0,0.0,0.0,0.0,0.0,0.0,0.0,0.0,0.0,0.0,0.0,0.0,0.0,0.0,0.0,0.0,0.0,0.0,0.0,0.0,0.0,0.0,0.0,0.0,0.0,0.0,0.0,0.0,0.0,0.0,0.0
payout ratio,None,None,None,None,None,None,None,None,None,None,None,None,None,None,None,None,None,None,None,None,None,None,None,None,None,None,None,None,None,None,None,None,None
post-tax profit margin,0.0,0.0,0.0,-7.5,-2.6,-0.1,1.4,0.5,1.6,2.7,4.1,7.7,7.9,8.2,7.8,0.0,-2.4,-4.7,-6.7,0.0,0.0,0.0,0.0,0.0,0.0,0.0,0.0,0.0,0.0,0.0,-2.6,0.6,0.1
pre-tax profit margin,0.0,0.0,0.0,-6.3,0.0,0.0,0.0,-2.2,-1.0,0.5,1.8,10.9,11.2,11.7,11.5,10.2,9.6,5.6,6.0,6.7,6.0,8.1,7.0,7.1,6.5,5.3,5.7,5.7,6.6,7.0,0.4,0.2,0.4
pref. securities of subsid. trust,0.0,0.0,0.0,0.0,0.0,0.0,0.0,0.0,0.0,0.0,0.0,0.0,0.0,0.0,0.0,0.0,0.0,0.0,0.0,0.0,0.0,0.0,0.0,0.0,0.0,0.0,0.0,0.0,0.0,0.0,0.0,0.0,0.0
preferred dividends,0.0,0.0,0.0,0.0,0.0,0.0,0.0,0.0,0.0,0.0,0.0,0.0,0.0,0.0,0.0,0.0,0.0,0.0,0.0,0.0,0.0,0.0,0.0,0.0,0.0,0.0,0.0,0.0,0.0,0.0,0.0,0.0,0.0
preferred equity outside stock equity,0.0,0.0,0.0,0.0,0.0,0.0,0.0,0.0,0.0,0.0,0.0,0.0,0.0,0.0,0.0,0.0,0.0,0.0,0.0,0.0,0.0,0.0,0.0,0.0,0.0,0.0,0.0,0.0,0.0,0.0,0.0,0.0,0.0
preferred secur. of subsid. trust,0.0,0.0,0.0,0.0,0.0,0.0,0.0,0.0,0.0,0.0,0.0,0.0,0.0,0.0,0.0,0.0,0.0,0.0,0.0,0.0,0.0,0.0,0.0,0.0,0.0,0.0,0.0,0.0,0.0,0.0,0.0,0.0,0.0
preferred shares,0.0,0.0,0.0,0.0,0.0,0.0,0.0,0.0,0.0,0.0,0.0,0.0,0.0,0.0,0.0,0.0,0.0,0.0,0.0,0.0,0.0,0.0,0.0,0.0,0.0,0.0,0.0,0.0,0.0,0.0,0.0,0.0,0.0
preferred stock equity,0.0,0.0,0.0,0.0,0.0,0.0,0.0,0.0,0.0,0.0,0.0,0.0,0.0,0.0,0.0,0.0,0.0,0.0,0.0,0.0,0.0,0.0,0.0,0.0,0.0,0.0,0.0,0.0,0.0,0.0,0.0,0.0,0.0
prepaid expenses,0.0,0.0,0.0,10.2,6.8,14.8,14.0,20.8,0.0,0.0,14.8,14.2,12.1,15.3,13.1,10.1,0.0,0.0,0.0,14.2,0.0,0.0,0.0,9.9,0.0,0.0,0.0,0.0,0.0,0.0,0.0,0.0,0.0
price/cash flow ratio,0.0,0.0,0.0,0.0,0.0,0.0,0.0,54.9,35.8,26.3,21.5,12.0,7.3,6.0,5.0,10.8,28.5,-55.0,-22.9,20.9,25.1,20.9,22.1,23.1,27.3,22.9,16.1,21.2,25.0,21.5,111.1,11.9,14.7
price/equity ratio,0.00,0.00,0.00,0.00,0.00,0.00,0.00,5.25,4.75,4.77,4.77,3.80,2.29,1.86,1.49,1.10,1.03,1.41,1.75,1.78,2.03,1.58,1.61,1.63,1.97,1.66,1.17,1.51,1.71,1.64,1.63,1.22,1.32
price/free cash flow ratio,0.0,0.0,0.0,0.0,0.0,0.0,0.0,-20.9,-118.0,-53.0,-44.8,-44.8,554.5,-66.1,-80.4,-56.5,-6.9,-6.0,-6.9,-11.5,-18.4,-10.8,-6.7,-18.1,-21.6,-9.6,-6.7,-10.0,-81.5,119.2,49.4,8.2,-21.8
price/revenue ratio,0.00,0.00,0.00,0.00,0.00,0.00,0.00,1.41,1.33,1.42,1.46,1.25,0.79,0.66,0.55,0.38,0.39,0.54,0.70,0.69,0.78,0.64,0.68,0.71,0.87,0.68,0.48,0.61,0.69,0.69,0.61,0.45,0.49
price/tangible book ratio,0.00,0.00,0.00,0.00,0.00,0.00,0.00,5.55,4.98,4.97,4.95,3.80,2.30,1.86,1.49,1.12,1.05,1.44,1.78,1.81,2.06,1.61,1.63,1.65,1.99,1.68,1.18,1.52,1.72,1.65,1.64,1.23,1.33
purchase of  short-term investments,0.0,0.0,0.0,0.0,0.0,0.0,0.0,0.0,0.0,0.0,0.0,0.0,0.0,0.0,0.0,0.0,0.0,0.0,0.0,0.0,0.0,0.0,0.0,0.0,0.0,0.0,0.0,0.0,0.0,0.0,0.0,0.0,0.0
purchase of long-term investments,0.0,0.0,0.0,0.0,0.0,0.0,0.0,0.0,0.0,0.0,0.0,0.0,-0.5,-1.0,-3.6,-3.6,0.0,0.0,0.0,0.0,0.0,0.0,0.0,0.0,0.0,0.0,0.0,0.0,0.0,0.0,0.0,0.0,0.0
quarterly indicator,1,2,3,4,1,2,3,4,1,2,3,4,1,2,3,4,1,2,3,4,1,2,3,4,1,2,3,4,1,2,3,4,1
quick ratio,0.0,0.0,0.0,1.1,1.2,0.8,0.7,0.8,0.8,0.7,0.7,0.6,0.7,0.6,0.6,0.6,0.5,0.5,0.5,0.6,0.4,0.4,0.4,0.6,0.5,0.7,0.6,0.5,0.6,0.6,0.8,0.8,0.8
receivables,0.0,0.0,0.0,98.8,175.0,263.7,215.7,264.9,315.8,353.0,339.5,279.0,379.7,345.1,294.7,262.0,351.2,357.5,270.6,205.9,235.1,270.1,290.0,246.1,285.4,347.9,333.2,267.2,414.4,470.2,644.5,420.7,587.3
receivables as % of revenue,0.0,0.0,0.0,8.2,10.5,11.9,7.8,8.3,9.4,9.9,9.1,7.2,9.6,8.5,7.2,6.9,9.7,9.9,7.4,5.0,5.6,6.4,6.9,5.9,6.8,7.6,7.1,5.5,8.2,9.5,12.4,7.8,10.5
receivables per day sales,0.00,0.00,0.00,29.45,37.91,42.99,27.97,29.73,33.89,35.80,32.75,26.02,34.67,30.70,25.84,25.01,34.90,35.55,26.71,18.17,19.99,22.98,24.98,21.23,24.59,27.30,25.44,19.78,29.37,34.16,44.70,28.06,37.93
receivables turnover,0.0,0.0,0.0,0.0,0.0,0.0,0.0,17.6,13.7,11.5,13.4,14.2,11.3,11.6,12.9,13.9,9.9,10.3,12.9,17.4,14.4,13.5,14.9,18.5,16.1,14.8,15.1,19.0,14.5,12.1,10.6,15.7,11.1
repayment of long-term debt,0.0,0.0,0.0,-5.0,0.0,0.0,0.0,-209.0,-4.7,-10.8,-14.4,-24.7,-3.2,-82.9,-86.9,-190.9,-26.9,-114.1,-323.0,-324.9,-2.0,-5.9,-8.2,-177.6,-2.2,-4.1,-5.3,-38.0,-2.5,-564.3,-567.0,-571.0,-2.6
repurchase of capital stock,0.0,0.0,0.0,0.0,0.0,0.0,0.0,0.0,0.0,0.0,0.0,0.0,0.0,0.0,0.0,0.0,0.0,0.0,0.0,0.0,0.0,0.0,0.0,0.0,0.0,0.0,0.0,0.0,0.0,0.0,0.0,0.0,0.0
restricted cash,0.0,0.0,0.0,0.0,0.0,0.0,0.0,0.0,0.0,0.0,0.0,0.0,0.0,0.0,0.0,0.0,0.0,0.0,0.0,0.0,0.0,0.0,0.0,0.0,0.0,0.0,0.0,0.0,0.0,0.0,0.0,0.0,0.0
retained earnings,0.0,0.0,0.0,-90.3,-27.2,15.8,-4.1,-73.5,-3.7,63.8,147.4,222.9,310.0,396.3,470.3,490.1,552.8,544.5,631.8,681.8,737.3,792.4,838.8,900.7,935.3,965.4,"1,032.7","1,093.1","1,166.7","1,201.6","1,067.2","1,127.9","1,212.8"
revenue per $  plant (net),0.00,0.00,0.00,2.33,2.79,3.53,3.87,4.15,3.99,3.98,3.98,4.01,3.94,3.93,3.90,3.53,3.27,3.10,2.98,3.19,3.21,3.12,3.00,2.84,2.82,3.06,3.06,3.01,3.13,3.05,3.13,3.18,3.24
revenue per $ cash,0.00,0.00,0.00,5.00,7.03,17.57,14.69,17.40,21.32,27.95,35.41,28.94,19.39,27.45,23.11,17.42,31.34,40.72,17.64,11.05,22.69,35.98,63.03,8.66,13.44,29.77,34.10,27.36,37.88,27.51,23.41,12.25,17.80
revenue per $ common equity,0.00,0.00,0.00,3.71,4.45,5.16,5.89,3.73,3.59,3.36,3.27,3.05,2.92,2.80,2.72,2.91,2.66,2.64,2.51,2.59,2.61,2.49,2.37,2.30,2.25,2.43,2.41,2.48,2.48,2.38,2.65,2.70,2.69
revenue per $ invested capital,0.00,0.00,0.00,1.17,1.54,1.95,2.37,2.21,2.20,2.16,2.17,2.09,1.97,1.99,1.96,2.01,1.79,1.72,1.56,1.66,1.69,1.64,1.51,1.39,1.37,1.49,1.50,1.56,1.59,1.52,1.66,1.71,1.72
revenue per share,0.00,0.00,0.00,9.84,40.39,17.82,22.34,23.81,24.03,25.44,26.76,27.67,28.24,28.92,29.35,26.96,25.85,25.67,25.86,28.98,30.09,29.96,29.42,29.36,29.36,32.13,33.01,34.04,35.55,34.49,36.14,37.56,38.80
revenue/assets,0.0,0.0,0.0,0.7,0.9,1.0,1.2,1.2,1.2,1.2,1.2,1.2,1.1,1.1,1.1,1.0,0.9,0.9,0.9,0.9,1.0,0.9,0.9,0.8,0.8,0.9,0.9,1.0,1.0,0.9,1.0,1.0,1.0
sale of long-term investments,0.0,0.0,0.0,0.0,0.0,0.0,0.0,0.0,0.0,0.0,0.0,0.0,0.0,0.0,0.0,116.1,28.8,57.7,86.5,115.4,0.0,0.0,0.0,0.0,0.0,0.0,0.0,0.0,0.0,0.0,0.0,0.0,0.0
sale of short-term investments,0.0,0.0,0.0,0.0,0.0,0.0,0.0,0.0,0.0,0.0,0.0,0.0,0.0,0.0,0.0,0.0,0.0,0.0,0.0,0.0,0.0,0.0,0.0,0.0,0.0,0.0,0.0,0.0,0.0,0.0,0.0,0.0,0.0
sales per $ inventory,0.00,0.00,0.00,2.36,3.09,3.60,3.79,3.64,3.54,3.23,3.11,2.88,2.63,2.45,2.32,2.00,1.71,1.73,1.65,1.85,1.85,1.78,1.69,1.66,1.58,1.88,1.83,1.85,1.85,1.77,2.19,2.24,2.24
sales per $ receivables,0.00,0.00,0.00,12.22,9.50,8.37,12.87,12.11,10.62,10.06,10.99,13.84,10.38,11.73,13.93,14.40,10.32,10.13,13.48,19.81,18.01,15.66,14.41,16.95,14.64,13.19,14.15,18.20,12.26,10.54,8.05,12.83,9.49
sales per employee,None,None,None,104103,None,None,None,270806,None,None,None,294965,None,None,None,286567,None,None,None,331181,None,None,None,326632,None,None,None,349110,None,None,None,369124,None
shares out (common class only),122.7,122.7,122.7,122.7,41.1,123.9,124.3,134.7,139.6,139.6,139.5,139.5,139.6,139.9,139.9,139.9,140.2,141.1,141.0,140.7,140.7,141.2,142.1,142.1,142.3,142.8,142.9,142.9,142.9,143.7,143.7,143.7,143.7
short-term debt,0.0,0.0,0.0,11.6,13.1,14.2,23.2,23.9,24.9,23.8,22.8,16.0,13.4,168.7,8.1,7.1,6.7,6.3,6.7,9.1,9.0,6.7,7.9,9.5,9.7,9.6,14.7,48.9,42.3,10.4,10.7,10.3,10.1
special income charges,0.0,0.0,0.0,0.0,0.0,0.0,0.0,0.0,0.0,0.0,0.0,0.0,0.0,0.0,0.0,0.0,0.0,0.0,0.0,0.0,0.0,0.0,0.0,0.0,0.0,0.0,0.0,0.0,0.0,0.0,0.0,146.2,0.0
tangible book value per share,0.00,0.00,0.00,2.66,9.08,3.45,3.79,6.03,6.39,7.25,7.87,9.08,9.66,10.32,10.78,9.07,9.53,9.54,10.13,11.00,11.36,11.87,12.23,12.59,12.90,13.10,13.56,13.63,14.21,14.40,13.55,13.80,14.33
total assets per share,0.00,0.00,0.00,13.50,44.92,17.04,18.79,20.21,20.34,21.86,22.70,23.94,26.51,26.77,27.61,26.88,28.70,28.79,30.37,31.79,31.56,32.17,32.72,35.90,36.07,33.99,34.94,35.29,36.74,37.88,37.41,37.69,38.52
total capitalization,0.0,0.0,0.0,"1,035.8","1,080.4","1,134.6","1,170.4","1,453.3","1,525.5","1,640.3","1,722.5","1,845.6","2,005.8","2,029.7","2,092.4","1,877.9","2,018.5","2,103.6","2,332.3","2,458.0","2,509.8","2,585.8","2,775.9","2,997.7","3,042.6","3,075.6","3,144.5","3,116.2","3,198.6","3,251.6","3,129.6","3,162.3","3,233.8"
total debt as % total assets,0.0,0.0,0.0,80.3,79.8,79.7,79.8,68.4,67.1,65.4,64.0,62.1,63.5,61.5,60.9,65.5,66.1,66.2,66.0,64.8,63.5,62.6,62.1,64.5,63.8,61.1,60.8,61.0,61.0,61.7,63.5,63.1,62.6
total debt/equity ratio,0.00,0.00,0.00,2.21,1.93,1.68,1.53,0.72,0.66,0.58,0.53,0.47,0.49,0.52,0.39,0.45,0.49,0.54,0.61,0.57,0.55,0.53,0.58,0.66,0.64,0.63,0.62,0.61,0.58,0.57,0.60,0.59,0.57
total non-current assets,0.0,0.0,0.0,794.5,889.5,"1,088.8","1,181.6","1,301.7","1,341.9","1,379.3","1,448.3","1,497.1","1,534.1","1,510.4","1,540.6","1,327.0","1,361.3","1,442.9","1,522.6","1,620.9","1,658.0","1,688.3","1,742.4","1,807.3","1,799.6","1,822.5","1,849.9","1,886.6","1,891.9","1,889.6","2,032.9","2,059.9","2,054.6"
total ordinary shares,0.0,0.0,0.0,0.0,0.0,0.0,0.0,0.0,0.0,0.0,0.0,0.0,0.0,0.0,0.0,0.0,0.0,0.0,0.0,0.0,0.0,0.0,0.0,0.0,0.0,0.0,0.0,0.0,0.0,0.0,0.0,0.0,0.0
total revenue,216.7,216.7,216.7,0.0,670.8,763.1,785.3,851.8,954.1,958.8,967.5,980.4,"1,036.4","1,062.1","1,027.2",646.1,887.4,"1,059.6","1,053.8","1,077.7","1,043.3","1,056.0","1,002.0","1,071.1","1,049.6","1,465.6","1,129.7","1,218.9","1,265.8","1,341.0","1,365.3","1,425.6","1,442.2"
treasury shares,0.0,0.0,0.0,0.0,0.0,0.0,0.0,0.0,0.0,0.0,0.0,0.0,0.0,0.0,0.0,0.0,0.0,0.0,0.0,0.0,0.0,0.0,0.0,0.0,0.0,0.0,0.0,0.0,0.0,0.0,0.0,0.0,0.0
treasury stock,0.0,0.0,0.0,0.0,0.0,0.0,0.0,0.0,0.0,0.0,0.0,0.0,0.0,0.0,0.0,0.0,0.0,0.0,0.0,0.0,0.0,0.0,0.0,0.0,0.0,0.0,0.0,0.0,0.0,0.0,0.0,0.0,0.0
working capital,0.0,0.0,0.0,550.6,604.4,546.7,583.5,850.8,908.7,"1,023.6","1,071.0","1,167.8","1,312.5","1,435.8","1,472.2","1,690.0","1,755.0","1,729.2","1,889.7","1,870.7","1,818.3","1,862.4","1,988.6","2,129.9","2,199.3","2,271.7","2,318.4","2,242.3","2,445.2","2,529.8","2,303.4","2,288.4","2,342.7"
working capital as % of price,0.0,0.0,0.0,0.0,0.0,0.0,0.0,18.9,20.4,20.3,19.7,24.3,42.4,53.5,65.5,118.8,125.6,89.2,74.2,66.9,55.3,69.2,70.2,72.0,60.2,72.3,101.8,75.6,70.0,73.9,72.2,93.9,85.9
working capital per share,0.00,0.00,0.00,4.49,14.69,4.41,4.70,6.32,6.51,7.33,7.68,8.37,9.40,10.26,10.52,12.08,12.52,12.26,13.40,13.29,12.92,13.19,14.00,14.99,15.45,15.91,16.23,15.70,17.11,17.61,16.03,15.93,16.31
working captial as % of equity,0.0,0.0,0.0,169.0,161.7,127.8,123.9,99.0,97.2,97.0,93.9,92.2,97.1,99.5,97.6,130.3,128.8,125.9,129.8,118.9,112.1,109.6,113.0,117.6,118.5,120.2,118.6,114.2,119.5,121.4,117.4,114.6,113.1
