,2004/12,2005/12,2006/03,2006/06,2006/09,2006/12,2007/03,2007/06,2007/09,2007/12,2008/03,2008/06,2008/09,2008/12,2009/03,2009/06,2009/09,2009/12,2010/03,2010/06,2010/09,2010/12,2011/03,2011/06,2011/09,2011/12,2012/03,2012/06,2012/09,2012/12,2013/03
% of EPS-to-Industry,180.8,148.3,0.0,0.0,0.0,144.8,138.2,133.7,139.3,150.0,154.7,192.0,241.1,124.1,123.3,123.9,102.9,85.2,87.2,92.9,95.4,175.7,176.0,175.4,182.4,101.8,104.7,110.0,114.5,114.3,114.1
% of PE-to-Industry,0.0,0.0,0.0,0.0,0.0,64.6,72.6,84.5,89.6,103.5,104.1,79.2,66.2,79.5,75.5,67.6,92.8,113.6,105.0,101.4,98.5,56.1,60.7,62.3,58.6,96.6,97.8,105.3,101.3,99.4,97.2
% of ROE-to-Industry,121.8,1745.7,0.0,0.0,0.0,107.1,106.2,103.0,102.5,105.5,113.8,141.6,182.5,101.2,100.8,90.4,72.1,94.1,97.4,98.2,97.9,154.6,168.9,178.4,241.5,0.0,7.1,10.2,10.5,116.7,109.4
% of current ratio-to-industry,73.3,33.3,100.0,158.3,200.0,155.6,214.3,214.3,175.0,133.3,175.0,162.5,150.0,144.4,150.0,170.0,188.9,140.0,80.0,120.0,136.4,190.9,222.2,150.0,140.0,118.2,130.0,118.2,120.0,118.2,136.4
% of debt/equity-to-industry,400.0,8350.0,466.7,444.4,390.0,390.0,411.1,422.2,164.0,144.4,150.0,162.5,165.2,27.0,27.7,29.5,30.5,32.7,9.7,26.6,27.4,30.9,35.8,39.6,40.0,36.4,37.4,35.5,35.5,41.7,39.4
% of earnings-to-industry,28.5,23.2,0.0,0.0,0.0,26.1,25.7,25.0,26.2,27.9,28.7,35.5,44.5,4.0,3.9,3.6,3.1,3.8,3.9,4.1,4.3,7.6,7.4,7.3,9.4,0.0,0.3,0.4,0.4,4.1,3.9
% of gross profit margin-to-industry,127.3,123.3,0.0,0.0,0.0,156.9,158.3,160.5,147.4,159.5,141.7,110.9,413.8,84.1,87.8,95.8,100.3,86.0,87.1,88.2,87.2,84.7,82.3,80.4,78.1,79.8,78.9,77.7,77.8,78.3,78.6
% of leverage-to-industry,121.4,1845.5,144.4,100.0,88.9,94.4,89.5,89.5,85.0,85.7,85.0,85.0,85.0,54.8,53.3,55.2,60.7,60.7,66.7,66.7,66.7,60.7,60.7,64.3,64.3,65.5,65.5,65.5,63.3,67.9,64.3
% of net profit margin-to-industry,182.1,155.4,0.0,0.0,0.0,188.0,184.0,178.2,184.4,184.4,198.6,244.8,310.6,195.8,187.8,177.9,148.2,150.0,149.4,148.4,147.3,257.6,249.0,239.6,308.8,0.0,8.5,11.7,13.2,133.7,129.0
% of post-tax profit margin-to-industry,182.1,155.4,0.0,0.0,0.0,188.0,184.0,178.2,184.4,184.4,198.6,244.8,310.6,195.8,190.4,177.9,148.2,150.0,149.4,148.4,147.3,257.6,249.0,239.6,308.8,0.0,8.5,11.7,13.2,133.7,127.7
% of pre-tax profit margin-to-industry,174.0,142.0,0.0,0.0,0.0,172.2,176.0,177.0,178.5,179.2,191.0,236.7,305.6,199.0,195.3,182.1,169.7,169.6,169.3,169.0,161.5,238.6,230.0,219.9,219.0,134.5,129.5,128.8,126.0,126.6,128.8
% of pric/free cashlow-to-industry,0.0,0.0,-108.8,-66.8,-311.7,108.9,-43.6,174.6,59.6,55.8,-258.0,494.9,123.0,96.1,-155.0,125.8,96.1,108.6,172.7,91.5,60.3,74.5,-59.5,-110.9,622.1,211.8,-71.7,54.5,54.1,67.6,-12.3
% of price-to-industry,0.0,0.0,90.7,89.0,99.2,93.3,100.2,113.0,125.0,155.3,161.2,152.3,160.3,98.0,93.0,83.8,96.1,97.0,91.6,94.0,94.0,98.4,107.0,109.0,106.6,98.3,102.4,115.9,116.0,113.3,111.1
% of price/book-to-industry,0.0,0.0,79.7,74.0,75.6,73.5,79.1,89.1,93.2,112.0,126.7,115.3,123.3,121.8,116.9,101.2,107.2,110.5,106.3,105.2,105.4,85.5,99.5,113.0,115.8,101.4,108.4,119.1,113.6,115.1,112.0
% of price/cashflow-to-industry,0.0,0.0,0.0,0.0,0.0,87.7,96.9,112.2,121.1,136.6,148.0,122.0,116.6,152.1,136.4,120.6,139.0,136.7,124.3,122.6,122.4,69.2,74.1,77.9,65.6,443.1,370.1,386.3,375.7,110.7,114.6
% of price/sales-to-industry,0.0,0.0,0.0,0.0,0.0,129.2,138.1,154.9,168.0,197.3,221.0,197.8,209.8,236.4,218.3,198.5,220.4,176.2,162.5,160.0,158.6,142.1,147.2,151.9,148.6,126.4,126.8,143.2,139.5,131.1,131.9
% of sales-to-industry,15.6,14.9,0.0,0.0,0.0,13.8,13.9,13.9,14.2,15.0,14.5,14.6,14.3,2.1,2.1,2.0,2.1,2.6,2.6,2.8,2.9,2.9,3.0,3.1,3.0,3.0,3.1,3.1,3.2,3.1,3.0
(increase) decrease in inventories,-7.3,-3.6,0.0,0.0,0.0,-9.4,0.0,0.0,0.0,-8.4,0.0,0.0,0.0,-3.0,-5.2,6.5,8.4,1.0,-11.7,-25.8,-34.0,-29.3,-19.4,-39.2,-39.7,-31.4,-11.2,7.2,26.7,33.6,-5.2
(increase) decrease in other current assets,0.4,0.0,0.0,0.0,0.0,0.0,0.0,0.0,0.0,-38.1,0.0,0.0,0.0,-19.6,22.3,21.8,45.3,0.8,26.9,10.1,45.0,0.0,-2.1,0.0,-2.0,-62.0,44.7,42.6,0.0,0.0,0.0
(increase) decrease in prepaid expenses,0.0,0.0,0.0,0.0,0.0,0.0,0.0,0.0,0.0,0.0,0.0,0.0,0.0,0.0,0.0,0.0,0.0,0.0,0.0,0.0,0.0,0.0,0.0,0.0,0.0,0.0,0.0,0.0,0.0,0.0,0.0
(increase) decrease in receivables,15.2,-4.1,0.0,0.0,0.0,-20.8,0.0,0.0,0.0,3.2,0.0,0.0,0.0,-42.1,5.0,17.4,-1.2,-13.1,15.5,18.8,36.0,-10.9,1.0,-80.0,6.1,2.1,-19.8,-31.9,-3.0,-1.4,-37.2
Basic EPS (Continuing),0.00,0.00,0.33,0.35,0.24,0.08,0.27,0.34,0.36,0.41,0.32,0.40,0.40,0.17,0.29,0.37,0.32,0.50,0.44,0.51,0.42,2.22,0.49,0.60,0.63,0.66,0.57,0.69,0.69,0.64,0.55
Basic EPS (Cum. Effect of Acct. Change),0.00,0.00,0.00,0.00,0.00,0.00,0.00,0.00,0.00,0.00,0.00,0.00,0.00,0.00,0.00,0.00,0.00,0.00,0.00,0.00,0.00,0.00,0.00,0.00,0.00,0.00,0.00,0.00,0.00,0.00,0.00
Basic EPS (Discontinued),0.00,0.00,0.00,0.00,0.00,0.00,0.00,0.00,0.00,0.00,0.00,0.00,0.00,0.00,0.00,0.00,0.00,0.00,0.00,0.00,0.00,0.00,0.00,0.00,0.00,0.00,0.00,0.00,0.00,0.00,0.00
Basic EPS (Extraordinary Items),0.00,0.00,0.00,0.00,0.00,0.00,0.00,0.00,0.00,0.00,0.00,0.00,0.00,0.00,0.00,0.00,0.00,0.00,0.00,0.00,0.00,0.00,0.00,0.00,0.00,0.00,0.00,0.00,0.00,0.00,0.00
Basic EPS (Other Gains/Losses),0.00,0.00,0.00,0.00,0.00,0.00,0.00,0.00,0.00,0.00,0.00,0.00,0.00,0.00,0.00,0.00,0.00,0.00,0.00,0.00,0.00,0.00,0.00,0.00,0.00,0.00,0.00,0.00,0.00,0.00,0.00
Basic EPS (Tax Loss Carry Forward),0.00,0.00,0.00,0.00,0.00,0.00,0.00,0.00,0.00,0.00,0.00,0.00,0.00,0.00,0.00,0.00,0.00,0.00,0.00,0.00,0.00,0.00,0.00,0.00,0.00,0.00,0.00,0.00,0.00,0.00,0.00
Close PE Ratio,0.0,0.0,0.0,0.0,0.0,24.1,26.2,26.7,27.4,25.6,23.6,19.1,19.1,22.7,20.0,19.8,24.4,19.4,19.9,18.0,19.5,11.5,12.5,13.2,11.8,21.1,21.9,20.9,20.1,18.9,21.3
Diluted EPS (Continuing),0.00,0.00,0.33,0.35,0.24,0.30,0.27,0.34,0.36,0.42,0.32,0.40,0.40,0.17,0.29,0.37,0.32,0.51,0.44,0.51,0.41,2.21,0.49,0.60,0.63,0.65,0.56,0.68,0.69,0.63,0.55
Diluted EPS (Cum. Effect of Acct. Change),0.00,0.00,0.00,0.00,0.00,0.00,0.00,0.00,0.00,0.00,0.00,0.00,0.00,0.00,0.00,0.00,0.00,0.00,0.00,0.00,0.00,0.00,0.00,0.00,0.00,0.00,0.00,0.00,0.00,0.00,0.00
Diluted EPS (Discontinued),0.00,0.00,0.00,0.00,0.00,0.00,0.00,0.00,0.00,0.00,0.00,0.00,0.00,0.00,0.00,0.00,0.00,0.00,0.00,0.00,0.00,0.00,0.00,0.00,0.00,0.00,0.00,0.00,0.00,0.00,0.00
Diluted EPS (Extraordinary),0.00,0.00,0.00,0.00,0.00,0.00,0.00,0.00,0.00,0.00,0.00,0.00,0.00,0.00,0.00,0.00,0.00,0.00,0.00,0.00,0.00,0.00,0.00,0.00,0.00,0.00,0.00,0.00,0.00,0.00,0.00
Diluted EPS (Other Gains/Losses),0.00,0.00,0.00,0.00,0.00,0.00,0.00,0.00,0.00,0.00,0.00,0.00,0.00,0.00,0.00,0.00,0.00,0.00,0.00,0.00,0.00,0.00,0.00,0.00,0.00,0.00,0.00,0.00,0.00,0.00,0.00
Diluted EPS (Tax Loss Carry Forward),0.00,0.00,0.00,0.00,0.00,0.00,0.00,0.00,0.00,0.00,0.00,0.00,0.00,0.00,0.00,0.00,0.00,0.00,0.00,0.00,0.00,0.00,0.00,0.00,0.00,0.00,0.00,0.00,0.00,0.00,0.00
Dividends Paid Per Share (YTD),0.00,0.00,0.00,0.00,0.06,0.12,0.06,0.12,0.19,0.26,0.09,0.18,0.27,0.34,0.08,0.17,0.26,0.36,0.13,0.25,0.37,0.50,0.17,0.35,0.52,0.69,0.21,0.42,0.63,0.84,0.25
EPS from Total Operations (YTD),1.07,1.02,0.33,0.71,0.94,1.20,0.27,0.63,1.02,1.44,0.32,0.73,1.10,1.27,0.29,0.69,1.06,1.57,0.44,0.94,1.37,3.58,0.49,1.09,1.65,2.30,0.56,1.24,1.98,2.60,0.55
High PE Ratio,0.0,0.0,0.0,0.0,0.0,27.5,27.6,28.4,27.7,27.7,27.7,26.6,25.8,29.5,28.0,26.0,26.0,19.6,20.7,19.8,20.1,11.7,13.0,13.8,13.0,22.6,22.7,23.2,22.6,22.5,22.9
"Income, Restructuring and M&A;",0.0,0.0,0.0,0.0,0.0,0.0,0.0,0.0,0.0,0.0,0.0,0.0,0.0,0.0,0.0,0.0,0.0,0.0,0.0,0.0,0.0,0.0,0.0,0.0,0.0,0.0,0.0,0.0,0.0,0.0,0.0
LT-Debt as % of Invested Capital,19.5,62.6,29.8,28.6,27.8,27.9,26.9,27.5,28.9,28.3,28.1,28.0,27.7,25.6,24.9,24.7,24.4,25.6,8.2,20.2,20.6,22.9,25.2,27.5,27.7,28.0,28.7,28.3,28.2,30.1,29.2
LT-Debt as % of Total Debt,33.6,4.2,26.3,62.9,61.2,54.2,56.4,53.9,56.4,49.7,56.6,54.8,54.1,45.9,52.2,52.1,49.4,48.7,11.9,33.6,32.6,40.9,47.1,45.1,46.8,42.5,45.0,45.6,44.4,46.6,50.5
LT-Debt to Equity Ratio,0.24,1.67,0.42,0.40,0.39,0.39,0.37,0.38,0.41,0.39,0.39,0.39,0.38,0.34,0.33,0.33,0.32,0.34,0.09,0.25,0.26,0.30,0.34,0.38,0.38,0.39,0.40,0.39,0.39,0.43,0.41
Low PE Ratio,0.0,0.0,0.0,0.0,0.0,19.8,20.5,20.7,20.2,19.8,20.9,18.4,17.0,15.8,15.8,16.2,17.3,14.1,14.5,13.6,14.7,7.9,8.2,8.5,9.2,17.7,17.1,16.6,17.4,17.5,17.8
Net Income from Total Operations (YTD),170.9,164.3,54.5,125.4,171.6,222.8,51.4,119.0,195.1,271.4,60.1,134.4,202.5,233.9,52.6,124.2,192.1,283.0,77.4,164.1,239.2,647.0,83.0,183.6,269.7,0.0,90.1,196.0,312.1,409.9,85.5
Normalized Close PE Ratio,0.0,0.0,0.0,0.0,0.0,24.1,26.2,26.7,27.4,25.6,23.6,19.1,19.1,21.1,18.5,18.3,22.6,19.4,19.9,18.0,18.4,11.0,12.0,12.6,11.6,0.0,21.6,20.6,20.1,18.9,21.4
Normalized High PE Ratio,0.0,0.0,0.0,0.0,0.0,27.5,27.6,28.4,27.7,27.7,27.7,26.6,25.8,27.4,26.0,24.1,24.1,19.6,20.7,19.8,19.0,11.2,12.4,13.2,12.8,0.0,22.3,22.9,22.6,22.5,23.0
Normalized Low PE Ratio,0.0,0.0,0.0,0.0,0.0,19.8,20.5,20.7,20.2,19.8,20.9,18.4,17.0,14.6,14.6,15.0,16.0,14.1,14.5,13.6,13.9,7.6,7.9,8.2,9.1,0.0,16.8,16.4,17.4,17.5,17.9
Normalized ROA,11.7,15.3,0.0,0.0,0.0,14.9,15.5,13.9,14.4,15.0,16.1,16.3,17.1,15.4,16.3,14.3,11.9,14.8,14.8,15.7,16.7,27.2,30.1,31.8,34.9,0.0,1.0,1.3,1.6,17.9,17.9
Normalized ROCI,16.2,231.9,0.0,0.0,0.0,18.4,18.8,17.2,17.6,19.3,19.5,20.1,21.1,20.0,20.0,17.6,14.9,18.9,23.8,22.0,23.9,36.2,38.6,42.5,45.9,0.0,1.3,1.8,2.2,24.0,23.1
Normalized ROE,20.1,620.1,0.0,0.0,0.0,25.5,25.7,23.8,24.8,26.9,27.2,27.9,29.2,26.8,26.6,23.4,19.7,25.4,26.0,27.6,30.0,47.0,51.6,58.6,63.5,0.0,1.8,2.5,3.1,34.3,32.6
Return on Assets (ROA),11.7,12.0,0.0,0.0,0.0,14.9,15.5,13.9,14.4,15.0,16.1,16.3,17.1,14.3,15.1,13.3,11.0,14.8,14.8,15.7,15.8,26.1,28.9,30.5,34.5,0.0,0.9,1.3,1.6,17.9,18.0
Return on Capital Invested (ROCI),16.2,181.5,0.0,0.0,0.0,18.4,18.8,17.2,17.6,19.3,19.5,20.1,21.1,18.6,18.6,16.3,13.7,18.9,23.8,22.0,22.5,34.7,37.0,40.7,45.4,0.0,1.3,1.8,2.2,24.0,23.1
Return on Stock Equity (ROE),20.1,485.3,0.0,0.0,0.0,25.5,25.7,23.8,24.8,26.9,27.2,27.9,29.2,25.0,24.8,21.7,18.2,25.4,26.0,27.6,28.3,45.0,49.5,56.2,62.8,0.0,1.8,2.5,3.1,34.3,32.6
Revenue (YTD),"1,115.3","1,274.4",319.2,698.8,"1,067.5","1,424.6",368.2,837.4,"1,389.1","1,908.9",447.5,954.1,"1,390.3","1,679.3",401.7,915.9,"1,522.0","2,141.3",571.5,"1,159.7","1,834.7","2,536.1",662.1,"1,390.0","1,997.9","2,794.3",722.4,"1,482.6","2,353.5","3,136.7",719.9
accounts payable,78.9,94.7,70.5,75.8,79.3,99.2,77.3,93.4,98.3,134.3,97.3,106.9,102.7,129.2,88.5,98.1,142.5,123.7,119.2,121.6,109.2,142.4,139.3,163.5,119.9,174.3,126.6,131.0,134.6,127.0,98.9
accounts receivable,67.4,73.7,76.6,114.0,82.8,94.8,99.0,110.5,108.9,105.6,101.6,120.6,110.9,131.1,121.7,119.4,148.8,163.1,160.4,151.9,134.7,182.0,184.9,265.7,166.1,170.1,187.9,197.4,175.5,111.9,207.8
accrued expenses,110.0,120.3,79.4,55.1,65.5,96.4,57.5,76.5,91.2,0.0,0.0,0.0,0.0,0.0,0.0,0.0,0.0,0.0,0.0,0.0,0.0,0.0,0.0,0.0,0.0,0.0,0.0,0.0,0.0,0.0,0.0
accrued liabilities,0.0,0.0,0.0,0.0,0.0,0.0,0.0,0.0,0.0,149.3,78.7,91.5,90.1,106.0,78.8,93.3,110.4,126.5,116.9,142.5,179.5,230.2,160.8,161.2,168.0,198.7,245.3,244.8,190.9,264.2,194.3
accumulated depreciation,254.8,312.1,0.0,0.0,0.0,365.4,369.1,400.5,365.4,484.0,484.0,472.3,451.6,476.5,0.0,0.0,0.0,626.7,0.0,0.0,0.0,725.7,0.0,0.0,0.0,810.5,0.0,0.0,0.0,940.1,0.0
acquisitions,-50.7,0.0,0.0,0.0,0.0,0.0,0.0,0.0,0.0,0.0,0.0,0.0,0.0,0.7,0.0,0.0,0.0,0.0,0.0,0.0,0.0,0.0,0.0,0.0,0.0,0.0,0.0,0.0,0.0,0.0,0.0
additional paid-in capital,194.6,69.9,786.8,822.7,821.1,788.0,797.0,864.8,926.3,937.5,906.6,913.1,874.5,763.4,736.8,798.8,868.9,0.0,0.0,1.8,2.8,0.0,0.8,5.0,5.9,6.2,9.2,11.0,12.9,11.0,11.3
adjustments to revenue,0.0,0.0,0.0,0.0,0.0,0.0,0.0,0.0,0.0,0.0,0.0,0.0,0.0,0.0,0.0,0.0,0.0,0.0,0.0,0.0,0.0,0.0,0.0,0.0,0.0,0.0,0.0,0.0,0.0,0.0,0.0
advertising,0.0,0.0,0.0,0.0,0.0,0.0,0.0,0.0,0.0,0.0,0.0,0.0,0.0,0.0,0.0,0.0,0.0,0.0,0.0,0.0,0.0,0.0,0.0,0.0,0.0,0.0,0.0,0.0,0.0,0.0,0.0
amortization,0.0,0.0,0.0,0.0,0.0,0.0,0.0,0.0,0.0,0.0,0.0,0.0,0.0,0.0,0.0,0.0,0.0,0.0,0.0,0.0,0.0,0.0,-2.1,-4.3,-6.0,-8.1,0.0,0.0,0.0,0.0,0.0
amortization of intangibles,0.0,0.0,0.0,0.0,0.0,0.0,0.0,0.0,0.0,0.0,0.0,0.0,0.0,0.0,0.0,0.0,0.0,0.0,0.0,0.0,0.0,0.0,0.0,0.0,0.0,0.0,0.0,0.0,0.0,0.0,0.0
asset turnover,0.0,0.9,0.0,0.0,0.0,1.0,0.9,1.0,1.1,1.2,1.2,1.2,1.2,1.0,1.0,1.0,1.0,1.2,1.3,1.3,1.2,1.2,1.2,1.3,1.4,1.2,1.3,1.4,1.5,1.4,1.4
auditor name,None,None,None,None,None,None,None,None,None,None,None,None,None,None,None,None,None,None,None,None,None,None,None,None,None,None,None,None,None,None,None
auditor report,None,None,None,None,None,None,None,None,None,None,None,None,None,None,None,None,None,None,None,None,None,None,None,None,None,None,None,None,None,None,None
basic earnings indicator,N,N,Y,Y,Y,Y,Y,Y,Y,Y,Y,Y,Y,Y,Y,Y,Y,Y,Y,Y,Y,Y,Y,Y,Y,Y,Y,Y,Y,Y,Y
book value per share,5.32,0.21,4.10,4.57,4.72,4.57,4.61,4.90,5.20,5.41,5.09,5.43,5.34,5.16,5.17,5.74,6.34,6.31,6.42,6.56,6.72,8.43,7.95,7.31,6.94,7.17,7.14,7.27,7.69,7.80,7.99
building and improvements,596.3,688.7,0.0,0.0,0.0,817.5,0.0,0.0,0.0,"1,027.9",0.0,0.0,0.0,"1,060.3",0.0,0.0,0.0,"1,289.1",0.0,0.0,0.0,"1,411.5",0.0,0.0,0.0,"1,529.4",0.0,0.0,0.0,"1,489.2",0.0
capital lease obligations,39.7,38.4,37.9,39.4,38.8,38.4,38.8,43.8,49.6,52.9,53.3,53.2,54.4,48.5,47.4,52.1,57.8,64.1,65.9,64.8,67.9,82.2,88.2,89.6,84.1,92.9,97.3,96.0,101.6,104.9,106.0
cash as % of revenue,9.7,12.6,0.0,0.0,0.0,10.6,4.8,5.9,6.5,8.3,4.0,3.6,3.3,5.0,2.7,7.4,11.8,4.6,4.5,6.4,7.7,22.6,12.3,3.6,3.1,4.4,2.0,1.9,4.4,3.9,2.4
cash at beginning of period,71.8,111.2,159.4,166.9,166.6,159.8,152.7,165.7,177.2,177.3,153.2,154.9,148.1,129.5,80.5,87.5,95.1,97.1,119.3,115.4,117.9,121.6,591.0,593.0,553.5,562.5,126.7,124.5,128.9,127.2,118.2
cash end of period,107.8,160.1,837.6,120.3,166.0,151.2,71.9,92.8,110.7,158.7,75.4,70.9,63.5,83.5,44.9,122.3,200.0,98.6,98.2,149.4,189.7,574.3,322.4,99.3,87.8,123.9,57.9,56.8,137.7,120.8,73.5
cash flow,228.4,226.2,0.0,0.0,0.0,285.2,286.8,281.7,303.1,355.6,351.5,361.9,368.1,308.9,326.3,343.0,353.1,379.9,398.1,423.6,441.9,765.4,768.4,779.5,799.6,105.4,129.4,139.7,162.3,542.7,537.0
cash flow per share,1.43,1.41,0.00,0.00,0.00,1.49,1.51,1.50,1.62,1.91,1.82,1.97,2.02,1.70,1.80,1.89,1.95,2.15,2.27,2.43,2.55,4.49,4.64,4.84,5.05,0.67,0.83,0.90,1.05,3.55,3.50
cash from discontinued financing activities,0.0,0.0,0.0,0.0,0.0,-53.2,0.0,0.0,0.0,0.0,0.0,0.0,0.0,0.0,0.0,0.0,0.0,0.0,0.0,0.0,0.0,0.0,0.0,0.0,0.0,0.0,0.0,0.0,0.0,0.0,0.0
cash from discontinued investing activities,0.0,0.0,0.0,0.0,0.0,0.0,0.0,0.0,0.0,0.0,0.0,0.0,0.0,0.0,0.0,0.0,0.0,0.0,0.0,0.0,0.0,0.0,0.0,0.0,0.0,0.0,0.0,0.0,0.0,0.0,0.0
cash per share,0.67,1.00,4.33,0.62,0.86,0.79,0.38,0.49,0.59,0.85,0.39,0.39,0.35,0.46,0.25,0.68,1.10,0.56,0.56,0.86,1.10,3.37,1.95,0.62,0.55,0.79,0.37,0.37,0.89,0.79,0.48
common par,0.2,0.2,0.2,0.3,0.3,0.2,0.3,0.3,0.3,0.3,0.3,0.3,0.3,0.2,0.2,0.2,0.3,480.3,488.1,469.1,476.4,484.0,484.4,472.7,433.6,438.4,443.4,433.0,446.6,437.3,428.1
common stock equity,851.5,33.9,793.5,884.0,912.5,874.2,874.5,923.2,972.6,"1,009.0",984.2,996.4,972.8,937.1,935.3,"1,038.4","1,147.4","1,116.5","1,126.2","1,142.1","1,162.8","1,436.6","1,316.8","1,178.0","1,099.5","1,128.8","1,115.1","1,126.2","1,188.6","1,193.4","1,225.0"
construction in progress,32.2,75.3,0.0,0.0,0.0,22.7,0.0,0.0,0.0,23.4,0.0,0.0,0.0,29.7,0.0,0.0,0.0,17.1,0.0,0.0,0.0,34.9,0.0,0.0,0.0,30.2,0.0,0.0,0.0,19.1,0.0
cost in excess,0.0,0.0,0.0,0.0,0.0,0.0,0.0,0.0,0.0,0.0,0.0,0.0,0.0,0.0,0.0,0.0,0.0,0.0,0.0,0.0,0.0,0.0,0.0,0.0,0.0,0.0,0.0,0.0,0.0,0.0,0.0
cost of sales,0.0,0.0,195.1,260.0,267.8,73.6,269.7,317.1,362.5,210.0,331.1,361.2,344.3,135.7,278.8,327.6,355.6,427.2,387.2,407.2,439.8,508.1,473.2,509.0,502.2,571.8,522.5,551.8,580.2,557.9,515.7
cost of sales with depreciation,0.0,0.0,195.1,260.0,267.8,136.0,269.7,317.1,362.5,294.2,331.1,361.2,344.3,210.7,298.4,350.9,382.4,454.3,415.5,433.8,470.6,540.9,499.8,536.5,524.7,600.6,553.3,581.6,616.1,594.2,550.8
cumulative translation adjustments,-38.0,-45.5,0.0,0.0,0.0,-65.1,-68.8,-104.6,-137.4,-137.7,-119.9,0.0,0.0,0.0,0.0,0.0,0.0,0.0,0.0,0.0,0.0,0.0,0.0,0.0,0.0,0.0,0.0,0.0,0.0,0.0,0.0
current assets per share,2.63,1.85,5.11,1.61,1.76,1.74,1.39,1.68,1.74,2.17,1.55,1.71,1.64,2.10,1.72,2.13,2.74,2.65,2.57,2.88,4.06,5.92,4.52,3.92,3.26,3.86,3.39,3.32,3.70,4.00,3.57
current defered income taxes,2.7,3.7,5.3,6.0,5.4,5.8,9.1,12.0,14.1,11.3,12.3,11.4,10.0,16.2,13.9,15.4,10.8,3.2,4.4,2.0,2.4,7.0,8.7,7.9,2.4,5.2,7.2,8.0,9.8,7.2,7.6
current deferred income taxes,0.4,0.3,0.2,0.2,1.2,0.0,0.1,0.0,0.0,0.0,0.0,0.0,0.0,0.0,0.0,0.0,0.0,0.4,0.1,0.1,0.1,2.2,0.2,0.3,0.9,0.0,0.0,0.0,0.0,0.2,0.6
current liabilities per share,2.29,7.63,4.67,0.86,0.96,1.24,0.91,1.14,1.25,1.77,1.14,1.33,1.32,1.66,1.16,1.28,1.65,1.83,3.31,2.34,2.66,2.88,2.21,2.55,2.28,2.96,2.70,2.61,2.97,3.04,2.42
current ratio,1.1,0.2,1.1,1.9,1.8,1.4,1.5,1.5,1.4,1.2,1.4,1.3,1.2,1.3,1.5,1.7,1.7,1.4,0.8,1.2,1.5,2.1,2.0,1.5,1.4,1.3,1.3,1.3,1.2,1.3,1.5
decrease (increase) in other current liabilities,0.0,0.0,0.0,0.0,0.0,0.0,0.0,0.0,0.0,0.0,0.0,0.0,0.0,0.0,0.0,0.0,0.0,0.0,0.0,0.0,0.0,0.0,-53.6,-34.0,-40.2,-38.4,-12.6,-8.5,-10.4,-18.2,6.5
decrease (increase) in other working capital,72.0,41.5,-69.2,-121.3,-64.1,-9.1,-49.9,-7.3,42.4,0.4,-42.1,-15.2,0.0,0.0,0.0,0.0,0.0,3.7,0.0,0.0,0.0,-6.9,0.0,-6.1,0.0,0.0,0.0,0.0,46.6,-20.3,46.0
decrease (increase) in payables,33.7,20.1,0.0,0.0,0.0,-20.8,0.0,0.0,0.0,58.9,0.0,0.0,0.0,18.7,-78.7,-70.7,-38.0,-18.8,-55.8,-15.1,7.0,145.5,-81.4,-66.1,-84.4,0.3,-70.6,-63.1,-64.7,6.7,-85.7
deferred income taxes,1.7,-15.8,0.0,0.0,0.0,-5.5,0.0,0.0,0.0,-7.1,0.0,0.0,0.0,-11.3,0.6,3.2,17.5,24.2,1.7,1.4,2.3,1.3,-3.6,-2.8,-3.9,-5.3,0.3,-2.0,-2.4,5.1,-1.1
deferred revenues,0.0,0.0,0.0,0.0,0.0,0.0,0.0,0.0,0.0,0.0,0.0,0.0,0.0,0.0,0.0,0.0,0.0,0.0,0.0,0.0,0.0,0.0,0.0,0.0,0.0,0.0,0.0,0.0,0.0,0.0,0.0
depreciation,57.5,61.9,0.0,0.0,0.0,62.4,0.0,0.0,0.0,84.2,0.0,0.0,0.0,75.0,19.6,43.0,69.8,96.9,28.3,54.9,85.6,118.4,28.8,58.4,82.6,113.5,30.8,60.6,96.6,132.9,35.1
depreciation (unrecognized),0.0,0.0,0.0,0.0,0.0,0.0,0.0,0.0,0.0,0.0,0.0,0.0,0.0,0.0,0.0,0.0,0.0,0.0,0.0,0.0,0.0,0.0,0.0,0.0,0.0,0.0,0.0,0.0,0.0,0.0,0.0
domestic sales,0.0,0.0,0.0,0.0,0.0,0.0,0.0,0.0,0.0,0.0,0.0,0.0,0.0,0.0,0.0,0.0,0.0,0.0,0.0,0.0,0.0,0.0,0.0,0.0,0.0,0.0,0.0,0.0,0.0,0.0,0.0
earnings from equity interest,0.0,0.0,7.2,8.2,8.1,7.3,8.5,8.7,9.9,9.7,7.2,9.8,8.9,-25.2,0.0,0.0,0.0,0.0,0.0,0.0,0.0,0.0,0.0,0.0,0.0,0.0,0.0,0.0,0.0,0.0,0.0
earnings period indicator,F,F,Q,S,N,F,Q,S,N,F,Q,S,N,F,Q,S,N,F,Q,S,N,F,Q,S,N,F,Q,S,N,F,Q
effect exchange rate changes,-0.8,1.7,-4.1,-30.6,-30.2,-26.5,-0.3,-4.5,-7.2,-9.5,1.5,1.3,1.9,8.7,1.0,-1.3,-4.8,-8.9,-2.3,0.2,-1.3,-3.2,-1.6,-1.6,2.4,1.2,-1.0,-0.2,-1.6,-1.1,0.7
effective tax rate,32.9,30.6,0.0,0.0,0.0,28.0,32.2,35.7,34.4,34.0,33.6,33.5,32.8,32.8,32.9,32.9,39.0,37.4,36.7,35.5,32.1,23.7,23.4,23.4,22.6,29.0,28.7,28.3,27.7,27.7,27.7
excise taxes,0.0,0.0,0.0,0.0,0.0,0.0,0.0,0.0,0.0,0.0,0.0,0.0,0.0,0.0,0.0,0.0,0.0,0.0,0.0,0.0,0.0,0.0,0.0,0.0,0.0,0.0,0.0,0.0,0.0,0.0,0.0
extraordinary gains,0.0,0.0,0.0,0.0,0.0,0.0,0.0,0.0,0.0,0.0,0.0,0.0,0.0,0.0,0.0,0.0,0.0,0.0,0.0,0.0,0.0,0.0,0.0,0.0,0.0,0.0,0.0,0.0,0.0,0.0,0.0
extraordinary income/losses,0.0,0.0,0.0,0.0,0.0,0.0,0.0,0.0,0.0,0.0,0.0,0.0,0.0,0.0,0.0,0.0,0.0,0.0,0.0,0.0,0.0,0.0,0.0,0.0,0.0,0.0,0.0,0.0,0.0,0.0,0.0
foreign sales,0.0,0.0,0.0,0.0,0.0,0.0,0.0,0.0,0.0,0.0,0.0,0.0,0.0,0.0,0.0,0.0,0.0,0.0,0.0,0.0,0.0,0.0,0.0,0.0,0.0,0.0,0.0,0.0,0.0,0.0,0.0
free cash flow,118.2,137.1,-48.8,-62.1,-13.2,44.9,-43.4,20.6,82.2,166.7,-29.9,21.6,78.0,95.7,-22.2,62.0,158.0,176.8,46.1,133.9,280.9,302.3,-104.8,-96.3,28.4,91.4,-15.0,52.4,162.0,190.0,-41.3
free cash flow per share,0.74,0.86,-0.25,-0.32,-0.07,0.24,-0.23,0.11,0.44,0.89,-0.15,0.12,0.43,0.53,-0.12,0.34,0.87,1.00,0.26,0.77,1.62,1.77,-0.63,-0.60,0.18,0.58,-0.10,0.34,1.05,1.24,-0.27
gross fixed assets,"1,012.9","1,225.0",921.3,967.3,988.5,"1,365.0","1,382.0","1,480.8","1,527.9","1,695.6","1,668.1","1,677.8","1,635.9","1,571.7","1,067.0","1,140.6","1,245.2","1,907.2","1,439.2","1,413.1","1,296.8","2,099.2","1,401.3","1,414.8","1,370.7","2,244.2","1,464.0","1,457.1","1,535.0","2,501.5","1,545.8"
gross margin,0.0,0.0,124.1,104.7,102.3,326.8,98.5,120.7,131.1,309.0,116.4,140.6,133.9,153.3,122.9,151.4,171.7,192.2,184.3,199.8,210.0,193.3,188.9,216.6,198.3,224.7,199.9,221.1,237.3,225.3,204.2
gross profit margin,33.1,32.8,0.0,0.0,0.0,43.0,42.1,41.1,39.8,41.8,35.7,35.5,36.0,31.8,33.0,34.1,35.3,31.2,31.8,32.2,32.1,31.1,30.2,29.5,28.6,28.8,28.5,28.2,28.4,28.5,28.7
income before income taxes,0.0,0.0,63.9,85.3,78.7,88.4,78.6,95.5,104.7,113.0,89.6,110.3,109.7,46.7,79.2,100.8,116.4,135.3,120.3,135.7,123.1,467.3,118.2,141.1,140.8,149.2,124.6,148.5,148.7,137.7,118.3
income from cum. effect of acct. change,0.0,0.0,0.0,0.0,0.0,0.0,0.0,0.0,0.0,0.0,0.0,0.0,0.0,0.0,0.0,0.0,0.0,0.0,0.0,0.0,0.0,0.0,0.0,0.0,0.0,0.0,0.0,0.0,0.0,0.0,0.0
income from tax loss carryforward,0.0,0.0,0.0,0.0,0.0,0.0,0.0,0.0,0.0,0.0,0.0,0.0,0.0,0.0,0.0,0.0,0.0,0.0,0.0,0.0,0.0,0.0,0.0,0.0,0.0,0.0,0.0,0.0,0.0,0.0,0.0
income per employee,122064,117371,None,None,None,133836,None,None,None,145140,None,None,None,127198,None,None,None,153574,None,None,None,346739,None,None,None,None,None,None,None,193251,None
income taxes,0.0,0.0,9.5,16.9,32.3,30.2,27.2,32.3,36.9,36.8,29.5,36.6,35.7,15.3,26.3,33.4,58.8,44.0,37.3,40.0,43.9,79.3,34.5,41.5,40.8,42.8,34.5,41.0,39.7,39.8,32.7
"income, acquired in process r&a;",0.0,0.0,0.0,0.0,0.0,0.0,0.0,0.0,0.0,0.0,0.0,0.0,0.0,0.0,0.0,0.0,0.0,0.0,0.0,0.0,0.0,0.0,0.0,0.0,0.0,0.0,0.0,0.0,0.0,0.0,0.0
intangibles,30.3,3.6,3.5,3.5,3.4,3.2,3.1,3.2,3.3,3.2,2.9,2.8,2.6,2.1,2.0,2.0,2.1,5.8,7.8,7.1,5.2,5.3,5.2,5.0,4.5,4.5,4.3,4.0,3.9,3.7,3.4
intangibles as % of book-value,3.6,10.7,0.4,0.4,0.4,0.4,0.4,0.3,0.3,0.3,0.3,0.3,0.3,0.2,0.2,0.2,0.2,0.5,0.7,0.6,0.4,0.4,0.4,0.4,0.4,0.4,0.4,0.4,0.3,0.3,0.3
interest as % of invested capital,1.3,17.6,0.0,0.0,0.0,2.1,1.8,1.6,1.6,1.7,1.8,1.8,1.8,1.6,1.5,1.3,1.1,1.3,1.6,1.6,1.6,1.4,1.6,1.8,2.0,1.9,2.0,2.0,2.0,2.0,2.0
interest coverage (cont. operations),19.7,15.9,0.0,0.0,0.0,13.0,16.1,17.5,17.9,17.9,17.5,18.1,18.4,18.3,19.4,20.4,22.2,23.4,24.2,23.2,21.8,32.8,30.5,29.7,29.7,6.3,6.8,6.9,6.9,17.7,17.2
interest expense,0.0,0.0,9.3,6.9,5.1,5.0,4.9,5.8,6.2,6.3,6.2,5.9,5.9,2.7,4.3,4.4,4.7,5.7,5.3,6.5,6.3,8.4,7.6,7.7,7.2,7.9,7.9,8.5,8.7,8.3,8.5
interest income,0.0,0.0,2.1,4.0,2.1,2.1,1.7,1.2,1.8,2.3,1.9,1.1,0.9,0.3,0.4,0.2,0.3,0.9,0.3,0.1,0.4,1.6,1.7,0.9,0.7,0.9,0.7,0.7,0.8,1.1,0.9
inventories,29.3,33.8,41.0,43.9,52.3,35.4,39.8,46.6,45.2,48.0,46.3,42.5,44.4,34.8,42.1,37.8,44.1,53.3,71.3,86.1,85.8,100.7,122.7,132.0,130.5,123.5,135.9,116.8,112.2,107.6,107.1
"inventories, finished goods",0.0,0.0,0.0,0.0,0.0,37.7,41.9,0.0,0.0,0.0,47.1,43.1,45.1,35.5,42.6,38.2,45.3,0.0,72.7,59.1,56.9,56.9,58.6,55.8,60.3,75.8,79.9,73.1,73.0,76.1,76.2
"inventories, other",29.3,33.8,41.0,43.9,52.3,0.0,0.0,48.8,48.1,49.2,0.0,0.0,0.0,0.0,0.0,0.0,0.0,54.4,0.0,0.0,0.0,14.9,20.3,0.0,0.0,0.0,0.0,0.0,7.1,12.5,7.0
"inventories, purchased components",0.0,0.0,0.0,0.0,0.0,0.0,0.0,0.0,0.0,0.0,0.0,0.0,0.0,0.0,0.0,0.0,0.0,0.0,0.0,0.0,0.0,0.0,0.0,0.0,0.0,0.0,0.0,0.0,0.0,0.0,0.0
"inventories, raw materials",0.0,0.0,0.0,0.0,0.0,0.0,0.0,0.0,0.0,0.0,0.0,0.0,0.0,0.0,0.0,0.0,0.0,0.0,0.0,28.1,29.4,29.7,44.8,77.0,70.6,48.4,56.6,44.2,33.4,20.0,25.0
"inventories, work in progress",0.0,0.0,0.0,0.0,0.0,0.0,0.0,0.0,0.0,0.0,0.0,0.0,0.0,0.0,0.0,0.0,0.0,0.0,0.0,0.3,0.3,0.2,0.5,0.4,0.6,0.0,0.0,0.0,0.0,0.0,0.0
inventory as % of revenue,2.6,2.7,0.0,0.0,0.0,2.5,2.6,3.0,2.7,2.5,2.4,2.2,2.3,2.1,2.5,2.3,2.6,2.5,3.2,3.7,3.5,4.0,4.7,4.8,4.7,4.4,4.6,3.9,3.6,3.4,3.5
inventory turnover,0.0,27.2,0.0,0.0,0.0,23.5,21.6,20.5,21.0,26.6,28.4,28.4,27.8,27.7,25.4,27.1,24.8,33.4,26.4,25.5,25.6,22.7,18.8,17.7,18.4,17.7,16.3,17.3,18.3,19.4,18.2
invested capital,"1,057.2",90.5,"1,129.5","1,237.5","1,264.2","1,212.2","1,195.6","1,273.3","1,368.0","1,406.6","1,368.4","1,383.1","1,345.8","1,258.8","1,245.4","1,378.5","1,517.8","1,501.5","1,227.4","1,431.8","1,464.3","1,863.9","1,759.9","1,625.3","1,521.2","1,566.9","1,564.6","1,571.0","1,654.4","1,706.8","1,729.5"
issuance of capital stock,0.0,0.0,774.0,810.3,808.7,775.8,0.0,0.0,-7.4,0.0,0.0,0.0,0.0,0.0,0.0,0.0,0.0,0.0,0.0,0.0,0.0,0.0,0.0,0.0,0.0,0.0,0.0,0.0,0.0,0.0,0.0
issuance of debt,47.7,2.7,426.8,448.0,447.7,430.3,1.1,2.3,2.6,2.6,1.2,1.5,1.9,0.0,0.5,1.0,2.5,3.3,1.1,190.1,194.3,300.8,0.0,1.9,2.5,3.6,25.0,0.0,43.3,52.1,0.0
land and improvements,152.9,173.0,0.0,0.0,0.0,186.8,0.0,0.0,0.0,219.6,0.0,0.0,0.0,201.2,0.0,0.0,0.0,229.3,0.0,0.0,0.0,232.9,0.0,0.0,0.0,237.7,0.0,0.0,0.0,249.4,0.0
leverage ratio,1.7,40.6,2.6,1.6,1.6,1.7,1.7,1.7,1.7,1.8,1.7,1.7,1.7,1.7,1.6,1.6,1.7,1.7,1.8,1.8,1.8,1.7,1.7,1.8,1.8,1.9,1.9,1.9,1.9,1.9,1.8
loans receivable,152.0,9.9,10.9,11.3,14.3,12.2,11.3,12.6,12.1,10.9,12.8,15.2,14.9,18.6,19.4,22.2,25.7,36.9,18.7,18.2,11.8,12.5,12.3,12.5,10.8,9.9,9.9,7.9,7.7,7.6,5.8
long-term debt,166.0,18.3,298.2,314.1,312.8,299.5,282.3,306.3,345.9,344.7,330.9,333.5,318.7,273.2,262.7,288.0,312.6,320.9,35.3,224.9,233.6,345.1,354.9,357.7,337.6,345.2,352.2,348.8,364.2,408.4,398.5
long-term debt per share,1.29,0.35,1.74,1.83,1.82,1.77,1.69,1.86,2.11,2.13,1.99,2.11,2.05,1.77,1.71,1.88,2.05,2.17,0.58,1.66,1.74,2.51,2.67,2.78,2.66,2.78,2.88,2.87,3.02,3.35,3.29
marketable securities,0.0,0.0,0.0,0.0,0.0,0.0,0.0,0.0,0.0,0.0,0.0,0.0,0.0,22.7,20.7,20.1,40.5,44.8,44.5,29.1,36.7,38.0,0.0,0.0,0.0,0.0,32.4,0.0,0.0,0.0,0.0
minority interest,0.0,0.0,0.0,0.0,0.0,0.0,0.0,0.0,0.0,0.0,0.0,0.0,0.0,0.0,0.2,0.4,0.4,0.4,5.6,6.5,7.6,3.4,0.8,0.9,0.2,1.1,1.2,1.2,1.3,1.2,0.7
minority interest liability,0.0,0.0,0.0,0.0,0.0,0.0,0.0,0.0,0.0,0.0,0.0,0.0,0.0,0.0,1.1,0.9,1.5,1.8,84.3,83.6,87.3,5.6,6.6,7.0,1.1,1.8,1.3,2.5,2.1,2.9,1.5
net cash from continuing operations,333.8,325.1,-14.7,4.1,107.5,222.7,1.5,111.8,237.5,396.7,18.0,119.2,230.0,292.5,20.4,152.5,313.3,397.0,92.2,223.0,423.4,525.5,-39.9,27.1,210.8,383.4,66.5,212.9,424.2,562.2,47.4
net cash from discontinued operations,0.0,0.0,0.0,0.0,0.0,0.0,0.0,0.0,0.0,0.0,0.0,0.0,0.0,0.0,0.0,0.0,0.0,0.0,0.0,0.0,0.0,0.0,0.0,0.0,0.0,0.0,0.0,0.0,0.0,0.0,0.0
net fixed assets,758.1,912.9,921.3,967.3,988.5,999.6,"1,012.9","1,080.3","1,162.5","1,211.6","1,184.1","1,205.4","1,184.3","1,095.2","1,067.0","1,140.6","1,245.2","1,280.4","1,439.2","1,413.1","1,296.8","1,373.5","1,401.3","1,414.8","1,370.7","1,433.7","1,464.0","1,457.1","1,535.0","1,561.4","1,545.8"
net income (continuing operations),0.0,0.0,54.5,68.4,46.4,58.2,51.4,63.3,67.8,76.2,60.1,73.7,74.0,31.4,52.6,67.0,57.2,90.9,77.4,89.3,71.6,407.8,83.0,99.6,99.9,-269.7,90.1,107.5,109.0,97.8,85.5
net income (discontinued operations),0.0,0.0,0.0,0.0,0.0,0.0,0.0,0.0,0.0,0.0,0.0,0.0,0.0,0.0,0.0,0.0,0.0,0.0,0.0,0.0,0.0,0.0,0.0,0.0,0.0,0.0,0.0,0.0,0.0,0.0,0.0
net income available for common,0.0,0.0,54.5,68.4,46.4,58.2,51.4,63.3,67.8,76.2,60.1,73.7,74.0,31.4,52.6,67.0,57.2,90.9,77.4,89.3,71.6,407.8,83.0,99.6,99.9,-269.7,90.1,107.5,109.0,97.8,85.5
net income/loss,170.9,164.3,54.5,125.4,171.6,222.8,51.4,119.0,195.1,271.4,60.1,134.4,202.5,233.9,52.8,124.8,193.2,284.5,83.0,176.0,259.0,647.0,83.8,183.6,271.4,377.8,90.1,196.0,312.1,409.9,85.5
net profit margin,15.3,12.9,0.0,0.0,0.0,15.6,14.9,13.9,14.2,14.2,14.1,14.2,14.6,13.9,13.9,13.7,12.3,13.2,13.3,13.5,13.4,25.5,24.9,24.2,24.7,0.0,0.7,0.9,1.2,13.1,12.9
non-current deferred income taxes,7.6,15.4,15.8,15.3,10.9,20.2,19.5,20.3,20.6,23.7,22.6,22.9,24.4,24.1,25.2,24.0,8.0,8.5,8.8,10.2,10.3,13.7,14.2,12.6,11.8,11.9,11.7,12.6,13.3,10.6,10.5
normalized income,0.0,0.0,54.5,68.4,46.4,58.2,51.4,63.3,67.8,76.2,60.1,73.7,74.0,48.9,52.6,67.0,57.2,90.9,77.4,89.3,91.8,415.8,83.0,99.6,100.2,-269.7,90.1,107.5,109.0,97.8,84.7
normalized income per employee,122064,149986,None,None,None,133836,None,None,None,145140,None,None,None,136700,None,None,None,153574,None,None,None,361901,None,None,None,180,None,None,None,193251,None
normalized net profit margin,15.3,16.5,0.0,0.0,0.0,15.6,14.9,13.9,14.2,14.2,14.1,14.2,14.6,15.0,14.9,14.7,13.3,13.2,13.3,13.5,14.3,26.6,25.9,25.2,25.0,0.0,0.7,0.9,1.2,13.1,12.9
notes payable,154.8,959.9,532.7,0.0,0.0,0.0,0.0,0.0,0.0,0.0,0.0,0.0,0.0,0.0,0.0,0.0,0.0,0.0,0.0,0.0,0.0,0.0,0.0,0.0,0.0,0.0,0.0,0.0,0.0,0.0,0.0
number of days cost of goods in inventory,None,13,None,None,None,15,17,18,17,14,13,13,13,13,14,13,15,11,14,14,14,16,19,20,20,20,22,21,20,19,20
number of employees,None,None,None,None,None,None,None,None,None,None,None,None,None,None,None,None,None,None,None,None,None,None,None,None,None,None,None,None,None,None,None
number of months last report period,None,12,3,3,3,3,3,3,3,3,3,3,3,3,3,3,3,3,3,3,3,3,3,3,3,3,3,3,3,3,3
number of part-time employees,None,None,None,None,None,None,None,None,None,None,None,None,None,None,None,None,None,None,None,None,None,None,None,None,None,None,None,None,None,None,None
operating gains,-16.0,54.4,0.0,0.0,0.0,21.8,0.0,0.0,0.0,23.6,0.0,0.0,0.0,3.7,2.1,3.8,6.7,10.9,-0.1,-0.7,-0.5,-360.9,0.0,0.0,0.0,0.0,0.0,0.0,0.0,0.0,0.0
operating income,0.0,0.0,71.2,88.3,81.7,91.3,81.7,100.1,109.0,117.0,93.8,115.1,114.7,49.1,83.1,105.0,120.9,140.1,125.3,142.2,128.9,474.2,124.1,147.9,147.3,156.3,131.8,156.3,156.6,144.9,125.9
other current assets,17.8,14.7,16.5,16.1,18.9,21.9,18.9,23.6,20.4,20.4,20.4,20.2,34.5,0.0,0.0,0.0,0.0,0.0,0.0,0.0,211.8,27.4,27.6,28.2,28.0,37.0,0.0,28.9,43.2,45.6,42.9
other current liabilities,17.8,38.8,42.1,27.8,32.7,35.9,33.3,39.7,39.2,39.7,39.2,39.2,41.0,60.1,36.7,34.6,37.7,66.1,43.1,38.8,65.0,106.7,55.2,75.2,62.3,84.1,13.9,17.5,121.7,53.6,58.6
other equity adjustments,0.0,-4.8,-62.2,-79.1,-83.0,0.9,0.0,0.0,-14.7,-16.5,-14.2,-140.5,-127.8,-55.2,-37.3,-79.1,-97.7,-115.2,-135.0,-109.5,-129.5,-143.6,-162.3,-163.0,-103.5,-125.6,-139.6,-128.0,-150.0,-139.8,-126.4
"other financing charges, net",0.0,0.0,-47.2,-54.9,-55.1,0.0,0.0,0.0,0.0,9.2,0.0,-3.8,0.0,3.1,0.0,0.0,0.0,0.0,-5.8,-9.9,-15.8,-22.5,-0.7,-0.5,-6.1,6.3,7.7,23.1,-11.0,-6.9,-1.4
other fixed assets,110.8,159.8,921.3,967.3,988.5,182.5,"1,382.0","1,480.8","1,527.9",234.8,"1,668.1","1,677.8","1,635.9",63.9,"1,067.0","1,140.6","1,245.2",96.3,"1,439.2","1,413.1","1,296.8",105.7,"1,401.3","1,414.8","1,370.7",0.0,"1,464.0","1,457.1","1,535.0",323.3,"1,545.8"
other gains/losses,0.0,0.0,0.0,0.0,0.0,0.0,0.0,0.0,0.0,0.0,0.0,0.0,0.0,0.0,0.0,0.0,0.0,0.0,0.0,0.0,0.0,0.0,0.0,0.0,0.0,0.0,0.0,0.0,0.0,0.0,0.0
other income net,0.0,0.0,0.9,0.1,-0.4,-1.5,-0.4,-0.3,-1.1,-0.4,0.3,0.2,0.1,29.9,6.4,7.6,9.1,12.6,3.3,3.8,4.6,365.0,3.0,4.1,5.3,4.2,2.9,4.7,4.1,3.2,3.3
"other investing changes, net",-106.9,-21.7,1.1,1.0,-0.9,-1.2,1.6,2.7,-0.5,-4.9,-0.1,-3.1,-6.0,-11.7,-0.6,-9.6,-11.9,-18.8,-1.4,7.4,1.0,22.2,1.0,-13.9,-9.7,-9.3,1.0,-8.6,-8.0,-6.4,1.6
other non-cash items,5.7,6.4,0.0,0.0,0.0,-18.8,0.0,0.0,0.0,8.6,0.0,0.0,27.5,37.2,1.9,2.7,11.6,7.0,4.4,3.3,23.0,21.3,8.7,17.6,26.8,34.9,14.7,12.1,22.7,13.8,3.6
other non-current assets,247.8,145.3,142.2,148.7,144.9,142.7,143.8,152.5,162.4,165.5,154.6,156.7,152.7,133.8,125.2,138.8,146.3,142.4,68.8,71.3,74.8,79.7,87.1,106.4,98.5,100.4,105.2,113.7,113.8,107.9,116.8
other non-current liabilities,21.7,48.7,29.9,32.0,33.6,34.2,62.8,68.3,53.3,57.0,59.2,60.1,62.0,66.6,62.6,65.6,74.5,75.2,68.9,69.7,73.1,111.9,117.3,120.2,113.0,118.5,122.5,118.8,118.6,110.2,111.2
other receivable,43.5,0.0,0.0,0.0,0.0,0.0,0.0,0.0,0.0,0.0,0.0,0.0,0.0,0.0,0.0,0.0,0.0,0.0,0.0,0.0,0.0,0.0,0.0,0.0,0.0,0.0,0.0,0.0,0.0,60.6,0.0
other special charges,0.0,0.0,0.0,0.0,0.0,0.0,0.0,0.0,0.0,0.0,0.0,0.0,0.0,-17.5,0.0,0.0,0.0,0.0,0.0,0.0,-20.2,-8.0,0.0,0.0,-0.4,-0.0,0.0,0.0,0.0,0.0,0.8
payment of cash dividends,0.0,0.0,0.0,0.0,-12.1,-23.2,-11.6,-25.0,-40.0,-53.2,-16.3,-32.7,-46.7,-54.3,-14.4,-31.2,-51.1,-69.2,-22.3,-43.1,-65.9,-90.3,-29.2,-57.9,-80.3,-114.5,-33.1,-64.6,-100.1,-135.1,-39.3
payout ratio,None,None,None,None,None,10,16,22,20,18,20,21,22,27,26,27,29,23,25,24,25,14,15,16,17,30,30,30,31,32,35
post-tax profit margin,15.3,12.9,0.0,0.0,0.0,15.6,14.9,13.9,14.2,14.2,14.1,14.2,14.6,13.9,13.9,13.7,12.3,13.2,13.3,13.5,13.4,25.5,24.9,24.2,24.7,0.0,0.7,0.9,1.2,13.1,12.9
pre-tax profit margin,22.8,18.6,0.0,0.0,0.0,21.7,22.0,21.6,21.6,21.5,21.2,21.3,21.7,20.7,20.7,20.4,20.2,21.2,21.5,21.8,21.0,33.4,32.2,31.0,31.1,19.1,18.9,18.8,18.4,18.1,17.9
pref. securities of subsid. trust,0.0,0.0,0.0,0.0,0.0,0.0,0.0,0.0,0.0,0.0,0.0,0.0,0.0,0.0,0.0,0.0,0.0,0.0,0.0,0.0,0.0,0.0,0.0,0.0,0.0,0.0,0.0,0.0,0.0,0.0,0.0
preferred dividends,0.0,0.0,0.0,0.0,0.0,0.0,0.0,0.0,0.0,0.0,0.0,0.0,0.0,0.0,0.0,0.0,0.0,0.0,0.0,0.0,0.0,0.0,0.0,0.0,0.0,0.0,0.0,0.0,0.0,0.0,0.0
preferred equity outside stock equity,0.0,0.0,0.0,0.0,0.0,0.0,0.0,0.0,0.0,0.0,0.0,0.0,0.0,0.0,0.0,0.0,0.0,0.0,0.0,0.0,0.0,0.0,0.0,0.0,0.0,0.0,0.0,0.0,0.0,0.0,0.0
preferred secur. of subsid. trust,0.0,0.0,0.0,0.0,0.0,0.0,0.0,0.0,0.0,0.0,0.0,0.0,0.0,0.0,0.0,0.0,0.0,0.0,0.0,0.0,0.0,0.0,0.0,0.0,0.0,0.0,0.0,0.0,0.0,0.0,0.0
preferred shares,0.0,0.0,0.0,0.0,0.0,0.0,0.0,0.0,0.0,0.0,0.0,0.0,0.0,0.0,0.0,0.0,0.0,0.0,0.0,0.0,0.0,0.0,0.0,0.0,0.0,0.0,0.0,0.0,0.0,0.0,0.0
preferred stock equity,0.0,0.0,0.0,0.0,0.0,0.0,0.0,0.0,0.0,0.0,0.0,0.0,0.0,0.0,0.0,0.0,0.0,0.0,0.0,0.0,0.0,0.0,0.0,0.0,0.0,0.0,0.0,0.0,0.0,0.0,0.0
prepaid expenses,0.0,0.0,0.0,0.0,0.0,10.9,14.0,18.8,13.4,12.7,13.1,15.0,12.2,23.9,20.7,17.4,12.8,11.9,20.1,17.9,15.2,0.0,0.0,10.4,23.0,10.7,11.9,11.6,0.0,0.0,0.0
price/cash flow ratio,0.0,0.0,0.0,0.0,0.0,19.4,20.1,20.5,21.5,19.3,18.7,14.6,14.7,17.0,14.1,13.0,14.5,14.2,14.4,13.2,14.3,9.2,9.8,10.1,9.2,72.3,64.5,58.5,49.6,13.9,15.5
price/equity ratio,0.00,0.00,6.48,5.63,5.57,6.34,6.60,6.28,6.70,6.83,6.69,5.28,5.55,5.59,4.91,4.28,4.46,4.84,5.08,4.88,5.42,4.89,5.70,6.68,6.67,6.75,7.50,7.24,6.77,6.31,6.80
price/free cash flow ratio,0.0,0.0,-106.2,-80.5,-375.7,120.7,-132.3,279.5,79.2,41.5,-227.0,239.1,68.9,54.4,-211.4,72.2,32.5,30.5,125.3,41.6,22.5,23.3,-71.9,-81.4,257.1,83.5,-535.4,154.8,49.6,39.7,-201.2
price/revenue ratio,0.00,0.00,0.00,0.00,0.00,3.89,3.84,3.67,3.83,3.61,3.47,2.69,2.77,3.12,2.75,2.70,3.02,2.52,2.60,2.40,2.57,2.77,2.87,2.87,2.63,2.73,2.84,2.72,2.58,2.40,2.69
price/tangible book ratio,0.00,0.00,6.49,5.66,5.60,6.35,6.63,6.30,6.73,6.85,6.70,5.30,5.56,5.60,4.92,4.28,4.47,4.87,5.11,4.91,5.44,4.91,5.73,6.70,6.69,6.78,7.52,7.26,6.78,6.33,6.82
purchase of  short-term investments,-1.7,-0.8,0.0,0.0,0.0,0.0,0.0,0.0,0.0,0.0,0.0,0.0,0.0,0.0,0.0,0.0,-18.8,-19.2,0.0,0.0,-36.7,0.0,0.0,0.0,0.0,0.0,0.0,0.0,0.0,0.0,0.0
purchase of long-term investments,0.0,0.0,0.0,0.0,0.0,0.0,0.0,0.0,0.0,0.0,0.0,0.0,-11.2,-9.8,0.0,0.0,0.0,0.0,0.0,0.0,0.0,-37.8,0.0,0.0,0.0,0.0,0.0,0.0,0.0,0.0,0.0
quarterly indicator,4,4,1,2,3,4,1,2,3,4,1,2,3,4,1,2,3,4,1,2,3,4,1,2,3,4,1,2,3,4,1
quick ratio,1.0,0.2,1.0,1.5,1.4,1.1,1.1,1.0,1.0,0.8,0.9,0.8,0.8,0.9,1.0,1.2,1.4,1.1,0.6,0.9,0.8,1.6,1.4,0.9,0.7,0.7,0.7,0.6,0.7,0.6,0.8
receivables,262.9,83.6,87.5,125.3,97.0,107.0,110.3,123.1,121.0,116.5,114.4,135.8,125.9,149.6,141.0,141.6,174.5,199.9,179.1,170.1,146.5,194.5,197.3,278.2,176.9,180.0,197.8,205.3,183.2,180.1,213.6
receivables as % of revenue,23.6,6.6,0.0,0.0,0.0,7.5,7.3,7.8,7.1,6.1,6.0,6.9,6.5,8.9,8.4,8.6,10.3,9.3,8.2,7.3,6.0,7.7,7.5,10.2,6.3,6.4,6.7,6.9,5.9,5.7,6.9
receivables per day sales,84.86,23.62,0.00,0.00,0.00,27.04,26.42,28.11,25.63,21.97,21.70,24.92,23.28,32.08,30.39,30.93,37.01,33.62,29.35,26.34,21.55,27.61,27.10,36.56,22.83,23.19,24.18,24.70,21.22,20.67,24.86
receivables turnover,0.0,7.4,0.0,0.0,0.0,14.9,15.2,12.7,15.6,17.1,16.9,15.2,15.8,12.6,13.1,11.9,11.3,12.3,13.7,14.9,15.3,12.9,13.9,12.2,17.3,14.9,14.9,12.4,17.3,17.4,15.0
repayment of long-term debt,-47.2,-70.2,-423.6,"-1,156.6","-1,155.2","-1,111.4",-1.2,-2.4,-3.5,-4.1,-1.2,-2.6,-4.6,-6.1,-1.0,-2.2,-3.6,-6.3,-1.6,-192.8,-198.4,-307.0,0.0,-4.4,-5.9,-8.4,0.0,0.0,0.0,-7.8,-4.4
repurchase of capital stock,0.0,0.0,0.0,-1.7,-4.9,-68.4,-39.6,-91.6,-135.9,-179.1,-50.0,-98.8,-144.5,-139.1,-13.2,-15.2,-16.5,-125.4,-60.5,-96.4,-135.4,-246.6,-201.6,-418.1,-513.8,-560.7,-86.5,-134.3,-176.0,-226.4,0.0
restricted cash,0.0,0.0,0.0,0.0,0.0,0.0,0.0,0.0,0.0,38.1,17.4,18.4,7.2,51.2,27.2,31.8,12.7,57.9,32.4,47.4,13.6,67.1,70.9,75.2,66.9,127.9,85.9,85.9,86.2,151.4,102.4
retained earnings,694.7,14.1,68.5,140.2,174.1,213.7,249.9,322.0,398.9,462.1,490.0,552.7,586.9,556.7,574.8,676.6,775.0,760.4,782.3,791.4,824.2,"1,105.7","1,003.7",875.2,774.6,819.8,812.4,825.6,895.1,898.3,924.9
revenue per $  plant (net),1.47,1.40,0.00,0.00,0.00,1.43,1.48,1.46,1.46,1.58,1.60,1.63,1.64,1.53,1.57,1.44,1.36,1.67,1.53,1.65,1.89,1.85,1.87,1.94,2.04,1.95,2.01,2.05,2.03,2.01,2.00
revenue per $ cash,10.35,7.96,0.00,0.00,0.00,9.42,20.91,16.99,15.36,12.03,25.18,27.67,30.64,20.11,37.21,13.48,8.49,21.71,22.37,15.56,12.91,4.42,8.13,27.58,31.77,22.55,50.90,52.68,22.58,25.97,42.11
revenue per $ common equity,1.31,37.64,0.00,0.00,0.00,1.63,1.72,1.71,1.75,1.89,1.93,1.97,2.00,1.79,1.79,1.59,1.48,1.92,1.95,2.04,2.10,1.77,1.99,2.33,2.54,2.48,2.64,2.66,2.62,2.63,2.53
revenue per $ invested capital,1.05,14.08,0.00,0.00,0.00,1.18,1.26,1.24,1.24,1.36,1.39,1.42,1.45,1.33,1.34,1.20,1.12,1.43,1.79,1.62,1.67,1.36,1.49,1.69,1.83,1.78,1.88,1.90,1.88,1.84,1.79
revenue per share,6.97,7.97,0.00,0.00,0.00,7.45,7.92,8.37,9.09,10.23,9.82,10.68,10.69,9.25,9.23,9.10,9.38,12.09,12.53,13.36,14.15,14.88,15.81,17.00,17.62,17.74,18.87,19.33,20.13,20.49,20.17
revenue/assets,0.8,0.9,0.0,0.0,0.0,1.0,1.0,1.0,1.0,1.1,1.1,1.2,1.2,1.0,1.1,1.0,0.9,1.1,1.1,1.2,1.2,1.0,1.2,1.3,1.4,1.3,1.4,1.4,1.4,1.4,1.4
sale of long-term investments,0.0,0.0,0.0,0.0,0.1,0.0,1.0,0.0,0.0,0.6,0.7,0.0,0.0,13.1,0.0,0.0,0.0,0.0,0.0,1.6,0.0,444.5,0.0,0.0,0.0,37.2,0.0,0.0,0.0,0.0,0.0
sale of short-term investments,26.6,0.0,0.0,0.0,0.0,0.9,0.0,0.0,0.0,0.0,0.0,0.0,0.0,0.0,0.0,0.0,0.0,0.0,3.1,0.0,19.6,0.0,39.1,39.2,36.6,0.0,0.0,0.0,0.0,0.0,0.0
sales per $ inventory,38.07,37.69,0.00,0.00,0.00,40.24,37.81,33.79,37.60,39.79,41.00,46.16,43.84,48.22,39.73,43.58,38.44,40.17,30.79,27.02,28.54,25.19,21.36,20.75,21.37,22.63,21.67,25.61,27.72,29.16,28.89
sales per $ receivables,4.24,15.24,0.00,0.00,0.00,13.31,13.63,12.81,14.05,16.38,16.59,14.44,15.47,11.22,11.84,11.64,9.73,10.71,12.27,13.67,16.71,13.04,13.28,9.85,15.77,15.52,14.89,14.58,16.97,17.42,14.48
sales per employee,796650,910282,None,None,None,855590,None,None,None,1020819,None,None,None,913153,None,None,None,1161847,None,None,None,1359105,None,None,None,1377853,None,None,None,1478888,None
shares out (common class only),160.0,160.0,193.3,193.3,193.3,191.1,189.8,188.4,187.1,186.6,185.1,183.6,182.1,181.5,181.0,181.0,181.0,177.0,175.4,174.0,173.0,170.4,165.7,161.1,158.3,157.5,156.1,154.8,154.5,153.1,153.4
short-term debt,4.0,6.9,178.2,7.3,7.1,4.7,4.8,5.5,5.8,6.2,5.7,6.3,6.4,5.5,5.3,6.0,7.3,7.3,301.9,103.5,106.2,9.9,10.7,10.7,9.3,9.8,35.1,10.4,11.2,20.9,19.0
special income charges,0.0,0.0,0.0,0.0,0.0,0.0,0.0,0.0,0.0,0.0,0.0,0.0,0.0,-17.5,0.0,0.0,0.0,0.0,0.0,0.0,-20.2,-8.0,0.0,0.0,-0.4,-0.0,0.0,0.0,0.0,0.0,0.8
tangible book value per share,5.13,0.19,4.09,4.55,4.70,4.56,4.59,4.88,5.18,5.39,5.08,5.41,5.33,5.15,5.16,5.73,6.33,6.27,6.38,6.52,6.69,8.40,7.91,7.28,6.92,7.14,7.12,7.25,7.67,7.77,7.96
total assets per share,9.15,8.58,10.71,7.48,7.69,7.84,7.60,8.35,8.95,9.70,8.61,9.27,9.13,9.02,8.45,9.35,10.48,10.77,11.26,11.51,12.08,14.56,13.62,13.47,12.64,13.70,13.54,13.57,14.49,15.00,14.49
total capitalization,"1,017.4",52.1,"1,091.6","1,198.1","1,225.3","1,173.7","1,156.8","1,229.5","1,318.4","1,353.7","1,315.1","1,329.9","1,291.5","1,210.3","1,198.0","1,326.4","1,460.1","1,437.3","1,161.5","1,367.0","1,396.4","1,781.7","1,671.7","1,535.7","1,437.1","1,474.0","1,467.3","1,475.0","1,552.8","1,601.8","1,623.5"
total debt as % total assets,41.8,97.5,61.7,38.9,38.6,41.6,39.4,41.3,41.9,44.2,40.8,41.5,41.5,42.8,38.9,38.6,39.5,41.4,43.0,43.0,44.3,42.1,41.7,45.7,45.1,47.7,47.3,46.4,46.9,48.0,44.9
total debt/equity ratio,0.43,30.22,1.32,0.41,0.39,0.39,0.37,0.39,0.41,0.40,0.40,0.39,0.39,0.35,0.34,0.33,0.33,0.35,0.36,0.34,0.35,0.30,0.34,0.39,0.39,0.40,0.43,0.40,0.40,0.45,0.43
total non-current assets,"1,043.7","1,077.3","1,082.8","1,134.7","1,147.6","1,165.8","1,179.3","1,256.3","1,348.8","1,403.9","1,364.2","1,387.8","1,364.0","1,255.2","1,219.3","1,305.4","1,401.4","1,437.2","1,524.6","1,501.6","1,387.1","1,472.2","1,507.8","1,538.7","1,485.6","1,550.4","1,585.2","1,587.3","1,666.0","1,683.6","1,676.5"
total ordinary shares,0.0,0.0,0.0,0.0,0.0,0.0,0.0,0.0,0.0,0.0,0.0,0.0,0.0,0.0,0.0,0.0,0.0,0.0,0.0,0.0,0.0,0.0,0.0,0.0,0.0,0.0,0.0,0.0,0.0,0.0,0.0
total revenue,0.0,0.0,319.2,364.7,370.0,400.4,368.2,437.8,493.6,519.0,447.5,501.8,478.2,289.0,401.7,479.0,527.2,619.3,571.5,607.0,649.9,701.4,662.1,725.6,700.5,796.4,722.4,772.9,817.5,783.3,719.9
treasury shares,0.0,0.0,0.0,0.0,0.0,2.2,3.5,4.9,6.2,6.8,8.2,9.7,11.2,11.8,12.3,12.3,12.3,0.0,0.0,0.3,0.3,0.3,0.3,0.3,0.3,0.3,0.0,0.4,0.4,0.3,0.0
treasury stock,0.0,0.0,0.0,0.0,0.0,-63.6,-103.9,-159.3,-200.8,-236.8,-278.6,-329.1,-361.1,-328.1,-339.2,-358.1,-399.0,-9.0,-9.3,-10.8,-11.0,-9.5,-9.8,-11.9,-11.1,-9.9,-10.2,-15.4,-15.9,-13.4,-13.0
working capital,54.6,-925.0,84.9,145.5,154.0,95.9,91.0,101.7,90.3,76.0,78.3,70.3,57.7,81.3,101.1,154.2,197.6,145.7,-131.2,95.4,241.7,517.5,383.4,220.2,155.0,141.3,108.2,109.6,113.8,146.7,175.6
working capital as % of price,0.0,0.0,1.7,2.9,3.0,1.7,1.6,1.8,1.4,1.1,1.2,1.3,1.1,1.6,2.2,3.5,3.9,2.7,-2.3,1.7,3.8,7.4,5.1,2.8,2.1,1.9,1.3,1.3,1.4,2.0,2.1
working capital per share,0.34,-5.78,0.44,0.75,0.80,0.50,0.48,0.54,0.48,0.41,0.40,0.38,0.32,0.45,0.56,0.85,1.09,0.82,-0.75,0.55,1.40,3.04,2.31,1.37,0.98,0.90,0.69,0.71,0.74,0.96,1.14
working captial as % of equity,6.4,-2731.8,10.7,16.5,16.9,11.0,10.4,11.0,9.3,7.5,8.0,7.1,5.9,8.7,10.8,14.8,17.2,13.1,-11.6,8.4,20.8,36.0,29.1,18.7,14.1,12.5,9.7,9.7,9.6,12.3,14.3
