,1994/06,1994/09,1994/12,1995/03,1995/06,1995/09,1995/12,1996/03,1996/06,1996/09,1996/12,1997/03,1997/06,1997/09,1997/12,1998/03,1998/06,1998/09,1998/12,1999/03,1999/06,1999/09,1999/12,2000/03,2000/06,2000/09,2000/12,2001/03,2001/06,2001/09,2001/12,2002/03,2002/06,2002/09,2002/12,2003/03,2003/06,2003/09,2003/12,2004/03,2004/06,2004/09,2004/12,2005/03,2005/06,2005/09,2005/12,2006/03,2006/06,2006/09,2006/12,2007/03,2007/06,2007/09,2007/12,2008/03,2008/06,2008/09,2008/12,2009/03,2009/06,2009/09,2009/12,2010/03,2010/06,2010/09,2010/12,2011/03,2011/06,2011/09,2011/12,2012/03,2012/06,2012/09,2012/12,2013/03
% of EPS-to-Industry,0.0,0.0,0.0,15.8,15.0,29.0,41.9,59.0,50.4,43.5,34.6,48.1,0.0,0.0,66.8,84.7,149.0,588.5,2775.0,-157.4,-76.3,0.0,50.0,0.0,0.0,1225.0,147.8,164.3,163.9,162.7,208.8,194.7,180.4,96.3,166.3,159.9,183.9,200.0,136.8,166.7,161.6,206.5,241.7,231.9,233.7,202.4,247.5,253.3,228.7,257.4,145.4,120.1,135.4,115.2,82.4,62.3,98.6,115.0,-398.7,-290.4,-944.7,1441.7,239.8,119.6,-3789.3,-3807.7,-1268.6,-2151.0,2825.2,1155.4,491.9,479.1,515.6,30.1,196.8,185.8
% of PE-to-Industry,0.0,0.0,0.0,0.0,0.0,198.1,145.2,105.2,126.3,152.5,184.8,131.5,0.0,0.0,175.7,125.5,67.2,10.6,2.5,0.0,0.0,0.0,0.0,0.0,0.0,8.8,63.2,61.5,59.6,63.6,50.6,53.2,63.4,115.9,81.0,82.5,70.4,59.6,94.4,83.1,93.4,76.3,58.3,60.9,64.1,69.1,59.7,53.5,67.2,58.8,105.8,149.9,126.3,141.7,207.2,237.1,147.1,109.3,0.0,0.0,0.0,0.0,77.1,154.1,0.0,0.0,0.0,0.0,0.0,0.0,0.0,0.0,0.0,0.0,0.0,0.0
% of ROE-to-Industry,0.0,0.0,0.0,14.3,10.8,25.0,42.4,64.5,50.0,45.8,36.8,60.7,0.0,0.0,75.5,94.4,114.1,273.8,293.1,0.0,0.0,0.0,0.0,0.0,0.0,0.0,196.8,195.1,186.0,193.1,191.3,154.7,124.2,64.9,111.8,112.5,130.8,137.6,88.4,101.9,92.4,119.8,130.4,109.9,120.5,107.0,115.4,86.9,74.9,84.9,63.4,48.4,52.5,45.8,34.9,27.6,44.3,46.4,0.0,0.0,0.0,0.0,90.5,33.3,0.0,28.6,0.0,0.0,0.0,0.0,0.0,0.0,0.0,0.0,0.0,0.0
% of current ratio-to-industry,0.0,0.0,0.0,136.4,127.3,105.9,131.6,223.1,216.7,200.0,158.3,153.8,0.0,0.0,108.3,127.3,116.7,200.0,180.0,209.1,133.3,135.7,200.0,160.0,92.9,133.3,150.0,150.0,200.0,158.3,190.9,209.1,172.7,166.7,181.8,181.8,177.8,200.0,170.0,190.9,146.2,121.4,122.2,142.9,80.0,87.5,73.7,110.0,105.3,105.6,52.6,57.1,41.2,75.0,73.3,78.6,107.7,142.9,140.0,133.3,83.3,83.3,100.0,127.3,130.0,120.0,110.0,80.0,63.6,100.0,122.2,120.0,100.0,90.0,90.9,100.0
% of debt/equity-to-industry,0.0,0.0,0.0,173.3,181.6,122.9,111.4,134.1,126.3,116.0,127.3,132.9,0.0,0.0,98.9,101.0,76.8,75.2,70.6,69.6,96.6,98.3,108.9,102.6,83.5,82.7,56.9,72.7,77.1,67.4,70.8,79.7,77.5,66.7,77.1,69.8,107.8,115.7,93.9,88.4,121.3,108.3,107.6,93.1,77.7,92.3,91.3,103.1,102.0,116.7,120.9,129.7,127.5,149.2,152.7,167.9,180.5,193.5,184.4,200.0,178.3,182.9,188.0,206.4,206.1,219.7,193.4,201.7,219.0,293.4,274.3,283.2,280.0,244.2,283.2,315.6
% of earnings-to-industry,0.0,0.0,0.0,1.3,1.2,3.2,5.4,6.5,6.2,5.5,4.6,5.4,0.0,0.0,7.2,8.8,12.6,29.5,36.9,-12.7,-6.5,0.4,4.7,0.0,0.0,-262.9,24.7,26.2,25.2,24.1,23.7,20.0,15.9,7.6,13.0,13.6,16.5,17.7,10.9,14.4,13.8,18.4,18.0,16.6,15.8,12.4,13.0,10.6,8.7,9.4,7.1,5.5,6.1,5.1,3.6,2.6,4.0,4.6,-13.8,-9.4,-20.5,153.6,6.1,2.2,-13.9,1.6,-29.4,-44.0,-159.3,162.5,27.4,25.3,29.2,-0.3,26.8,25.8
% of gross profit margin-to-industry,0.0,0.0,0.0,146.9,0.0,0.0,0.0,215.1,214.1,211.9,210.6,212.2,0.0,0.0,222.8,208.5,215.5,216.1,205.7,179.8,173.5,156.9,134.2,0.0,0.0,0.0,187.0,182.5,180.4,181.4,150.7,144.7,137.8,131.5,190.8,200.3,191.8,140.6,126.3,120.9,108.5,115.8,111.1,97.3,100.2,82.9,89.8,88.1,85.0,99.8,89.1,94.4,92.9,87.2,82.5,79.8,63.4,71.2,112.2,90.3,107.4,115.2,117.7,112.9,108.1,107.1,96.6,102.1,111.6,117.4,101.1,112.6,105.0,105.1,104.6,92.7
% of leverage-to-industry,0.0,0.0,0.0,107.1,111.1,85.2,88.5,88.5,85.2,82.1,88.5,88.0,0.0,0.0,80.8,80.8,73.1,69.2,66.7,70.4,78.6,82.1,88.9,85.7,75.0,76.9,64.3,71.4,74.1,69.2,72.0,75.0,75.0,69.2,73.1,73.1,84.6,88.5,84.6,83.3,96.3,96.2,96.2,91.7,87.5,95.8,100.0,100.0,100.0,108.3,124.0,123.1,122.2,128.6,132.1,141.4,146.4,9.3,158.1,11.1,11.9,157.1,155.6,163.0,174.1,185.7,178.6,196.3,218.5,262.1,251.6,258.1,259.4,250.0,271.0,283.3
% of net profit margin-to-industry,0.0,0.0,0.0,26.6,24.3,71.7,133.3,193.4,189.9,170.7,138.3,165.2,0.0,0.0,232.7,271.8,385.1,815.2,966.7,-267.7,-145.3,7.9,127.4,0.0,0.0,-3685.7,370.8,353.8,332.7,349.7,324.0,305.5,272.0,138.3,337.9,334.1,320.6,301.5,125.6,141.7,125.2,148.4,140.9,124.4,122.6,102.3,109.4,91.3,77.5,83.1,64.0,50.2,54.7,44.2,32.2,24.2,37.3,42.2,-126.7,-85.2,-186.2,1500.0,66.3,25.4,-155.3,20.5,-339.5,-532.1,-1854.5,1857.9,266.2,229.3,264.3,-2.6,265.0,265.1
% of post-tax profit margin-to-industry,0.0,0.0,0.0,28.3,25.8,75.4,141.9,196.7,189.9,170.7,138.3,165.2,0.0,0.0,246.9,296.2,390.9,867.7,1068.4,-386.0,-206.7,15.8,183.7,0.0,0.0,2345.5,367.5,353.8,330.6,347.3,324.0,305.5,266.7,138.3,350.0,341.9,325.4,306.0,125.6,141.7,125.2,148.4,145.1,143.7,140.3,117.4,115.0,85.8,73.0,78.7,67.0,50.9,55.2,44.8,32.8,24.7,38.0,42.7,-128.9,-86.0,-189.5,1500.0,66.3,25.4,-155.3,20.5,-348.6,-551.9,-2040.0,1857.9,320.3,268.8,344.2,-3.7,278.9,287.9
% of pre-tax profit margin-to-industry,0.0,0.0,0.0,23.3,0.0,0.0,0.0,149.4,135.1,118.7,95.7,121.6,0.0,0.0,198.4,238.1,335.1,625.6,751.9,-691.7,-387.5,-100.0,329.2,0.0,0.0,0.0,317.4,298.3,282.9,294.8,257.1,237.2,197.1,103.2,280.0,300.0,302.8,297.2,121.5,131.6,118.3,140.6,135.3,132.1,127.3,102.8,107.4,81.2,69.0,73.9,58.0,43.7,48.7,41.1,31.0,23.0,38.9,39.6,-132.8,-75.4,-155.4,2140.0,96.4,73.5,-183.3,-210.2,-152.7,-169.4,-196.8,2640.0,225.3,200.0,202.7,-42.6,353.2,308.9
% of pric/free cashlow-to-industry,0.0,0.0,0.0,0.0,0.0,144.4,-123.3,-824.7,74.8,-143.3,-14.2,-214.0,0.0,0.0,485.7,290.9,-512.0,-48.8,-140.3,-350.0,32.5,-741.5,-162.0,16.3,-59.4,-6.3,-16.6,-38.7,206.6,-181.4,-33.9,-167.6,-418.0,-837.3,-527.4,-132.4,29.5,34.4,18.6,-15.8,75.2,81.0,479.3,-139.1,-203.9,-258.7,-11825.7,-195.4,-288.5,-312.4,89.8,146.6,37.9,39.0,50.6,54.7,57.0,56.1,88.6,13.6,18.4,35.2,45.2,1392.0,-3336.7,3056.6,233.2,48.5,54.9,56.5,41.8,153.9,50.8,35.8,39.6,47.9
% of price-to-industry,0.0,0.0,0.0,0.0,0.0,61.1,64.0,64.9,66.6,69.1,66.9,63.1,0.0,0.0,126.8,117.0,94.9,62.8,69.5,56.7,52.8,45.4,54.7,79.7,92.1,107.8,93.4,100.9,97.9,103.6,105.8,103.6,114.0,110.7,133.7,132.4,129.5,119.3,129.5,138.6,151.1,157.5,140.9,141.1,149.6,139.7,147.8,135.6,153.6,151.3,153.9,179.9,170.9,163.2,170.6,147.7,145.2,125.9,151.6,142.0,170.0,163.7,185.9,182.5,227.8,208.5,243.9,253.0,237.6,231.7,239.9,272.1,258.0,274.3,312.4,281.6
% of price/book-to-industry,0.0,0.0,0.0,0.0,0.0,76.4,80.9,80.3,83.7,87.0,95.5,82.2,0.0,0.0,162.8,135.4,108.5,70.9,76.0,58.8,67.5,60.3,64.0,105.1,117.4,132.4,99.3,103.0,93.7,96.8,96.2,94.7,104.0,102.5,108.6,112.8,101.8,92.2,89.7,97.4,93.5,97.2,75.4,71.3,72.7,68.1,63.2,62.4,65.0,66.5,65.3,73.4,67.0,65.7,70.6,64.7,63.2,50.4,73.4,65.8,77.6,76.6,86.2,85.1,112.0,109.6,116.5,127.4,137.6,163.4,140.2,160.7,148.0,143.5,175.3,160.7
% of price/cashflow-to-industry,0.0,0.0,0.0,0.0,0.0,0.0,0.0,90.3,114.8,121.8,145.3,92.4,0.0,0.0,178.1,135.0,112.5,54.4,71.2,20.6,29.5,45.0,71.8,0.0,0.0,0.0,72.7,74.8,68.3,68.1,70.7,84.1,109.5,129.8,123.7,128.6,102.9,131.8,100.2,104.4,106.9,80.1,61.7,70.4,62.9,77.1,58.2,73.2,83.7,62.6,91.3,109.7,102.5,109.1,124.3,110.5,133.3,119.5,-275.2,-1925.0,106.9,256.8,65.5,57.5,120.9,60.1,174.2,211.7,717.6,-84.8,308.7,178.2,133.4,54.4,306.5,-383.3
% of price/sales-to-industry,0.0,0.0,0.0,0.0,0.0,217.6,258.9,241.5,314.0,321.9,357.3,224.8,0.0,0.0,500.0,386.8,367.6,215.0,252.8,143.9,187.3,168.4,214.0,0.0,0.0,251.4,187.8,186.3,167.9,176.2,163.4,186.2,227.6,220.0,330.0,332.0,250.6,202.4,126.7,137.0,126.7,119.8,81.3,80.8,73.7,65.1,60.1,65.7,66.9,65.3,66.1,76.2,69.6,63.5,64.9,56.3,53.4,45.0,50.6,47.9,50.5,51.2,63.9,65.0,76.9,71.5,74.7,77.8,85.5,80.8,68.6,71.9,64.2,69.8,78.1,70.6
% of sales-to-industry,0.0,0.0,0.0,5.0,5.0,4.6,4.0,3.4,3.2,3.2,3.3,3.3,0.0,0.0,3.1,3.3,3.3,3.6,3.7,4.8,4.5,4.4,3.7,0.0,0.0,7.1,6.7,7.4,7.6,6.9,7.3,6.5,5.9,5.5,3.9,4.1,5.1,5.9,8.8,10.1,11.0,12.4,12.8,13.3,12.9,12.2,11.9,11.6,11.2,11.3,11.0,11.0,11.3,11.5,11.2,10.9,10.7,11.0,10.8,11.0,11.0,10.2,9.2,9.0,8.9,8.5,8.7,8.2,8.2,8.5,10.3,11.0,11.0,11.2,10.0,9.7
(increase) decrease in inventories,0.0,0.0,0.0,0.0,0.0,0.0,0.0,0.0,0.0,0.0,0.0,0.0,0.0,0.0,0.0,0.0,0.0,0.0,0.0,0.0,0.0,0.0,0.0,0.0,0.0,0.0,0.0,0.0,0.0,0.0,0.0,0.0,0.0,0.0,0.0,0.0,0.0,0.0,0.0,0.0,0.0,0.0,0.0,0.0,0.0,0.0,0.0,0.0,0.0,0.0,0.0,0.0,0.0,0.0,0.0,0.0,0.0,0.0,0.0,0.0,0.0,0.0,0.0,0.0,0.0,0.0,0.0,0.0,0.0,0.0,0.0,0.0,0.0,0.0,0.0,0.0
(increase) decrease in other current assets,0.0,0.0,0.0,-1.6,0.0,0.0,0.0,0.0,0.0,0.0,0.0,0.0,0.0,0.0,0.0,0.0,0.0,0.0,0.0,0.0,0.0,0.0,0.3,0.0,0.0,0.0,0.0,0.0,0.0,0.0,0.0,0.0,0.0,0.0,0.0,0.0,0.0,0.0,0.0,0.0,0.0,0.0,-1.2,0.0,0.0,0.0,-23.1,0.0,0.0,0.0,-21.9,0.0,0.0,0.0,-28.7,0.0,0.0,0.0,0.0,0.0,0.0,0.0,0.0,0.0,0.0,0.0,0.0,0.0,0.0,0.0,0.0,0.0,0.0,0.0,0.0,0.0
(increase) decrease in prepaid expenses,0.0,0.0,0.0,0.0,0.0,0.0,0.0,0.0,0.0,0.0,0.0,0.0,0.0,0.0,0.0,0.0,0.0,0.0,0.0,0.0,0.0,0.0,0.0,0.0,0.0,0.0,0.0,0.0,0.0,0.0,0.0,0.0,0.0,0.0,0.0,0.0,0.0,0.0,0.0,0.0,0.0,0.0,0.0,0.0,0.0,0.0,0.0,0.0,0.0,0.0,0.0,0.0,0.0,0.0,0.0,0.0,0.0,0.0,0.0,0.0,0.0,0.0,0.0,0.0,0.0,0.0,0.0,0.0,0.0,0.0,0.0,0.0,0.0,0.0,0.0,0.0
(increase) decrease in receivables,0.0,0.0,0.0,3.6,0.0,0.0,0.0,0.0,0.0,0.0,0.0,0.0,0.0,0.0,0.0,0.0,0.0,0.0,0.0,0.0,0.0,0.0,-5.5,0.0,0.0,0.0,0.0,0.0,0.0,0.0,0.0,0.0,0.0,0.0,0.0,0.0,0.0,0.0,0.0,0.0,0.0,0.0,-60.5,0.0,0.0,0.0,58.4,0.0,0.0,0.0,-15.4,0.0,0.0,0.0,-44.8,0.0,0.0,0.0,-50.9,0.0,0.0,120.3,64.9,-13.6,0.0,0.0,0.0,0.0,0.0,0.0,-68.9,0.0,0.0,0.0,-132.9,0.0
Basic EPS (Continuing),0.04,0.04,0.04,0.04,0.04,0.17,0.24,0.10,0.10,0.16,0.18,0.33,0.25,0.22,0.50,0.27,0.44,0.32,0.08,0.03,0.01,-0.12,-0.15,0.26,0.61,1.05,1.59,1.85,1.21,0.81,0.40,0.20,0.05,0.01,0.42,0.68,1.22,0.26,0.08,2.32,1.19,2.94,2.68,3.41,1.31,0.55,1.96,1.41,0.27,1.09,0.82,1.04,1.06,0.23,0.13,0.21,2.52,1.42,-8.98,1.12,2.20,-1.96,0.41,-0.19,-2.10,-2.55,1.17,-0.41,-1.36,-4.20,0.65,0.02,-0.68,-0.29,-1.35,-0.09
Basic EPS (Cum. Effect of Acct. Change),0.01,0.01,0.01,0.01,0.00,0.00,0.00,0.00,0.00,0.00,0.00,0.00,0.00,0.00,0.00,0.00,0.00,0.00,0.00,0.00,0.00,0.00,0.00,0.00,0.00,0.00,0.00,0.00,0.00,0.00,0.00,0.00,0.00,0.00,0.00,0.00,0.00,0.00,0.00,0.00,0.00,0.00,0.00,0.00,0.00,0.00,0.00,0.00,0.00,0.00,0.00,0.00,0.00,0.00,0.00,0.00,0.00,0.00,0.00,0.00,0.00,0.00,0.00,0.00,0.00,0.00,0.00,0.00,0.00,0.00,0.00,0.00,0.00,0.00,0.00,0.00
Basic EPS (Discontinued),0.00,0.00,0.00,0.00,0.00,0.00,0.00,0.00,0.00,0.00,0.00,0.00,0.00,0.00,0.00,0.00,0.00,0.00,0.00,0.00,0.00,0.00,0.00,0.00,0.00,0.00,0.00,0.00,0.00,0.00,0.00,0.00,0.00,0.00,0.00,0.00,0.00,0.00,0.00,0.00,0.00,0.00,0.00,0.00,0.00,0.00,0.00,0.00,0.00,0.00,0.00,0.00,0.00,0.00,0.00,0.00,0.00,0.00,0.00,0.00,0.00,0.00,0.00,0.00,0.00,0.00,0.00,0.00,0.00,0.00,0.00,0.00,0.00,0.00,0.00,0.00
Basic EPS (Extraordinary Items),0.00,0.00,0.00,0.00,0.00,0.00,0.00,0.00,0.00,0.00,0.00,0.00,0.00,0.00,0.00,0.00,0.00,0.00,0.00,0.00,0.00,0.00,0.00,0.00,0.00,0.00,0.00,0.00,0.00,0.00,0.00,0.00,0.00,0.00,0.00,0.00,0.00,0.00,0.00,0.00,0.00,0.00,0.00,0.00,0.00,0.00,0.00,0.00,0.00,0.00,0.00,0.00,0.00,0.00,0.00,0.00,0.00,0.00,0.00,0.00,0.00,0.00,0.00,0.00,0.00,0.00,0.00,0.00,0.00,0.00,0.00,0.00,0.00,0.00,0.00,0.00
Basic EPS (Other Gains/Losses),0.00,0.00,0.00,0.00,0.00,0.00,0.00,0.00,0.00,0.00,0.00,0.00,0.00,0.00,0.00,0.00,0.00,-0.12,0.00,0.00,0.00,0.00,0.00,0.00,0.00,0.00,0.00,0.00,0.00,0.00,0.00,0.00,0.00,0.00,0.00,0.00,0.00,0.00,0.00,0.00,0.00,0.00,0.00,0.00,0.00,0.00,0.00,0.00,0.00,0.00,0.00,0.00,0.00,0.00,0.00,0.00,0.00,0.00,0.00,0.00,0.00,0.00,0.00,0.00,0.00,0.00,0.00,0.00,0.00,0.00,0.00,0.00,0.00,0.00,0.00,0.00
Basic EPS (Tax Loss Carry Forward),0.00,0.00,0.00,0.00,0.00,0.00,0.00,0.00,0.00,0.00,0.00,0.00,0.00,0.00,0.00,0.00,0.00,0.00,0.00,0.00,0.00,0.00,0.00,0.00,0.00,0.00,0.00,0.00,0.00,0.00,0.00,0.00,0.00,0.00,0.00,0.00,0.00,0.00,0.00,0.00,0.00,0.00,0.00,0.00,0.00,0.00,0.00,0.00,0.00,0.00,0.00,0.00,0.00,0.00,0.00,0.00,0.00,0.00,0.00,0.00,0.00,0.00,0.00,0.00,0.00,0.00,0.00,0.00,0.00,0.00,0.00,0.00,0.00,0.00,0.00,0.00
Close PE Ratio,0.0,0.0,0.0,0.0,0.0,41.4,24.1,22.1,21.6,24.1,30.3,19.2,19.0,17.3,13.0,12.8,8.8,5.9,8.5,9.7,20.0,0.0,0.0,0.0,0.0,13.7,5.5,4.3,3.6,2.9,4.2,7.5,13.0,22.3,30.8,17.0,9.4,8.4,13.1,9.3,10.3,7.0,4.9,4.7,4.5,5.8,5.8,7.5,10.5,9.1,12.5,17.1,14.7,19.0,21.9,26.2,14.7,6.2,0.0,0.0,0.0,0.0,13.2,50.5,0.0,0.0,0.0,0.0,0.0,0.0,0.0,0.0,0.0,0.0,0.0,0.0
Diluted EPS (Continuing),0.04,0.04,0.04,0.04,0.04,0.17,0.24,0.10,0.10,0.16,0.18,0.32,0.25,0.22,0.50,0.27,0.44,0.32,0.08,0.03,0.01,-0.12,-0.15,0.26,0.60,1.01,1.55,1.80,1.18,0.79,0.39,0.20,0.05,0.01,0.42,0.66,1.20,0.25,0.07,2.19,1.13,2.77,2.51,3.19,1.23,0.52,1.84,1.35,0.27,1.07,0.81,1.02,1.04,0.23,0.14,0.21,2.49,1.41,-8.96,1.12,2.19,-1.96,0.41,-0.19,-2.10,-2.55,1.17,-0.41,-1.36,-4.20,0.65,0.02,-0.68,-0.29,-1.35,-0.09
Diluted EPS (Cum. Effect of Acct. Change),0.01,0.01,0.01,0.01,0.00,0.00,0.00,0.00,0.00,0.00,0.00,0.00,0.00,0.00,0.00,0.00,0.00,0.00,0.00,0.00,0.00,0.00,0.00,0.00,0.00,0.00,0.00,0.00,0.00,0.00,0.00,0.00,0.00,0.00,0.00,0.00,0.00,0.00,0.00,0.00,0.00,0.00,0.00,0.00,0.00,0.00,0.00,0.00,0.00,0.00,0.00,0.00,0.00,0.00,0.00,0.00,0.00,0.00,0.00,0.00,0.00,0.00,0.00,0.00,0.00,0.00,0.00,0.00,0.00,0.00,0.00,0.00,0.00,0.00,0.00,0.00
Diluted EPS (Discontinued),0.00,0.00,0.00,0.00,0.00,0.00,0.00,0.00,0.00,0.00,0.00,0.00,0.00,0.00,0.00,0.00,0.00,0.00,0.00,0.00,0.00,0.00,0.00,0.00,0.00,0.00,0.00,0.00,0.00,0.00,0.00,0.00,0.00,0.00,0.00,0.00,0.00,0.00,0.00,0.00,0.00,0.00,0.00,0.00,0.00,0.00,0.00,0.00,0.00,0.00,0.00,0.00,0.00,0.00,0.00,0.00,0.00,0.00,0.00,0.00,0.00,0.00,0.00,0.00,0.00,0.00,0.00,0.00,0.00,0.00,0.00,0.00,0.00,0.00,0.00,0.00
Diluted EPS (Extraordinary),0.00,0.00,0.00,0.00,0.00,0.00,0.00,0.00,0.00,0.00,0.00,0.00,0.00,0.00,0.00,0.00,0.00,0.00,0.00,0.00,0.00,0.00,0.00,0.00,0.00,0.00,0.00,0.00,0.00,0.00,0.00,0.00,0.00,0.00,0.00,0.00,0.00,0.00,0.00,0.00,0.00,0.00,0.00,0.00,0.00,0.00,0.00,0.00,0.00,0.00,0.00,0.00,0.00,0.00,0.00,0.00,0.00,0.00,0.00,0.00,0.00,0.00,0.00,0.00,0.00,0.00,0.00,0.00,0.00,0.00,0.00,0.00,0.00,0.00,0.00,0.00
Diluted EPS (Other Gains/Losses),0.00,0.00,0.00,0.00,0.00,0.00,0.00,0.00,0.00,0.00,0.00,0.00,0.00,0.00,0.00,0.00,0.00,-0.12,0.00,0.00,0.00,0.00,0.00,0.00,0.00,0.00,0.00,0.00,0.00,0.00,0.00,0.00,0.00,0.00,0.00,0.00,0.00,0.00,0.00,0.00,0.00,0.00,0.00,0.00,0.00,0.00,0.00,0.00,0.00,0.00,0.00,0.00,0.00,0.00,0.00,0.00,0.00,0.00,0.00,0.00,0.00,0.00,0.00,0.00,0.00,0.00,0.00,0.00,0.00,0.00,0.00,0.00,0.00,0.00,0.00,0.00
Diluted EPS (Tax Loss Carry Forward),0.00,0.00,0.00,0.00,0.00,0.00,0.00,0.00,0.00,0.00,0.00,0.00,0.00,0.00,0.00,0.00,0.00,0.00,0.00,0.00,0.00,0.00,0.00,0.00,0.00,0.00,0.00,0.00,0.00,0.00,0.00,0.00,0.00,0.00,0.00,0.00,0.00,0.00,0.00,0.00,0.00,0.00,0.00,0.00,0.00,0.00,0.00,0.00,0.00,0.00,0.00,0.00,0.00,0.00,0.00,0.00,0.00,0.00,0.00,0.00,0.00,0.00,0.00,0.00,0.00,0.00,0.00,0.00,0.00,0.00,0.00,0.00,0.00,0.00,0.00,0.00
Dividends Paid Per Share (YTD),0.00,0.00,0.00,0.00,0.00,0.00,0.11,0.22,0.11,0.22,0.33,0.43,0.11,0.22,0.33,0.43,0.11,0.22,0.33,0.43,0.11,0.22,0.33,0.11,0.22,0.33,0.43,0.11,0.22,0.32,0.43,0.11,0.22,0.32,0.43,0.11,0.22,0.32,0.45,0.13,0.25,0.25,0.39,0.14,0.28,0.41,0.62,0.21,0.42,0.62,0.86,0.24,0.48,0.71,0.99,0.28,0.55,0.55,0.87,0.32,0.63,0.95,1.27,0.32,0.63,0.95,1.27,0.32,0.63,0.95,1.27,0.32,0.63,0.95,1.27,0.32
EPS from Total Operations (YTD),0.04,0.07,0.11,0.15,0.04,0.23,0.49,0.59,0.10,0.26,0.44,0.75,0.25,0.46,0.95,1.22,0.44,0.75,0.83,0.85,0.01,-0.11,-0.27,0.26,0.86,1.89,3.43,1.80,2.98,3.77,4.16,0.20,0.25,0.25,0.67,0.66,1.86,2.11,2.18,2.19,3.32,6.12,8.63,3.19,4.42,4.99,6.83,1.35,1.62,2.68,3.49,1.02,2.07,2.29,2.43,0.21,1.03,2.48,-6.48,1.12,3.30,1.35,1.76,-0.19,-2.29,-4.84,-3.67,-0.41,-1.77,-5.90,-5.25,0.02,-0.67,-0.96,-2.31,-0.09
High PE Ratio,0.0,0.0,0.0,0.0,0.0,44.2,26.1,22.9,23.0,25.6,30.8,22.8,19.1,18.6,14.7,15.6,13.3,12.4,15.2,18.5,29.5,0.0,0.0,0.0,0.0,14.8,7.4,5.1,4.9,5.1,6.6,10.7,14.6,32.0,32.0,19.3,9.6,9.4,13.2,9.5,10.4,7.1,6.4,5.7,5.7,7.4,7.4,9.8,12.1,10.3,13.3,17.4,16.2,20.5,26.2,39.3,20.4,14.2,0.0,0.0,0.0,0.0,15.1,60.3,0.0,0.0,0.0,0.0,0.0,0.0,0.0,0.0,0.0,0.0,0.0,0.0
"Income, Restructuring and M&A;",0.0,0.0,0.0,0.0,0.0,0.0,0.0,0.0,0.0,0.0,0.0,0.0,0.0,0.0,0.0,0.0,0.0,0.0,0.0,0.0,0.0,0.0,0.0,0.0,0.0,0.0,0.0,0.0,0.0,0.0,0.0,0.0,0.0,0.0,0.0,0.0,0.0,0.0,0.0,0.0,0.0,0.0,0.0,0.0,0.0,0.0,0.0,0.0,0.0,0.0,0.0,0.0,0.0,0.0,0.0,0.0,0.0,0.0,0.0,0.0,0.0,0.0,0.0,0.0,0.0,0.0,0.0,0.0,0.0,0.0,0.0,0.0,0.0,0.0,0.0,0.0
LT-Debt as % of Invested Capital,0.0,0.0,0.0,63.6,64.0,54.2,53.9,54.1,54.5,53.6,52.7,51.3,51.4,48.9,48.2,49.4,42.3,43.2,41.8,43.7,52.7,53.0,55.0,54.4,49.0,46.2,39.8,44.4,44.8,39.2,38.7,38.6,38.4,39.7,42.4,40.2,49.2,50.6,48.1,43.3,56.8,54.1,53.1,48.4,44.4,48.9,48.4,50.1,50.5,54.3,57.0,60.5,60.5,65.9,66.3,68.8,69.8,70.6,72.2,71.1,68.2,69.2,68.8,69.3,70.1,72.0,70.0,70.8,72.6,80.0,79.8,80.2,80.2,78.2,80.2,81.0
LT-Debt as % of Total Debt,0.0,0.0,0.0,88.6,88.4,89.1,91.7,93.5,92.0,89.8,89.0,89.3,88.3,85.5,84.1,87.2,85.3,90.1,89.2,89.3,89.5,89.8,88.5,88.1,84.2,83.7,82.8,76.8,83.6,82.9,82.6,82.0,80.6,81.6,80.5,78.7,78.8,81.1,79.2,80.2,81.6,79.9,77.6,80.0,69.9,72.8,68.7,75.3,74.0,75.7,64.4,69.1,65.4,74.8,71.7,70.9,73.7,75.0,66.0,66.9,67.8,66.3,67.8,67.2,63.2,61.7,58.3,55.7,54.5,60.7,58.2,58.0,55.4,51.2,55.0,56.4
LT-Debt to Equity Ratio,0.00,0.00,0.00,1.75,1.78,1.18,1.17,1.18,1.20,1.16,1.12,1.05,1.06,0.96,0.93,0.98,0.73,0.76,0.72,0.78,1.12,1.13,1.22,1.19,0.96,0.86,0.66,0.80,0.81,0.64,0.63,0.63,0.62,0.66,0.74,0.67,0.97,1.03,0.93,0.76,1.31,1.18,1.13,0.94,0.80,0.96,0.94,1.01,1.02,1.19,1.33,1.53,1.53,1.94,1.97,2.20,2.31,2.40,2.60,2.46,2.14,2.25,2.20,2.25,2.35,2.57,2.34,2.42,2.65,3.99,3.95,4.05,4.06,3.59,4.05,4.26
Low PE Ratio,0.0,0.0,0.0,0.0,0.0,39.0,23.1,19.2,18.5,19.2,21.4,16.7,14.4,13.7,10.3,11.3,7.7,5.7,6.9,8.3,16.0,0.0,0.0,0.0,0.0,3.9,2.2,2.4,2.9,2.6,3.0,4.9,8.7,19.3,19.7,11.4,5.7,5.2,8.2,4.9,5.7,3.4,3.2,3.0,3.5,5.3,5.3,7.4,8.8,7.8,10.1,11.1,9.8,12.6,17.4,22.3,11.7,5.3,0.0,0.0,0.0,0.0,6.4,27.8,0.0,0.0,0.0,0.0,0.0,0.0,0.0,0.0,0.0,0.0,0.0,0.0
Net Income from Total Operations (YTD),1.3,2.6,3.9,5.3,1.3,10.0,23.3,29.1,5.4,14.5,24.4,42.6,14.0,26.3,54.9,70.5,25.4,45.7,50.8,52.7,0.7,-8.0,-19.6,19.9,66.7,147.5,270.0,144.7,240.9,305.3,336.5,15.7,19.6,20.3,53.4,53.6,150.5,170.8,177.4,189.0,287.6,532.9,757.4,279.0,383.6,426.3,570.9,101.7,122.1,201.9,262.2,76.4,154.8,171.8,181.3,15.2,75.9,181.4,-469.5,81.5,240.9,98.6,128.4,-14.0,0.0,0.0,-267.3,-29.7,-126.1,-417.3,-368.9,1.1,-46.2,0.0,-311.1,39.8
Normalized Close PE Ratio,0.0,0.0,0.0,0.0,0.0,41.4,24.1,22.1,21.6,24.1,30.3,19.2,19.0,17.3,13.0,12.8,8.8,5.9,8.5,9.7,20.0,0.0,0.0,0.0,0.0,0.0,5.5,4.3,3.6,2.9,4.2,7.5,13.0,22.3,30.8,13.2,8.1,7.1,8.5,7.7,8.6,7.0,5.4,5.9,5.9,7.5,7.7,8.2,11.0,9.4,12.2,16.8,14.6,18.5,24.4,30.6,15.6,6.4,0.0,101.6,0.0,0.0,11.8,36.7,0.0,0.0,0.0,0.0,0.0,0.0,0.0,0.0,0.0,0.0,33.1,37.1
Normalized High PE Ratio,0.0,0.0,0.0,0.0,0.0,44.2,26.1,22.9,23.0,25.6,30.8,22.8,19.1,18.6,14.7,15.6,13.3,12.4,15.2,18.5,29.5,0.0,0.0,0.0,0.0,0.0,7.4,5.1,4.9,5.1,6.6,10.7,14.6,32.0,32.0,15.0,8.3,8.0,8.6,7.8,8.7,7.1,7.1,7.3,7.4,9.6,9.8,10.6,12.7,10.6,13.0,17.0,16.0,20.0,29.2,45.8,21.6,14.6,0.0,382.3,0.0,0.0,13.5,43.8,0.0,0.0,0.0,0.0,0.0,0.0,0.0,0.0,0.0,0.0,37.7,37.8
Normalized Low PE Ratio,0.0,0.0,0.0,0.0,0.0,39.0,23.1,19.2,18.5,19.2,21.4,16.7,14.4,13.7,10.3,11.3,7.7,5.7,6.9,8.3,16.0,0.0,0.0,0.0,0.0,0.0,2.2,2.4,2.9,2.6,3.0,4.9,8.7,19.3,19.7,8.8,4.9,4.4,5.3,4.0,4.8,3.3,3.6,3.9,4.6,6.9,7.0,8.0,9.3,8.0,9.8,10.9,9.7,12.3,19.4,25.9,12.4,5.5,0.0,78.2,0.0,0.0,5.8,20.2,0.0,0.0,0.0,0.0,0.0,0.0,0.0,0.0,0.0,0.0,25.7,25.8
Normalized ROA,0.0,0.0,0.0,0.4,0.4,0.9,1.8,2.1,2.4,2.4,2.2,3.1,3.6,3.9,5.1,4.8,5.7,6.2,4.7,3.6,1.4,-0.1,-1.0,0.0,0.0,0.0,13.7,15.7,16.9,17.4,13.6,8.3,4.6,2.0,2.0,4.4,6.2,6.6,7.6,10.1,7.3,10.5,12.3,12.5,13.3,9.7,8.2,6.5,5.1,5.5,3.5,2.9,3.2,2.5,1.6,1.0,1.9,2.6,-1.8,0.1,-0.1,-2.7,1.5,0.5,-1.2,0.3,-2.5,-2.8,-3.8,-6.3,-1.6,-1.3,-0.9,1.4,1.2,1.2
Normalized ROCI,0.0,0.0,0.0,0.4,0.4,1.0,1.9,2.2,2.5,2.6,2.3,3.3,3.9,4.3,5.6,5.2,6.1,6.5,4.9,3.8,1.5,-0.1,-1.1,0.0,0.0,0.0,14.8,17.8,18.4,18.8,14.7,9.1,5.0,2.2,2.2,4.8,7.0,7.4,8.6,11.2,8.2,12.0,14.2,14.0,15.9,11.5,10.0,7.6,6.1,6.4,4.6,3.6,4.2,3.0,2.0,1.3,2.3,3.2,-2.4,0.1,-0.2,-3.7,2.0,0.6,-1.7,0.4,-3.8,-4.4,-6.1,-9.5,-2.5,-2.1,-1.5,2.5,2.0,1.9
Normalized ROE,0.0,0.0,0.0,1.2,1.2,2.2,4.2,4.9,5.5,5.5,4.9,6.8,8.0,8.3,10.8,10.2,10.5,11.5,8.5,6.8,3.2,0.0,0.0,0.0,0.0,0.0,24.6,32.0,33.3,30.9,24.1,14.7,8.2,3.7,3.8,8.1,13.9,15.0,16.6,19.7,18.9,26.1,30.4,27.1,28.5,22.5,19.4,15.2,12.2,14.1,10.7,9.2,10.6,8.9,6.1,4.1,7.8,10.9,0.0,0.5,0.0,0.0,6.4,2.0,0.0,1.5,0.0,0.0,0.0,0.0,0.0,0.0,0.0,11.3,9.9,9.9
Return on Assets (ROA),0.0,0.0,0.0,0.4,0.4,0.9,1.8,2.1,2.4,2.4,2.2,3.1,3.6,3.9,5.1,4.8,5.7,6.2,4.7,3.6,1.4,-0.1,-1.0,0.0,0.0,6.9,13.7,15.7,16.9,17.4,13.6,8.3,4.6,2.0,2.0,3.4,5.3,5.6,4.9,8.3,6.1,10.5,13.8,15.8,17.3,12.6,10.8,7.1,5.4,5.7,3.4,2.8,3.1,2.4,1.8,1.2,2.0,2.7,-4.6,-2.8,-3.2,-5.7,1.4,0.3,-1.3,0.2,-2.7,-3.0,-4.0,-6.7,-3.3,-3.0,-2.6,0.0,-2.8,-2.9
Return on Capital Invested (ROCI),0.0,0.0,0.0,0.4,0.4,1.0,1.9,2.2,2.5,2.6,2.3,3.3,3.9,4.3,5.6,5.2,6.1,6.5,4.9,3.8,1.5,-0.1,-1.1,0.0,0.0,7.5,14.8,17.8,18.4,18.8,14.7,9.1,5.0,2.2,2.2,3.7,6.0,6.3,5.6,9.2,6.9,11.9,15.9,17.7,20.6,14.9,13.2,8.3,6.3,6.7,4.5,3.6,4.1,2.9,2.3,1.5,2.5,3.3,-6.3,-3.8,-4.2,-7.7,1.8,0.5,-1.8,0.2,-4.0,-4.7,-6.4,-10.2,-5.2,-4.8,-4.3,0.0,-4.7,-4.7
Return on Stock Equity (ROE),0.0,0.0,0.0,1.2,1.2,2.2,4.2,4.9,5.5,5.5,4.9,6.8,8.0,8.3,10.8,10.2,10.5,11.5,8.5,6.8,3.2,0.0,0.0,0.0,0.0,13.9,24.6,32.0,33.3,30.9,24.1,14.7,8.2,3.7,3.8,6.3,11.9,12.8,10.7,16.3,15.9,26.0,33.9,34.4,37.0,29.2,25.5,16.6,12.8,14.6,10.4,9.0,10.5,8.7,6.7,4.7,8.2,11.1,0.0,0.0,0.0,0.0,5.7,1.5,0.0,0.8,0.0,0.0,0.0,0.0,0.0,0.0,0.0,0.2,0.0,0.0
Revenue (YTD),80.0,160.0,240.0,320.0,79.3,117.5,180.3,245.7,65.1,134.6,204.8,280.2,73.9,146.0,226.7,305.3,86.6,175.2,248.4,318.4,70.9,158.7,248.4,120.1,262.7,437.6,644.3,245.2,459.0,637.3,"1,039.1",136.2,266.0,388.7,543.9,212.9,566.0,840.8,"1,576.1",551.5,"1,029.1","1,549.7","2,219.2",517.4,997.6,"1,423.1","1,954.6",526.0,948.6,"1,426.3","2,013.3",583.0,"1,160.9","1,767.7","2,406.6",736.4,"1,512.8","2,392.0","3,193.7",616.6,"1,149.0","1,649.4","2,172.0",564.5,"1,109.5","1,571.6","2,068.9",488.0,972.9,"1,441.1","1,953.8",495.6,977.5,"1,441.0","1,956.2",451.0
accounts payable,0.0,0.0,0.0,11.5,9.2,10.5,11.5,11.8,11.1,11.1,13.0,16.3,11.0,14.6,13.6,16.2,14.8,12.4,13.7,11.9,12.0,17.5,20.4,34.2,23.1,23.2,22.1,20.9,22.4,23.9,24.5,15.4,20.8,20.6,22.3,21.7,37.3,135.9,51.8,42.3,33.6,41.8,61.6,164.2,47.7,168.1,40.9,147.7,43.6,44.4,69.6,57.6,65.3,91.3,89.7,95.0,442.3,497.4,60.0,296.5,53.3,53.8,57.2,58.1,47.8,56.0,45.0,52.7,53.6,53.1,97.1,52.9,83.1,196.7,115.5,438.3
accounts receivable,0.0,0.0,0.0,0.0,0.0,0.0,0.0,0.0,0.0,0.0,0.0,0.0,0.0,0.0,0.0,0.0,0.0,0.0,0.0,0.0,0.0,0.0,0.0,0.0,0.0,0.0,0.0,0.0,0.0,0.0,0.0,0.0,0.0,0.0,0.0,0.0,0.0,0.0,0.0,0.0,0.0,0.0,0.0,0.0,0.0,0.0,0.0,0.0,0.0,0.0,0.0,0.0,0.0,0.0,0.0,0.0,0.0,0.0,0.0,0.0,0.0,0.0,0.0,0.0,0.0,0.0,0.0,0.0,0.0,0.0,0.0,0.0,0.0,0.0,0.0,0.0
accrued expenses,0.0,0.0,0.0,0.0,0.0,0.0,0.0,0.0,0.0,0.0,0.0,0.0,0.0,0.0,0.0,0.0,0.0,0.0,0.0,0.0,0.0,0.0,0.0,0.0,0.0,0.0,0.0,0.0,0.0,0.0,0.0,0.0,0.0,0.0,0.0,0.0,0.0,0.0,0.0,0.0,0.0,0.0,0.0,0.0,0.0,0.0,0.0,0.0,0.0,0.0,0.0,0.0,0.0,0.0,0.0,0.0,0.0,0.0,0.0,0.0,0.0,0.0,0.0,0.0,0.0,0.0,0.0,0.0,0.0,0.0,0.0,0.0,0.0,0.0,0.0,0.0
accrued liabilities,0.0,0.0,0.0,0.0,0.0,0.0,0.0,0.0,0.0,0.0,0.0,0.0,0.0,0.0,0.0,0.0,0.0,0.0,0.0,0.0,0.0,0.0,0.0,0.0,0.0,0.0,0.0,0.0,0.0,0.0,0.0,0.0,0.0,0.0,0.0,0.0,0.0,0.0,0.0,0.0,0.0,0.0,0.0,0.0,0.0,0.0,0.0,0.0,0.0,0.0,0.0,0.0,0.0,0.0,0.0,0.0,0.0,0.0,0.0,0.0,0.0,0.0,0.0,0.0,0.0,0.0,0.0,0.0,0.0,0.0,0.0,0.0,0.0,0.0,0.0,0.0
accumulated depreciation,0.0,0.0,0.0,312.3,332.8,344.2,357.9,337.1,396.4,415.3,438.2,457.8,479.0,473.9,478.3,500.8,489.1,512.2,535.9,557.9,576.1,600.0,624.7,614.8,639.5,664.7,680.8,708.6,741.4,768.0,802.0,836.3,867.0,903.3,940.1,991.8,997.9,802.0,"1,035.2","1,083.9","1,137.9","1,053.2",971.6,971.6,772.4,971.6,802.3,802.3,836.4,882.9,901.6,973.0,"1,015.9",925.3,"1,136.1","1,186.9","1,186.9",0.0,"1,351.8",0.0,"1,516.5","1,737.1","1,811.9","1,907.5","1,992.0","2,071.0","2,169.5","2,248.2","2,349.6","2,433.6","2,539.5","2,588.7","2,582.6","2,365.2","2,301.3",0.0
acquisitions,0.0,0.0,0.0,0.0,0.0,0.0,0.0,0.0,0.0,0.0,0.0,0.0,0.0,0.0,0.0,0.0,0.0,0.0,0.0,0.0,0.0,0.0,38.0,-1.7,-2.1,-2.2,-2.7,-97.2,-177.4,-181.0,-5.1,0.0,0.0,0.0,0.0,0.0,-703.6,-704.7,0.0,0.0,-286.1,-286.9,-287.4,0.0,0.0,0.0,0.0,0.0,0.0,0.0,-464.8,-0.8,-896.8,"-1,108.1","-1,109.4",0.0,-257.1,-258.6,-261.8,0.0,0.0,-7.3,-8.8,0.0,0.0,1.5,-45.5,0.0,0.0,0.0,-361.0,0.0,0.0,-94.1,-275.9,-36.2
additional paid-in capital,0.0,0.0,0.0,0.0,0.0,0.0,0.0,0.0,0.0,0.0,0.0,0.0,0.0,0.0,0.0,0.0,0.0,0.0,0.0,0.0,0.0,0.0,0.0,0.0,0.0,0.0,0.0,0.0,0.0,0.0,0.0,0.0,0.0,0.0,0.0,0.0,0.0,0.0,0.0,0.0,0.0,0.0,0.0,0.0,0.0,0.0,0.0,0.0,4.3,6.8,8.1,8.4,8.7,10.3,0.0,0.0,0.0,0.0,0.0,0.0,0.0,0.0,0.0,0.0,0.0,0.0,0.0,0.0,0.0,0.0,0.0,0.0,0.0,0.0,0.0,0.0
adjustments to revenue,0.0,0.0,0.0,0.0,0.0,0.0,0.0,0.0,0.0,0.0,0.0,0.0,0.0,0.0,0.0,0.0,0.0,0.0,0.0,0.0,0.0,0.0,0.0,0.0,0.0,0.0,0.0,0.0,0.0,0.0,0.0,0.0,0.0,0.0,0.0,0.0,0.0,0.0,0.0,0.0,0.0,0.0,0.0,0.0,0.0,0.0,0.0,0.0,0.0,0.0,0.0,0.0,0.0,0.0,0.0,0.0,0.0,0.0,0.0,0.0,0.0,0.0,0.0,0.0,0.0,0.0,0.0,0.0,0.0,0.0,0.0,0.0,0.0,0.0,0.0,0.0
advertising,0.0,0.0,0.0,0.0,0.0,0.0,0.0,0.0,0.0,0.0,0.0,0.0,0.0,0.0,0.0,0.0,0.0,0.0,0.0,0.0,0.0,0.0,0.0,0.0,0.0,0.0,0.0,0.0,0.0,0.0,0.0,0.0,0.0,0.0,0.0,0.0,0.0,0.0,0.0,0.0,0.0,0.0,0.0,0.0,0.0,0.0,0.0,0.0,0.0,0.0,0.0,0.0,0.0,0.0,0.0,0.0,0.0,0.0,0.0,0.0,0.0,0.0,0.0,0.0,0.0,0.0,0.0,0.0,0.0,0.0,0.0,0.0,0.0,0.0,0.0,0.0
amortization,0.0,0.0,0.0,0.0,0.0,0.0,0.0,0.0,0.0,0.0,0.0,0.0,0.0,0.0,0.0,0.0,0.0,0.0,0.0,0.0,0.0,0.0,0.0,0.0,0.0,0.0,0.0,0.0,0.0,0.0,0.0,0.0,0.0,0.0,0.0,0.0,0.0,0.0,0.0,0.0,0.0,0.0,0.0,0.0,0.0,0.0,0.0,0.0,0.0,0.0,0.0,0.0,0.0,0.0,0.0,0.0,0.0,0.0,0.0,0.0,0.0,0.0,0.0,0.0,0.0,0.0,0.0,0.0,0.0,0.0,0.0,0.0,0.0,0.0,0.0,0.0
amortization of intangibles,0.0,0.0,0.0,0.0,0.0,0.0,0.0,0.0,0.0,0.0,0.0,0.0,0.0,0.0,0.0,0.0,0.0,0.0,0.0,0.0,0.0,0.0,0.0,0.0,0.0,0.0,0.0,0.0,0.0,0.0,0.0,0.0,0.0,0.0,0.0,0.0,0.0,0.0,0.0,0.0,0.0,0.0,0.0,0.0,0.0,0.0,0.0,0.0,0.0,0.0,0.0,0.0,0.0,0.0,0.0,0.0,0.0,0.0,0.0,0.0,0.0,0.0,0.0,0.0,0.0,0.0,0.0,0.0,0.0,0.0,0.0,0.0,0.0,0.0,0.0,0.0
asset turnover,0.0,0.0,0.0,0.0,0.0,0.0,0.0,0.0,0.2,0.2,0.2,0.2,0.2,0.2,0.2,0.2,0.2,0.2,0.2,0.2,0.2,0.2,0.1,0.0,0.0,0.3,0.3,0.3,0.4,0.4,0.5,0.4,0.3,0.3,0.2,0.2,0.3,0.3,0.5,0.6,0.5,0.5,0.5,0.5,0.4,0.4,0.4,0.4,0.4,0.3,0.3,0.3,0.3,0.3,0.3,0.3,0.3,0.3,0.3,0.3,0.3,0.2,0.2,0.2,0.2,0.2,0.2,0.2,0.2,0.2,0.2,0.2,0.2,0.2,0.2,0.2
auditor name,None,None,None,None,None,None,None,None,None,None,None,None,None,None,None,None,None,None,None,None,None,None,None,None,None,None,None,None,None,None,None,None,None,None,None,None,None,None,None,None,None,None,None,None,None,None,None,None,None,None,None,None,None,None,None,None,None,None,None,None,None,None,None,None,None,None,None,None,None,None,None,None,None,None,None,None
auditor report,None,None,None,None,None,None,None,None,None,None,None,None,None,None,None,None,None,None,None,None,None,None,None,None,None,None,None,None,None,None,None,None,None,None,None,None,None,None,None,None,None,None,None,None,None,None,None,None,None,None,None,None,None,None,None,None,None,None,None,None,None,None,None,None,None,None,None,None,None,None,None,None,None,None,None,None
basic earnings indicator,N,N,N,N,N,Y,Y,Y,Y,Y,Y,Y,Y,Y,Y,Y,Y,Y,Y,Y,Y,Y,Y,Y,Y,Y,Y,Y,Y,Y,Y,Y,Y,Y,Y,Y,Y,Y,Y,Y,Y,Y,Y,Y,Y,Y,Y,Y,Y,Y,Y,Y,Y,Y,Y,Y,Y,Y,Y,Y,Y,Y,Y,Y,Y,Y,Y,Y,Y,Y,Y,Y,Y,Y,Y,Y
book value per share,0.00,0.00,0.00,6.10,6.12,10.60,10.74,10.74,10.74,10.81,10.89,11.12,11.26,11.54,11.99,11.96,12.29,12.39,12.36,12.28,11.41,11.19,10.93,11.08,11.58,12.52,14.03,15.67,16.95,17.31,17.46,17.79,17.73,17.58,17.91,18.35,19.41,20.02,20.34,23.38,23.85,24.87,26.97,30.16,29.37,29.61,31.33,32.03,32.73,32.41,34.71,35.60,38.00,36.61,36.94,35.07,37.65,38.42,28.53,29.46,31.79,30.29,30.82,30.56,28.08,26.04,27.47,25.61,24.20,19.45,20.80,20.21,19.34,20.19,18.87,18.38
building and improvements,0.0,0.0,0.0,0.0,0.0,0.0,0.0,0.0,0.0,0.0,0.0,0.0,0.0,0.0,0.0,0.0,0.0,0.0,0.0,0.0,0.0,0.0,0.0,0.0,0.0,0.0,0.0,0.0,0.0,0.0,0.0,0.0,0.0,0.0,0.0,0.0,0.0,0.0,0.0,0.0,0.0,0.0,0.0,0.0,0.0,0.0,0.0,0.0,0.0,0.0,0.0,0.0,0.0,0.0,0.0,0.0,0.0,0.0,0.0,0.0,0.0,0.0,0.0,0.0,0.0,0.0,0.0,0.0,0.0,0.0,0.0,0.0,0.0,0.0,0.0,0.0
capital lease obligations,0.0,0.0,0.0,0.0,0.0,0.0,0.0,0.0,0.0,0.0,0.0,0.0,0.0,0.0,0.0,0.0,0.0,0.0,0.0,0.0,0.0,0.0,0.0,0.0,0.0,0.0,0.0,0.0,0.0,0.0,0.0,0.0,0.0,0.0,0.0,0.0,0.0,0.0,0.0,0.0,0.0,0.0,0.0,0.0,0.0,0.0,0.0,0.0,0.0,0.0,0.0,0.0,0.0,0.0,0.0,0.0,0.0,0.0,0.0,0.0,0.0,0.0,0.0,0.0,0.0,0.0,0.0,0.0,0.0,0.0,0.0,0.0,0.0,0.0,0.0,0.0
cash as % of revenue,0.0,0.0,0.0,5.2,11.4,20.2,24.2,40.6,46.6,52.2,45.7,41.9,49.8,37.3,38.4,28.8,24.7,30.7,20.2,37.2,55.6,49.3,88.7,0.0,0.0,41.7,28.1,38.6,36.2,15.9,16.8,21.6,20.6,20.4,52.3,39.9,34.7,33.7,18.5,15.9,10.6,16.8,19.2,25.4,11.3,12.1,12.1,13.1,15.1,15.5,17.1,17.9,13.1,12.6,18.4,21.7,18.1,29.0,25.5,25.1,16.7,20.2,19.5,30.0,30.1,33.1,37.7,28.5,25.7,40.0,35.4,36.3,34.0,30.0,32.7,25.1
cash at beginning of period,0.0,0.0,0.0,38.6,16.5,16.5,16.5,16.5,99.8,99.8,99.8,101.8,117.5,117.5,117.5,117.5,88.0,88.0,88.0,88.0,118.4,118.4,118.4,220.3,220.3,220.3,220.3,181.3,181.3,181.3,181.3,175.0,175.0,175.0,175.0,284.6,284.6,284.6,284.6,292.3,292.3,292.3,292.3,427.0,427.0,427.0,427.0,237.0,237.0,237.0,237.0,343.9,343.9,343.9,343.9,442.7,442.7,442.7,442.7,814.2,814.2,814.2,814.2,422.5,422.5,422.5,422.5,779.7,779.7,779.7,779.7,692.1,692.1,692.1,692.1,639.5
cash end of period,0.0,0.0,0.0,0.0,0.0,60.5,68.4,99.8,118.0,137.1,123.5,117.5,143.9,108.7,116.1,88.0,78.7,102.6,66.1,118.4,168.4,148.8,220.3,238.7,126.1,219.7,181.3,296.9,304.2,133.8,175.0,200.7,174.1,161.5,284.6,247.6,293.2,336.0,292.3,304.0,215.7,308.0,427.0,554.3,246.8,252.9,237.0,257.0,287.2,303.2,343.9,370.7,292.3,296.6,442.7,555.7,498.9,875.6,814.2,770.5,472.7,495.4,422.5,635.4,641.5,692.5,779.7,567.3,497.5,775.4,692.1,712.3,665.7,586.9,639.5,479.6
cash flow,0.0,0.0,0.0,101.7,0.0,0.0,0.0,112.7,118.8,121.1,120.1,133.3,143.3,147.9,166.7,165.4,177.4,185.1,161.9,146.4,117.0,88.7,48.7,0.0,0.0,0.0,370.2,497.4,558.4,552.5,472.8,352.4,260.7,198.4,202.7,243.6,349.6,243.0,368.6,518.5,531.3,910.0,994.9,"1,031.4","1,080.9",709.1,776.4,599.1,511.2,702.6,463.8,494.3,543.2,466.5,439.4,399.0,335.0,385.1,-125.1,-15.9,252.2,57.3,489.6,502.3,239.5,440.5,173.4,140.6,38.1,-254.5,59.7,100.0,159.0,455.2,71.8,-50.3
cash flow per share,0.00,0.00,0.00,1.41,0.00,0.00,0.00,2.02,2.12,2.15,2.13,2.35,2.52,2.61,2.94,2.87,2.80,2.92,2.56,2.31,1.54,1.17,0.64,0.00,0.00,0.00,4.73,6.31,7.09,6.90,5.90,4.45,3.28,2.50,2.55,3.06,4.38,3.04,4.54,6.31,6.39,10.90,11.99,12.62,13.78,9.40,10.88,8.07,6.93,9.61,6.37,6.71,7.34,6.37,6.04,5.52,4.63,5.31,-1.72,-0.22,3.48,0.79,6.74,6.89,3.28,6.04,2.41,1.96,0.54,-3.69,0.87,1.45,2.30,6.55,1.03,-0.72
cash from discontinued financing activities,0.0,0.0,0.0,0.0,0.0,0.0,0.0,0.0,0.0,0.0,0.0,0.0,0.0,0.0,0.0,0.0,0.0,0.0,0.0,0.0,0.0,0.0,0.0,0.0,0.0,0.0,0.0,0.0,0.0,0.0,0.0,0.0,0.0,0.0,0.0,0.0,0.0,0.0,0.0,0.0,0.0,0.0,0.0,0.0,0.0,0.0,0.0,0.0,0.0,0.0,0.0,0.0,0.0,0.0,0.0,0.0,0.0,0.0,0.0,0.0,0.0,0.0,0.0,0.0,0.0,0.0,0.0,0.0,0.0,0.0,0.0,0.0,0.0,0.0,0.0,0.0
cash from discontinued investing activities,0.0,0.0,0.0,0.0,0.0,0.0,0.0,0.0,0.0,0.0,0.0,0.0,0.0,0.0,0.0,0.0,0.0,0.0,0.0,0.0,0.0,0.0,0.0,0.0,0.0,0.0,0.0,0.0,0.0,0.0,0.0,0.0,0.0,0.0,0.0,0.0,0.0,0.0,0.0,0.0,0.0,0.0,0.0,0.0,0.0,0.0,0.0,0.0,0.0,0.0,0.0,0.0,0.0,0.0,0.0,0.0,0.0,0.0,0.0,0.0,0.0,0.0,0.0,0.0,0.0,0.0,0.0,0.0,0.0,0.0,0.0,0.0,0.0,0.0,0.0,0.0
cash per share,0.00,0.00,0.00,0.23,0.50,1.09,1.23,1.79,2.11,2.44,2.19,2.07,2.53,1.92,2.05,1.53,1.24,1.62,1.04,1.87,2.21,1.95,2.89,3.13,1.65,2.82,2.32,3.77,3.86,1.67,2.18,2.54,2.19,2.04,3.59,3.11,3.67,4.21,3.60,3.70,2.59,4.60,5.15,6.78,3.15,3.35,3.32,3.46,3.90,4.15,4.72,5.04,3.95,4.05,6.08,7.69,6.89,12.08,11.23,10.62,6.52,6.83,5.81,8.71,8.79,9.49,10.83,7.90,7.11,11.25,10.07,10.30,9.61,8.44,9.17,6.83
common par,0.0,0.0,0.0,0.0,0.0,230.6,232.9,235.7,238.7,241.7,244.6,247.6,251.7,257.4,260.7,261.4,330.6,330.6,330.5,330.5,427.9,427.9,427.9,428.8,431.7,448.7,452.8,458.6,473.1,472.2,467.3,467.8,470.6,470.3,471.0,467.9,472.5,0.0,492.7,509.9,525.5,531.4,534.9,0.0,513.1,0.0,471.8,0.0,589.2,587.7,588.7,607.4,619.9,617.8,628.8,628.2,0.0,0.0,642.9,0.0,649.1,651.9,656.2,668.2,672.8,676.7,672.7,685.4,670.2,660.9,660.9,666.1,670.1,677.3,681.9,0.0
common stock equity,0.0,0.0,0.0,439.1,440.6,587.0,596.8,599.4,601.8,607.9,614.6,629.8,641.8,653.6,679.4,689.5,777.9,784.1,782.3,777.4,868.7,851.8,832.1,844.7,886.1,975.7,"1,098.5","1,234.8","1,335.9","1,386.3","1,398.2","1,408.1","1,407.6","1,394.2","1,421.9","1,459.3","1,550.1","1,599.1","1,651.8","1,921.4","1,983.3","2,076.7","2,237.4","2,464.3","2,303.7","2,232.6","2,236.5","2,376.7","2,412.6","2,370.8","2,528.2","2,620.9","2,811.2","2,682.0","2,687.9","2,535.5","2,725.1","2,785.8","2,068.5","2,137.5","2,306.0","2,198.4","2,240.1","2,229.3","2,049.4","1,900.5","1,978.4","1,839.4","1,693.5","1,339.9","1,429.7","1,398.3","1,339.3","1,403.8","1,315.4","1,290.8"
construction in progress,0.0,0.0,0.0,0.0,0.0,0.0,0.0,0.0,0.0,0.0,0.0,0.0,0.0,0.0,0.0,0.0,0.0,0.0,0.0,0.0,0.0,0.0,0.0,0.0,0.0,0.0,0.0,0.0,0.0,0.0,0.0,0.0,0.0,0.0,0.0,0.0,0.0,0.0,0.0,0.0,0.0,0.0,0.0,0.0,0.0,0.0,0.0,0.0,0.0,0.0,0.0,0.0,0.0,0.0,0.0,0.0,0.0,0.0,0.0,0.0,0.0,0.0,0.0,0.0,0.0,0.0,0.0,0.0,0.0,0.0,0.0,0.0,0.0,0.0,0.0,0.0
cost in excess,0.0,0.0,0.0,0.0,0.0,0.0,0.0,0.0,0.0,0.0,0.0,0.0,0.0,0.0,0.0,0.0,0.0,0.0,0.0,0.0,0.0,0.0,0.0,0.0,0.0,0.0,0.0,0.0,0.0,0.0,0.0,0.0,0.0,0.0,0.0,0.0,0.0,0.0,0.0,0.0,0.0,0.0,0.0,0.0,0.0,0.0,0.0,0.0,0.0,0.0,0.0,0.0,0.0,0.0,0.0,0.0,0.0,0.0,0.0,0.0,0.0,0.0,0.0,0.0,0.0,0.0,0.0,0.0,0.0,0.0,0.0,0.0,0.0,0.0,0.0,0.0
cost of sales,0.0,0.0,0.0,0.0,38.5,16.4,17.6,19.2,19.4,19.4,18.3,19.0,19.3,21.4,21.0,19.4,26.1,29.4,28.7,30.1,32.2,47.1,0.0,47.7,47.8,45.4,38.0,51.1,55.6,58.2,305.5,53.1,56.2,55.8,52.9,55.6,149.0,290.0,415.4,261.5,269.0,285.6,292.0,315.6,220.0,433.9,124.3,341.7,207.3,287.2,368.1,343.0,321.9,437.4,428.8,480.2,674.9,485.7,135.5,397.7,213.4,275.8,252.9,298.0,285.3,275.5,276.0,206.7,226.6,259.4,259.3,249.8,243.0,239.6,339.6,316.3
cost of sales with depreciation,0.0,0.0,0.0,0.0,38.5,16.8,17.6,19.2,19.4,19.4,18.3,19.0,19.3,21.4,21.0,19.4,26.1,29.4,28.7,30.1,32.2,47.1,0.0,47.7,47.8,45.4,38.0,51.1,55.6,58.2,305.5,53.1,56.2,55.8,52.9,55.6,149.0,151.2,554.2,261.5,269.0,285.6,292.0,261.6,274.1,279.1,279.1,291.3,257.8,287.2,345.7,319.5,345.4,386.3,408.9,459.1,491.7,377.2,374.0,291.1,319.9,219.1,233.7,298.0,285.3,275.5,276.0,206.7,226.6,259.4,259.3,249.8,243.0,239.6,266.7,213.8
cumulative translation adjustments,0.0,0.0,0.0,0.0,0.0,0.0,0.0,0.0,0.0,0.0,0.0,0.0,0.0,0.0,0.0,0.0,0.0,0.0,0.0,0.0,0.0,0.0,0.0,0.0,0.0,0.0,0.0,0.0,0.0,0.0,0.0,0.0,0.0,0.0,0.0,0.0,0.0,0.0,0.0,0.0,0.0,0.0,0.0,0.0,0.0,0.0,0.0,0.0,0.0,0.0,0.0,0.0,0.0,0.0,0.0,0.0,0.0,0.0,0.0,0.0,0.0,0.0,0.0,0.0,0.0,0.0,0.0,0.0,0.0,0.0,0.0,0.0,0.0,0.0,0.0,0.0
current assets per share,0.00,0.00,0.00,2.00,1.95,2.71,2.90,2.54,2.86,3.17,2.92,2.81,3.25,2.79,2.76,2.42,2.24,2.51,1.98,2.63,2.85,2.63,3.69,4.07,2.64,3.88,3.77,5.17,5.22,2.93,3.34,3.82,3.39,3.50,4.88,4.62,5.98,7.21,5.92,5.97,8.12,7.07,11.07,11.60,6.77,7.34,8.83,9.34,9.76,9.83,10.26,12.06,10.27,10.27,13.98,15.42,15.38,21.05,19.23,15.48,12.35,12.80,11.89,15.15,14.80,14.94,17.53,15.90,15.13,18.53,17.64,20.08,18.48,20.24,22.31,18.13
current defered income taxes,0.0,0.0,0.0,0.0,0.0,0.0,0.0,0.0,0.0,0.0,0.0,0.0,0.0,0.0,0.0,0.0,0.0,0.0,0.0,0.0,0.0,0.0,0.0,0.0,0.0,0.0,0.0,0.0,0.0,0.0,0.0,0.0,0.0,0.0,0.0,0.0,0.0,0.0,0.0,0.0,0.0,0.0,0.0,0.0,0.0,0.0,0.0,0.0,0.0,0.0,0.0,0.0,0.0,0.0,0.0,0.0,0.0,0.0,0.0,0.0,0.0,0.0,0.0,0.0,0.0,0.0,0.0,0.0,0.0,0.0,0.0,0.0,0.0,0.0,0.0,0.0
current deferred income taxes,0.0,0.0,0.0,0.0,0.0,0.0,0.0,0.0,0.0,0.0,0.0,0.0,0.0,0.0,0.0,0.0,0.0,0.0,0.0,0.0,0.0,0.0,0.0,0.0,0.0,0.0,0.0,0.0,0.0,0.0,0.0,0.0,0.0,0.0,0.0,0.0,0.0,0.0,0.0,0.0,0.0,0.0,0.0,0.0,0.0,0.0,0.0,0.0,0.0,0.0,0.0,0.0,0.0,0.0,0.0,0.0,0.0,0.0,0.0,0.0,0.0,0.0,0.0,0.0,0.0,0.0,0.0,0.0,0.0,0.0,0.0,0.0,0.0,0.0,0.0,0.0
current liabilities per share,0.00,0.00,0.00,1.38,1.43,1.53,1.14,0.88,1.12,1.43,1.50,1.41,1.58,1.87,2.11,1.70,1.55,1.04,1.07,1.14,1.40,1.40,1.66,1.70,1.99,1.94,1.77,2.44,1.97,1.56,1.59,1.65,1.82,1.79,2.39,2.26,3.74,3.52,3.38,2.86,4.34,4.24,5.00,3.82,5.44,5.43,6.51,4.27,4.84,5.30,10.63,10.09,15.64,8.66,12.67,14.43,10.69,10.74,14.22,9.39,12.24,12.77,11.64,11.00,11.67,12.28,16.02,18.84,20.28,14.62,16.45,16.75,20.07,21.86,21.85,18.17
current ratio,0.0,0.0,0.0,1.5,1.4,1.8,2.5,2.9,2.6,2.2,1.9,2.0,2.1,1.5,1.3,1.4,1.4,2.4,1.8,2.3,2.0,1.9,2.2,2.4,1.3,2.0,2.1,2.1,2.6,1.9,2.1,2.3,1.9,2.0,2.0,2.0,1.6,2.0,1.7,2.1,1.9,1.7,2.2,3.0,1.2,1.4,1.4,2.2,2.0,1.9,1.0,1.2,0.7,1.2,1.1,1.1,1.4,2.0,1.4,1.6,1.0,1.0,1.0,1.4,1.3,1.2,1.1,0.8,0.7,1.3,1.1,1.2,0.9,0.9,1.0,1.0
decrease (increase) in other current liabilities,0.0,0.0,0.0,-2.9,0.0,0.0,0.0,0.0,0.0,0.0,0.0,0.0,0.0,0.0,0.0,0.0,0.0,0.0,0.0,0.0,0.0,0.0,12.6,0.0,0.0,0.0,0.0,0.0,0.0,0.0,0.0,0.0,0.0,0.0,0.0,0.0,0.0,0.0,0.0,0.0,0.0,0.0,23.6,0.0,0.0,0.0,-26.3,0.0,0.0,0.0,68.4,0.0,0.0,0.0,7.4,0.0,0.0,0.0,21.6,0.0,0.0,2.0,26.2,-25.8,0.0,0.0,0.0,0.0,0.0,0.0,-19.4,0.0,0.0,0.0,-20.5,0.0
decrease (increase) in other working capital,0.0,0.0,0.0,0.0,0.0,-5.4,-4.2,-1.3,12.8,1.6,12.1,0.4,4.3,3.0,12.2,-9.5,1.0,0.8,1.3,1.4,6.0,0.6,0.0,0.0,-7.2,-13.0,-36.7,-8.4,-10.9,3.7,28.2,-7.2,11.1,-4.0,7.0,-38.3,-15.4,0.0,-4.3,-25.3,-1.9,0.0,0.0,0.0,33.5,0.0,0.0,0.0,-34.7,13.5,0.0,-50.9,-60.0,-37.3,0.0,-38.8,0.0,0.0,30.2,0.0,82.3,17.5,60.3,-9.8,-26.0,36.2,45.4,-78.8,-47.5,-48.4,-8.2,-70.2,-95.5,-42.1,19.7,0.0
decrease (increase) in payables,0.0,0.0,0.0,-0.3,0.0,0.0,0.0,0.0,0.0,0.0,0.0,0.0,0.0,0.0,0.0,0.0,0.0,0.0,0.0,0.0,0.0,0.0,-6.6,0.0,0.0,0.0,0.0,0.0,0.0,0.0,0.0,0.0,0.0,0.0,0.0,0.0,0.0,0.0,0.0,0.0,0.0,0.0,11.5,0.0,0.0,0.0,-17.7,0.0,0.0,0.0,19.3,0.0,0.0,0.0,18.6,0.0,0.0,0.0,-29.7,0.0,0.0,-7.0,-2.7,0.8,0.0,0.0,0.0,0.0,0.0,0.0,12.2,0.0,0.0,0.0,18.4,0.0
deferred income taxes,0.0,0.0,0.0,0.0,0.0,0.0,0.0,0.0,0.0,0.0,0.0,0.0,0.0,0.0,0.0,0.0,0.0,0.0,0.0,0.0,0.0,0.0,1.5,0.5,1.0,1.5,0.0,0.7,3.1,6.8,0.0,3.2,7.0,9.7,11.4,3.3,17.2,0.0,36.5,2.1,8.2,0.0,35.0,0.0,0.0,0.0,-2.3,0.0,0.0,0.0,0.0,0.0,0.0,0.0,0.0,0.0,0.0,0.0,0.0,0.0,1.3,12.2,22.9,0.0,0.0,0.0,0.0,0.8,2.8,4.3,0.0,0.0,0.0,0.0,0.0,0.0
deferred revenues,0.0,0.0,0.0,0.0,0.0,0.0,0.0,0.0,0.0,0.0,0.0,0.0,0.0,0.0,0.0,0.0,0.0,0.0,0.0,0.0,0.0,0.0,0.0,0.0,0.0,0.0,0.0,0.0,0.0,0.0,0.0,0.0,0.0,0.0,0.0,0.0,0.0,0.0,0.0,0.0,0.0,0.0,0.0,0.0,0.0,0.0,0.0,0.0,0.0,0.0,0.0,0.0,0.0,0.0,0.0,0.0,0.0,0.0,0.0,0.0,0.0,0.0,0.0,0.0,0.0,0.0,0.0,0.0,0.0,0.0,0.0,0.0,0.0,0.0,0.0,0.0
depreciation,0.0,0.0,0.0,96.4,20.9,41.0,62.0,83.6,22.4,44.9,68.2,90.7,23.7,47.6,71.1,94.9,24.3,47.9,71.7,93.7,19.6,43.9,68.3,25.0,49.7,74.9,100.2,27.5,63.6,99.5,136.3,36.1,72.8,110.1,149.3,39.1,88.9,0.0,191.2,53.6,114.5,179.3,237.5,0.0,104.4,0.0,205.5,0.0,100.6,150.5,201.6,55.8,147.4,183.3,258.1,76.5,0.0,0.0,344.4,0.0,214.7,265.1,361.2,108.2,219.5,328.7,440.7,105.0,210.3,318.0,428.6,114.6,229.7,342.4,383.0,0.0
depreciation (unrecognized),0.0,0.0,0.0,0.0,20.9,20.1,21.0,21.6,22.4,22.5,23.3,22.5,23.7,23.9,23.5,23.8,24.3,23.6,23.8,22.0,19.6,24.3,0.0,25.0,24.6,25.2,25.2,27.5,36.1,35.9,36.8,36.1,36.8,37.3,39.2,39.1,49.8,49.9,52.4,53.6,60.8,64.8,58.2,54.1,50.3,50.4,50.7,50.5,50.2,49.8,73.5,79.3,68.1,87.1,94.7,97.7,106.7,108.5,105.9,106.6,108.2,107.1,115.3,108.2,111.2,109.2,112.0,105.0,105.2,107.7,110.6,114.6,115.1,112.8,113.5,102.5
domestic sales,0.0,0.0,0.0,0.0,0.0,0.0,0.0,0.0,0.0,0.0,0.0,0.0,0.0,0.0,0.0,0.0,0.0,0.0,0.0,0.0,0.0,0.0,0.0,0.0,0.0,0.0,0.0,0.0,0.0,0.0,0.0,0.0,0.0,0.0,0.0,0.0,0.0,0.0,0.0,0.0,0.0,0.0,0.0,0.0,0.0,0.0,0.0,0.0,0.0,0.0,0.0,0.0,0.0,0.0,0.0,0.0,0.0,0.0,0.0,0.0,0.0,0.0,0.0,0.0,0.0,0.0,0.0,0.0,0.0,0.0,0.0,0.0,0.0,0.0,0.0,0.0
earnings from equity interest,0.0,0.0,0.0,0.0,0.0,0.0,0.0,0.0,0.0,0.0,0.0,0.0,0.0,0.0,0.0,0.0,0.0,0.0,0.0,0.0,0.0,0.0,0.0,0.0,0.0,0.0,0.0,0.0,0.0,0.0,0.0,0.0,0.0,0.0,0.0,0.0,0.0,0.0,0.0,0.0,0.0,0.0,0.0,0.0,0.0,0.0,0.0,0.0,0.0,0.0,0.0,0.0,0.0,0.0,0.0,0.0,0.0,0.0,0.0,0.0,0.0,0.0,0.0,0.0,0.0,0.0,0.0,0.0,0.0,0.0,0.0,0.0,0.0,0.0,0.0,0.0
earnings period indicator,Q,S,N,F,Q,S,N,F,Q,S,N,F,Q,S,N,F,Q,S,N,F,Q,S,F,Q,S,N,F,Q,S,N,F,Q,S,N,F,Q,S,N,F,Q,S,N,F,Q,S,N,F,Q,S,N,F,Q,S,N,F,Q,S,N,F,Q,S,N,F,Q,S,N,F,Q,S,N,F,Q,S,N,F,Q
effect exchange rate changes,0.0,0.0,0.0,0.0,0.0,0.0,0.0,0.0,0.0,0.0,0.0,0.0,0.0,0.0,0.0,0.0,0.0,0.0,0.0,0.0,0.0,0.0,0.0,0.0,0.0,0.0,0.0,0.0,0.0,0.0,0.0,0.0,0.0,0.0,0.0,0.0,0.0,0.0,0.0,0.0,0.0,0.0,0.0,0.0,0.0,0.0,0.0,0.0,0.0,0.0,0.0,0.0,0.0,0.0,0.0,0.0,0.0,0.0,0.0,0.0,0.0,0.0,0.0,0.0,0.0,0.0,0.0,0.0,0.0,0.0,0.0,0.0,0.0,0.0,0.0,0.0
effective tax rate,0.0,0.0,0.0,0.0,0.0,0.0,0.0,0.0,0.0,0.0,0.0,0.0,0.0,0.0,0.0,0.0,0.0,0.0,0.0,0.0,0.0,0.0,0.0,0.0,0.0,0.0,0.0,0.0,0.0,0.0,0.0,0.0,0.0,0.0,0.0,0.0,0.0,2.9,0.0,0.0,0.0,0.0,0.0,0.0,0.0,0.0,0.0,3.4,6.3,4.9,0.0,0.0,0.0,0.1,0.0,3.3,0.0,0.0,0.0,0.0,0.0,0.0,9.8,7.6,0.0,0.0,0.0,0.0,0.0,0.0,0.0,0.0,0.0,0.0,0.0,0.0
excise taxes,0.0,0.0,0.0,0.0,0.0,0.0,0.0,0.0,0.0,0.0,0.0,0.0,0.0,0.0,0.0,0.0,0.0,0.0,0.0,0.0,0.0,0.0,0.0,0.0,0.0,0.0,0.0,0.0,0.0,0.0,0.0,0.0,0.0,0.0,0.0,0.0,0.0,0.0,0.0,0.0,0.0,0.0,0.0,0.0,0.0,0.0,0.0,0.0,0.0,0.0,0.0,0.0,0.0,0.0,0.0,0.0,0.0,0.0,0.0,0.0,0.0,0.0,0.0,0.0,0.0,0.0,0.0,0.0,0.0,0.0,0.0,0.0,0.0,0.0,0.0,0.0
extraordinary gains,0.0,0.0,0.0,0.0,0.0,0.0,0.0,0.0,0.0,0.0,0.0,0.0,0.0,0.0,0.0,0.0,0.0,0.0,0.0,0.0,0.0,0.0,0.0,0.0,0.0,0.0,0.0,0.0,0.0,0.0,0.0,0.0,0.0,0.0,0.0,0.0,0.0,0.0,0.0,0.0,0.0,0.0,0.0,0.0,0.0,0.0,0.0,0.0,0.0,0.0,0.0,0.0,0.0,0.0,0.0,0.0,0.0,0.0,0.0,0.0,0.0,-58.8,-78.0,0.0,0.0,0.0,0.0,0.0,0.0,0.0,0.0,0.0,0.0,0.0,0.0,0.0
extraordinary income/losses,0.0,0.0,0.0,0.0,0.0,0.0,0.0,0.0,0.0,0.0,0.0,0.0,0.0,0.0,0.0,0.0,0.0,0.0,0.0,0.0,0.0,0.0,0.0,0.0,0.0,0.0,0.0,0.0,0.0,0.0,0.0,0.0,0.0,0.0,0.0,0.0,0.0,0.0,0.0,0.0,0.0,0.0,0.0,0.0,0.0,0.0,0.0,0.0,0.0,0.0,0.0,0.0,0.0,0.0,0.0,0.0,0.0,0.0,0.0,0.0,0.0,0.0,0.0,0.0,0.0,0.0,0.0,0.0,0.0,0.0,0.0,0.0,0.0,0.0,0.0,0.0
foreign sales,0.0,0.0,0.0,0.0,0.0,0.0,0.0,0.0,0.0,0.0,0.0,0.0,0.0,0.0,0.0,0.0,0.0,0.0,0.0,0.0,0.0,0.0,0.0,0.0,0.0,0.0,0.0,0.0,0.0,0.0,0.0,0.0,0.0,0.0,0.0,0.0,0.0,0.0,0.0,0.0,0.0,0.0,0.0,0.0,0.0,0.0,0.0,0.0,0.0,0.0,0.0,0.0,0.0,0.0,0.0,0.0,0.0,0.0,0.0,0.0,0.0,0.0,0.0,0.0,0.0,0.0,0.0,0.0,0.0,0.0,0.0,0.0,0.0,0.0,0.0,0.0
free cash flow,0.0,0.0,0.0,68.1,-25.0,-9.8,17.4,4.7,2.4,16.0,26.9,44.0,-2.5,19.6,-21.7,-70.5,-1.9,25.3,23.5,14.4,9.7,2.5,36.4,29.8,58.4,146.8,242.1,57.5,-14.1,54.5,275.9,26.7,14.6,18.5,44.7,17.7,-561.9,-601.2,-682.4,101.2,-174.1,-262.7,-63.6,112.2,163.5,122.3,4.7,25.3,54.8,67.0,-424.6,-119.1,"-1,135.1","-1,474.2","-1,837.2",-239.9,-503.2,-549.2,-629.6,-83.6,-214.6,-293.0,-337.4,-6.0,8.1,-11.0,-229.3,-240.1,-499.2,-736.1,"-1,304.3",-68.7,-231.8,-489.5,-840.4,-226.6
free cash flow per share,0.00,0.00,0.00,0.95,-0.35,-0.18,0.31,0.08,0.04,0.28,0.48,0.78,-0.04,0.35,-0.38,-1.22,-0.03,0.40,0.37,0.23,0.13,0.03,0.48,0.39,0.76,1.88,3.09,0.73,-0.18,0.68,3.44,0.34,0.18,0.23,0.56,0.22,-7.03,-7.53,-8.40,1.23,-2.09,-3.15,-0.77,1.37,2.09,1.62,0.07,0.34,0.74,0.92,-5.83,-1.62,-15.35,-20.12,-25.25,-3.32,-6.95,-7.57,-8.68,-1.15,-2.96,-4.04,-4.64,-0.08,0.11,-0.15,-3.18,-3.34,-7.13,-10.68,-18.98,-0.99,-3.35,-7.04,-12.06,-3.23
gross fixed assets,0.0,0.0,0.0,"1,460.3","1,506.4","1,546.2","1,540.9","1,535.9","1,608.4","1,614.4","1,644.6","1,654.1","1,694.6","1,662.8","1,717.3","1,798.7","1,780.4","1,788.3","1,811.7","1,832.4","2,276.9","2,284.8","2,291.5","2,244.8","2,283.5","2,286.3","2,288.5","2,609.9","2,770.0","2,823.4","2,727.8","2,730.8","2,791.9","2,805.8","3,006.7","3,041.4","3,581.5","3,341.8","3,610.0","3,707.5","4,643.5","4,594.2","4,502.9","4,142.5","4,203.7","4,545.7","4,523.9","4,230.7","4,295.3","4,412.3","6,209.7","6,645.7","6,646.2","7,563.4","7,982.9","8,258.7","8,562.6","7,371.4","8,618.9","7,136.2","8,166.3","8,627.9","8,647.5","8,708.6","8,754.3","8,796.4","8,940.9","9,000.7","9,280.4","9,364.4","10,407.9","10,184.0","10,224.1","10,107.4","9,430.5","6,572.7"
gross margin,0.0,0.0,0.0,0.0,0.0,0.0,0.0,0.0,0.0,0.0,0.0,0.0,0.0,0.0,0.0,0.0,0.0,0.0,0.0,0.0,0.0,0.0,0.0,72.3,94.8,129.5,168.7,194.1,158.2,120.1,96.3,83.1,73.6,67.0,102.2,157.3,204.1,-15.2,319.9,290.0,208.6,235.0,377.6,201.8,260.1,-8.3,407.1,184.3,215.2,190.5,218.9,240.0,256.0,169.4,210.1,256.1,94.5,393.5,666.1,218.9,319.1,224.5,269.7,266.5,259.7,186.6,221.3,281.3,258.3,208.7,253.4,245.7,238.9,223.9,175.6,134.8
gross profit margin,0.0,0.0,0.0,49.5,0.0,0.0,0.0,71.4,71.3,71.2,71.8,72.8,73.7,73.2,73.3,73.4,72.4,71.3,68.3,64.2,60.2,54.3,47.9,0.0,0.0,0.0,72.2,76.3,77.4,76.0,54.7,49.2,44.1,40.5,59.9,64.5,62.9,45.0,42.3,41.7,39.4,46.1,50.1,46.8,49.1,39.7,44.0,42.9,41.9,50.9,40.2,41.8,40.7,37.6,36.4,34.8,26.5,31.6,53.4,44.8,56.5,58.3,55.2,50.9,47.9,46.9,45.2,47.6,49.0,50.0,45.3,49.3,48.3,49.2,45.2,40.4
income before income taxes,0.0,0.0,0.0,0.0,0.0,0.0,0.0,0.0,0.0,0.0,0.0,0.0,0.0,0.0,0.0,0.0,0.0,0.0,0.0,0.0,0.0,0.0,0.0,0.0,0.0,0.0,0.0,0.0,0.0,0.0,0.0,0.0,0.0,0.0,0.0,0.0,0.0,0.0,0.0,0.0,0.0,0.0,0.0,0.0,0.0,0.0,0.0,0.0,0.0,0.0,0.0,0.0,0.0,0.0,0.0,0.0,0.0,0.0,0.0,0.0,0.0,0.0,0.0,0.0,0.0,0.0,0.0,0.0,0.0,0.0,0.0,0.0,0.0,0.0,0.0,0.0
income from cum. effect of acct. change,0.2,0.3,0.3,0.3,0.0,0.0,0.0,0.0,0.0,0.0,0.0,0.0,0.0,0.0,0.0,0.0,0.0,0.0,0.0,0.0,0.0,0.0,0.0,0.0,0.0,0.0,0.0,0.0,0.0,0.0,0.0,0.0,0.0,0.0,0.0,0.0,0.0,0.0,0.0,0.0,0.0,0.0,0.0,0.0,0.0,0.0,0.0,0.0,0.0,0.0,0.0,0.0,0.0,0.0,0.0,0.0,0.0,0.0,0.0,0.0,0.0,0.0,0.0,0.0,0.0,0.0,0.0,0.0,0.0,0.0,0.0,0.0,0.0,0.0,0.0,0.0
income from tax loss carryforward,0.0,0.0,0.0,0.0,0.0,0.0,0.0,0.0,0.0,0.0,0.0,0.0,0.0,0.0,0.0,0.0,0.0,0.0,0.0,0.0,0.0,0.0,0.0,0.0,0.0,0.0,0.0,0.0,0.0,0.0,0.0,0.0,0.0,0.0,0.0,0.0,0.0,0.0,0.0,0.0,0.0,0.0,0.0,0.0,0.0,0.0,0.0,0.0,0.0,0.0,0.0,0.0,0.0,0.0,0.0,0.0,0.0,0.0,0.0,0.0,0.0,0.0,0.0,0.0,0.0,0.0,0.0,0.0,0.0,0.0,0.0,0.0,0.0,0.0,0.0,0.0
income per employee,None,None,None,None,None,None,None,18188,None,None,None,26692,None,None,None,36154,None,None,None,24626,None,None,-6532,None,None,None,90007,None,None,None,82078,None,None,None,13022,None,None,None,43260,None,None,None,184741,None,None,None,111941,None,None,None,46829,None,None,None,28320,None,None,None,-69038,None,None,None,20383,None,None,None,-41764,None,None,None,-56756,None,None,None,-47864,None
income taxes,0.0,0.0,0.0,0.0,0.0,0.0,0.0,0.0,0.0,0.0,0.0,0.0,0.0,0.0,0.0,0.0,0.0,0.0,0.0,0.0,0.0,0.0,0.0,0.0,0.0,0.0,0.0,0.0,0.0,0.0,0.0,0.0,0.0,0.0,0.0,0.0,0.0,6.0,-23.2,0.0,6.1,8.1,-16.3,-9.3,0.0,-2.0,11.9,3.8,7.0,-5.0,-5.8,-4.1,0.3,10.0,-6.2,0.0,-11.2,-19.3,-28.2,5.9,-4.6,10.9,10.7,-7.3,-5.1,8.6,-2.5,0.8,2.0,1.5,-0.0,-3.6,-1.8,4.0,-13.0,2.5
"income, acquired in process r&a;",0.0,0.0,0.0,0.0,0.0,0.0,0.0,0.0,0.0,0.0,0.0,0.0,0.0,0.0,0.0,0.0,0.0,0.0,0.0,0.0,0.0,0.0,0.0,0.0,0.0,0.0,0.0,0.0,0.0,0.0,0.0,0.0,0.0,0.0,0.0,0.0,0.0,0.0,0.0,0.0,0.0,0.0,0.0,0.0,0.0,0.0,0.0,0.0,0.0,0.0,0.0,0.0,0.0,0.0,0.0,0.0,0.0,0.0,0.0,0.0,0.0,0.0,0.0,0.0,0.0,0.0,0.0,0.0,0.0,0.0,0.0,0.0,0.0,0.0,0.0,0.0
intangibles,0.0,0.0,0.0,0.0,0.0,0.0,0.0,0.0,0.0,0.0,0.0,0.0,0.0,0.0,0.0,0.0,0.0,0.0,0.0,0.0,0.0,0.0,0.0,0.0,0.0,0.0,0.0,58.8,89.4,88.2,87.1,89.2,89.2,89.2,89.2,97.9,250.9,246.8,249.3,244.5,473.3,451.8,447.1,440.6,436.3,429.7,423.2,419.5,413.8,408.5,547.3,540.8,565.5,700.3,694.5,715.1,748.0,730.5,468.0,458.4,449.8,441.6,417.1,409.6,403.4,384.2,359.1,354.5,349.7,308.2,303.3,299.0,295.2,291.4,484.5,287.9
intangibles as % of book-value,0.0,0.0,0.0,0.0,0.0,0.0,0.0,0.0,0.0,0.0,0.0,0.0,0.0,0.0,0.0,0.0,0.0,0.0,0.0,0.0,0.0,0.0,0.0,0.0,0.0,0.0,0.0,4.8,6.7,6.4,6.2,6.3,6.3,6.4,6.3,6.7,16.2,15.4,15.1,12.7,23.9,21.8,20.0,17.9,18.9,19.2,18.9,17.6,17.2,17.2,21.6,20.6,20.1,26.1,25.8,28.2,27.4,26.2,22.6,21.4,19.5,20.1,18.6,18.4,19.7,20.2,18.1,19.3,20.6,23.0,21.2,21.4,22.0,20.8,36.8,22.3
interest as % of invested capital,0.0,0.0,0.0,5.3,0.0,0.0,0.0,4.7,4.6,4.6,4.7,4.7,4.5,4.7,4.4,4.1,4.2,3.8,3.7,3.2,2.3,2.6,2.4,0.0,0.0,0.0,4.1,3.1,2.8,3.0,2.9,2.9,2.7,2.6,2.3,2.4,2.1,2.2,2.5,2.6,2.1,2.4,2.5,2.9,3.4,3.1,3.1,2.8,2.8,2.8,2.9,2.9,3.1,3.3,3.6,3.9,2.8,3.5,13.4,11.8,12.5,10.9,2.0,1.8,1.8,1.9,2.1,2.2,2.2,2.0,1.9,2.1,2.3,2.6,2.5,2.5
interest coverage (cont. operations),0.0,0.0,0.0,1.1,0.0,0.0,0.0,1.5,1.5,1.6,1.5,1.7,1.9,1.9,2.3,2.3,2.5,2.7,2.4,2.2,1.7,1.0,0.6,0.0,0.0,0.0,4.6,6.7,7.5,7.3,6.1,4.1,2.8,1.9,1.9,2.6,3.8,3.9,3.2,4.4,4.1,5.8,7.2,7.1,7.0,5.6,5.3,4.1,3.4,3.5,2.5,2.2,2.3,1.9,1.6,1.4,1.9,1.8,0.5,0.6,0.6,0.3,2.1,1.3,0.1,1.2,0.0,0.0,0.0,0.0,0.0,0.0,0.0,1.0,0.0,0.0
interest expense,0.0,0.0,0.0,0.0,15.5,15.7,14.8,15.7,15.0,15.0,15.1,15.6,14.1,14.7,13.5,14.1,14.0,10.9,10.1,9.8,10.7,16.0,0.0,20.0,19.3,18.0,17.3,14.8,18.1,18.1,15.3,14.7,14.5,14.7,14.1,14.4,21.7,21.8,23.1,21.6,30.7,35.2,34.1,37.7,33.3,29.6,31.8,36.8,36.7,40.6,57.6,60.4,64.2,81.0,82.0,87.2,2.1,156.4,670.3,43.8,37.3,30.0,29.9,32.2,33.9,34.9,35.2,32.8,33.5,33.6,37.6,42.3,42.7,41.7,41.0,42.5
interest income,0.0,0.0,0.0,0.0,0.0,1.6,1.8,1.5,1.5,1.7,1.6,1.6,1.8,2.1,1.9,2.1,2.0,1.7,1.3,1.4,1.6,2.1,0.0,3.3,4.1,2.3,3.4,2.8,2.8,2.2,1.3,0.8,1.0,0.9,0.8,0.8,1.3,0.8,1.0,1.3,4.9,5.9,6.5,8.2,8.4,8.3,9.0,12.1,13.6,14.3,16.3,16.2,23.4,23.1,19.5,18.4,114.0,40.7,174.5,6.7,5.0,4.2,4.1,4.3,2.2,3.5,3.1,2.5,2.5,2.4,2.8,2.0,1.6,0.7,1.8,1.0
inventories,0.0,0.0,0.0,0.0,0.0,0.0,0.0,0.0,0.0,0.0,0.0,0.0,0.0,0.0,0.0,0.0,0.0,0.0,0.0,0.0,0.0,0.0,0.0,0.0,0.0,0.0,0.0,0.0,0.0,0.0,0.0,0.0,0.0,0.0,0.0,0.0,0.0,0.0,0.0,0.0,0.0,0.0,0.0,0.0,0.0,0.0,0.0,0.0,0.0,0.0,0.0,0.0,0.0,0.0,0.0,0.0,0.0,0.0,0.0,0.0,0.0,0.0,0.0,0.0,0.0,0.0,0.0,0.0,0.0,0.0,0.0,0.0,0.0,0.0,0.0,0.0
"inventories, finished goods",0.0,0.0,0.0,0.0,0.0,0.0,0.0,0.0,0.0,0.0,0.0,0.0,0.0,0.0,0.0,0.0,0.0,0.0,0.0,0.0,0.0,0.0,0.0,0.0,0.0,0.0,0.0,0.0,0.0,0.0,0.0,0.0,0.0,0.0,0.0,0.0,0.0,0.0,0.0,0.0,0.0,0.0,0.0,0.0,0.0,0.0,0.0,0.0,0.0,0.0,0.0,0.0,0.0,0.0,0.0,0.0,0.0,0.0,0.0,0.0,0.0,0.0,0.0,0.0,0.0,0.0,0.0,0.0,0.0,0.0,0.0,0.0,0.0,0.0,0.0,0.0
"inventories, other",0.0,0.0,0.0,0.0,0.0,0.0,0.0,0.0,0.0,0.0,0.0,0.0,0.0,0.0,0.0,0.0,0.0,0.0,0.0,0.0,0.0,0.0,0.0,0.0,0.0,0.0,0.0,0.0,0.0,0.0,0.0,0.0,0.0,0.0,0.0,0.0,0.0,0.0,0.0,0.0,0.0,0.0,0.0,0.0,0.0,0.0,0.0,0.0,0.0,0.0,0.0,0.0,0.0,0.0,0.0,0.0,0.0,0.0,0.0,0.0,0.0,0.0,0.0,0.0,0.0,0.0,0.0,0.0,0.0,0.0,0.0,0.0,0.0,0.0,0.0,0.0
"inventories, purchased components",0.0,0.0,0.0,0.0,0.0,0.0,0.0,0.0,0.0,0.0,0.0,0.0,0.0,0.0,0.0,0.0,0.0,0.0,0.0,0.0,0.0,0.0,0.0,0.0,0.0,0.0,0.0,0.0,0.0,0.0,0.0,0.0,0.0,0.0,0.0,0.0,0.0,0.0,0.0,0.0,0.0,0.0,0.0,0.0,0.0,0.0,0.0,0.0,0.0,0.0,0.0,0.0,0.0,0.0,0.0,0.0,0.0,0.0,0.0,0.0,0.0,0.0,0.0,0.0,0.0,0.0,0.0,0.0,0.0,0.0,0.0,0.0,0.0,0.0,0.0,0.0
"inventories, raw materials",0.0,0.0,0.0,0.0,0.0,0.0,0.0,0.0,0.0,0.0,0.0,0.0,0.0,0.0,0.0,0.0,0.0,0.0,0.0,0.0,0.0,0.0,0.0,0.0,0.0,0.0,0.0,0.0,0.0,0.0,0.0,0.0,0.0,0.0,0.0,0.0,0.0,0.0,0.0,0.0,0.0,0.0,0.0,0.0,0.0,0.0,0.0,0.0,0.0,0.0,0.0,0.0,0.0,0.0,0.0,0.0,0.0,0.0,0.0,0.0,0.0,0.0,0.0,0.0,0.0,0.0,0.0,0.0,0.0,0.0,0.0,0.0,0.0,0.0,0.0,0.0
"inventories, work in progress",0.0,0.0,0.0,0.0,0.0,0.0,0.0,0.0,0.0,0.0,0.0,0.0,0.0,0.0,0.0,0.0,0.0,0.0,0.0,0.0,0.0,0.0,0.0,0.0,0.0,0.0,0.0,0.0,0.0,0.0,0.0,0.0,0.0,0.0,0.0,0.0,0.0,0.0,0.0,0.0,0.0,0.0,0.0,0.0,0.0,0.0,0.0,0.0,0.0,0.0,0.0,0.0,0.0,0.0,0.0,0.0,0.0,0.0,0.0,0.0,0.0,0.0,0.0,0.0,0.0,0.0,0.0,0.0,0.0,0.0,0.0,0.0,0.0,0.0,0.0,0.0
inventory as % of revenue,0.0,0.0,0.0,0.0,0.0,0.0,0.0,0.0,0.0,0.0,0.0,0.0,0.0,0.0,0.0,0.0,0.0,0.0,0.0,0.0,0.0,0.0,0.0,0.0,0.0,0.0,0.0,0.0,0.0,0.0,0.0,0.0,0.0,0.0,0.0,0.0,0.0,0.0,0.0,0.0,0.0,0.0,0.0,0.0,0.0,0.0,0.0,0.0,0.0,0.0,0.0,0.0,0.0,0.0,0.0,0.0,0.0,0.0,0.0,0.0,0.0,0.0,0.0,0.0,0.0,0.0,0.0,0.0,0.0,0.0,0.0,0.0,0.0,0.0,0.0,0.0
inventory turnover,0.0,0.0,0.0,0.0,0.0,0.0,0.0,0.0,0.0,0.0,0.0,0.0,0.0,0.0,0.0,0.0,0.0,0.0,0.0,0.0,0.0,0.0,0.0,0.0,0.0,0.0,0.0,0.0,0.0,0.0,0.0,0.0,0.0,0.0,0.0,0.0,0.0,0.0,0.0,0.0,0.0,0.0,0.0,0.0,0.0,0.0,0.0,0.0,0.0,0.0,0.0,0.0,0.0,0.0,0.0,0.0,0.0,0.0,0.0,0.0,0.0,0.0,0.0,0.0,0.0,0.0,0.0,0.0,0.0,0.0,0.0,0.0,0.0,0.0,0.0,0.0
invested capital,0.0,0.0,0.0,"1,207.5","1,224.4","1,281.2","1,294.7","1,306.1","1,323.8","1,310.8","1,300.0","1,293.2","1,321.8","1,277.9","1,311.7","1,361.9","1,348.9","1,380.8","1,344.6","1,380.1","1,838.0","1,810.5","1,850.7","1,852.7","1,735.8","1,814.8","1,823.8","2,220.4","2,420.7","2,279.0","2,282.1","2,292.3","2,284.2","2,310.8","2,469.1","2,438.5","3,052.7","3,240.2","3,185.4","3,388.6","4,589.1","4,524.6","4,773.5","4,774.7","4,139.7","4,372.7","4,338.0","4,765.8","4,874.2","5,191.9","5,878.9","6,641.9","7,124.6","7,875.7","7,973.3","8,119.3","9,012.8","9,468.5","7,445.9","7,391.5","7,249.5","7,146.5","7,171.3","7,253.3","6,859.2","6,785.7","6,604.8","6,290.1","6,177.6","6,690.1","7,072.5","7,062.2","6,774.4","6,440.8","6,645.0","6,788.9"
issuance of capital stock,0.0,0.0,0.0,0.0,0.0,137.6,137.6,137.9,0.3,0.5,0.7,1.3,1.4,4.3,4.8,5.1,68.9,68.8,68.8,68.8,0.0,0.0,0.0,0.9,3.7,20.7,24.8,5.8,20.3,20.5,20.6,0.4,3.2,3.5,4.2,1.8,6.3,0.0,25.0,17.3,32.7,38.6,51.3,0.0,12.1,135.7,20.4,0.0,10.5,11.7,15.3,16.8,27.3,31.3,34.5,0.3,282.6,290.5,4.2,68.5,132.8,235.1,328.6,96.1,200.0,377.2,651.4,3.9,270.7,290.9,637.0,69.6,71.0,505.9,582.6,0.0
issuance of debt,0.0,0.0,0.0,0.0,223.0,223.0,223.0,448.0,20.0,30.0,220.0,240.0,35.6,35.6,79.6,208.6,30.0,155.0,155.0,230.0,0.0,0.0,100.0,0.0,11.0,11.0,206.0,143.5,529.7,528.3,688.4,9.6,19.3,78.9,255.2,155.7,"1,496.5","1,679.3","1,980.8",413.6,874.2,"1,469.7","1,631.2",157.5,"1,224.9","1,702.4","2,472.3",446.8,573.1,992.7,"2,133.9",591.3,"1,810.3","2,374.3","3,938.6",565.3,"1,279.4","1,977.0","2,235.1",183.7,-297.2,763.3,"1,194.7",771.8,845.7,"1,143.2","1,770.9",241.5,563.1,"1,227.0","2,114.9",539.1,820.0,"1,030.7","1,417.9",545.0
land and improvements,0.0,0.0,0.0,0.0,0.0,0.0,0.0,0.0,0.0,0.0,0.0,0.0,0.0,0.0,0.0,0.0,0.0,0.0,0.0,0.0,0.0,0.0,0.0,0.0,0.0,0.0,0.0,0.0,0.0,0.0,0.0,0.0,0.0,0.0,0.0,0.0,0.0,0.0,0.0,0.0,0.0,0.0,0.0,0.0,0.0,0.0,0.0,0.0,0.0,0.0,0.0,0.0,0.0,0.0,0.0,0.0,0.0,0.0,0.0,0.0,0.0,0.0,0.0,0.0,0.0,0.0,0.0,0.0,0.0,0.0,0.0,0.0,0.0,0.0,0.0,0.0
leverage ratio,0.0,0.0,0.0,3.0,3.0,2.3,2.3,2.3,2.3,2.3,2.3,2.2,2.2,2.1,2.1,2.1,1.9,1.8,1.8,1.9,2.2,2.3,2.4,2.4,2.1,2.0,1.8,2.0,2.0,1.8,1.8,1.8,1.8,1.8,1.9,1.9,2.2,2.3,2.2,2.0,2.6,2.5,2.5,2.2,2.1,2.3,2.4,2.3,2.4,2.6,3.1,3.2,3.3,3.6,3.7,4.1,4.1,4.2,4.9,4.7,4.2,4.4,4.2,4.4,4.7,5.2,5.0,5.3,5.9,7.6,7.8,8.0,8.3,8.0,8.4,8.5
loans receivable,0.0,0.0,0.0,0.0,0.0,0.0,0.0,0.0,0.0,0.0,0.0,0.0,0.0,0.0,0.0,0.0,0.0,0.0,0.0,0.0,0.0,0.0,0.0,0.0,0.0,0.0,0.0,0.0,0.0,0.0,0.0,0.0,0.0,0.0,0.0,0.0,0.0,0.0,0.0,0.0,0.0,0.0,0.0,0.0,0.0,0.0,0.0,0.0,0.0,0.0,0.0,0.0,0.0,0.0,0.0,0.0,0.0,0.0,0.0,0.0,0.0,0.0,0.0,0.0,0.0,0.0,0.0,0.0,0.0,0.0,0.0,0.0,0.0,0.0,0.0,0.0
long-term debt,0.0,0.0,0.0,768.4,783.8,694.2,697.9,706.7,722.0,702.9,685.4,663.4,680.0,624.3,632.3,672.4,571.0,596.7,562.3,602.7,969.3,958.7,"1,018.6","1,008.0",849.8,839.1,725.3,985.6,"1,084.9",892.8,883.9,884.2,876.6,916.6,"1,047.2",979.2,"1,502.6","1,641.1","1,533.5","1,467.2","2,605.8","2,447.9","2,536.2","2,310.4","1,836.0","2,140.1","2,101.4","2,389.1","2,461.6","2,821.0","3,350.6","4,021.1","4,313.3","5,193.7","5,285.4","5,583.9","6,287.7","6,682.7","5,377.5","5,254.0","4,943.5","4,948.1","4,931.2","5,024.0","4,809.8","4,885.2","4,626.3","4,450.7","4,484.1","5,350.1","5,642.8","5,663.9","5,435.1","5,037.0","5,329.6","5,498.1"
long-term debt per share,0.00,0.00,0.00,10.67,10.89,12.53,12.56,12.66,12.89,12.49,12.14,11.71,11.94,11.02,11.16,11.66,9.02,9.43,8.88,9.52,12.73,12.59,13.38,13.22,11.11,10.77,9.26,12.51,13.77,11.15,11.03,11.17,11.04,11.56,13.19,12.31,18.81,20.54,18.88,17.85,31.33,29.32,30.57,28.27,23.41,28.38,29.44,32.20,33.39,38.57,46.01,54.62,58.31,70.89,72.63,77.23,86.87,92.16,74.16,72.42,68.14,68.18,67.83,68.87,65.91,66.93,64.24,61.97,64.06,77.65,82.10,81.87,78.47,72.43,76.46,78.31
marketable securities,0.0,0.0,0.0,0.0,0.0,48.8,49.9,0.0,0.0,0.0,0.0,0.0,0.0,1.0,1.0,13.4,22.2,21.2,21.2,8.8,0.0,0.0,0.0,1.0,0.0,0.0,8.1,7.3,7.2,5.2,5.0,0.0,0.0,0.0,0.0,0.0,0.0,71.3,0.0,0.0,143.5,0.0,0.0,0.0,0.0,0.0,0.0,0.0,0.0,0.0,0.0,0.0,0.0,0.0,0.0,0.0,0.0,0.0,92.6,0.0,33.6,67.9,37.5,27.7,27.3,27.0,26.8,26.1,25.4,24.5,23.2,20.1,17.3,14.7,12.3,0.0
minority interest,0.0,0.0,0.0,0.0,0.0,0.0,0.0,0.0,0.0,0.0,0.0,0.0,0.0,0.0,0.0,0.0,0.0,0.0,0.0,0.0,0.0,0.0,0.0,0.0,0.0,0.0,0.0,0.0,0.0,0.0,0.0,0.0,0.0,0.0,0.0,0.0,0.0,0.0,0.0,0.0,0.0,0.0,0.0,0.0,0.0,0.0,0.0,0.0,-3.9,0.0,0.0,5.6,6.3,-3.6,1.3,-3.5,38.8,0.0,9.6,23.3,34.3,-23.6,47.5,27.9,7.7,-26.7,91.7,42.4,-8.9,-51.1,-0.2,49.2,4.9,9.8,-214.8,45.9
minority interest liability,0.0,0.0,0.0,0.0,0.0,0.0,0.0,0.0,0.0,0.0,0.0,0.0,0.0,0.0,0.0,0.0,0.0,0.0,0.0,0.0,6.0,2.0,2.1,2.4,3.3,3.8,4.6,67.0,18.7,19.5,19.0,19.3,19.8,20.0,20.3,21.1,21.1,19.2,15.3,15.9,14.2,14.6,14.7,16.1,161.0,219.1,282.8,279.5,281.6,276.3,454.4,456.1,576.6,513.6,527.5,487.4,672.2,668.6,583.9,653.5,727.4,757.2,855.6,918.6,978.9,"1,052.6","1,353.6","1,544.2","1,602.4","1,500.8","1,863.8","1,967.3","1,919.4","2,223.8","1,876.1","1,861.9"
net cash from continuing operations,0.0,0.0,0.0,87.5,21.4,41.9,71.6,102.7,40.8,61.7,106.1,139.2,42.3,74.5,126.9,161.1,44.0,85.8,117.6,137.7,26.8,38.6,51.5,40.2,112.0,209.4,333.3,164.5,294.7,428.1,520.2,49.1,112.0,137.2,214.4,89.1,274.5,353.8,455.6,205.2,396.2,520.2,814.7,173.7,346.8,428.9,609.0,109.6,242.3,398.8,545.7,86.9,152.7,236.9,255.0,73.0,164.4,255.7,431.8,110.7,229.3,298.3,368.3,94.8,220.3,346.9,411.8,-92.7,7.2,48.4,107.2,56.8,139.5,262.5,288.9,-33.7
net cash from discontinued operations,0.0,0.0,0.0,0.0,0.0,0.0,0.0,0.0,0.0,0.0,0.0,0.0,0.0,0.0,0.0,0.0,0.0,0.0,0.0,0.0,0.0,0.0,0.0,0.0,0.0,0.0,0.0,0.0,0.0,0.0,0.0,0.0,0.0,0.0,0.0,0.0,0.0,0.0,0.0,0.0,0.0,0.0,0.0,0.0,0.0,0.0,0.0,0.0,0.0,0.0,0.0,0.0,0.0,0.0,0.0,0.0,0.0,0.0,0.0,0.0,0.0,0.0,0.0,0.0,0.0,0.0,0.0,0.0,0.0,0.0,0.0,0.0,0.0,0.0,0.0,0.0
net fixed assets,0.0,0.0,0.0,"1,148.0","1,173.6","1,202.0","1,183.0","1,198.8","1,212.0","1,199.1","1,206.4","1,196.3","1,215.6","1,188.9","1,239.0","1,297.9","1,291.3","1,276.1","1,275.8","1,274.5","1,700.8","1,684.8","1,666.8","1,630.0","1,644.1","1,621.6","1,607.7","1,901.4","2,028.6","2,055.4","1,925.8","1,894.5","1,924.9","1,902.5","2,066.7","2,049.6","2,583.6","2,539.9","2,574.9","2,623.6","3,505.6","3,540.9","3,531.3","3,170.8","3,431.3","3,574.0","3,721.7","3,428.4","3,459.0","3,529.5","5,308.1","5,672.7","5,630.4","6,638.1","6,846.9","7,071.7","7,375.6","7,371.4","7,267.1","7,136.2","6,649.7","6,890.8","6,835.6","6,801.1","6,762.3","6,725.4","6,771.4","6,752.5","6,930.9","6,930.8","7,868.4","7,595.4","7,641.4","7,742.2","7,129.2","6,572.7"
net income (continuing operations),1.3,1.3,1.3,1.4,1.3,8.8,13.3,5.8,5.4,9.1,10.0,18.2,14.0,12.3,28.6,15.6,25.4,20.3,5.1,1.9,0.7,-8.7,-11.6,19.9,46.7,80.9,122.5,144.7,96.2,64.4,31.2,15.7,4.0,0.6,33.1,53.6,96.9,20.3,6.6,189.0,98.5,245.3,224.6,279.0,104.6,42.7,144.6,101.7,20.4,79.8,60.3,76.4,78.4,17.0,9.5,15.2,182.6,103.1,-650.9,81.5,159.4,-142.2,29.8,-14.0,0.0,0.0,-267.3,-29.7,-96.5,-291.2,48.4,1.1,-47.3,0.0,-311.1,39.8
net income (discontinued operations),0.0,0.0,0.0,0.0,0.0,0.0,0.0,0.0,0.0,0.0,0.0,0.0,0.0,0.0,0.0,0.0,0.0,0.0,0.0,0.0,0.0,0.0,0.0,0.0,0.0,0.0,0.0,0.0,0.0,0.0,0.0,0.0,0.0,0.0,0.0,0.0,0.0,0.0,0.0,0.0,0.0,0.0,0.0,0.0,0.0,0.0,0.0,0.0,0.0,0.0,0.0,0.0,0.0,0.0,0.0,0.0,0.0,0.0,0.0,0.0,0.0,0.0,0.0,0.0,0.0,0.0,0.0,0.0,0.0,0.0,0.0,0.0,0.0,0.0,0.0,0.0
net income available for common,0.0,0.0,0.0,0.0,1.3,8.8,13.3,5.8,5.4,9.1,10.0,18.2,14.0,12.3,28.6,15.6,25.4,20.3,5.1,1.9,0.7,-8.7,0.0,19.9,46.7,80.9,122.5,144.7,96.2,64.4,31.2,15.7,4.0,0.6,33.1,53.6,96.9,20.3,6.6,189.0,98.5,245.3,224.6,279.0,104.6,42.7,144.6,101.7,20.4,79.8,60.3,76.4,78.4,17.0,9.5,15.2,182.6,103.1,-650.9,81.5,159.4,-142.2,29.8,-14.0,0.0,0.0,-267.3,-29.7,-96.5,-291.2,48.4,1.1,-47.3,0.0,-311.1,39.8
net income/loss,0.0,0.0,0.0,5.3,1.3,10.0,23.3,29.1,5.4,14.5,24.4,42.6,14.0,26.3,54.9,70.5,25.4,45.7,50.8,52.7,0.7,-8.0,-19.6,19.9,66.7,147.5,270.0,144.7,240.9,305.3,336.5,15.7,19.6,20.3,53.4,53.6,150.5,170.8,177.4,189.0,287.6,532.9,757.4,279.0,383.6,426.3,570.9,101.7,122.1,201.9,262.2,76.4,154.8,171.8,181.3,15.2,119.6,0.0,-469.5,0.0,298.4,132.5,209.8,13.9,-131.5,-344.2,-166.6,12.7,-92.6,-434.9,-386.7,50.2,7.9,-2.6,-311.1,0.0
net profit margin,0.0,0.0,0.0,1.7,1.7,4.3,8.8,11.8,13.1,12.8,11.2,15.2,17.8,18.7,24.2,23.1,25.8,26.9,20.3,16.6,9.3,-0.3,-7.9,0.0,0.0,25.8,41.9,51.3,52.9,50.7,32.4,22.3,13.6,6.5,9.8,14.7,21.8,20.5,11.3,16.3,15.4,23.6,34.1,38.8,39.0,31.1,29.2,20.0,16.2,17.7,13.0,11.4,13.3,9.9,7.5,4.7,8.1,10.3,-14.7,-9.2,-10.8,-22.5,5.9,1.6,-5.9,0.8,-12.9,-14.9,-20.4,-35.3,-18.9,-17.2,-14.8,0.1,-15.9,-16.7
non-current deferred income taxes,0.0,0.0,0.0,0.0,0.0,0.0,0.0,0.0,0.0,0.0,0.0,0.0,0.0,0.0,0.0,0.0,0.0,0.0,0.0,0.0,0.0,0.0,0.0,0.0,0.0,0.0,0.0,0.0,0.0,0.0,0.0,0.0,0.0,0.0,0.0,0.0,0.0,0.0,0.0,0.0,0.0,0.0,0.0,0.0,0.0,0.0,0.0,0.0,0.0,0.0,0.0,0.0,0.0,0.0,0.0,0.0,0.0,0.0,0.0,0.0,0.0,0.0,0.0,0.0,0.0,0.0,0.0,0.0,0.0,0.0,0.0,0.0,0.0,0.0,0.0,0.0
normalized income,0.0,0.0,0.0,0.0,1.3,8.8,13.3,5.8,5.4,9.1,10.0,18.2,14.0,12.3,28.6,15.6,25.4,20.3,5.1,1.9,0.7,-8.7,0.0,19.9,46.7,80.9,122.5,144.7,96.2,64.4,31.2,15.7,4.0,0.6,33.1,80.4,100.6,26.2,62.1,189.2,98.3,191.8,199.9,177.2,88.7,36.1,132.6,103.6,23.0,75.7,66.6,76.4,78.4,17.0,-9.2,16.7,187.2,108.2,-372.3,87.1,164.4,-140.8,32.2,-10.2,4.2,3.2,-262.1,-24.7,-96.0,-254.4,199.4,1.1,-45.7,3.9,125.1,45.0
normalized income per employee,None,None,None,None,None,None,None,18188,None,None,None,26692,None,None,None,36154,None,None,None,24626,None,None,-6532,None,None,None,90007,None,None,None,82078,None,None,None,13022,None,None,None,66862,None,None,None,165656,None,None,None,85215,None,None,None,48184,None,None,None,25410,None,None,None,-26423,None,None,None,22676,None,None,None,-39202,None,None,None,-27033,None,None,None,20082,None
normalized net profit margin,0.0,0.0,0.0,1.7,1.7,4.3,8.8,11.8,13.1,12.8,11.2,15.2,17.8,18.7,24.2,23.1,25.8,26.9,20.3,16.6,9.3,-0.3,-7.9,0.0,0.0,0.0,41.9,51.3,52.9,50.7,32.4,22.3,13.6,6.5,9.8,19.0,25.4,24.1,17.4,19.7,18.4,23.7,30.6,30.5,30.1,24.0,22.2,18.4,15.5,17.1,13.4,11.7,13.3,10.1,6.8,4.0,7.7,10.0,-5.6,0.3,-0.4,-10.7,6.6,2.1,-5.4,1.4,-12.1,-14.0,-19.6,-32.9,-9.0,-7.6,-5.1,8.1,6.7,6.7
notes payable,0.0,0.0,0.0,0.0,0.0,0.0,0.0,0.0,0.0,0.0,0.0,0.0,0.0,0.0,0.0,0.0,0.0,0.0,0.0,0.0,0.0,0.0,0.0,0.0,0.0,0.0,0.0,0.0,0.0,0.0,0.0,0.0,0.0,0.0,0.0,0.0,0.0,0.0,0.0,0.0,0.0,0.0,0.0,0.0,0.0,0.0,0.0,0.0,0.0,0.0,0.0,0.0,0.0,0.0,0.0,0.0,0.0,0.0,0.0,0.0,0.0,0.0,0.0,0.0,0.0,0.0,0.0,0.0,0.0,0.0,0.0,0.0,0.0,0.0,0.0,0.0
number of days cost of goods in inventory,None,None,None,None,None,None,None,None,None,None,None,None,None,None,None,None,None,None,None,None,None,None,None,None,None,None,None,None,None,None,None,None,None,None,None,None,None,None,None,None,None,None,None,None,None,None,None,None,None,None,None,None,None,None,None,None,None,None,None,None,None,None,None,None,None,None,None,None,None,None,None,None,None,None,None,None
number of employees,None,None,None,None,None,None,None,None,None,None,None,None,None,None,None,None,None,None,None,None,None,None,None,None,None,None,None,None,None,None,None,None,None,None,None,None,None,None,None,None,None,None,None,None,None,None,None,None,None,None,None,None,None,None,None,None,None,None,None,None,None,None,None,None,None,None,None,None,None,None,None,None,None,None,None,None
number of months last report period,None,3,3,3,3,3,3,3,3,3,3,3,3,3,3,3,3,3,3,3,3,3,3,3,3,3,3,3,3,3,3,3,3,3,3,3,3,3,3,3,3,3,3,3,3,3,3,3,3,3,3,3,3,3,3,3,3,3,3,3,3,3,3,3,3,3,3,3,3,3,3,3,3,3,3,3
number of part-time employees,None,None,None,None,None,None,None,None,None,None,None,None,None,None,None,None,None,None,None,None,None,None,None,None,None,None,None,None,None,None,None,None,None,None,None,None,None,None,None,None,None,None,None,None,None,None,None,None,None,None,None,None,None,None,None,None,None,None,None,None,None,None,None,None,None,None,None,None,None,None,None,None,None,None,None,None
operating gains,0.0,0.0,0.0,-12.9,-0.1,0.0,0.0,0.0,0.0,0.0,0.0,0.0,0.0,0.0,0.0,0.0,0.0,-7.3,-7.3,-7.3,0.0,0.0,0.4,0.1,1.8,-1.6,-0.2,0.0,-2.1,12.8,19.2,1.3,1.4,1.1,-6.7,31.4,33.4,0.0,97.4,-6.3,4.7,-140.1,-155.8,0.0,-166.3,0.0,-135.7,0.0,49.9,26.0,-32.7,3.5,-63.7,-102.6,-147.5,-16.0,0.0,0.0,-169.8,0.0,-55.6,-17.3,-76.4,-16.2,-28.8,-7.4,7.4,-14.1,-22.2,-18.3,27.9,-27.9,-44.3,-41.9,-96.5,0.0
operating income,0.0,0.0,0.0,0.0,0.0,0.0,0.0,0.0,0.0,0.0,0.0,0.0,0.0,0.0,0.0,0.0,0.0,0.0,0.0,0.0,0.0,0.0,0.0,37.8,61.1,95.3,133.5,155.7,110.3,71.3,46.1,32.8,22.6,15.3,48.6,130.3,136.1,55.5,159.8,208.9,121.7,87.7,246.4,66.2,99.7,49.0,144.3,145.9,75.7,96.7,117.7,125.5,106.0,72.5,56.6,113.4,103.9,191.3,373.7,87.6,56.7,28.4,38.6,114.0,102.4,33.8,65.9,48.0,48.9,88.9,240.5,77.8,74.6,65.4,522.1,73.3
other current assets,0.0,0.0,0.0,90.1,83.5,17.2,15.9,17.3,17.2,17.0,16.3,14.7,17.4,16.5,14.3,13.8,14.7,13.5,16.2,16.2,26.8,29.5,29.6,30.2,40.1,37.1,26.0,27.2,29.7,29.0,30.0,35.4,38.8,55.1,32.0,33.5,52.8,168.4,41.7,48.8,130.4,66.3,280.8,393.5,174.6,301.0,241.7,435.9,311.0,279.6,211.3,322.6,257.0,201.6,312.3,270.2,561.5,651.0,187.3,352.8,200.4,185.6,169.7,193.7,163.7,175.1,210.7,265.1,268.9,214.0,143.8,244.9,118.3,165.7,155.0,793.1
other current liabilities,0.0,0.0,0.0,13.1,15.7,12.5,15.2,18.3,32.4,25.7,35.2,27.0,38.1,26.1,34.1,29.2,28.5,23.3,24.3,21.2,52.1,46.2,39.5,28.5,45.2,44.2,44.1,48.4,40.1,46.3,51.0,63.1,71.6,65.9,83.6,65.1,108.4,0.0,119.6,90.6,114.7,113.1,144.4,0.0,113.4,0.0,125.9,0.0,124.2,141.0,335.4,304.5,284.4,309.0,357.6,410.2,0.0,0.0,390.8,23.4,459.3,341.1,378.6,460.2,332.4,349.3,420.6,557.5,552.3,507.8,467.9,518.8,484.9,497.0,539.7,0.0
other equity adjustments,0.0,0.0,0.0,0.0,0.0,-0.1,0.0,0.0,0.0,0.0,0.0,0.0,0.0,0.0,0.0,0.0,0.0,0.0,0.0,0.0,0.0,0.0,0.0,0.0,0.0,0.0,4.6,-1.4,-2.7,-5.5,-4.8,-2.5,-1.3,-5.5,-3.1,-7.7,-9.7,"1,599.1",63.5,137.0,95.2,-52.3,-56.1,426.7,-127.6,47.7,-68.8,"2,376.7",39.5,-39.0,-11.9,6.3,97.8,9.6,-104.1,-235.3,"2,725.1","2,785.8",-82.1,"2,137.5",-45.2,-17.2,-1.5,-5.4,-21.5,-3.9,-8.2,-3.1,-5.4,-16.0,-23.9,-25.6,-27.6,-27.0,-14.8,"1,290.8"
"other financing charges, net",0.0,0.0,0.0,-2.9,4.7,3.1,3.8,-0.4,0.1,0.0,-0.2,-1.1,-0.2,-0.2,-0.3,-1.0,-0.3,-0.3,-0.4,-0.7,0.0,-0.3,0.0,0.0,0.0,3.4,3.0,0.0,0.0,0.0,-7.8,-3.3,-3.3,0.1,-1.0,-0.0,0.1,-5.9,6.1,0.8,-11.0,-2.0,8.3,-1.4,10.6,61.5,232.2,-416.8,-445.4,-462.0,-196.3,-90.8,0.6,83.5,316.7,-2.2,-47.7,-114.1,312.6,8.6,599.6,5.2,39.0,-10.0,-14.3,-75.2,-23.1,101.3,-5.7,-6.6,73.1,-134.5,-35.3,35.5,-23.8,2.9
other fixed assets,0.0,0.0,0.0,0.0,0.0,0.0,0.0,0.0,0.0,0.0,0.0,0.0,0.0,0.0,0.0,0.0,0.0,0.0,0.0,0.0,0.0,0.0,0.0,0.0,0.0,0.0,0.0,0.0,0.0,0.0,0.0,0.0,0.0,0.0,0.0,0.0,0.0,0.0,0.0,0.0,0.0,0.0,0.0,0.0,0.0,0.0,0.0,0.0,0.0,0.0,0.0,0.0,0.0,0.0,0.0,0.0,0.0,0.0,0.0,0.0,0.0,0.0,0.0,0.0,0.0,0.0,0.0,0.0,0.0,0.0,0.0,0.0,0.0,0.0,0.0,0.0
other gains/losses,0.0,0.0,0.0,0.0,0.0,0.0,0.0,0.0,0.0,0.0,0.0,0.0,0.0,0.0,0.0,0.0,0.0,-7.3,0.0,0.0,0.0,0.0,0.0,0.0,0.0,0.0,0.0,0.0,0.0,0.0,0.0,0.0,0.0,0.0,0.0,0.0,0.0,0.0,0.0,0.0,0.0,0.0,0.0,0.0,0.0,0.0,0.0,0.0,0.0,0.0,0.0,0.0,0.0,0.0,0.0,0.0,0.0,0.0,0.0,0.0,0.0,0.0,0.0,0.0,0.0,0.0,0.0,0.0,0.0,0.0,0.0,0.0,0.0,0.0,0.0,0.0
other income net,0.0,0.0,0.0,0.0,1.1,4.3,6.0,-0.7,0.0,-0.4,-0.6,3.9,0.2,3.0,9.2,-1.2,6.5,-0.3,-0.3,-0.3,-2.1,-1.7,0.0,-1.1,0.8,1.3,2.9,0.9,1.1,9.0,-0.9,-3.2,-5.1,-0.9,-2.2,-9.6,-11.3,3.6,-43.2,0.7,8.3,88.0,-59.9,29.3,-2.0,-0.2,11.1,-12.0,-23.9,-3.9,-9.4,-3.3,19.8,8.8,-26.8,-29.9,3.7,18.4,9.8,71.3,174.6,-154.6,80.0,-71.9,-212.8,-200.1,151.7,5.8,-120.2,-325.0,144.6,9.2,-74.7,-23.0,67.9,21.0
"other investing changes, net",0.0,0.0,0.0,2.7,0.0,0.0,0.0,3.3,0.3,0.3,0.3,-2.3,6.3,5.9,6.0,6.1,0.0,0.0,0.0,0.0,0.0,0.0,0.0,-11.4,6.1,-8.1,0.0,-2.2,0.0,-14.5,-176.5,-5.7,-15.4,-76.9,-132.1,-10.9,5.8,-39.8,-7.0,-46.1,-26.3,-32.5,-49.5,-4.6,-10.2,-93.2,-145.6,0.2,-4.4,-371.5,-41.1,-59.5,-145.1,-182.2,-176.6,22.6,-180.4,-220.1,-191.8,7.9,19.3,23.7,-22.9,1.1,3.9,-100.0,-96.2,-68.9,-65.0,-79.4,-97.6,-178.6,-207.9,-145.4,-92.6,-130.8
other non-cash items,0.0,0.0,0.0,0.0,-0.7,-3.7,-9.5,-8.7,0.1,0.7,1.4,5.5,0.4,-2.4,-11.3,5.2,-6.8,-1.4,1.1,-2.8,0.4,2.0,0.0,-5.4,0.0,0.0,0.0,0.0,0.0,0.0,0.0,0.0,0.0,0.0,0.0,0.0,0.0,183.0,-42.7,-7.9,-16.9,-51.8,-32.9,-105.3,-8.4,2.6,-20.7,7.9,4.3,6.8,64.2,2.2,-25.7,21.7,10.6,36.1,44.8,255.7,755.5,110.7,-311.9,-168.3,-219.8,37.1,187.1,333.7,84.8,-118.4,-43.6,227.6,121.8,-10.0,41.7,6.6,428.8,-33.7
other non-current assets,0.0,0.0,0.0,14.4,13.3,13.7,14.4,14.4,13.8,13.6,13.3,17.5,10.9,37.0,36.2,22.8,13.9,11.4,11.3,11.3,33.8,34.0,35.3,48.1,49.7,54.2,70.9,150.6,104.1,85.5,187.4,199.8,211.5,248.9,180.1,188.7,143.7,261.4,283.3,391.8,522.2,556.5,607.5,793.2,529.9,615.2,518.8,"1,007.8","1,146.1","1,442.0","1,131.0","1,339.4","2,455.3","1,535.1","1,501.3","1,504.4","2,020.1","2,071.8","1,085.4","1,276.6","1,605.1","1,400.9","1,393.9","1,389.2","1,415.2","1,622.4","1,518.5","1,583.6","1,582.6","1,631.0","1,747.0","1,885.2","1,938.4","1,802.9","1,832.9","2,899.2"
other non-current liabilities,0.0,0.0,0.0,0.0,0.0,0.0,0.0,0.0,0.0,0.0,0.0,0.0,0.0,0.0,0.0,0.0,0.0,0.0,0.0,0.0,0.6,0.2,3.4,3.9,4.4,8.3,7.4,38.6,38.1,40.5,39.4,43.5,45.7,45.3,44.5,64.6,83.7,83.2,112.7,110.9,211.6,245.8,301.1,249.8,201.4,171.3,208.5,186.7,225.4,243.0,553.7,529.1,479.7,507.4,560.2,675.7,798.4,784.2,"1,147.8","1,268.4",730.0,814.7,633.1,728.0,971.6,"1,087.7",799.1,644.9,722.3,949.2,"1,064.1",980.2,"1,071.6","1,058.7",958.0,"1,106.2"
other receivable,0.0,0.0,0.0,0.0,0.0,0.0,0.0,0.0,0.0,0.0,0.0,0.0,0.0,0.0,0.0,0.0,0.0,0.0,0.0,0.0,0.0,0.0,0.0,0.0,0.0,0.0,0.0,0.0,0.0,0.0,0.0,0.0,0.0,0.0,0.0,0.0,0.0,0.0,0.0,0.0,0.0,0.0,0.0,0.0,0.0,0.0,0.0,0.0,0.0,0.0,0.0,0.0,0.0,0.0,0.0,0.0,0.0,0.0,300.5,0.0,189.4,180.1,234.7,248.3,247.8,195.8,244.9,283.3,267.1,263.2,353.7,411.7,479.0,639.9,748.7,0.0
other special charges,0.0,0.0,0.0,0.0,0.0,0.0,0.0,0.0,0.0,0.0,0.0,0.0,0.0,0.0,0.0,0.0,0.0,0.0,0.0,0.0,0.0,0.0,0.0,0.0,0.0,0.0,0.0,0.0,0.0,0.0,0.0,0.0,0.0,0.0,0.0,-26.8,-3.8,-5.8,-55.5,-0.2,0.2,53.5,24.7,101.9,15.9,6.6,12.0,-1.9,-2.6,4.2,-6.3,0.0,0.0,0.0,18.6,-1.5,-4.6,-5.1,-278.6,-5.6,-5.0,-1.5,-2.4,-3.8,-4.2,-3.2,-5.2,-5.0,-0.5,-36.7,-151.1,0.0,-1.5,-3.9,-436.2,-5.3
payment of cash dividends,0.0,0.0,0.0,0.0,0.0,0.0,0.0,-7.1,-3.2,-6.5,-9.8,-13.5,-3.4,-6.7,-10.2,-16.0,-5.8,-12.6,-19.4,-26.2,-6.8,-15.0,-23.2,-8.2,-16.4,-24.6,-33.0,-8.4,-16.9,-25.5,-34.1,-8.5,-17.0,-25.5,-34.1,-8.5,-17.1,0.0,-35.7,-10.2,-20.5,-30.9,-42.4,0.0,-22.5,0.0,-49.2,0.0,-30.6,-46.1,-63.1,-17.3,-34.9,-52.4,-72.5,-20.0,0.0,0.0,-82.9,-22.9,-99.0,-152.4,-201.7,-56.1,-119.8,-183.2,-252.5,-71.3,-147.8,-223.1,-295.4,-78.9,-166.1,-244.0,-329.9,-84.5
payout ratio,None,None,None,None,None,None,22,37,54,73,81,57,48,45,34,35,31,29,40,51,100,None,None,None,None,26,13,9,8,8,10,17,30,67,65,38,19,17,21,13,13,6,4,4,4,7,9,14,19,18,25,28,23,31,41,63,35,19,None,None,None,None,72,281,None,None,None,None,None,None,None,None,None,None,None,None
post-tax profit margin,0.0,0.0,0.0,1.7,1.7,4.3,8.8,11.8,13.1,12.8,11.2,15.2,17.8,18.7,24.2,23.1,25.8,26.9,20.3,16.6,9.3,-0.3,-7.9,0.0,0.0,25.8,41.9,51.3,52.9,50.7,32.4,22.3,13.6,6.5,9.8,14.7,21.8,20.5,11.3,16.3,15.4,23.6,34.1,38.8,39.0,31.1,29.2,20.0,16.2,17.7,13.0,11.4,13.3,9.9,7.5,4.7,8.1,10.3,-14.7,-9.2,-10.8,-22.5,5.9,1.6,-5.9,0.8,-12.9,-14.9,-20.4,-35.3,-18.9,-17.2,-14.8,0.1,-15.9,-16.7
pre-tax profit margin,0.0,0.0,0.0,1.7,0.0,0.0,0.0,11.8,13.1,12.7,11.1,15.2,17.8,18.7,24.2,23.1,25.8,26.9,20.3,16.6,9.3,-0.4,-7.9,0.0,0.0,0.0,41.9,51.3,52.9,50.7,32.4,22.3,13.6,6.5,9.8,14.7,21.8,21.1,11.3,15.4,14.9,23.2,34.1,38.3,38.2,29.8,29.2,20.7,17.1,18.4,13.0,11.1,13.1,10.2,7.9,4.9,9.1,10.3,-16.2,-8.6,-10.1,-21.4,10.7,6.1,-9.9,-12.4,-8.4,-8.3,-6.1,-13.2,-19.6,-17.8,-14.8,2.3,-16.6,-17.3
pref. securities of subsid. trust,0.0,0.0,0.0,0.0,0.0,0.0,0.0,0.0,0.0,0.0,0.0,0.0,0.0,0.0,0.0,0.0,0.0,0.0,0.0,0.0,0.0,0.0,0.0,0.0,0.0,0.0,0.0,0.0,0.0,0.0,0.0,0.0,0.0,0.0,0.0,0.0,0.0,0.0,0.0,0.0,0.0,0.0,0.0,0.0,0.0,0.0,0.0,0.0,0.0,0.0,0.0,0.0,0.0,0.0,0.0,0.0,0.0,0.0,0.0,0.0,0.0,0.0,0.0,0.0,0.0,0.0,0.0,0.0,0.0,0.0,0.0,0.0,0.0,0.0,0.0,0.0
preferred dividends,0.0,0.0,0.0,0.0,0.0,0.0,0.0,0.0,0.0,0.0,0.0,0.0,0.0,0.0,0.0,0.0,0.0,0.0,0.0,0.0,0.0,0.0,0.0,0.0,0.0,0.0,0.0,0.0,0.0,0.0,0.0,0.0,0.0,0.0,0.0,0.0,0.0,0.0,0.0,0.0,0.0,0.0,0.0,0.0,0.0,0.0,0.0,0.0,0.0,0.0,0.0,0.0,0.0,0.0,0.0,0.0,0.0,0.0,0.0,0.0,0.0,0.0,0.0,0.0,0.0,0.0,0.0,0.0,0.0,0.0,0.0,0.0,0.0,0.0,0.0,0.0
preferred equity outside stock equity,0.0,0.0,0.0,0.0,0.0,0.0,0.0,0.0,0.0,0.0,0.0,0.0,0.0,0.0,0.0,0.0,0.0,0.0,0.0,0.0,0.0,0.0,0.0,0.0,0.0,0.0,0.0,0.0,0.0,0.0,0.0,0.0,0.0,0.0,0.0,0.0,0.0,0.0,0.0,0.0,0.0,0.0,0.0,0.0,0.0,0.0,0.0,0.0,0.0,0.0,0.0,0.0,0.0,0.0,0.0,0.0,0.0,0.0,0.0,0.0,0.0,0.0,0.0,0.0,0.0,0.0,0.0,0.0,0.0,0.0,0.0,0.0,0.0,0.0,0.0,0.0
preferred secur. of subsid. trust,0.0,0.0,0.0,0.0,0.0,0.0,0.0,0.0,0.0,0.0,0.0,0.0,0.0,0.0,0.0,0.0,0.0,0.0,0.0,0.0,0.0,0.0,0.0,0.0,0.0,0.0,0.0,0.0,0.0,0.0,0.0,0.0,0.0,0.0,0.0,0.0,0.0,0.0,0.0,0.0,0.0,0.0,0.0,0.0,0.0,0.0,0.0,0.0,0.0,0.0,0.0,0.0,0.0,0.0,0.0,0.0,0.0,0.0,0.0,0.0,0.0,0.0,0.0,0.0,0.0,0.0,0.0,0.0,0.0,0.0,0.0,0.0,0.0,0.0,0.0,0.0
preferred shares,0.0,0.0,0.0,0.0,0.0,0.0,0.0,0.0,0.0,0.0,0.0,0.0,0.0,0.0,0.0,0.0,0.0,0.0,0.0,0.0,0.0,0.0,0.0,0.0,0.0,0.0,0.0,0.0,0.0,0.0,0.0,0.0,0.0,0.0,0.0,0.0,0.0,0.0,0.0,0.0,0.0,0.0,0.0,0.0,0.0,0.0,0.0,0.0,0.0,0.0,0.0,0.0,0.0,0.0,0.0,0.0,0.0,0.0,0.0,0.0,0.0,0.0,0.0,0.0,0.0,0.0,0.0,0.0,0.0,0.0,0.0,0.0,0.0,0.0,0.0,0.0
preferred stock equity,0.0,0.0,0.0,0.0,0.0,0.0,0.0,0.0,0.0,0.0,0.0,0.0,0.0,0.0,0.0,0.0,0.0,0.0,0.0,0.0,0.0,0.0,0.0,0.0,0.0,0.0,0.0,0.0,0.0,0.0,0.0,0.0,0.0,0.0,0.0,0.0,0.0,0.0,0.0,0.0,0.0,0.0,0.0,0.0,0.0,0.0,0.0,0.0,0.0,0.0,0.0,0.0,0.0,0.0,0.0,0.0,0.0,0.0,0.0,0.0,0.0,0.0,0.0,0.0,0.0,0.0,0.0,0.0,0.0,0.0,0.0,0.0,0.0,0.0,0.0,0.0
prepaid expenses,0.0,0.0,0.0,0.0,0.0,0.0,0.0,0.0,0.0,0.0,0.0,0.0,0.0,0.0,0.0,0.0,0.0,0.0,0.0,0.0,0.0,0.0,0.0,0.0,0.0,0.0,0.0,0.0,0.0,0.0,0.0,0.0,0.0,0.0,0.0,0.0,0.0,0.0,0.0,0.0,0.0,0.0,0.0,0.0,0.0,0.0,0.0,0.0,0.0,0.0,0.0,0.0,0.0,0.0,0.0,0.0,0.0,0.0,0.0,0.0,0.0,0.0,0.0,0.0,0.0,0.0,0.0,0.0,0.0,0.0,0.0,0.0,0.0,0.0,0.0,0.0
price/cash flow ratio,0.0,0.0,0.0,0.0,0.0,0.0,0.0,6.5,6.2,6.7,7.7,6.1,6.9,6.4,5.7,5.4,4.5,3.1,3.7,3.6,5.7,6.7,12.5,0.0,0.0,0.0,4.0,3.4,2.8,2.3,3.0,4.3,5.6,5.7,8.0,6.3,4.9,7.0,6.3,5.5,5.8,4.0,3.5,3.6,3.2,4.6,3.7,4.6,6.0,4.3,6.8,8.1,7.9,9.2,8.8,7.7,9.8,5.0,-11.4,-64.7,6.0,27.7,3.4,3.3,8.0,4.4,13.7,18.8,57.2,-6.1,30.7,24.0,12.7,4.8,31.2,-49.9
price/equity ratio,0.00,0.00,0.00,0.00,0.00,1.13,1.10,1.22,1.23,1.34,1.50,1.29,1.53,1.46,1.40,1.30,1.02,0.73,0.76,0.67,0.77,0.70,0.73,1.24,1.42,1.88,1.35,1.36,1.18,0.90,1.00,1.07,1.04,0.81,1.14,1.06,1.11,1.06,1.40,1.47,1.57,1.73,1.56,1.49,1.49,1.45,1.27,1.16,1.28,1.27,1.26,1.52,1.52,1.61,1.44,1.21,1.20,0.69,0.69,0.48,0.66,0.72,0.75,0.74,0.93,1.03,1.20,1.44,1.28,1.16,1.29,1.72,1.51,1.55,1.70,1.96
price/free cash flow ratio,0.0,0.0,0.0,0.0,0.0,-66.7,38.1,163.3,329.7,51.6,34.1,18.4,-432.0,48.0,-44.2,-12.8,-418.8,22.7,25.4,35.9,67.8,260.4,16.6,35.3,21.6,12.5,6.1,29.2,-111.2,22.9,5.1,56.1,102.5,62.0,36.3,88.2,-3.1,-2.8,-3.4,28.0,-17.9,-13.7,-54.7,32.8,21.0,26.6,570.0,109.0,56.5,44.7,-7.5,-33.4,-3.8,-2.9,-2.1,-12.8,-6.5,-3.5,-2.3,-12.4,-7.1,-5.4,-5.0,-284.3,237.9,-178.2,-10.4,-11.1,-4.3,-2.1,-1.4,-35.1,-8.7,-4.4,-2.7,-11.1
price/revenue ratio,0.00,0.00,0.00,0.00,0.00,2.22,2.33,2.97,2.92,3.09,3.43,2.90,3.41,3.26,3.15,2.94,2.50,1.72,1.82,1.64,2.21,1.97,2.44,0.00,0.00,3.47,2.31,2.18,1.88,1.48,1.34,1.62,1.73,1.43,2.97,2.49,2.03,1.70,1.47,1.48,1.52,1.57,1.57,1.68,1.57,1.55,1.46,1.40,1.62,1.54,1.58,1.92,1.92,1.83,1.61,1.20,1.19,0.63,0.45,0.34,0.54,0.65,0.78,0.78,0.90,0.93,1.15,1.33,1.12,0.80,0.94,1.23,1.04,1.11,1.14,1.32
price/tangible book ratio,0.00,0.00,0.00,0.00,0.00,1.13,1.10,1.22,1.23,1.34,1.50,1.29,1.53,1.46,1.40,1.30,1.02,0.73,0.76,0.67,0.77,0.70,0.73,1.24,1.42,1.88,1.35,1.43,1.26,0.96,1.06,1.14,1.11,0.87,1.21,1.13,1.32,1.25,1.65,1.69,2.06,2.21,1.95,1.81,1.84,1.80,1.57,1.41,1.54,1.53,1.60,1.92,1.91,2.17,1.94,1.69,1.65,0.93,0.89,0.61,0.82,0.90,0.93,0.91,1.16,1.29,1.47,1.79,1.61,1.51,1.63,2.19,1.94,1.95,2.69,2.52
purchase of  short-term investments,0.0,0.0,0.0,-115.1,-17.7,-32.7,-41.1,-42.0,0.0,0.0,0.0,0.0,0.0,-37.3,-37.2,-42.2,0.0,0.0,0.0,0.0,0.0,0.0,-6.0,0.0,-10.9,-10.9,-31.0,0.0,-8.0,0.0,-5.0,0.0,0.0,0.0,0.0,0.0,0.0,0.0,-37.3,0.0,0.0,0.0,0.0,0.0,0.0,0.0,0.0,0.0,0.0,0.0,-9.9,-88.2,-28.6,-39.3,-76.1,-0.5,-0.5,-0.5,-0.5,0.0,0.0,0.0,0.0,0.0,0.0,0.0,0.0,0.0,0.0,0.0,0.0,0.0,0.0,0.0,0.0,0.0
purchase of long-term investments,0.0,0.0,0.0,0.0,0.0,0.0,0.0,0.0,0.0,0.0,0.0,0.0,0.0,0.0,0.0,0.0,0.0,0.0,0.0,0.0,0.0,0.0,0.0,0.0,0.0,0.0,0.0,0.0,0.0,0.0,0.0,0.0,0.0,0.0,0.0,0.0,0.0,0.0,0.0,0.0,0.0,0.0,0.0,0.0,0.0,0.0,0.0,0.0,0.0,0.0,0.0,0.0,0.0,0.0,0.0,0.0,0.0,0.0,0.0,0.0,0.0,0.0,0.0,0.0,0.0,0.0,0.0,0.0,0.0,0.0,0.0,0.0,0.0,0.0,0.0,0.0
quarterly indicator,1,2,3,4,1,2,3,4,1,2,3,4,1,2,3,4,1,2,3,4,1,2,4,1,2,3,4,1,2,3,4,1,2,3,4,1,2,3,4,1,2,3,4,1,2,3,4,1,2,3,4,1,2,3,4,1,2,3,4,1,2,3,4,1,2,3,4,1,2,3,4,1,2,3,4,1
quick ratio,0.0,0.0,0.0,0.5,0.6,1.6,2.3,2.5,2.3,2.0,1.8,1.8,1.9,1.3,1.2,1.3,1.3,2.2,1.6,2.1,1.8,1.6,2.0,2.2,1.1,1.8,1.9,2.0,2.5,1.6,1.9,2.0,1.6,1.6,1.9,1.9,1.4,1.4,1.6,1.9,1.5,1.5,1.5,1.8,0.8,0.6,0.8,0.8,1.1,1.1,0.7,0.8,0.4,0.9,0.8,0.8,0.7,1.1,1.2,1.1,0.8,0.8,0.8,1.1,1.1,1.0,0.9,0.6,0.6,1.1,0.9,1.0,0.8,0.8,0.9,0.4
receivables,0.0,0.0,0.0,37.4,20.5,23.7,26.7,24.9,25.4,24.2,25.3,26.8,24.1,31.6,24.7,24.3,26.4,21.7,22.1,23.0,21.6,22.0,30.8,40.4,35.6,45.6,80.2,76.2,70.1,66.7,57.5,66.3,56.0,60.6,70.9,86.5,131.8,0.0,146.5,138.2,185.4,139.3,210.1,0.0,109.8,0.0,151.7,0.0,121.0,135.9,192.0,194.8,210.2,254.0,262.4,289.3,53.1,0.0,300.5,0.0,189.4,180.1,234.7,248.3,247.8,195.8,244.9,283.3,267.1,263.2,353.7,411.7,479.0,639.9,748.7,0.0
receivables as % of revenue,0.0,0.0,0.0,11.7,6.4,7.9,9.5,10.1,10.0,9.2,9.4,9.6,8.3,10.8,8.2,8.0,8.3,6.5,6.8,7.2,7.1,7.3,12.4,0.0,0.0,8.6,12.4,9.9,8.3,7.9,5.5,7.1,6.6,7.7,13.0,13.9,15.6,0.0,9.3,7.2,9.1,6.1,9.5,0.0,5.0,0.0,7.8,0.0,6.4,6.9,9.5,9.4,9.4,10.8,10.9,11.3,1.9,0.0,9.4,0.0,6.7,7.3,10.8,11.7,11.6,9.3,11.8,14.2,13.8,13.6,18.1,21.0,24.5,32.8,38.3,0.0
receivables per day sales,0.00,0.00,0.00,42.08,23.11,28.51,34.07,36.48,36.10,33.15,33.72,34.43,30.03,39.03,29.43,28.65,29.89,23.35,24.33,26.01,25.69,26.23,44.58,0.00,0.00,31.12,44.79,35.65,30.04,28.47,19.93,25.68,23.85,27.61,46.93,50.16,56.24,0.00,33.47,25.98,32.73,21.95,34.08,0.00,18.06,0.00,27.95,0.00,22.86,25.00,34.32,33.87,34.01,38.83,39.25,40.69,6.94,0.00,33.87,0.00,24.09,26.46,38.90,42.16,41.84,33.65,42.61,51.19,49.76,48.89,65.16,75.57,88.05,117.90,137.77,0.00
receivables turnover,0.0,0.0,0.0,0.0,0.0,0.0,0.0,0.0,11.0,11.0,10.4,10.8,11.7,10.4,12.1,11.9,12.6,12.6,14.0,13.5,12.6,13.8,9.2,0.0,0.0,15.6,11.6,13.2,15.9,15.0,15.1,13.1,13.4,12.4,8.5,8.1,9.0,32.9,14.5,17.0,12.9,32.8,12.4,31.6,14.8,30.0,10.8,0.0,16.5,28.8,11.7,21.3,13.4,12.1,10.6,10.6,20.9,23.8,11.3,21.2,23.3,27.2,8.1,17.1,9.8,11.1,8.6,7.5,7.5,8.4,6.5,5.6,5.2,4.3,3.5,9.3
repayment of long-term debt,0.0,0.0,0.0,-102.7,-204.2,-353.4,-374.5,-608.4,-4.8,-9.6,-224.0,-266.1,-14.4,-46.5,-76.5,-184.6,-129.4,-258.7,-293.1,-318.6,-15.4,-26.0,-42.3,-10.6,-162.6,-173.2,-493.7,-97.9,-419.6,-650.3,-823.8,-8.8,-25.9,-42.7,-59.8,-219.3,-982.2,"-1,072.2","-1,529.4",-480.8,-780.8,"-1,551.7","-1,957.6",-408.6,"-1,791.4","-2,188.6","-2,769.8",-200.6,-274.5,-281.1,"-1,473.0",-233.4,-746.0,"-1,059.3","-2,292.6",-256.0,-843.6,"-1,125.4","-1,680.6",-312.3,-780.3,"-1,251.9","-1,813.3",-650.2,-852.0,"-1,113.5","-1,747.8",-235.3,-467.6,-615.5,"-1,430.7",-403.2,-646.8,"-1,268.0","-1,347.2",-372.7
repurchase of capital stock,0.0,0.0,0.0,0.0,0.0,0.0,-3.7,0.0,0.0,0.0,0.0,0.0,0.0,0.0,0.0,0.0,0.0,0.0,0.0,0.0,0.0,0.0,0.0,0.0,0.0,0.0,0.0,0.0,0.0,-2.8,-14.2,0.0,0.0,-1.5,-1.5,0.0,0.0,0.0,0.0,0.0,0.0,0.0,-61.2,-67.6,-223.5,-369.0,-538.4,-147.8,-176.9,-212.3,-233.3,-3.0,-3.0,-50.3,-80.4,-20.5,-20.5,-20.5,-20.5,0.0,0.0,0.0,0.0,0.0,0.0,0.0,-40.1,-19.9,-83.7,-118.0,-122.2,0.0,-1.7,-1.7,0.0,0.0
restricted cash,0.0,0.0,0.0,0.0,0.0,0.0,0.0,0.0,0.0,0.0,0.0,0.0,0.0,0.0,0.0,0.0,0.0,0.0,0.0,0.0,0.0,0.0,0.0,0.0,0.0,0.0,0.0,0.0,0.0,0.0,0.0,0.0,0.0,0.0,0.0,0.0,0.0,0.0,0.0,0.0,0.0,0.0,0.0,0.0,0.0,0.0,0.0,0.0,0.0,0.0,0.0,0.0,0.0,0.0,0.0,0.0,0.0,0.0,0.0,0.0,0.0,0.0,0.0,0.0,0.0,0.0,0.0,0.0,0.0,0.0,0.0,0.0,0.0,0.0,0.0,0.0
retained earnings,0.0,0.0,0.0,406.5,407.8,356.6,363.9,363.7,363.1,366.1,370.0,382.2,390.1,396.2,418.7,428.1,447.4,453.5,451.8,446.9,440.8,423.9,404.1,415.9,454.4,527.1,641.1,777.6,865.4,919.5,935.7,942.8,938.3,929.4,954.0,999.0,"1,087.4",0.0,"1,095.7","1,274.5","1,362.7","1,597.6","1,758.6","2,037.6","1,918.2","2,184.8","1,833.6",0.0,"1,779.6","1,815.3","1,943.4","1,998.9","2,084.8","2,044.3","2,163.2","2,142.5",0.0,0.0,"1,507.6",0.0,"1,702.0","1,563.7","1,585.4","1,566.6","1,398.1","1,227.7","1,313.9","1,157.1","1,028.7",695.1,792.7,757.8,696.8,753.6,648.2,0.0
revenue per $  plant (net),0.00,0.00,0.00,0.28,0.27,0.25,0.24,0.20,0.21,0.22,0.22,0.23,0.24,0.25,0.24,0.24,0.25,0.26,0.26,0.25,0.18,0.18,0.15,0.00,0.00,0.33,0.40,0.40,0.41,0.41,0.54,0.49,0.44,0.42,0.26,0.30,0.33,0.39,0.61,0.73,0.58,0.65,0.63,0.69,0.64,0.59,0.53,0.57,0.55,0.55,0.38,0.36,0.40,0.35,0.35,0.36,0.37,0.41,0.44,0.43,0.43,0.36,0.32,0.31,0.32,0.31,0.31,0.30,0.28,0.28,0.25,0.26,0.26,0.25,0.27,0.29
revenue per $ cash,0.00,0.00,0.00,19.39,8.80,4.95,4.12,2.46,2.15,1.92,2.19,2.38,2.01,2.68,2.60,3.47,4.04,3.26,4.95,2.69,1.80,2.03,1.13,0.00,0.00,2.40,3.55,2.59,2.76,6.31,5.94,4.63,4.86,4.89,1.91,2.51,2.88,2.96,5.39,6.30,9.45,5.94,5.20,3.94,8.86,8.28,8.25,7.64,6.63,6.46,5.85,5.58,7.61,7.94,5.44,4.61,5.51,3.45,3.92,3.98,5.99,4.95,5.14,3.34,3.32,3.02,2.65,3.51,3.88,2.50,2.82,2.75,2.94,3.33,3.06,3.99
revenue per $ common equity,0.00,0.00,0.00,0.73,0.72,0.51,0.47,0.41,0.42,0.43,0.44,0.44,0.45,0.45,0.44,0.44,0.41,0.43,0.42,0.41,0.35,0.35,0.30,0.00,0.00,0.54,0.59,0.62,0.63,0.61,0.74,0.66,0.60,0.57,0.38,0.43,0.54,0.62,0.95,1.00,1.03,1.10,0.99,0.89,0.95,0.94,0.87,0.83,0.79,0.83,0.80,0.79,0.79,0.88,0.90,1.01,1.01,1.09,1.54,1.43,1.23,1.11,0.97,0.95,1.04,1.10,1.05,1.08,1.14,1.45,1.37,1.40,1.46,1.39,1.49,1.48
revenue per $ invested capital,0.00,0.00,0.00,0.27,0.26,0.23,0.22,0.19,0.19,0.20,0.21,0.22,0.22,0.23,0.23,0.22,0.24,0.24,0.24,0.23,0.16,0.17,0.13,0.00,0.00,0.29,0.35,0.35,0.35,0.37,0.46,0.41,0.37,0.34,0.22,0.25,0.28,0.31,0.49,0.57,0.44,0.50,0.46,0.46,0.53,0.48,0.45,0.41,0.39,0.38,0.34,0.31,0.31,0.30,0.30,0.32,0.31,0.32,0.43,0.41,0.39,0.34,0.30,0.29,0.31,0.31,0.31,0.32,0.31,0.29,0.28,0.28,0.29,0.30,0.29,0.28
revenue per share,0.00,0.00,0.00,4.44,4.43,5.40,5.08,4.40,4.52,4.67,4.78,4.95,5.07,5.15,5.33,5.29,5.02,5.28,5.17,5.03,3.98,3.97,3.26,0.00,0.00,6.77,8.23,9.76,10.67,10.54,12.97,11.75,10.66,9.97,6.85,7.80,10.56,12.47,19.40,23.29,24.52,27.36,26.75,26.74,27.89,27.75,27.38,26.46,25.85,26.77,27.64,28.12,30.09,32.14,33.07,35.41,38.02,41.70,44.04,42.27,39.01,33.78,29.88,29.06,29.22,28.69,28.73,27.74,27.61,28.13,28.43,28.35,28.27,28.09,28.06,27.23
revenue/assets,0.0,0.0,0.0,0.2,0.2,0.2,0.2,0.2,0.2,0.2,0.2,0.2,0.2,0.2,0.2,0.2,0.2,0.2,0.2,0.2,0.2,0.2,0.1,0.0,0.0,0.3,0.3,0.3,0.3,0.3,0.4,0.4,0.3,0.3,0.2,0.2,0.2,0.3,0.4,0.5,0.4,0.4,0.4,0.4,0.4,0.4,0.4,0.4,0.3,0.3,0.3,0.2,0.2,0.2,0.2,0.2,0.2,0.3,0.3,0.3,0.3,0.3,0.2,0.2,0.2,0.2,0.2,0.2,0.2,0.2,0.2,0.2,0.2,0.2,0.2,0.2
sale of long-term investments,0.0,0.0,0.0,0.0,0.0,0.0,0.0,0.0,0.0,0.0,0.0,0.0,0.0,0.0,0.0,0.0,0.0,0.0,0.0,0.0,0.0,0.0,0.0,0.0,0.0,0.0,0.0,0.0,0.0,0.0,0.0,0.0,0.0,0.0,0.0,0.0,0.0,0.0,0.0,0.0,0.0,0.0,0.0,0.0,0.0,0.0,0.0,0.0,0.0,0.0,0.0,0.0,0.0,0.0,0.0,0.0,0.0,0.0,0.0,0.0,0.0,0.0,0.0,0.0,0.0,0.0,0.0,0.0,0.0,0.0,0.0,0.0,0.0,0.0,0.0,0.0
sale of short-term investments,0.0,0.0,0.0,110.8,21.8,53.3,61.0,111.8,0.0,0.0,0.0,0.0,0.0,9.9,9.8,14.9,0.0,1.0,1.0,13.3,8.7,8.7,13.7,0.0,0.0,0.0,0.0,9.0,14.6,16.6,36.0,6.8,6.7,6.7,0.0,0.0,1.3,0.0,9.6,5.8,8.8,135.4,135.4,0.0,0.0,0.0,0.0,0.0,0.0,0.0,8.9,12.8,49.1,53.9,57.1,7.3,11.1,11.1,11.1,0.0,0.0,0.0,0.0,0.0,0.0,0.0,0.6,0.0,0.0,0.0,8.8,1.1,1.1,1.1,0.0,0.0
sales per $ inventory,0.00,0.00,0.00,0.00,0.00,0.00,0.00,0.00,0.00,0.00,0.00,0.00,0.00,0.00,0.00,0.00,0.00,0.00,0.00,0.00,0.00,0.00,0.00,0.00,0.00,0.00,0.00,0.00,0.00,0.00,0.00,0.00,0.00,0.00,0.00,0.00,0.00,0.00,0.00,0.00,0.00,0.00,0.00,0.00,0.00,0.00,0.00,0.00,0.00,0.00,0.00,0.00,0.00,0.00,0.00,0.00,0.00,0.00,0.00,0.00,0.00,0.00,0.00,0.00,0.00,0.00,0.00,0.00,0.00,0.00,0.00,0.00,0.00,0.00,0.00,0.00
sales per $ receivables,0.00,0.00,0.00,8.56,15.58,12.63,10.57,9.87,9.97,10.86,10.68,10.46,11.99,9.22,12.23,12.56,12.05,15.41,14.80,13.84,14.01,13.72,8.08,0.00,0.00,11.57,8.04,10.10,11.98,12.65,18.06,14.02,15.10,13.04,7.67,7.18,6.40,0.00,10.76,13.85,11.00,16.40,10.56,0.00,19.93,0.00,12.88,0.00,15.75,14.40,10.49,10.63,10.59,9.27,9.17,8.85,51.85,0.00,10.63,0.00,14.94,13.61,9.26,8.54,8.60,10.70,8.45,7.03,7.23,7.36,5.52,4.76,4.09,3.05,2.61,0.00
sales per employee,None,None,None,None,None,None,None,153563,None,None,None,175564,None,None,None,156564,None,None,None,148785,None,None,82783,None,None,None,214756,None,None,None,253428,None,None,None,132652,None,None,None,384413,None,None,None,541278,None,None,None,383258,None,None,None,359519,None,None,None,376035,None,None,None,469655,None,None,None,344770,None,None,None,323262,None,None,None,300582,None,None,None,300959,None
shares out (common class only),72.0,72.0,72.0,72.0,72.0,55.4,55.6,55.8,56.0,56.3,56.4,56.7,57.0,56.7,56.7,57.7,63.3,63.3,63.3,63.3,76.1,76.1,76.1,76.3,76.5,77.9,78.3,78.8,78.8,80.1,80.1,79.1,79.4,79.3,79.4,79.5,79.9,79.9,81.2,82.2,83.2,83.5,83.0,81.7,78.4,75.4,71.4,74.2,73.7,73.1,72.8,73.6,74.0,73.3,72.8,72.3,72.4,72.5,72.5,72.5,72.5,72.6,72.7,72.9,73.0,73.0,72.0,71.8,70.0,68.9,68.7,69.2,69.3,69.5,69.7,70.2
short-term debt,0.0,0.0,0.0,74.5,77.9,61.6,36.7,19.1,19.1,43.4,36.5,36.3,40.9,65.1,72.1,52.9,55.0,30.0,30.0,39.1,42.7,42.7,66.6,66.6,83.8,83.9,72.2,123.1,93.1,54.6,51.8,52.3,52.4,55.2,83.6,92.7,152.8,145.2,103.2,102.5,213.0,199.4,208.4,147.7,265.5,241.6,298.1,168.8,189.1,202.1,369.0,381.0,806.9,234.2,474.9,538.1,331.6,281.6,580.4,361.0,375.1,532.1,410.0,283.8,471.2,491.1,688.0,743.0,813.9,446.2,565.9,587.2,821.8,826.6,867.7,837.3
special income charges,0.0,0.0,0.0,0.0,0.0,0.0,0.0,0.0,0.0,0.0,0.0,0.0,0.0,0.0,0.0,0.0,0.0,0.0,0.0,0.0,0.0,0.0,0.0,0.0,0.0,0.0,0.0,0.0,0.0,0.0,0.0,0.0,0.0,0.0,0.0,-26.8,-3.8,-5.8,-55.5,-0.2,0.2,53.5,24.7,101.9,15.9,6.6,12.0,-1.9,-2.6,4.2,-6.3,0.0,0.0,0.0,18.6,-1.5,-4.6,-5.1,-278.6,-5.6,-5.0,-1.5,-2.4,-3.8,-4.2,-3.2,-5.2,-5.0,-0.5,-36.7,-151.1,0.0,-1.5,-3.9,-436.2,-5.3
tangible book value per share,0.00,0.00,0.00,6.10,6.12,10.60,10.74,10.74,10.74,10.81,10.89,11.12,11.26,11.54,11.99,11.96,12.29,12.39,12.36,12.28,11.41,11.19,10.93,11.08,11.58,12.52,14.03,14.92,15.82,16.21,16.37,16.67,16.61,16.45,16.79,17.12,16.26,16.93,17.27,20.40,18.16,19.46,21.58,24.77,23.81,23.91,25.41,26.38,27.11,26.83,27.20,28.25,30.36,27.05,27.39,25.18,27.32,28.34,22.07,23.15,25.58,24.21,25.08,24.95,22.56,20.77,22.49,20.67,19.20,14.97,16.39,15.89,15.07,16.00,11.92,14.28
total assets per share,0.00,0.00,0.00,18.15,18.43,24.66,24.44,24.29,24.74,24.73,24.53,24.23,24.78,24.42,25.27,25.32,22.86,22.85,22.32,22.94,25.63,25.21,26.04,26.07,24.78,25.39,25.22,31.96,33.41,30.76,30.81,31.41,31.42,31.74,34.31,34.00,43.26,45.36,44.18,45.63,62.24,61.55,66.35,65.50,62.84,68.59,74.17,74.78,77.84,83.38,106.18,114.66,127.22,131.39,138.24,143.93,155.53,161.36,140.87,137.76,132.34,133.14,130.83,133.05,132.38,134.57,137.63,136.90,141.76,147.27,161.95,161.45,161.05,161.68,157.84,157.14
total capitalization,0.0,0.0,0.0,0.0,0.0,"1,281.2","1,294.7","1,306.1","1,323.8","1,310.8","1,300.0","1,293.2","1,321.8","1,277.9","1,311.7","1,361.9","1,348.9","1,380.8","1,344.6","1,380.1","1,838.0","1,810.5","1,850.7","1,852.7","1,735.8","1,814.8","1,823.8","2,220.4","2,420.7","2,279.0","2,282.1","2,292.3","2,284.2","2,310.8","2,469.1","2,438.5","3,052.7","3,240.2","3,185.4","3,388.6","4,589.1","4,524.6","4,773.5","4,774.7","4,139.7","4,372.7","4,338.0","4,765.8","4,874.2","5,191.9","5,878.9","6,641.9","7,124.6","7,875.7","7,973.3","8,119.3","9,012.8","9,468.5","7,445.9","7,391.5","7,249.5","7,146.5","7,171.3","7,253.3","6,859.2","6,785.7","6,604.8","6,290.1","6,177.6","6,690.1","7,072.5","7,062.2","6,774.4","6,440.8","6,645.0","6,788.9"
total debt as % total assets,0.0,0.0,0.0,66.4,66.8,57.0,56.0,55.8,56.6,56.3,55.6,54.1,54.5,52.8,52.5,52.8,46.2,45.8,44.6,46.5,55.5,55.6,58.0,57.5,53.3,50.7,44.4,51.0,49.3,43.7,43.3,43.4,43.6,44.6,47.8,46.0,55.1,55.9,54.0,48.8,61.7,59.6,59.3,54.0,53.3,56.8,57.8,57.2,58.0,61.1,67.3,69.0,70.1,72.1,73.3,75.6,75.8,76.2,79.8,78.6,76.0,77.2,76.4,77.0,78.8,80.7,80.0,81.3,82.9,86.8,87.2,87.5,88.0,87.5,88.0,88.3
total debt/equity ratio,0.00,0.00,0.00,1.92,1.96,1.29,1.23,1.21,1.23,1.23,1.17,1.11,1.12,1.05,1.04,1.05,0.80,0.80,0.76,0.83,1.16,1.18,1.30,1.27,1.05,0.95,0.73,0.90,0.88,0.68,0.67,0.67,0.66,0.70,0.80,0.73,1.07,1.12,0.99,0.82,1.42,1.27,1.23,1.00,0.91,1.07,1.07,1.08,1.10,1.28,1.47,1.68,1.82,2.02,2.14,2.41,2.43,2.50,2.88,2.63,2.31,2.49,2.38,2.38,2.58,2.83,2.69,2.82,3.13,4.33,4.34,4.47,4.67,4.18,4.71,4.91
total non-current assets,0.0,0.0,0.0,"1,162.4","1,186.9","1,215.7","1,197.4","1,213.2","1,225.8","1,212.7","1,219.7","1,213.8","1,226.5","1,225.9","1,275.2","1,320.7","1,305.2","1,287.5","1,287.1","1,285.8","1,734.6","1,718.8","1,702.0","1,678.1","1,693.8","1,675.8","1,678.6","2,110.8","2,222.0","2,229.1","2,200.3","2,183.5","2,225.6","2,240.6","2,335.9","2,336.1","2,978.1","3,048.1","3,107.5","3,259.8","4,501.1","4,549.2","4,585.9","4,404.6","4,397.5","4,618.9","4,663.7","4,855.7","5,018.9","5,380.0","6,986.3","7,552.8","8,651.2","8,873.5","9,042.8","9,291.2","10,143.8","10,173.6","8,820.5","8,871.1","8,704.7","8,733.2","8,646.5","8,599.9","8,580.9","8,731.9","8,649.0","8,690.6","8,863.1","8,870.0","9,918.6","9,779.6","9,875.0","9,836.4","9,446.6","9,759.8"
total ordinary shares,0.0,0.0,0.0,72.0,72.0,55.4,55.6,55.8,56.0,56.3,56.4,56.7,57.0,56.7,56.7,57.7,63.3,63.3,63.3,63.3,76.1,76.1,76.1,76.3,76.5,77.9,78.3,78.8,78.8,80.1,80.1,79.1,79.4,79.3,79.4,79.5,79.9,79.9,81.2,82.2,83.2,83.5,83.0,81.7,78.4,75.4,71.4,74.2,73.7,73.1,72.8,73.6,74.0,73.3,72.8,72.3,72.4,0.0,72.5,0.0,72.5,72.6,72.7,72.9,73.0,73.0,72.0,71.8,70.0,68.9,68.7,69.2,69.3,69.5,69.7,70.2
total revenue,0.0,0.0,0.0,0.0,79.3,0.0,0.0,0.0,0.0,0.0,0.0,0.0,0.0,0.0,0.0,0.0,0.0,0.0,0.0,0.0,0.0,0.0,0.0,0.0,0.0,0.0,0.0,0.0,0.0,0.0,0.0,0.0,0.0,0.0,0.0,0.0,0.0,0.0,0.0,0.0,0.0,0.0,0.0,0.0,0.0,0.0,0.0,0.0,0.0,0.0,0.0,0.0,0.0,0.0,0.0,0.0,0.0,879.2,801.6,616.6,532.5,500.4,522.7,564.5,544.9,462.1,497.3,488.0,484.9,468.1,512.7,495.6,481.9,463.5,515.2,451.0
treasury shares,0.0,0.0,0.0,0.0,0.0,0.0,0.0,0.0,0.0,0.0,0.0,0.0,0.0,0.0,0.0,0.0,0.0,0.0,0.0,0.0,0.0,0.0,0.0,0.0,0.0,0.0,0.0,0.0,0.0,0.0,0.0,0.0,0.0,0.0,0.0,0.0,0.0,0.0,0.0,0.0,0.0,0.0,0.0,0.0,0.0,0.0,0.0,0.0,0.0,0.0,0.0,0.0,0.0,0.0,0.0,0.0,0.0,0.0,0.0,0.0,0.0,0.0,0.0,0.5,0.5,0.5,1.7,2.3,4.2,5.0,5.7,5.2,5.2,5.2,0.5,0.0
treasury stock,0.0,0.0,0.0,0.0,0.0,0.0,0.0,0.0,0.0,0.0,0.0,0.0,0.0,0.0,0.0,0.0,0.0,0.0,0.0,0.0,0.0,0.0,0.0,0.0,0.0,0.0,0.0,0.0,0.0,0.0,0.0,0.0,0.0,0.0,0.0,0.0,0.0,0.0,0.0,0.0,0.0,0.0,0.0,0.0,0.0,0.0,0.0,0.0,0.0,0.0,0.0,0.0,0.0,0.0,0.0,0.0,0.0,0.0,0.0,0.0,0.0,0.0,0.0,0.0,0.0,0.0,0.0,0.0,0.0,0.0,0.0,0.0,0.0,0.0,0.0,0.0
working capital,0.0,0.0,0.0,45.0,37.5,65.6,97.5,92.8,97.9,98.1,80.3,79.4,95.4,52.0,36.4,41.2,43.7,93.3,57.6,94.2,110.0,93.9,154.2,181.0,49.7,151.2,157.2,215.2,255.6,109.9,140.1,171.6,124.2,135.6,198.0,188.0,179.4,294.5,205.9,255.6,313.8,235.8,503.5,636.0,104.6,144.2,165.6,376.3,362.3,331.2,-26.9,145.0,-397.1,117.7,95.2,71.9,339.6,747.6,363.4,442.3,8.4,2.0,18.5,302.9,228.9,194.1,108.5,-211.3,-360.8,270.0,81.8,230.2,-109.7,-113.1,32.5,-2.9
working capital as % of price,0.0,0.0,0.0,0.0,0.0,9.8,14.8,12.7,13.3,12.1,8.7,9.7,9.7,5.5,3.8,4.6,5.5,16.2,9.7,18.1,16.3,15.7,25.5,17.2,4.0,8.3,10.6,12.8,16.2,8.8,10.0,11.4,8.5,12.0,12.2,12.2,10.5,17.4,8.9,9.0,10.1,6.5,14.4,17.3,3.0,4.4,5.8,13.7,11.7,11.0,-0.8,3.6,-9.3,2.7,2.5,2.3,10.4,39.1,25.5,42.9,0.6,0.1,1.1,18.2,12.0,10.0,4.6,-8.0,-16.7,17.3,4.5,9.6,-5.4,-5.2,1.5,-0.1
working capital per share,0.00,0.00,0.00,0.63,0.52,1.18,1.75,1.66,1.75,1.74,1.42,1.40,1.67,0.92,0.64,0.71,0.69,1.47,0.91,1.49,1.44,1.23,2.03,2.37,0.65,1.94,2.01,2.73,3.24,1.37,1.75,2.17,1.56,1.71,2.49,2.36,2.25,3.69,2.54,3.11,3.77,2.82,6.07,7.78,1.33,1.91,2.32,5.07,4.91,4.53,-0.37,1.97,-5.37,1.61,1.31,0.99,4.69,10.31,5.01,6.10,0.12,0.03,0.25,4.15,3.14,2.66,1.51,-2.94,-5.15,3.92,1.19,3.33,-1.58,-1.63,0.47,-0.04
working captial as % of equity,0.0,0.0,0.0,10.2,8.5,11.2,16.3,15.5,16.3,16.1,13.1,12.6,14.9,8.0,5.4,6.0,5.6,11.9,7.4,12.1,12.7,11.0,18.5,21.4,5.6,15.5,14.3,17.4,19.1,7.9,10.0,12.2,8.8,9.7,13.9,12.9,11.6,18.4,12.5,13.3,15.8,11.4,22.5,25.8,4.5,6.5,7.4,15.8,15.0,14.0,-1.1,5.5,-14.1,4.4,3.5,2.8,12.5,26.8,17.6,20.7,0.4,0.1,0.8,13.6,11.2,10.2,5.5,-11.5,-21.3,20.2,5.7,16.5,-8.2,-8.1,2.5,-0.2
