,2002/03,2002/06,2002/09,2002/12,2003/03,2003/06,2003/09,2003/12,2004/03,2004/06,2004/09,2004/12,2005/03,2005/06,2005/09,2005/12,2006/03,2006/06,2006/09,2006/12,2007/03,2007/06,2007/09,2007/12,2008/03,2008/06,2008/09,2008/12,2009/03,2009/06,2009/09,2009/12,2010/03,2010/06,2010/09,2010/12,2011/03,2011/06,2011/09,2011/12,2012/03,2012/06,2012/09,2012/12,2013/03
% of EPS-to-Industry,0.0,0.0,0.0,-63.3,-81.4,-61.2,-71.2,-194.6,-134.2,-86.7,-50.7,658.3,430.3,503.8,5450.0,20.6,18.1,232.8,278.6,-412.1,-332.8,56.5,51.8,116.1,66.3,-343.5,85.0,340.6,312.6,225.2,2606.2,57.5,-67.0,59.7,68.1,67.2,57.2,51.2,44.2,81.5,12.5,10.9,7.0,-14.6,-6.0
% of PE-to-Industry,0.0,0.0,0.0,0.0,0.0,0.0,0.0,0.0,0.0,0.0,0.0,18.5,25.8,17.8,1.4,0.0,0.0,0.0,0.0,0.0,0.0,135.4,110.5,47.3,70.2,0.0,0.0,0.0,0.0,0.0,0.0,25.3,0.0,50.6,37.3,37.7,46.7,39.4,25.2,21.0,111.9,97.8,202.3,0.0,0.0
% of ROE-to-Industry,0.0,0.0,0.0,0.0,0.0,0.0,0.0,0.0,0.0,0.0,0.0,211.8,157.1,118.4,85.4,0.0,0.0,0.0,0.0,0.0,0.0,79.5,72.5,139.0,83.9,0.0,0.0,0.0,0.0,0.0,0.0,0.0,0.0,0.0,0.0,0.0,0.0,0.0,0.0,0.0,0.0,0.0,0.0,0.0,0.0
% of current ratio-to-industry,16.0,68.4,82.4,66.7,105.9,94.1,87.5,93.8,75.0,66.7,107.7,123.1,72.2,113.3,121.4,141.7,107.1,118.8,77.8,81.3,76.5,73.7,93.8,130.8,88.9,87.5,85.7,78.6,62.5,66.7,64.7,81.3,65.0,66.7,68.4,82.4,68.2,118.8,112.5,75.0,106.3,112.5,105.6,25.0,42.9
% of debt/equity-to-industry,426.6,197.8,262.9,127.5,83.5,81.8,104.9,119.7,102.4,103.8,80.0,59.8,62.0,58.9,42.8,159.5,165.3,250.7,273.8,269.5,233.3,210.8,204.5,201.6,190.5,267.2,151.4,0.0,0.0,0.0,0.0,0.0,0.0,0.0,0.0,0.0,0.0,0.0,0.0,0.0,0.0,0.0,0.0,0.0,0.0
% of earnings-to-industry,0.0,0.0,0.0,-1.2,-2.3,-2.1,-2.9,-9.5,-6.7,-4.4,-2.0,12.1,9.3,7.1,7.6,0.4,0.3,4.8,5.5,-8.0,-6.9,1.4,1.2,2.9,1.6,-7.6,1.7,6.7,6.2,4.5,52.2,1.2,-1.4,1.4,1.6,1.6,1.4,1.2,1.2,2.5,2.7,4.8,5.8,-0.1,-0.1
% of gross profit margin-to-industry,0.0,0.0,0.0,173.9,143.0,108.0,62.0,141.7,140.6,141.2,151.8,112.0,116.3,120.7,98.9,130.9,133.0,133.2,142.2,127.7,128.9,127.7,126.1,116.1,114.9,112.3,114.7,118.7,124.2,134.2,148.6,160.3,159.6,159.5,151.1,147.8,141.7,142.8,140.2,132.6,131.8,127.5,124.1,123.5,119.0
% of leverage-to-industry,228.0,121.7,127.3,103.8,89.7,96.4,108.0,116.7,116.7,117.4,103.8,77.4,78.1,78.1,62.5,116.0,116.0,150.0,168.2,163.6,143.5,145.5,139.1,136.4,130.4,160.9,120.0,0.0,0.0,0.0,0.0,0.0,0.0,0.0,0.0,0.0,0.0,0.0,0.0,0.0,0.0,0.0,0.0,0.0,0.0
% of net profit margin-to-industry,0.0,0.0,0.0,-48.7,-57.9,-33.3,-19.5,-246.7,-171.4,-108.6,-55.9,464.2,416.7,366.1,416.7,30.1,25.6,401.2,471.0,-567.0,-506.1,105.6,102.2,212.5,121.1,-594.9,128.5,0.0,0.0,0.0,0.0,81.8,-87.2,86.8,95.7,93.5,82.0,74.3,71.9,160.5,167.6,295.1,329.0,-7.1,-3.1
% of post-tax profit margin-to-industry,0.0,0.0,0.0,-72.7,-98.8,-76.3,-87.3,-539.6,-280.8,-111.1,-56.8,391.9,409.3,410.0,486.1,24.7,21.0,314.4,360.8,-650.0,-655.8,34.5,32.6,112.5,105.5,-584.0,132.5,0.0,0.0,0.0,0.0,87.5,-86.8,109.5,111.9,103.6,90.1,72.8,70.3,159.0,173.3,259.0,300.0,-16.2,-5.9
% of pre-tax profit margin-to-industry,0.0,0.0,0.0,41.9,-37.6,-33.9,-49.0,-287.5,-134.1,-31.7,-1.9,203.2,169.8,171.8,154.0,12.9,2.0,496.5,612.9,-621.7,-613.8,58.8,53.3,110.3,110.3,-465.6,170.8,0.0,0.0,0.0,0.0,119.0,-65.6,100.0,101.0,101.5,87.7,84.2,75.3,52.8,55.6,72.8,95.0,14.5,2.8
% of pric/free cashlow-to-industry,0.0,-48.2,-1797.5,-16.8,-300.8,1917.4,130.7,260.0,6.2,19.0,60.9,-99.5,-8.4,11.4,47.9,-5.2,41.8,148.8,34.5,32.2,-13.2,-14.6,-27.8,-45.3,23.9,-8.0,-22.7,-2.8,-43.6,11.6,43.7,-7.4,37.3,53.6,20.0,21.0,45.1,72.7,14.5,39.6,22.5,-22.1,14.0,-2.5,192.2
% of price-to-industry,0.0,241.1,262.1,235.1,200.5,174.3,159.8,170.8,160.5,147.3,135.6,121.7,111.2,89.8,76.7,60.8,45.7,38.9,36.4,41.7,70.7,76.5,57.2,54.9,46.6,31.3,30.9,9.5,11.9,13.9,30.9,21.3,26.2,25.5,21.6,21.6,22.8,17.2,11.1,17.2,14.0,10.7,14.2,23.4,28.3
% of price/book-to-industry,0.0,158.4,173.8,116.5,87.4,79.7,95.6,104.9,112.2,101.5,80.4,52.8,48.8,33.9,22.6,42.2,20.0,24.7,24.6,28.6,45.5,50.2,38.0,65.7,28.9,26.0,30.2,0.0,0.0,0.0,0.0,0.0,0.0,0.0,0.0,0.0,0.0,0.0,0.0,0.0,0.0,0.0,0.0,0.0,0.0
% of price/cashflow-to-industry,0.0,0.0,0.0,173.5,315.8,283.1,179.5,-561.8,654.1,197.5,86.9,51.3,55.5,43.2,76.2,-94.5,-29.5,5.3,5.9,-17.1,-34.6,51.2,41.5,57.7,29.6,-16.0,38.8,2.1,4.1,6.6,-1.5,14.6,49.3,33.8,31.5,34.8,40.8,32.2,18.0,21.0,16.8,9.3,12.0,98.1,275.0
% of price/sales-to-industry,0.0,0.0,0.0,219.6,221.1,112.9,41.4,142.9,189.9,167.8,137.2,115.8,129.4,104.5,109.8,83.2,40.3,35.1,34.9,32.6,57.8,66.4,53.6,102.0,41.8,25.4,48.5,15.1,22.4,24.5,50.7,24.0,49.7,49.1,40.5,39.5,42.2,33.0,18.2,29.4,23.8,17.0,20.6,30.3,36.7
% of sales-to-industry,0.0,0.0,0.0,2.6,3.9,6.3,15.1,3.8,3.9,4.0,3.6,2.6,2.2,1.9,1.8,1.3,1.3,1.2,1.2,1.4,1.4,1.3,1.2,1.3,1.3,1.3,1.3,1.2,1.3,1.4,1.5,1.5,1.5,1.6,1.6,1.7,1.7,1.6,1.6,1.6,1.6,1.6,1.7,1.8,1.8
(increase) decrease in inventories,0.0,0.0,0.0,0.0,0.0,0.0,0.0,0.0,0.0,0.0,0.0,0.0,0.0,0.0,0.0,0.0,0.0,0.0,0.0,0.0,0.0,0.0,0.0,0.0,0.0,0.0,0.0,0.0,0.0,0.0,0.0,0.0,0.0,0.0,0.0,0.0,0.0,0.0,0.0,0.0,0.0,0.0,0.0,0.0,0.0
(increase) decrease in other current assets,0.0,0.0,0.0,2.8,0.0,0.0,0.0,-3.3,0.0,0.0,-3.9,-1.7,-1.8,-1.3,-2.7,-0.2,0.0,0.0,0.0,0.0,0.0,0.0,0.0,0.0,0.0,0.0,0.0,0.0,0.0,0.0,0.0,0.0,0.0,0.0,0.0,0.0,0.0,0.0,0.0,0.0,0.0,0.0,0.0,0.0,0.0
(increase) decrease in prepaid expenses,0.0,0.0,0.0,0.0,0.0,0.0,0.0,0.0,0.0,0.0,0.0,0.0,0.0,0.0,0.0,0.0,0.0,0.0,0.0,0.0,0.0,0.0,0.0,0.0,0.0,0.0,0.0,0.0,0.0,0.0,0.0,0.0,0.0,0.0,0.0,0.0,0.0,0.0,0.0,0.0,0.0,0.0,0.0,0.0,0.0
(increase) decrease in receivables,0.0,0.0,0.0,-4.2,0.0,0.0,0.0,0.0,0.0,0.0,5.1,1.3,9.6,-4.6,2.0,-15.5,3.8,-5.6,-6.1,-13.7,9.6,0.9,2.6,1.9,10.5,9.9,11.6,21.3,9.7,7.0,6.4,-3.9,2.7,-3.5,-6.3,-8.5,7.2,1.2,2.2,-8.8,5.9,-3.6,-6.4,-33.4,11.0
Basic EPS (Continuing),-1.00,-0.19,0.10,0.41,-0.82,-0.21,0.10,-0.88,-0.04,0.32,0.29,1.24,-0.20,0.20,0.07,-0.58,-0.09,-4.87,0.08,0.13,-0.04,0.08,0.05,0.47,0.02,-4.26,0.20,-12.29,0.49,-0.50,-0.02,0.21,0.07,0.07,0.15,0.39,0.03,0.02,0.05,0.79,0.10,0.28,0.37,-1.06,-0.02
Basic EPS (Cum. Effect of Acct. Change),-1.19,0.00,0.00,0.05,0.00,0.00,0.00,0.00,0.07,0.00,0.00,0.00,0.00,0.00,0.00,0.00,0.00,0.00,0.00,0.00,0.00,0.00,0.00,0.00,0.00,0.00,0.00,0.00,0.00,0.00,0.00,0.00,0.00,0.00,0.00,0.00,0.00,0.00,0.00,0.00,0.00,0.00,0.00,0.00,0.00
Basic EPS (Discontinued),0.00,0.01,0.02,-0.01,0.00,-0.01,0.02,0.00,0.00,-0.03,0.00,0.00,0.00,0.00,0.00,0.00,0.00,0.00,0.00,0.08,0.46,-0.01,-0.02,0.07,0.01,0.00,0.00,-0.01,-0.01,0.00,0.00,0.00,0.00,0.00,0.00,0.00,0.00,0.00,0.00,-0.02,-0.02,0.21,0.00,-0.21,0.00
Basic EPS (Extraordinary Items),0.00,0.00,0.00,0.00,0.00,0.00,0.00,0.00,0.00,0.00,0.00,0.00,0.00,0.00,0.00,0.00,0.00,0.00,0.00,0.00,0.00,0.00,0.00,0.00,0.00,0.00,0.00,0.00,0.00,0.00,0.00,0.00,0.00,0.00,0.00,0.00,0.00,0.00,0.00,0.00,0.00,0.00,0.00,0.00,0.00
Basic EPS (Other Gains/Losses),0.00,-0.04,0.00,-0.05,0.00,0.00,0.00,0.01,0.00,0.00,0.00,0.00,0.00,0.00,0.00,0.00,0.00,0.00,0.00,0.00,0.00,0.00,0.00,0.00,0.00,0.00,0.00,0.00,0.00,0.00,0.00,0.00,0.00,0.00,0.00,0.00,0.00,0.00,0.00,0.00,0.00,0.00,0.00,0.21,0.00
Basic EPS (Tax Loss Carry Forward),0.00,0.00,0.00,0.00,0.00,0.00,0.00,0.00,0.00,0.00,0.00,0.00,0.00,0.00,0.00,0.00,0.00,0.00,0.00,0.00,0.00,0.00,0.00,0.00,0.00,0.00,0.00,0.00,0.00,0.00,0.00,0.00,0.00,0.00,0.00,0.00,0.00,0.00,0.00,0.00,0.00,0.00,0.00,0.00,0.00
Close PE Ratio,0.0,0.0,0.0,0.0,0.0,0.0,0.0,0.0,0.0,0.0,0.0,12.1,11.9,10.6,12.8,0.0,0.0,0.0,0.0,0.0,0.0,24.1,17.8,12.0,14.8,0.0,0.0,0.0,0.0,0.0,0.0,24.8,0.0,16.9,9.1,8.0,9.4,8.4,4.5,5.0,4.5,2.2,2.6,0.0,0.0
Diluted EPS (Continuing),-1.00,-0.19,0.10,0.41,-0.82,-0.21,0.10,-0.88,-0.04,0.31,0.29,1.04,-0.20,0.17,0.07,-0.58,-0.09,-4.87,0.08,0.13,-0.04,0.08,0.05,0.45,0.02,-4.26,0.20,-12.29,0.49,-0.50,-0.02,0.21,0.06,0.07,0.15,0.38,0.03,0.02,0.05,0.77,0.10,0.27,0.36,-1.05,-0.02
Diluted EPS (Cum. Effect of Acct. Change),-1.19,0.00,0.00,0.05,0.00,0.00,0.00,0.00,0.07,0.00,0.00,0.00,0.00,0.00,0.00,0.00,0.00,0.00,0.00,0.00,0.00,0.00,0.00,0.00,0.00,0.00,0.00,0.00,0.00,0.00,0.00,0.00,0.00,0.00,0.00,0.00,0.00,0.00,0.00,0.00,0.00,0.00,0.00,0.00,0.00
Diluted EPS (Discontinued),0.00,0.01,0.02,-0.01,0.00,-0.01,0.02,0.00,0.00,-0.03,0.00,0.01,0.00,0.00,0.00,0.00,0.00,0.00,0.00,0.08,0.46,-0.01,-0.02,0.07,0.01,0.00,0.00,-0.01,-0.01,0.00,0.00,0.00,0.00,0.00,0.00,0.00,0.00,0.00,0.00,-0.02,-0.02,0.21,0.00,-0.20,0.00
Diluted EPS (Extraordinary),0.00,0.00,0.00,0.00,0.00,0.00,0.00,0.00,0.00,0.00,0.00,0.00,0.00,0.00,0.00,0.00,0.00,0.00,0.00,0.00,0.00,0.00,0.00,0.00,0.00,0.00,0.00,0.00,0.00,0.00,0.00,0.00,0.00,0.00,0.00,0.00,0.00,0.00,0.00,0.00,0.00,0.00,0.00,0.00,0.00
Diluted EPS (Other Gains/Losses),0.00,-0.04,0.00,-0.05,0.00,0.00,0.00,0.01,0.00,0.00,0.00,0.00,0.00,0.00,0.00,0.00,0.00,0.00,0.00,0.00,0.00,0.00,0.00,0.00,0.00,0.00,0.00,0.00,0.00,0.00,0.00,0.00,0.00,0.00,0.00,0.00,0.00,0.00,0.00,0.00,0.00,0.00,0.00,0.21,0.00
Diluted EPS (Tax Loss Carry Forward),0.00,0.00,0.00,0.00,0.00,0.00,0.00,0.00,0.00,0.00,0.00,0.00,0.00,0.00,0.00,0.00,0.00,0.00,0.00,0.00,0.00,0.00,0.00,0.00,0.00,0.00,0.00,0.00,0.00,0.00,0.00,0.00,0.00,0.00,0.00,0.00,0.00,0.00,0.00,0.00,0.00,0.00,0.00,0.00,0.00
Dividends Paid Per Share (YTD),0.00,0.00,0.00,0.00,0.00,0.00,0.00,0.00,0.00,0.00,0.00,0.00,0.00,0.00,0.00,0.00,0.00,0.00,0.00,0.00,0.00,0.00,0.00,0.00,0.00,0.00,0.00,0.00,0.00,0.00,0.00,0.00,0.00,0.00,0.00,0.00,0.00,0.00,0.00,0.00,0.00,0.00,0.00,0.00,0.00
EPS from Total Operations (YTD),-1.00,-0.99,-0.71,-0.31,-0.82,-1.04,-0.93,-1.81,-0.04,0.24,0.53,1.58,-0.20,0.00,0.07,-0.51,-0.09,-4.92,-4.99,-4.78,0.42,0.47,0.49,1.01,0.03,-4.24,-4.03,-16.33,0.48,-0.02,-0.03,0.18,0.06,0.13,0.28,0.66,0.03,0.05,0.10,0.85,0.08,0.55,0.91,-0.34,-0.02
High PE Ratio,0.0,0.0,0.0,0.0,0.0,0.0,0.0,0.0,0.0,0.0,0.0,16.9,17.1,16.3,18.2,0.0,0.0,0.0,0.0,0.0,0.0,25.9,27.7,20.0,31.1,0.0,0.0,0.0,0.0,0.0,0.0,34.7,0.0,25.7,16.8,12.5,13.0,11.3,13.7,7.7,7.3,3.7,3.0,0.0,0.0
"Income, Restructuring and M&A;",0.0,0.0,-0.9,0.0,0.0,-0.1,0.0,-0.0,0.0,0.0,0.0,0.0,0.0,0.0,0.0,0.0,0.0,0.0,0.0,-4.7,0.1,-0.2,0.2,0.0,0.0,0.0,0.0,-12.9,0.0,-0.5,0.0,0.0,-2.1,-0.1,0.0,-1.0,0.0,0.0,-0.5,-0.2,0.0,0.0,0.0,-1.0,-2.1
LT-Debt as % of Invested Capital,73.2,47.7,47.9,46.9,47.7,47.3,46.3,47.6,45.4,44.8,44.3,42.3,46.1,45.3,46.2,54.2,54.2,63.3,62.6,61.4,58.4,57.8,57.4,55.2,54.6,63.1,61.8,135.2,131.3,138.5,139.5,134.0,133.0,131.1,130.1,126.9,126.3,124.2,123.0,116.0,115.5,110.4,107.2,111.6,110.5
LT-Debt as % of Total Debt,58.4,51.3,52.4,51.4,55.8,54.2,52.2,51.2,48.3,47.6,48.2,52.1,56.0,54.8,56.2,62.2,62.0,66.7,62.2,60.9,61.9,62.2,61.7,61.0,60.5,64.1,62.8,69.8,67.8,69.7,69.2,69.5,70.1,70.2,68.4,67.4,66.4,67.0,66.1,52.9,66.5,65.5,63.5,66.0,72.9
LT-Debt to Equity Ratio,2.73,0.91,0.92,0.88,0.91,0.90,0.86,0.91,0.85,0.81,0.80,0.73,0.85,0.83,0.86,1.18,1.19,1.73,1.67,1.59,1.40,1.37,1.35,1.23,1.20,1.71,1.62,-3.84,-4.10,-3.60,-3.53,-3.94,-4.03,-4.21,-4.33,-4.72,-4.80,-5.13,-5.34,-7.27,-7.44,-10.62,-14.98,-9.60,-10.49
Low PE Ratio,0.0,0.0,0.0,0.0,0.0,0.0,0.0,0.0,0.0,0.0,0.0,11.0,11.5,10.6,12.6,0.0,0.0,0.0,0.0,0.0,0.0,7.8,10.1,9.5,13.7,0.0,0.0,0.0,0.0,0.0,0.0,2.5,0.0,3.7,4.8,5.9,6.2,6.7,4.5,2.1,1.9,1.3,1.0,0.0,0.0
Net Income from Total Operations (YTD),-25.7,-33.5,-27.6,-12.9,-40.9,-52.1,-46.6,-90.4,-2.1,15.2,30.0,92.2,-10.3,-0.2,3.6,-26.1,-4.3,-248.7,-244.8,-234.5,20.7,24.2,26.0,53.7,1.5,-214.5,-204.5,-830.4,24.7,-0.8,-1.6,9.1,3.5,7.1,15.4,36.5,1.6,2.7,5.8,48.8,3.9,30.9,50.6,-7.6,-1.0
Normalized Close PE Ratio,0.0,0.0,0.0,347.9,68.4,60.4,55.9,0.0,0.0,0.0,0.0,11.4,11.5,10.7,12.7,0.0,0.0,6.2,6.5,4.9,7.8,52.3,40.7,21.0,15.8,2.7,2.2,0.3,0.3,0.5,1.7,4.5,8.2,13.2,7.4,7.4,9.1,8.1,4.3,4.8,4.2,2.5,2.9,0.0,0.0
Normalized High PE Ratio,0.0,0.0,0.0,405.0,94.5,68.5,69.9,0.0,0.0,0.0,0.0,15.9,16.5,16.4,18.1,0.0,0.0,12.7,11.9,5.6,7.8,56.2,63.3,34.9,33.2,8.9,6.3,3.4,2.5,2.3,2.2,6.3,10.2,20.0,13.7,11.4,12.6,10.9,12.9,7.4,6.8,4.2,3.3,0.0,0.0
Normalized Low PE Ratio,0.0,0.0,0.0,242.9,56.7,43.6,51.2,0.0,0.0,0.0,0.0,10.4,11.1,10.7,12.4,0.0,0.0,6.1,5.1,3.0,3.0,17.0,23.0,16.5,14.6,2.7,1.9,0.2,0.1,0.1,0.2,0.5,1.6,2.9,3.9,5.4,6.0,6.5,4.2,2.0,1.8,1.5,1.2,0.0,0.0
Normalized ROA,0.0,0.0,0.0,0.1,0.8,1.1,1.1,-1.8,-1.4,-1.3,-0.8,4.6,3.9,3.6,3.1,-0.5,-0.8,3.0,2.8,4.7,5.1,0.9,0.8,1.5,1.6,6.9,7.4,23.8,27.4,20.1,18.7,6.3,4.3,2.8,4.1,5.0,4.5,4.2,3.5,4.7,6.7,8.2,9.8,-1.4,-1.7
Normalized ROCI,0.0,0.0,0.0,0.2,1.1,1.6,1.5,-2.7,-2.1,-1.9,-1.2,6.4,5.4,4.9,4.2,-0.6,-1.0,3.9,3.9,6.6,7.0,1.2,1.1,2.0,2.2,9.3,10.1,37.7,44.5,32.2,30.4,10.0,6.7,4.3,6.5,8.1,7.4,6.7,5.7,9.6,10.6,12.9,15.8,-2.1,-2.4
Normalized ROE,0.0,0.0,0.0,0.4,2.1,3.0,2.8,0.0,0.0,0.0,0.0,11.1,9.9,9.0,7.8,0.0,0.0,10.6,10.4,17.0,16.8,2.9,2.6,4.5,4.8,25.1,26.3,0.0,0.0,0.0,0.0,0.0,0.0,0.0,0.0,0.0,0.0,0.0,0.0,0.0,0.0,0.0,0.0,0.0,0.0
Return on Assets (ROA),0.0,0.0,0.0,-0.6,-1.3,-1.5,-1.5,-4.3,-2.4,-1.1,-0.7,4.5,3.9,3.6,3.0,-1.1,-0.8,-13.3,-12.9,-11.0,-10.5,1.9,1.8,2.7,1.8,-11.3,-10.8,-97.4,-97.5,-78.9,-81.2,1.2,-1.6,2.2,3.3,4.6,4.3,4.0,3.3,4.5,6.3,9.2,10.8,-0.6,-1.0
Return on Capital Invested (ROCI),0.0,0.0,0.0,-0.8,-1.8,-2.0,-2.1,-6.2,-3.6,-1.6,-1.0,6.2,5.3,4.9,4.1,-1.4,-1.1,-17.6,-17.8,-15.4,-14.3,2.6,2.5,3.7,2.4,-15.3,-14.8,-154.3,-158.2,-126.4,-131.7,1.8,-2.4,3.4,5.4,7.5,7.1,6.5,5.4,9.2,10.0,14.5,17.5,-1.0,-1.5
Return on Stock Equity (ROE),0.0,0.0,0.0,0.0,0.0,0.0,0.0,0.0,0.0,0.0,0.0,10.8,9.9,9.0,7.6,0.0,0.0,0.0,0.0,0.0,0.0,6.2,5.8,8.2,5.2,0.0,0.0,0.0,0.0,0.0,0.0,0.0,0.0,0.0,0.0,0.0,0.0,0.0,0.0,0.0,0.0,0.0,0.0,0.0,0.0
Revenue (YTD),62.5,152.4,245.3,349.6,75.3,166.3,252.1,349.5,79.8,176.2,267.2,374.8,78.4,176.9,267.7,380.4,100.8,216.2,332.0,426.1,93.1,196.4,287.3,395.9,93.1,196.8,295.6,399.8,74.5,157.0,238.4,339.5,91.8,191.3,294.9,420.0,92.6,196.8,297.6,400.0,103.2,224.2,357.3,553.5,141.0
accounts payable,6.1,9.9,5.3,11.7,7.8,7.6,4.4,7.2,5.0,5.9,6.3,7.8,5.7,5.7,2.6,8.3,7.4,7.4,10.1,16.1,7.9,5.3,5.6,11.4,3.9,5.0,4.6,8.0,16.3,17.1,15.5,16.9,16.1,8.3,7.0,8.0,7.8,6.1,8.7,11.0,6.8,9.4,7.2,19.0,9.4
accounts receivable,46.8,70.1,63.3,71.3,58.9,66.6,62.9,72.3,60.7,70.2,67.0,70.6,61.2,75.3,68.4,85.6,81.5,90.9,91.3,90.6,80.9,89.7,88.0,89.1,78.8,79.1,76.0,68.3,58.6,61.3,61.9,73.9,71.2,77.5,80.3,82.5,75.3,81.3,80.3,91.1,85.2,94.7,97.5,126.2,115.1
accrued expenses,11.0,17.0,17.7,22.3,16.5,16.1,16.2,0.0,24.2,17.5,18.3,21.6,17.1,16.5,18.2,30.0,26.1,35.1,39.3,22.3,34.0,19.7,31.1,18.6,31.2,21.1,32.4,56.7,0.0,0.0,0.0,0.0,0.0,0.0,0.0,0.0,0.0,0.0,0.0,0.0,0.0,0.0,0.0,0.0,0.0
accrued liabilities,12.3,25.4,16.4,28.8,14.3,18.1,21.4,29.7,1.4,11.8,13.4,6.5,11.9,7.5,14.8,5.3,17.3,2.0,20.7,16.7,11.9,10.0,11.3,13.7,13.4,12.9,14.9,0.0,52.7,41.1,45.7,41.9,45.0,41.3,54.3,42.4,50.5,37.4,47.9,38.6,42.9,39.9,52.7,154.0,58.1
accumulated depreciation,0.0,0.0,0.0,96.9,96.9,96.9,96.9,155.1,155.1,155.1,155.1,164.2,164.2,164.2,164.2,187.6,187.6,187.6,187.6,172.3,172.3,172.3,172.3,194.6,194.6,194.6,194.6,214.7,0.0,0.0,0.0,235.0,0.0,0.0,0.0,251.2,0.0,0.0,0.0,253.0,0.0,0.0,0.0,268.5,0.0
acquisitions,-5.9,-3.7,0.0,-7.9,0.0,0.0,0.0,-2.0,-4.2,-9.2,-9.2,-9.2,-85.0,-85.0,-104.7,-0.2,0.0,0.0,-5.8,-5.9,-52.3,-52.3,-52.3,-52.3,0.0,0.0,0.0,0.0,0.0,0.0,0.0,-1.2,0.0,-3.9,-4.7,-0.6,0.0,-5.2,-5.2,-9.0,0.0,-33.5,-34.3,-358.5,0.0
additional paid-in capital,561.6,"1,062.3","1,063.1","1,064.1","1,064.8","1,065.3","1,065.9","1,066.9","1,067.9","1,068.4","1,069.3","1,071.8","1,073.4","1,073.6","1,077.9","1,076.7","1,078.9","1,083.0","1,084.7","1,087.4","1,089.3","1,092.3","1,093.9","1,096.5","1,098.5","1,100.3","1,101.4","1,101.9","1,102.5","1,103.3","1,103.4","1,104.2","1,105.3","1,107.0","1,108.3","1,109.8","1,111.7","1,118.4","1,120.1","1,121.6","1,123.3","1,125.7","1,127.5","1,129.7","1,132.1"
adjustments to revenue,0.0,0.0,0.0,0.0,0.0,0.0,0.0,0.0,0.0,0.0,0.0,0.0,0.0,0.0,0.0,0.0,0.0,0.0,0.0,0.0,0.0,0.0,0.0,0.0,0.0,0.0,0.0,0.0,0.0,0.0,0.0,0.0,0.0,0.0,0.0,0.0,0.0,0.0,0.0,0.0,0.0,0.0,0.0,0.0,0.0
advertising,0.0,0.0,0.0,0.0,0.0,0.0,0.0,0.0,0.0,0.0,0.0,0.0,0.0,0.0,0.0,0.0,0.0,0.0,0.0,0.0,0.0,0.0,0.0,0.0,0.0,0.0,0.0,0.0,0.0,0.0,0.0,0.0,0.0,0.0,0.0,0.0,0.0,0.0,0.0,0.0,0.0,0.0,0.0,0.0,0.0
amortization,0.0,0.0,0.0,0.0,0.0,0.0,0.0,24.8,0.0,0.0,6.0,8.0,7.6,3.2,4.7,6.8,2.2,4.3,6.5,8.7,2.2,4.3,6.4,8.6,2.1,3.7,0.0,0.0,1.0,1.8,2.9,4.3,1.3,2.4,3.4,4.5,1.0,2.0,2.9,3.8,0.6,1.2,1.7,2.6,0.9
amortization of intangibles,0.0,0.0,0.0,20.8,0.0,0.0,0.0,0.0,0.0,0.0,18.1,25.3,0.0,12.4,19.2,28.1,7.4,15.1,22.5,25.7,6.2,12.5,18.5,26.7,6.3,11.9,17.8,24.2,6.4,11.9,18.3,25.3,6.6,12.9,19.3,25.4,5.9,11.7,17.7,22.6,5.7,11.6,17.7,29.4,13.2
asset turnover,0.0,0.0,0.0,0.0,0.2,0.2,0.2,0.2,0.2,0.2,0.2,0.2,0.2,0.2,0.2,0.2,0.2,0.2,0.2,0.2,0.2,0.2,0.2,0.2,0.2,0.2,0.2,0.3,0.3,0.3,0.3,0.4,0.4,0.5,0.5,0.5,0.5,0.5,0.5,0.4,0.5,0.5,0.5,0.5,0.6
auditor name,None,None,None,None,None,None,None,None,None,None,None,None,None,None,None,None,None,None,None,None,None,None,None,None,None,None,None,None,None,None,None,None,None,None,None,None,None,None,None,None,None,None,None,None,None
auditor report,None,None,None,None,None,None,None,None,None,None,None,None,None,None,None,None,None,None,None,None,None,None,None,None,None,None,None,None,None,None,None,None,None,None,None,None,None,None,None,None,None,None,None,None,None
basic earnings indicator,Y,Y,Y,Y,Y,Y,Y,Y,Y,Y,Y,Y,Y,Y,Y,Y,Y,Y,Y,Y,Y,Y,Y,Y,Y,Y,Y,Y,Y,Y,Y,Y,Y,Y,Y,Y,Y,Y,Y,Y,Y,Y,Y,Y,Y
book value per share,7.01,16.85,16.96,17.25,16.43,16.19,16.29,15.19,15.22,15.49,15.79,16.97,16.74,16.93,16.90,16.35,16.06,11.33,11.39,11.60,12.04,12.19,12.24,12.91,12.93,8.75,8.89,0.00,0.00,0.00,0.00,0.00,0.00,0.00,0.00,0.00,0.00,0.00,0.00,0.00,0.00,0.00,0.00,0.00,0.00
building and improvements,0.0,0.0,0.0,82.4,0.0,0.0,0.0,97.9,0.0,0.0,0.0,100.9,0.0,0.0,0.0,145.3,0.0,0.0,0.0,130.5,0.0,0.0,0.0,129.0,0.0,0.0,0.0,129.3,0.0,0.0,0.0,131.4,0.0,0.0,0.0,135.3,0.0,0.0,0.0,132.0,0.0,0.0,0.0,176.9,0.0
capital lease obligations,0.0,0.0,0.0,0.0,0.0,0.0,0.0,0.0,0.0,0.0,0.0,0.0,0.0,0.0,0.0,0.0,0.0,0.0,0.0,0.0,0.0,0.0,0.0,0.0,0.0,0.0,0.0,0.0,0.0,0.0,0.0,0.0,0.0,1.5,1.4,7.2,0.0,0.0,0.0,0.0,0.0,0.0,0.0,0.0,0.0
cash as % of revenue,0.0,0.0,0.0,41.2,5.6,5.9,3.8,2.7,3.5,4.3,2.7,3.9,0.9,2.9,3.5,2.9,1.6,2.8,4.3,1.4,6.4,4.1,8.5,10.1,10.5,2.2,4.0,5.0,4.0,5.3,3.4,3.3,2.7,2.3,2.2,2.8,6.4,3.2,8.9,4.5,3.1,2.1,7.1,8.4,4.0
cash at beginning of period,17.2,17.2,17.2,17.2,143.9,143.9,143.9,143.9,9.5,9.5,9.5,9.5,14.8,14.8,14.8,14.8,11.1,11.1,11.1,11.1,12.3,12.3,12.3,12.3,40.0,40.0,40.0,40.0,20.1,20.1,20.1,20.1,11.1,11.1,11.1,11.1,11.6,11.6,11.6,11.6,18.1,18.1,18.1,18.1,46.3
cash end of period,10.8,146.9,122.0,143.9,20.2,21.6,13.7,9.5,12.5,15.5,9.7,14.8,3.2,11.0,13.1,11.1,6.3,11.6,19.0,12.3,26.9,16.7,32.7,40.0,41.9,8.8,16.3,20.1,15.4,19.1,11.8,11.1,9.7,8.5,8.8,11.6,26.8,13.6,37.6,18.1,12.7,9.0,32.8,46.3,23.5
cash flow,0.0,0.0,0.0,83.6,68.5,65.0,65.0,-18.9,20.3,48.8,105.4,157.9,165.2,175.0,131.7,43.1,55.0,-196.6,-192.7,-162.0,-141.3,104.0,97.9,119.8,99.2,-122.8,-120.4,-776.4,-753.6,-563.8,-569.2,69.0,47.4,76.9,85.6,94.5,91.0,87.5,81.4,101.4,103.3,129.0,145.5,56.5,64.4
cash flow per share,0.00,0.00,0.00,1.68,1.37,1.30,1.30,-0.38,0.40,0.97,2.09,3.13,3.27,3.45,2.58,0.85,1.07,-3.88,-3.80,-3.19,-2.78,2.05,1.93,2.36,1.95,-2.41,-2.34,-15.10,-14.66,-10.97,-11.08,1.30,0.90,1.40,1.56,1.71,1.65,1.55,1.44,1.80,1.83,2.36,2.73,1.04,1.19
cash from discontinued financing activities,0.0,0.0,0.0,0.0,0.0,0.0,0.0,0.0,0.0,0.0,0.0,0.0,0.0,0.0,0.0,0.0,0.0,0.0,0.0,0.0,0.0,0.0,0.0,0.0,0.0,0.0,0.0,0.0,0.0,-2.6,-2.6,-2.6,0.0,-0.4,-0.4,-0.4,0.0,0.0,0.0,0.0,0.0,0.0,0.0,0.0,0.0
cash from discontinued investing activities,0.0,0.0,56.5,0.0,0.0,0.0,0.0,0.0,0.0,0.0,0.0,0.0,0.0,0.0,0.0,0.0,0.0,0.0,0.0,-0.5,129.5,129.5,135.8,138.8,1.8,-0.7,-0.7,-0.7,0.0,5.9,5.9,5.9,0.0,0.7,0.7,0.7,0.0,0.0,0.0,-0.1,6.3,29.5,29.5,29.5,0.0
cash per share,0.22,2.95,2.44,2.88,0.40,0.43,0.27,0.19,0.25,0.31,0.19,0.29,0.06,0.22,0.26,0.22,0.12,0.23,0.37,0.12,0.53,0.33,0.64,0.79,0.82,0.17,0.32,0.39,0.30,0.37,0.23,0.21,0.18,0.15,0.16,0.21,0.48,0.24,0.67,0.32,0.22,0.17,0.62,0.86,0.43
common par,0.3,0.5,0.5,0.5,0.5,0.5,0.5,0.5,0.5,0.5,0.0,0.5,0.5,0.5,0.5,0.5,0.5,0.5,0.5,0.5,0.5,0.5,0.5,0.5,0.5,0.5,0.5,0.5,0.5,0.5,0.2,0.5,0.5,0.5,0.5,0.5,0.5,0.5,0.5,0.5,0.5,0.5,0.5,0.5,0.6
common stock equity,348.2,839.8,846.5,860.2,820.0,809.3,815.8,762.1,764.5,779.6,794.8,856.0,847.2,857.5,861.7,828.9,821.1,573.7,578.1,588.7,611.4,619.4,621.8,656.1,658.1,445.7,456.8,-189.3,-163.4,-187.8,-188.4,-169.2,-164.2,-156.5,-146.9,-131.4,-127.9,-119.9,-115.2,-84.6,-79.0,-55.1,-38.3,-91.6,-89.7
construction in progress,0.0,0.0,0.0,0.0,0.0,0.0,0.0,0.0,0.0,0.0,0.0,0.0,0.0,0.0,0.0,0.0,0.0,0.0,0.0,0.0,0.0,0.0,0.0,0.0,0.0,0.0,0.0,0.0,0.0,0.0,0.0,0.0,0.0,0.0,0.0,0.0,0.0,0.0,0.0,0.0,0.0,0.0,0.0,0.0,0.0
cost in excess,0.0,0.0,0.0,0.0,0.0,0.0,0.0,0.0,0.0,0.0,0.0,0.0,0.0,0.0,0.0,0.0,623.4,528.1,536.4,533.0,534.6,534.9,534.9,535.4,535.4,424.1,424.1,117.2,117.2,114.5,114.5,117.3,117.3,117.3,117.3,117.3,117.3,117.4,117.7,122.1,122.3,122.3,122.2,189.1,189.1
cost of sales,30.4,36.2,40.0,-57.2,38.2,38.8,38.9,-27.8,38.1,39.3,-7.9,24.4,24.2,25.6,26.3,30.4,31.2,30.6,31.7,12.2,26.8,26.7,27.4,28.4,27.9,28.1,32.7,29.8,25.9,25.7,24.5,26.2,28.0,28.7,30.7,31.4,30.0,32.4,33.7,30.8,34.6,36.7,37.6,48.8,53.7
cost of sales with depreciation,20.0,23.6,26.6,26.3,24.7,25.3,25.6,26.5,24.6,25.4,25.6,26.4,26.0,27.1,27.8,32.5,33.3,32.8,33.9,14.4,29.0,28.9,28.9,30.6,30.1,29.6,29.0,29.8,26.9,26.5,25.6,27.5,29.3,29.8,31.7,32.5,31.0,33.3,34.7,31.7,35.2,37.2,38.2,49.7,54.6
cumulative translation adjustments,0.0,0.0,0.0,0.0,0.0,0.0,0.0,0.0,0.0,0.0,0.0,0.0,0.0,0.0,0.0,0.0,0.0,0.0,0.0,0.0,0.0,0.0,0.0,0.0,0.0,0.0,0.0,0.0,0.0,0.0,0.0,0.0,0.0,0.0,0.0,0.0,0.0,0.0,0.0,0.0,0.0,0.0,0.0,0.0,0.0
current assets per share,1.48,5.49,5.41,5.33,2.09,2.02,2.02,2.05,2.24,2.04,2.06,2.11,1.71,2.16,2.20,2.49,2.15,2.41,2.73,2.72,2.48,2.38,2.57,2.69,2.55,1.97,2.01,1.89,1.60,1.73,1.63,1.81,1.72,1.70,1.76,1.81,2.03,1.82,2.22,6.62,2.00,2.15,2.71,3.33,2.76
current defered income taxes,0.0,0.0,0.0,0.0,0.0,0.0,0.0,0.0,0.0,0.0,0.0,0.0,0.0,0.0,0.0,0.0,0.0,0.0,0.0,0.0,0.0,0.0,0.0,0.0,0.0,0.0,0.0,0.0,0.0,0.0,0.0,0.0,0.0,0.0,0.0,0.0,0.0,0.0,0.0,0.0,6.6,6.4,7.4,0.0,4.5
current deferred income taxes,0.0,0.0,0.0,0.0,0.0,0.0,0.0,0.0,0.0,0.0,0.0,0.0,0.0,0.0,0.0,0.0,0.0,0.0,0.0,0.0,0.0,0.0,0.0,0.0,0.0,0.0,0.0,0.0,0.0,0.0,0.0,0.0,0.0,0.0,0.0,0.0,0.0,0.0,0.0,0.0,0.0,0.0,0.0,168.2,0.0
current liabilities per share,3.33,4.10,3.74,3.70,1.17,1.23,1.45,1.33,1.91,1.75,1.49,1.30,1.31,1.26,1.28,1.46,1.46,1.27,1.94,2.06,1.87,1.71,1.75,1.58,1.62,1.43,1.66,1.77,1.66,1.44,1.50,1.42,1.29,1.18,1.38,1.26,1.33,0.98,1.22,5.62,1.16,1.19,1.45,6.70,4.64
current ratio,0.4,1.3,1.4,1.4,1.8,1.6,1.4,1.5,1.2,1.2,1.4,1.6,1.3,1.7,1.7,1.7,1.5,1.9,1.4,1.3,1.3,1.4,1.5,1.7,1.6,1.4,1.2,1.1,1.0,1.2,1.1,1.3,1.3,1.4,1.3,1.4,1.5,1.9,1.8,1.2,1.7,1.8,1.9,0.5,0.6
decrease (increase) in other current liabilities,0.0,0.0,0.0,-5.5,0.0,0.0,0.0,98.0,0.0,0.0,4.4,1.4,-0.9,-8.5,2.9,4.7,5.5,-4.6,12.2,10.5,7.4,-9.6,3.8,-23.3,10.0,-5.8,6.8,19.1,-10.1,-19.8,-11.3,-21.5,3.6,2.3,15.1,5.7,11.1,0.1,11.0,-0.9,1.8,-2.4,1.9,1.7,4.0
decrease (increase) in other working capital,52.7,43.5,89.4,0.0,36.8,63.7,77.8,0.0,17.4,18.6,0.0,0.0,0.0,0.0,0.0,0.0,-4.4,0.4,5.1,0.3,-0.3,-0.8,0.3,1.8,1.2,-1.9,2.1,4.4,2.0,-1.2,-0.2,1.2,1.1,1.1,0.9,2.2,-7.2,-4.1,-6.1,-3.8,-3.9,-4.1,-1.5,4.1,-1.9
decrease (increase) in payables,0.0,0.0,0.0,-1.3,0.0,0.0,0.0,-4.5,0.0,0.0,-1.1,0.4,-2.2,-2.2,-1.4,3.4,-0.9,-0.9,1.8,9.6,-8.2,-10.8,-10.4,3.3,-7.5,-6.4,-6.8,-3.4,-3.9,-1.9,-3.3,-2.8,0.2,1.8,0.4,1.4,-0.2,-1.9,0.7,3.3,-4.2,-1.6,-3.7,8.0,-9.5
deferred income taxes,0.0,0.0,0.0,24.5,0.0,0.0,0.0,6.1,0.0,0.0,13.0,-24.6,-5.2,1.2,5.4,9.6,-0.3,-92.4,-89.8,-76.2,2.1,6.4,6.9,18.9,-0.7,-71.5,-71.1,-235.9,18.8,8.7,10.5,18.3,1.8,3.8,9.4,18.1,0.9,10.6,12.8,-16.6,2.6,12.4,23.3,38.3,-1.2
deferred revenues,0.0,0.0,0.0,0.0,0.0,0.0,0.0,0.0,0.0,0.0,0.0,0.0,0.0,0.0,0.0,0.0,0.0,0.0,0.0,0.0,0.0,0.0,0.0,0.0,0.0,0.0,0.0,0.0,0.0,0.0,0.0,0.0,0.0,0.0,0.0,0.0,0.0,0.0,0.0,0.0,0.0,0.0,0.0,0.0,0.0
depreciation,0.0,0.0,0.0,75.7,0.0,0.0,0.0,46.7,0.0,0.0,23.5,32.3,8.0,16.9,24.1,34.4,12.0,21.9,31.6,38.1,8.8,17.6,24.8,30.8,7.4,14.8,22.1,29.7,8.1,15.6,23.1,30.4,7.1,14.0,21.1,28.1,6.5,13.1,19.8,26.2,6.8,13.4,20.2,32.1,11.6
depreciation (unrecognized),5.7,7.2,7.8,7.9,8.2,8.1,7.6,8.8,7.8,8.0,7.7,8.8,8.0,8.9,7.2,10.3,12.0,9.9,9.7,6.5,8.8,8.8,7.4,6.1,7.4,7.4,7.3,7.6,8.1,7.4,7.6,7.2,7.1,6.9,7.1,7.0,6.5,6.6,6.7,6.4,6.8,6.7,6.8,11.9,11.6
domestic sales,0.0,0.0,0.0,0.0,0.0,0.0,0.0,0.0,0.0,0.0,0.0,0.0,0.0,0.0,0.0,0.0,0.0,0.0,0.0,0.0,0.0,0.0,0.0,0.0,0.0,0.0,0.0,0.0,0.0,0.0,0.0,0.0,0.0,0.0,0.0,0.0,0.0,0.0,0.0,0.0,0.0,0.0,0.0,0.0,0.0
earnings from equity interest,1.4,2.6,0.2,2.1,-0.3,1.7,0.7,-2.1,0.2,2.6,2.3,2.4,0.2,1.5,0.4,0.4,1.6,-0.6,0.7,2.0,-0.3,1.0,0.4,0.9,0.5,-0.3,0.7,-53.6,0.0,0.0,-2.0,-4.1,0.0,0.0,0.0,0.0,-0.6,-0.6,-3.1,-0.7,-0.1,-0.1,0.0,-98.3,0.0
earnings period indicator,Q,S,N,F,Q,S,N,F,Q,S,N,F,Q,S,N,F,Q,S,N,F,Q,S,N,F,Q,S,N,F,Q,S,N,F,Q,S,N,F,Q,S,N,F,Q,S,N,F,Q
effect exchange rate changes,0.0,0.0,0.0,0.0,0.0,0.0,0.0,0.0,0.0,0.0,0.0,0.0,0.0,0.0,0.0,0.0,0.0,0.0,0.0,0.0,0.0,0.0,0.0,0.0,0.0,0.0,0.0,0.0,0.0,0.0,0.0,0.0,0.0,0.0,0.0,0.0,0.0,0.0,0.0,0.0,0.0,0.0,0.0,0.0,0.0
effective tax rate,0.0,0.0,0.0,0.0,0.0,0.0,0.0,0.0,0.0,0.0,0.0,0.0,0.0,0.0,0.0,0.0,0.0,0.0,0.0,0.0,0.0,0.0,0.0,39.0,39.7,0.0,0.0,0.0,0.0,0.0,0.0,0.0,0.0,35.5,33.9,35.7,36.0,0.0,0.0,0.0,0.0,0.0,0.0,0.0,0.0
excise taxes,0.0,0.0,0.0,0.0,0.0,0.0,0.0,0.0,0.0,0.0,0.0,0.0,0.0,0.0,0.0,0.0,0.0,0.0,0.0,0.0,0.0,0.0,0.0,0.0,0.0,0.0,0.0,0.0,0.0,0.0,0.0,0.0,0.0,0.0,0.0,0.0,0.0,0.0,0.0,0.0,0.0,0.0,0.0,0.0,0.0
extraordinary gains,0.0,0.0,0.0,0.0,0.0,0.0,0.0,0.0,0.0,0.0,0.0,0.0,0.0,0.0,0.0,0.0,0.0,0.0,0.0,0.0,0.0,0.0,0.0,0.0,0.0,0.0,0.0,0.0,0.0,0.0,0.0,0.0,0.0,0.0,0.0,0.0,0.0,0.0,0.0,0.0,0.0,0.0,0.0,0.0,0.0
extraordinary income/losses,0.0,0.0,0.0,0.0,0.0,0.0,0.0,0.0,0.0,0.0,0.0,0.0,0.0,0.0,0.0,0.0,0.0,0.0,0.0,0.0,0.0,0.0,0.0,0.0,0.0,0.0,0.0,0.0,0.0,0.0,0.0,0.0,0.0,0.0,0.0,0.0,0.0,0.0,0.0,0.0,0.0,0.0,0.0,0.0,0.0
foreign sales,0.0,0.0,0.0,0.0,0.0,0.0,0.0,0.0,0.0,0.0,0.0,0.0,0.0,0.0,0.0,0.0,0.0,0.0,0.0,0.0,0.0,0.0,0.0,0.0,0.0,0.0,0.0,0.0,0.0,0.0,0.0,0.0,0.0,0.0,0.0,0.0,0.0,0.0,0.0,0.0,0.0,0.0,0.0,0.0,0.0
free cash flow,-14.8,-12.2,3.4,27.8,-10.2,1.4,16.3,22.2,12.8,15.4,34.7,49.8,-73.8,-75.8,-88.2,-321.2,11.8,8.7,39.1,51.2,-46.2,-58.3,-34.4,-34.8,20.7,20.1,49.0,55.3,1.6,-3.0,6.4,8.2,17.6,21.0,46.0,72.0,19.5,12.7,37.7,33.6,11.1,-8.3,31.5,-240.0,15.0
free cash flow per share,-0.30,-0.25,0.07,0.56,-0.20,0.03,0.33,0.44,0.26,0.31,0.69,0.99,-1.46,-1.50,-1.73,-6.33,0.23,0.17,0.77,1.01,-0.91,-1.15,-0.68,-0.69,0.41,0.39,0.95,1.07,0.03,-0.06,0.12,0.16,0.33,0.38,0.84,1.31,0.35,0.22,0.67,0.59,0.20,-0.15,0.59,-4.43,0.28
gross fixed assets,163.8,203.2,207.1,304.9,303.2,298.2,295.7,358.2,351.6,352.1,351.1,361.8,364.7,365.2,361.9,425.3,415.9,411.5,414.3,371.5,365.2,360.1,354.6,385.9,380.8,381.4,382.2,395.4,177.2,172.3,166.4,400.1,162.0,160.1,156.5,405.4,150.0,149.5,146.4,398.4,144.8,146.1,143.6,512.1,239.0
gross margin,32.2,53.6,52.9,161.5,37.1,52.3,46.8,125.3,41.7,57.0,98.9,83.2,54.2,72.8,64.5,82.3,69.6,84.8,84.0,81.9,66.3,76.5,66.4,80.2,65.1,75.7,66.1,74.4,48.5,56.8,56.8,74.9,63.9,70.7,72.9,93.7,62.6,71.7,67.1,71.7,68.6,84.4,95.5,147.3,87.3
gross profit margin,0.0,0.0,0.0,85.9,84.2,83.6,83.5,74.8,75.1,75.4,88.5,74.9,78.5,82.3,73.2,72.0,71.8,71.8,72.1,75.2,75.8,76.0,75.8,72.7,72.3,72.0,71.0,70.4,69.4,68.3,69.1,69.9,70.8,71.3,71.3,71.7,71.3,70.7,69.8,68.3,68.0,68.2,69.6,71.5,70.1
income before income taxes,-7.5,-3.0,7.3,16.8,-38.2,-7.9,11.7,-46.1,1.8,21.3,22.6,26.3,-15.1,17.0,8.6,-21.8,-5.0,-335.8,7.3,20.2,-3.3,7.5,3.7,38.5,1.5,-287.2,10.4,-777.2,43.5,-35.5,0.8,14.7,5.3,5.7,14.0,31.8,2.6,10.8,5.4,14.9,7.9,25.6,30.8,-41.8,-2.1
income from cum. effect of acct. change,-30.7,0.0,0.0,0.0,0.0,0.0,0.0,0.0,-3.3,0.0,0.0,-0.6,0.0,0.0,0.0,0.0,0.0,0.0,0.0,0.0,0.0,0.0,0.0,0.0,0.0,0.0,0.0,0.0,0.0,0.0,0.0,0.0,0.0,0.0,0.0,0.0,0.0,0.0,0.0,0.0,0.0,0.0,0.0,0.0,0.0
income from tax loss carryforward,0.0,0.0,0.0,0.0,0.0,0.0,0.0,0.0,0.0,0.0,0.0,0.0,0.0,0.0,0.0,0.0,0.0,0.0,0.0,0.0,0.0,0.0,0.0,0.0,0.0,0.0,0.0,0.0,0.0,0.0,0.0,0.0,0.0,0.0,0.0,0.0,0.0,0.0,0.0,0.0,0.0,0.0,0.0,0.0,0.0
income per employee,None,None,None,-6696,None,None,None,-47399,None,None,None,51153,None,None,None,-14719,None,None,None,-110665,None,None,None,25563,None,None,None,-395788,None,None,None,4953,None,None,None,19999,None,None,None,25394,None,None,None,-2971,None
income taxes,18.2,5.1,2.3,1.9,2.6,2.6,6.7,-1.9,3.8,5.4,7.8,-36.0,-4.8,6.9,4.8,7.9,-0.7,-91.4,3.5,13.8,-1.3,3.5,1.2,15.1,0.6,-71.5,0.2,-151.5,18.5,-10.2,1.6,3.9,1.8,2.1,5.7,10.7,1.0,9.7,2.3,-29.0,2.8,10.1,11.2,16.4,-1.1
"income, acquired in process r&a;",0.0,0.0,0.0,0.0,0.0,0.0,0.0,0.0,0.0,0.0,0.0,0.0,0.0,0.0,0.0,0.0,0.0,0.0,0.0,0.0,0.0,0.0,0.0,0.0,0.0,0.0,0.0,0.0,0.0,0.0,0.0,0.0,0.0,0.0,0.0,0.0,0.0,0.0,0.0,0.0,0.0,0.0,0.0,0.0,0.0
intangibles,"1,554.8","1,730.4","1,727.8","1,737.4","1,737.0","1,735.8","1,752.4","1,692.3","1,716.8","1,715.2","1,715.0","1,661.4","1,745.5","1,751.5","1,749.5","1,932.0","1,321.5","1,087.3","1,135.0","1,053.2","1,051.4","1,049.2","1,032.4","1,028.1","1,027.1",840.4,839.5,433.6,432.9,395.2,394.8,400.3,399.6,399.0,398.5,397.3,397.0,406.7,406.4,400.1,399.2,399.0,398.8,596.2,54.5
intangibles as % of book-value,446.5,206.1,204.1,202.0,211.8,214.5,214.8,222.0,224.6,220.0,215.8,194.1,206.0,204.3,203.0,233.1,236.9,281.6,289.1,269.4,259.4,255.8,252.0,238.3,237.4,283.7,276.6,-291.0,-336.6,-271.4,-270.3,-306.0,-314.7,-329.9,-351.1,-391.5,-402.2,-437.0,-455.0,-617.0,-660.0,-945.5,-1360.9,-857.7,-271.5
interest as % of invested capital,0.0,0.0,0.0,5.9,5.8,5.4,4.7,4.2,3.6,3.4,3.3,3.1,2.9,2.8,2.8,2.6,2.9,3.8,4.3,4.6,4.9,4.8,4.6,4.4,4.2,4.9,4.7,10.2,10.0,9.7,9.5,8.9,9.1,9.6,10.3,10.5,10.8,10.5,10.3,9.6,9.5,8.4,7.7,5.9,5.9
interest coverage (cont. operations),0.0,0.0,0.0,1.1,0.8,0.7,0.8,0.0,0.2,0.8,1.0,2.6,2.2,2.2,1.8,0.8,1.0,0.0,0.0,0.0,0.0,1.5,1.4,1.7,1.8,0.0,0.0,0.0,0.0,0.0,0.0,1.5,0.7,1.5,1.8,2.1,2.0,2.1,2.0,1.7,1.8,2.2,2.9,1.5,1.2
interest expense,25.4,22.7,24.6,23.1,20.5,15.2,12.4,12.3,11.7,12.0,10.9,11.3,10.9,10.8,11.1,14.2,16.7,17.4,18.3,18.1,18.0,15.7,15.9,15.0,14.4,13.9,13.2,13.1,10.9,10.1,11.3,12.0,11.7,13.4,13.3,13.1,12.9,12.7,12.6,12.4,10.4,9.3,9.3,17.7,13.9
interest income,1.1,0.5,0.9,-2.4,0.0,0.0,0.2,-0.9,0.0,0.1,0.0,0.0,0.0,0.0,0.0,0.0,0.0,0.0,0.0,0.0,0.0,0.0,0.3,-0.1,0.0,0.0,0.0,0.0,0.0,0.0,0.0,0.0,0.0,0.0,0.0,0.0,0.0,0.0,0.0,0.0,0.0,0.0,0.0,0.0,0.0
inventories,0.0,0.0,0.0,0.0,0.0,0.0,0.0,0.0,0.0,0.0,0.0,0.0,0.0,0.0,0.0,0.0,0.0,0.0,0.0,0.0,0.0,0.0,0.0,0.0,0.0,0.0,0.0,0.0,0.0,0.0,0.0,0.0,0.0,0.0,0.0,0.0,0.0,0.0,0.0,0.0,0.0,0.0,0.0,0.0,0.0
"inventories, finished goods",0.0,0.0,0.0,0.0,0.0,0.0,0.0,0.0,0.0,0.0,0.0,0.0,0.0,0.0,0.0,0.0,0.0,0.0,0.0,0.0,0.0,0.0,0.0,0.0,0.0,0.0,0.0,0.0,0.0,0.0,0.0,0.0,0.0,0.0,0.0,0.0,0.0,0.0,0.0,0.0,0.0,0.0,0.0,0.0,0.0
"inventories, other",0.0,0.0,0.0,0.0,0.0,0.0,0.0,0.0,0.0,0.0,0.0,0.0,0.0,0.0,0.0,0.0,0.0,0.0,0.0,0.0,0.0,0.0,0.0,0.0,0.0,0.0,0.0,0.0,0.0,0.0,0.0,0.0,0.0,0.0,0.0,0.0,0.0,0.0,0.0,0.0,0.0,0.0,0.0,0.0,0.0
"inventories, purchased components",0.0,0.0,0.0,0.0,0.0,0.0,0.0,0.0,0.0,0.0,0.0,0.0,0.0,0.0,0.0,0.0,0.0,0.0,0.0,0.0,0.0,0.0,0.0,0.0,0.0,0.0,0.0,0.0,0.0,0.0,0.0,0.0,0.0,0.0,0.0,0.0,0.0,0.0,0.0,0.0,0.0,0.0,0.0,0.0,0.0
"inventories, raw materials",0.0,0.0,0.0,0.0,0.0,0.0,0.0,0.0,0.0,0.0,0.0,0.0,0.0,0.0,0.0,0.0,0.0,0.0,0.0,0.0,0.0,0.0,0.0,0.0,0.0,0.0,0.0,0.0,0.0,0.0,0.0,0.0,0.0,0.0,0.0,0.0,0.0,0.0,0.0,0.0,0.0,0.0,0.0,0.0,0.0
"inventories, work in progress",0.0,0.0,0.0,0.0,0.0,0.0,0.0,0.0,0.0,0.0,0.0,0.0,0.0,0.0,0.0,0.0,0.0,0.0,0.0,0.0,0.0,0.0,0.0,0.0,0.0,0.0,0.0,0.0,0.0,0.0,0.0,0.0,0.0,0.0,0.0,0.0,0.0,0.0,0.0,0.0,0.0,0.0,0.0,0.0,0.0
inventory as % of revenue,0.0,0.0,0.0,0.0,0.0,0.0,0.0,0.0,0.0,0.0,0.0,0.0,0.0,0.0,0.0,0.0,0.0,0.0,0.0,0.0,0.0,0.0,0.0,0.0,0.0,0.0,0.0,0.0,0.0,0.0,0.0,0.0,0.0,0.0,0.0,0.0,0.0,0.0,0.0,0.0,0.0,0.0,0.0,0.0,0.0
inventory turnover,0.0,0.0,0.0,0.0,0.0,0.0,0.0,0.0,0.0,0.0,0.0,0.0,0.0,0.0,0.0,0.0,0.0,0.0,0.0,0.0,0.0,0.0,0.0,0.0,0.0,0.0,0.0,0.0,0.0,0.0,0.0,0.0,0.0,0.0,0.0,0.0,0.0,0.0,0.0,0.0,0.0,0.0,0.0,0.0,0.0
invested capital,"1,299.4","1,606.3","1,623.5","1,618.6","1,568.7","1,536.4","1,519.4","1,455.5","1,426.4","1,412.4","1,427.1","1,482.2","1,570.3","1,566.9","1,600.9","1,810.6","1,794.4","1,563.5","1,544.4","1,525.2","1,469.1","1,468.3","1,459.7","1,464.6","1,448.4","1,206.6","1,196.0",538.2,510.2,487.7,476.5,497.4,497.9,502.9,488.8,489.5,486.2,495.2,500.2,530.2,508.7,530.4,535.1,787.9,851.5
issuance of capital stock,0.0,400.3,400.6,401.1,0.7,1.2,1.8,2.6,0.8,1.3,1.6,1.8,1.3,1.7,1.9,838.4,0.1,0.3,0.6,0.9,0.2,1.5,1.7,2.1,0.5,1.0,1.2,1.3,0.0,0.0,0.0,0.0,0.0,0.4,0.0,0.0,0.3,0.5,0.7,0.8,0.2,0.4,0.7,1.3,0.5
issuance of debt,10.0,0.0,0.0,0.0,250.0,550.0,527.0,522.0,17.0,8.0,0.0,0.0,395.0,405.0,595.3,0.0,0.0,5.0,0.0,0.0,60.0,60.0,60.0,60.0,0.0,100.0,115.0,165.0,66.0,78.0,81.0,91.0,4.0,213.0,213.0,213.0,0.0,0.9,0.9,417.7,0.0,20.0,20.0,328.3,85.0
land and improvements,0.0,0.0,0.0,14.3,0.0,0.0,0.0,14.5,0.0,0.0,0.0,14.3,0.0,0.0,0.0,19.0,0.0,0.0,0.0,17.3,0.0,0.0,0.0,17.3,0.0,0.0,0.0,16.1,0.0,0.0,0.0,16.1,0.0,0.0,0.0,16.2,0.0,0.0,0.0,16.2,0.0,0.0,0.0,21.1,0.0
leverage ratio,5.7,2.8,2.8,2.7,2.6,2.7,2.7,2.8,2.8,2.7,2.7,2.4,2.5,2.5,2.5,2.9,2.9,3.6,3.7,3.6,3.3,3.2,3.2,3.0,3.0,3.7,3.6,-4.5,-5.1,-4.2,-4.1,-4.7,-4.8,-5.0,-5.3,-6.0,-6.2,-6.7,-7.1,-12.7,-10.2,-15.2,-22.6,-13.6,-13.4
loans receivable,0.0,0.0,0.0,0.0,0.0,0.0,0.0,0.0,0.0,0.0,0.0,0.0,0.0,0.0,0.0,0.0,0.0,0.0,0.0,0.0,0.0,0.0,0.0,0.0,0.0,0.0,0.0,0.0,0.0,0.0,0.0,0.0,0.0,0.0,0.0,0.0,0.0,0.0,0.0,0.0,0.0,0.0,0.0,0.0,0.0
long-term debt,951.2,766.6,777.0,758.4,748.7,727.1,703.7,693.4,647.0,632.8,632.3,626.3,723.2,709.4,739.2,981.7,973.2,989.8,966.3,936.5,857.7,848.9,837.9,808.5,790.3,760.9,739.2,727.5,670.2,675.5,664.9,666.6,662.1,657.9,634.3,613.7,614.1,615.1,615.4,614.9,587.7,585.5,573.4,879.5,941.2
long-term debt per share,19.14,15.38,15.56,15.21,15.00,14.54,14.05,13.82,12.88,12.58,12.56,12.41,14.29,14.00,14.49,19.36,19.03,19.55,19.05,18.45,16.89,16.71,16.49,15.91,15.53,14.94,14.39,14.14,13.04,13.15,12.94,12.60,12.51,12.01,11.57,11.26,11.12,10.91,10.90,10.90,10.44,10.73,10.77,16.25,17.34
marketable securities,0.0,0.0,0.0,23.7,0.0,0.0,0.0,0.0,0.0,0.0,0.0,0.0,0.0,0.0,0.0,0.0,0.0,0.0,0.0,0.0,0.0,0.0,0.0,0.0,0.0,0.0,0.0,0.0,0.2,0.0,0.0,0.0,0.0,0.0,0.0,0.0,0.0,0.0,0.0,0.0,0.0,0.0,0.0,0.0,0.0
minority interest,0.0,0.0,0.0,0.0,0.0,0.0,0.0,0.0,0.0,-0.2,-0.2,0.0,-0.2,-0.1,-0.1,-0.1,-0.2,-4.0,-0.2,-0.2,-0.2,0.0,0.0,0.0,0.0,0.0,0.0,0.0,0.0,0.0,0.0,0.0,0.0,0.0,0.0,0.0,0.0,0.0,0.2,0.1,-0.4,-0.1,-0.0,-0.1,-0.2
minority interest liability,0.0,0.0,0.0,0.0,0.0,0.0,0.0,0.0,0.0,0.0,0.0,0.0,0.0,0.0,0.0,0.0,0.0,0.0,0.0,0.0,0.0,0.0,0.0,0.0,0.0,0.0,0.0,0.0,0.0,0.0,0.0,0.0,0.0,0.0,0.0,0.0,0.0,0.0,0.2,0.2,0.0,0.0,0.0,0.0,0.0
net cash from continuing operations,-3.7,9.7,29.5,75.0,-4.1,11.6,31.3,52.5,18.8,34.6,61.4,87.8,12.7,14.4,25.2,39.2,13.0,14.3,54.2,82.3,43.6,34.3,62.2,80.6,23.7,29.8,66.6,85.1,3.6,0.6,18.8,27.3,21.6,33.9,63.7,90.2,22.1,25.9,54.7,63.1,17.7,41.7,87.9,149.4,21.8
net cash from discontinued operations,0.0,0.3,0.0,0.0,0.0,0.0,0.0,0.0,0.0,0.0,0.0,0.0,0.0,0.0,0.0,0.0,0.0,0.0,0.0,-2.7,-35.6,-35.1,-35.3,-37.9,-1.3,-1.6,-1.3,-1.3,-0.1,-0.1,-0.1,-0.1,0.0,0.0,0.0,0.0,0.0,0.0,0.0,-0.4,-1.1,-2.7,-2.7,-2.7,0.0
net fixed assets,163.8,203.2,207.1,208.1,206.3,201.3,198.8,203.0,196.5,196.9,196.0,197.6,200.4,200.9,197.7,237.7,228.3,223.9,226.6,199.2,192.9,187.8,182.3,191.3,186.2,186.8,187.5,180.7,177.2,172.3,166.4,165.1,162.0,160.1,156.5,154.1,150.0,149.5,146.4,145.4,144.8,146.1,143.6,243.6,239.0
net income (continuing operations),-25.7,-8.1,5.1,14.9,-40.9,-10.6,5.0,-44.2,-2.0,15.9,14.8,62.2,-10.3,10.1,3.8,-29.7,-4.3,-244.4,3.9,6.5,-2.0,3.9,2.6,23.5,0.9,-215.8,10.2,-625.7,25.0,-25.3,-0.9,10.8,3.5,3.6,8.3,21.1,1.6,1.1,3.1,43.9,5.1,15.5,19.6,-58.2,-1.0
net income (discontinued operations),0.0,0.3,0.8,-0.1,0.0,-0.7,0.9,0.4,-0.1,1.3,0.0,-0.0,0.0,0.0,0.0,0.0,0.0,0.0,0.0,3.8,22.7,-0.4,-0.8,4.2,0.6,-0.2,-0.2,-0.2,-0.3,-0.2,0.0,0.0,0.0,0.0,0.0,0.0,0.0,0.0,0.0,-0.9,-1.2,11.6,0.0,0.0,0.0
net income available for common,-25.7,-8.1,5.1,14.9,-40.9,-10.6,5.0,-44.2,-2.0,15.9,14.8,62.2,-10.3,10.1,3.8,-29.7,-4.3,-244.4,3.9,6.5,-2.0,3.9,2.6,23.5,0.9,-215.8,10.2,-625.7,25.0,-25.3,-0.9,10.8,3.5,3.6,8.3,21.1,1.6,1.1,3.1,43.9,5.1,15.5,19.6,-58.2,-1.0
net income/loss,-56.4,-33.8,-59.9,-47.2,-40.9,-52.1,-46.4,-90.4,1.4,16.0,30.8,93.0,-10.3,-0.2,3.6,-26.1,-4.3,-248.7,-244.8,-234.5,20.7,24.2,26.0,53.7,1.5,-214.5,-204.5,-830.4,24.7,-0.8,-1.6,9.1,3.5,7.1,15.4,36.5,1.6,2.7,5.8,48.8,3.9,30.9,50.6,-7.6,-1.0
net profit margin,0.0,0.0,0.0,-3.7,-7.7,-8.6,-8.8,-25.9,-14.4,-6.3,-3.8,24.6,22.5,20.5,17.5,-6.9,-5.0,-65.4,-61.7,-55.0,-50.1,9.5,9.4,13.6,8.6,-46.4,-43.7,0.0,0.0,0.0,0.0,2.7,-3.4,4.6,6.6,8.7,8.2,7.5,6.4,12.2,12.4,18.0,20.4,-1.4,-2.1
non-current deferred income taxes,0.0,0.0,0.0,0.0,0.0,0.0,0.0,0.0,0.0,0.0,0.0,0.0,0.0,0.0,0.0,0.0,0.0,0.0,0.0,0.0,0.0,0.0,0.0,0.0,0.0,0.0,0.0,0.0,0.0,0.0,0.0,0.0,0.0,0.0,0.0,0.0,0.0,0.0,0.0,0.0,0.0,0.0,0.0,0.0,0.0
normalized income,-25.7,6.8,6.0,15.9,-11.3,13.3,5.0,-45.8,-3.0,17.4,14.8,62.2,-10.3,10.1,4.9,-28.7,-4.3,89.2,3.9,11.2,-1.5,4.1,2.4,23.8,1.0,84.8,10.7,106.4,25.0,15.1,-1.8,14.3,5.6,3.7,8.3,22.0,1.8,1.2,3.7,44.2,5.1,15.5,19.6,-57.0,1.2
normalized income per employee,None,None,None,1583,None,None,None,-20358,None,None,None,52931,None,None,None,-6614,None,None,None,47173,None,None,None,13964,None,None,None,96726,None,None,None,27147,None,None,None,21717,None,None,None,26486,None,None,None,-6594,None
normalized net profit margin,0.0,0.0,0.0,0.9,4.8,6.6,6.4,-11.1,-8.6,-7.3,-4.5,25.5,22.5,20.5,17.8,-3.1,-4.5,14.5,13.5,23.5,24.6,4.3,4.2,7.4,7.8,28.1,29.8,50.8,59.5,43.7,42.2,14.7,9.3,5.9,8.1,9.4,8.5,7.8,6.8,12.7,13.2,16.0,18.4,-3.0,-3.5
notes payable,0.0,0.0,0.0,0.0,0.0,0.0,0.0,0.0,0.0,0.0,0.0,0.0,4.3,0.0,0.0,0.0,0.0,0.0,0.0,0.0,0.0,0.0,0.0,0.0,0.0,0.0,0.0,0.0,0.0,0.0,0.0,0.0,0.0,0.0,0.0,0.0,0.0,0.0,0.0,0.0,0.0,0.0,0.0,0.0,0.0
number of days cost of goods in inventory,None,None,None,None,None,None,None,None,None,None,None,None,None,None,None,None,None,None,None,None,None,None,None,None,None,None,None,None,None,None,None,None,None,None,None,None,None,None,None,None,None,None,None,None,None
number of employees,None,None,None,None,None,None,None,None,None,None,None,None,None,None,None,None,None,None,None,None,None,None,None,None,None,None,None,None,None,None,None,None,None,None,None,None,None,None,None,None,None,None,None,None,None
number of months last report period,None,3,3,3,3,3,3,3,3,3,3,3,3,3,3,3,3,3,3,3,3,3,3,3,3,3,3,3,3,3,3,3,3,3,3,3,3,3,3,3,3,3,3,3,3
number of part-time employees,None,None,None,None,None,None,None,None,None,None,None,None,None,None,None,None,None,None,None,None,None,None,None,None,None,None,None,None,None,None,None,None,None,None,None,None,None,None,None,None,None,None,None,None,None
operating gains,0.0,0.0,0.0,9.6,0.0,0.0,0.0,-24.8,0.0,0.0,-34.6,-47.6,7.8,-2.5,-32.5,-5.8,-7.9,-14.3,-25.4,-23.7,-7.0,-13.6,-21.7,-48.8,-8.6,-13.7,-21.0,-0.7,-56.2,-64.6,-70.0,-75.5,-7.3,-8.2,-17.9,-25.3,0.4,0.5,3.1,5.2,1.0,1.0,5.2,100.2,0.1
operating income,14.2,30.4,28.1,37.0,11.8,24.8,20.7,-26.7,15.1,28.6,22.9,34.4,8.5,24.0,18.5,-8.6,8.8,-315.1,23.0,35.9,15.1,23.3,18.3,53.2,15.6,-269.9,24.5,-722.6,4.8,-25.8,13.8,29.4,16.3,25.1,26.8,44.2,15.6,23.5,20.6,29.4,20.5,35.0,44.4,71.2,11.8
other current assets,15.9,56.8,84.7,26.8,25.4,12.8,24.5,20.9,39.4,16.9,26.8,21.1,22.0,23.0,30.5,29.5,22.3,19.5,28.4,41.3,18.1,14.4,10.1,7.7,9.0,12.5,10.9,8.8,8.0,8.4,8.0,8.5,8.0,7.4,7.7,5.9,10.2,7.6,7.6,9.3,8.2,7.4,6.6,7.7,6.8
other current liabilities,11.0,19.8,22.3,15.8,14.5,12.5,23.4,23.0,19.2,15.8,26.2,23.3,0.0,25.6,29.8,30.4,23.9,20.0,28.5,38.9,20.4,20.8,12.5,12.5,12.3,11.7,11.9,10.5,0.4,0.0,0.0,0.0,0.0,0.0,0.0,0.0,9.7,11.4,12.1,13.6,11.2,9.5,9.5,10.8,172.8
other equity adjustments,0.0,0.0,0.0,0.0,0.0,0.0,0.0,-10.5,-10.5,-10.5,-10.5,-14.6,-14.6,-14.6,-18.6,-15.7,-15.7,-15.2,-16.4,-18.8,-18.8,-17.3,-18.2,-14.2,-15.6,-13.9,-13.8,-34.6,-34.1,-33.7,-33.3,-27.9,-27.6,-25.3,-25.2,-27.9,-27.8,-27.7,-27.6,-38.8,-38.5,-38.3,-38.0,-35.4,-35.1
"other financing charges, net",0.0,0.0,0.0,0.0,0.0,0.0,-36.1,-26.5,-2.1,-0.1,-3.2,-3.0,-12.7,-13.1,-7.1,-22.7,-0.1,-0.1,-0.1,-0.1,0.0,0.0,0.0,0.0,0.0,0.0,0.0,0.0,0.0,0.0,0.0,0.0,0.0,-4.7,-4.4,-4.2,-0.1,-0.1,-0.3,-7.7,-0.2,-0.2,-0.4,-10.3,-0.5
other fixed assets,163.8,203.2,207.1,0.0,303.2,298.2,295.7,0.0,351.6,352.1,351.1,0.0,364.7,365.2,361.9,0.0,415.9,411.5,414.3,0.0,365.2,360.1,354.6,0.0,380.8,381.4,382.2,0.0,177.2,172.3,166.4,0.0,162.0,160.1,156.5,0.0,150.0,149.5,146.4,0.0,144.8,146.1,143.6,0.0,239.0
other gains/losses,0.0,-1.6,0.0,-2.1,0.0,0.0,0.0,0.0,0.0,0.0,0.0,0.0,0.0,0.0,0.0,0.0,0.0,0.0,0.0,0.0,0.0,0.0,0.0,0.0,0.0,0.0,0.0,0.0,0.0,0.0,0.0,0.0,0.0,0.0,0.0,0.0,0.0,0.0,0.0,0.0,0.0,0.0,0.0,0.0,0.0
other income net,1.2,1.1,2.9,4.2,-3.6,4.6,2.6,-57.3,-2.7,3.3,8.1,0.8,-13.2,2.3,1.8,-31.9,1.0,-6.7,1.7,0.3,0.2,-1.2,0.5,24.7,-0.2,1.0,-1.1,-3.4,51.4,1.4,0.2,7.7,0.9,-3.9,1.6,0.5,0.5,0.5,0.5,-1.3,-2.1,-0.1,-4.2,3.0,0.0
"other investing changes, net",-1.6,61.7,0.0,45.0,1.6,13.3,4.8,8.8,0.0,26.6,0.0,31.1,0.6,0.3,-2.5,0.0,0.0,-0.3,1.6,3.5,1.1,2.2,2.8,2.5,0.9,0.9,3.1,2.6,0.0,0.0,-2.0,-2.0,-2.9,2.2,2.2,-1.9,-0.6,-2.4,-3.5,-260.0,254.6,253.5,252.9,252.9,0.0
other non-cash items,0.0,0.0,0.0,0.0,0.0,0.0,0.0,0.0,0.0,0.0,0.0,0.0,0.0,0.0,0.0,0.0,0.0,339.1,340.6,337.7,2.0,3.1,5.0,6.9,1.5,303.2,309.5,"1,056.6",3.2,43.8,44.1,42.6,0.8,0.1,2.7,2.0,-5.1,-10.0,-15.2,-16.8,-2.4,-17.1,-21.0,-26.0,-5.3
other non-current assets,184.0,126.2,124.5,123.2,114.9,113.1,112.1,117.9,93.7,93.5,93.2,92.9,105.8,91.0,118.0,110.8,107.0,97.1,96.1,202.6,92.2,91.3,100.4,90.4,86.3,81.5,79.9,24.0,18.4,11.2,13.3,12.3,10.9,13.8,13.4,21.7,20.9,21.4,19.8,36.5,25.8,54.2,55.7,32.3,568.8
other non-current liabilities,14.1,14.9,10.8,20.5,23.2,39.5,41.3,65.9,62.8,56.8,52.5,50.4,58.2,72.2,57.1,67.9,67.6,72.8,130.9,124.3,66.8,58.3,60.9,53.3,50.2,43.8,42.1,74.6,70.7,68.4,65.7,55.9,50.9,48.7,45.2,45.5,50.6,50.8,47.8,67.1,59.2,56.1,52.7,50.2,48.9
other receivable,0.0,0.0,0.0,0.0,0.0,0.0,0.0,0.0,0.0,0.0,0.0,0.0,0.0,0.0,0.0,0.0,0.0,0.0,0.0,0.0,0.0,0.0,0.0,0.0,0.0,0.0,0.0,0.0,0.0,0.0,0.0,0.0,0.0,0.0,0.0,0.0,0.0,0.0,0.0,0.0,0.0,0.0,0.0,0.0,0.0
other special charges,0.0,-14.9,0.0,-1.1,-29.5,-23.8,0.0,1.7,1.0,-1.5,0.0,0.0,0.0,0.0,-1.1,-1.0,0.0,-333.6,0.0,0.0,-0.6,0.0,0.0,-0.3,-0.1,-300.6,-0.5,-719.2,0.0,-39.9,0.9,-3.5,0.0,0.0,0.0,0.0,-0.3,-0.1,-0.1,-0.1,0.0,0.0,0.0,-0.1,-0.1
payment of cash dividends,0.0,0.0,0.0,0.0,0.0,0.0,0.0,0.0,0.0,0.0,0.0,0.0,0.0,0.0,0.0,0.0,0.0,0.0,0.0,0.0,0.0,0.0,0.0,0.0,0.0,0.0,0.0,0.0,0.0,0.0,0.0,0.0,0.0,0.0,0.0,0.0,0.0,0.0,0.0,0.0,0.0,0.0,0.0,0.0,0.0
payout ratio,None,None,None,None,None,None,None,None,None,None,None,None,None,None,None,None,None,None,None,None,None,None,None,None,None,None,None,None,None,None,None,None,None,None,None,None,None,None,None,None,None,None,None,None,None
post-tax profit margin,0.0,0.0,0.0,-4.0,-8.0,-8.7,-8.9,-25.9,-14.6,-7.0,-4.2,24.3,22.1,20.5,17.5,-6.9,-5.0,-65.4,-61.7,-55.9,-56.4,3.0,2.9,7.2,7.7,-47.3,-44.8,0.0,0.0,0.0,0.0,2.8,-3.3,4.6,6.6,8.7,8.2,7.5,6.4,12.4,13.0,15.8,18.3,-3.2,-4.1
pre-tax profit margin,0.0,0.0,0.0,3.9,-4.7,-6.1,-4.9,-23.0,-11.4,-3.2,-0.2,19.1,14.6,13.4,9.7,-3.1,-0.4,-85.4,-80.9,-74.6,-75.5,7.7,7.3,11.8,12.9,-61.0,-58.6,0.0,0.0,0.0,0.0,6.9,-4.2,7.1,10.0,13.5,12.8,13.9,11.9,8.4,9.5,12.6,17.2,4.1,2.1
pref. securities of subsid. trust,0.0,0.0,0.0,0.0,0.0,0.0,0.0,0.0,0.0,0.0,0.0,0.0,0.0,0.0,0.0,0.0,0.0,0.0,0.0,0.0,0.0,0.0,0.0,0.0,0.0,0.0,0.0,0.0,0.0,0.0,0.0,0.0,0.0,0.0,0.0,0.0,0.0,0.0,0.0,0.0,0.0,0.0,0.0,0.0,0.0
preferred dividends,0.0,0.0,0.0,0.0,0.0,0.0,0.0,0.0,0.0,0.0,0.0,0.0,0.0,0.0,0.0,0.0,0.0,0.0,0.0,0.0,0.0,0.0,0.0,0.0,0.0,0.0,0.0,0.0,0.0,0.0,0.0,0.0,0.0,0.0,0.0,0.0,0.0,0.0,0.0,0.0,0.0,0.0,0.0,0.0,0.0
preferred equity outside stock equity,0.0,0.0,0.0,0.0,0.0,0.0,0.0,0.0,0.0,14.7,14.4,14.5,14.8,14.7,14.6,14.6,14.3,10.4,10.2,10.0,9.8,9.9,9.7,9.0,9.7,7.2,7.1,7.0,0.0,0.0,0.0,0.0,0.0,0.0,0.0,0.0,0.0,0.0,0.0,0.0,0.0,0.0,0.0,0.0,0.0
preferred secur. of subsid. trust,0.0,0.0,0.0,0.0,0.0,0.0,0.0,0.0,0.0,0.0,0.0,0.0,0.0,0.0,0.0,0.0,0.0,0.0,0.0,0.0,0.0,0.0,0.0,0.0,0.0,0.0,0.0,0.0,0.0,0.0,0.0,0.0,0.0,0.0,0.0,0.0,0.0,0.0,0.0,0.0,0.0,0.0,0.0,0.0,0.0
preferred shares,0.0,0.0,0.0,0.0,0.0,0.0,0.0,0.0,26.7,0.2,0.0,0.2,0.2,0.2,0.2,0.2,0.0,0.0,0.0,0.0,0.0,0.0,0.0,0.0,0.0,0.0,0.0,0.0,0.2,0.0,0.0,0.0,0.0,0.0,0.0,0.0,0.0,0.0,0.0,0.0,0.0,0.0,0.0,0.0,0.0
preferred stock equity,0.0,0.0,0.0,0.0,0.0,0.0,0.0,0.0,14.9,0.0,0.0,0.0,0.0,0.0,0.0,0.0,0.0,0.0,0.0,0.0,0.0,0.0,0.0,0.0,0.0,0.0,0.0,0.0,3.5,0.0,0.0,0.0,0.0,0.0,0.0,0.0,0.0,0.0,0.0,0.0,0.0,0.0,0.0,0.0,0.0
prepaid expenses,0.0,0.0,0.0,0.0,0.0,0.0,0.0,0.0,0.0,0.0,0.0,0.0,0.0,0.0,0.0,0.0,0.0,0.0,0.0,0.0,0.0,0.0,0.0,0.0,0.0,0.0,0.0,0.0,0.0,0.0,0.0,0.0,0.0,0.0,0.0,0.0,0.0,0.0,0.0,0.0,0.0,0.0,0.0,0.0,0.0
price/cash flow ratio,0.0,0.0,0.0,14.5,15.0,18.1,16.4,-67.9,59.5,21.9,9.3,6.1,5.2,4.0,5.4,13.1,8.4,-1.9,-2.0,-3.1,-5.7,9.2,6.7,5.2,4.9,-2.5,-2.2,-0.1,-0.1,-0.2,-0.4,3.4,6.4,3.9,2.8,3.1,3.6,3.1,1.5,2.4,2.2,1.3,1.6,7.2,9.2
price/equity ratio,0.00,1.60,1.46,1.41,1.25,1.45,1.31,1.70,1.56,1.37,1.23,1.13,1.01,0.82,0.83,0.68,0.56,0.67,0.68,0.86,1.32,1.54,1.06,0.94,0.74,0.68,0.58,0.00,0.00,0.00,0.00,0.00,0.00,0.00,0.00,0.00,0.00,0.00,0.00,0.00,0.00,0.00,0.00,0.00,0.00
price/free cash flow ratio,0.0,-108.2,353.6,43.5,-102.6,785.0,64.4,58.7,91.6,68.4,28.2,19.3,-11.6,-9.3,-8.1,-1.8,39.1,44.4,10.1,9.9,-17.5,-16.4,-19.1,-17.6,23.4,15.3,5.4,1.0,37.3,-28.0,39.4,27.9,17.4,14.2,5.3,4.0,16.9,22.1,3.3,7.2,20.3,-20.1,7.5,-1.7,39.3
price/revenue ratio,0.00,0.00,0.00,3.47,2.83,3.24,2.99,3.70,3.38,2.97,2.69,2.57,2.29,1.87,1.90,1.49,1.14,0.91,0.89,1.18,1.93,2.35,1.72,1.56,1.23,0.76,0.66,0.14,0.15,0.24,0.71,0.69,0.85,0.79,0.62,0.70,0.78,0.65,0.29,0.60,0.56,0.39,0.51,0.74,1.01
price/tangible book ratio,0.00,-1.51,-1.40,-1.38,-1.12,-1.27,-1.14,-1.39,-1.26,-1.14,-1.07,-1.20,-0.95,-0.79,-0.80,-0.51,-0.41,-0.37,-0.36,-0.51,-0.83,-0.99,-0.70,-0.68,-0.54,-0.37,-0.33,-0.08,-0.08,-0.12,-0.35,-0.34,-0.45,-0.44,-0.37,-0.45,-0.51,-0.43,-0.19,-0.39,-0.38,-0.29,-0.42,-0.46,-1.79
purchase of  short-term investments,0.0,0.0,-61.4,-23.5,0.0,0.0,0.0,0.0,0.7,0.0,-0.7,-0.7,0.0,0.0,0.0,-4.0,-1.9,0.0,0.0,0.0,0.0,0.0,0.0,0.0,0.0,0.0,0.0,0.0,0.0,0.0,0.0,0.0,0.0,0.0,0.0,0.0,0.0,0.0,0.0,0.0,0.0,0.0,0.0,0.0,0.0
purchase of long-term investments,0.0,0.0,0.0,-1.9,0.0,0.0,0.0,0.0,0.0,0.0,0.0,0.0,0.0,0.0,0.0,0.0,0.0,0.0,0.0,0.0,0.0,-0.6,-0.6,0.0,0.0,0.0,0.0,0.0,0.0,0.0,0.0,0.0,0.0,-2.8,-3.5,-4.2,0.0,0.0,0.0,0.0,0.0,0.0,0.0,0.0,-100.0
quarterly indicator,1,2,3,4,1,2,3,4,1,2,3,4,1,2,3,4,1,2,3,4,1,2,3,4,1,2,3,4,1,2,3,4,1,2,3,4,1,2,3,4,1,2,3,4,1
quick ratio,0.3,1.1,1.0,1.3,1.4,1.4,1.1,1.2,0.8,1.0,1.0,1.3,1.0,1.4,1.2,1.3,1.2,1.6,1.1,0.9,1.1,1.2,1.4,1.6,1.5,1.2,1.1,1.0,0.9,1.1,1.0,1.1,1.2,1.3,1.2,1.4,1.4,1.7,1.7,0.3,1.5,1.6,1.7,0.5,0.6
receivables,46.8,70.1,63.3,71.3,58.9,66.6,62.9,72.3,60.7,70.2,67.0,70.6,61.2,75.3,68.4,85.6,81.5,90.9,91.3,90.6,80.9,89.7,88.0,89.1,78.8,79.1,76.0,68.3,58.6,61.3,61.9,73.9,71.2,77.5,80.3,82.5,75.3,81.3,80.3,91.1,85.2,94.7,97.5,126.2,115.1
receivables as % of revenue,0.0,0.0,0.0,20.4,16.2,18.3,17.7,20.7,17.1,19.5,18.4,18.8,16.4,20.1,18.2,22.5,20.2,21.7,20.5,21.3,19.3,22.1,22.9,22.5,19.8,19.8,18.8,17.1,15.4,17.0,18.1,21.8,20.0,20.7,20.3,19.6,17.9,19.1,19.0,22.8,20.8,22.2,21.2,22.8,19.5
receivables per day sales,0.00,0.00,0.00,73.46,58.49,65.95,63.58,74.51,61.66,70.35,66.18,67.84,59.02,72.22,65.64,80.99,72.89,77.98,73.90,76.53,69.61,79.46,82.43,81.00,71.12,71.39,67.73,61.48,55.32,61.25,65.07,78.42,71.86,74.61,72.98,70.69,64.39,68.75,68.39,81.98,74.72,79.74,76.32,82.05,70.10
receivables turnover,0.0,0.0,0.0,0.0,6.9,5.3,5.6,4.9,5.9,5.3,5.6,5.2,6.1,5.2,5.5,4.9,5.6,5.0,5.6,4.8,5.2,4.5,4.3,4.4,5.0,4.7,4.9,5.1,5.6,5.1,5.0,4.8,5.5,5.4,5.6,5.4,5.7,5.4,5.3,4.6,5.1,4.9,5.2,5.1,5.9
repayment of long-term debt,0.0,-314.9,-322.1,-372.0,-389.5,-711.9,-677.8,-694.8,-26.3,-45.1,-61.8,-73.7,-324.9,-324.9,-504.5,-494.9,-10.0,0.0,-20.0,-41.0,-130.0,-130.0,-145.0,-180.1,-22.1,-152.6,-191.3,-245.6,-72.3,-79.3,-96.9,-110.2,-20.1,-231.9,-255.9,-274.4,-4.0,-9.6,-9.7,-175.2,-276.7,-297.4,-308.1,-322.2,-22.8
repurchase of capital stock,-0.1,-10.8,-10.8,-10.8,0.0,0.0,0.0,0.0,0.0,0.0,0.0,0.0,0.0,0.0,0.0,-4.8,-5.7,-13.2,-13.2,-13.2,0.0,0.0,0.0,0.0,0.0,0.0,0.0,0.0,0.0,0.0,0.0,0.0,0.0,0.0,0.0,0.0,0.0,0.0,0.0,-2.7,-0.6,-6.5,-11.4,-11.4,0.0
restricted cash,0.0,0.0,0.0,0.0,0.0,0.0,0.0,0.0,0.0,0.0,0.0,0.0,0.0,0.0,0.0,0.0,0.0,0.0,0.0,0.0,0.0,0.0,0.0,0.0,0.0,0.0,0.0,0.0,0.0,0.0,2.0,2.0,2.0,0.0,0.0,0.0,0.0,0.0,0.0,255.2,0.0,0.0,0.0,0.0,0.0
retained earnings,-213.6,-223.0,-217.1,-204.4,-245.3,-256.5,-250.6,-294.8,-293.4,-278.8,-264.0,-201.8,-212.1,-202.0,-198.2,-227.9,-232.2,-476.6,-472.7,-462.4,-441.7,-438.2,-436.4,-408.7,-407.3,-623.2,-613.2,"-1,239.1","-1,214.4","-1,239.9","-1,240.7","-1,238.1","-1,234.6","-1,230.9","-1,222.6","-1,206.0","-1,204.4","-1,203.3","-1,200.4","-1,157.4","-1,153.1","-1,126.0","-1,106.3","-1,164.4","-1,165.3"
revenue per $  plant (net),0.00,0.00,0.00,1.68,1.76,1.81,1.79,1.72,1.80,1.83,1.86,1.90,1.86,1.87,1.90,1.60,1.76,1.87,1.96,2.14,2.17,2.16,2.11,2.07,2.14,2.14,2.16,2.21,2.15,2.09,2.06,2.06,2.20,2.33,2.53,2.73,2.81,2.85,2.89,2.75,2.84,2.93,3.20,2.27,2.47
revenue per $ cash,0.00,0.00,0.00,2.43,17.94,16.81,26.05,36.89,28.35,23.17,37.68,25.33,116.01,34.27,28.56,34.16,63.55,36.27,23.41,70.02,15.55,24.37,11.76,9.89,9.52,45.57,24.84,19.89,24.75,18.90,29.13,30.57,36.89,44.16,45.18,36.06,15.72,31.21,11.25,22.15,32.45,47.30,14.01,11.95,25.16
revenue per $ common equity,0.00,0.00,0.00,0.41,0.44,0.45,0.44,0.46,0.46,0.46,0.46,0.44,0.44,0.44,0.44,0.46,0.49,0.73,0.77,0.72,0.68,0.66,0.62,0.60,0.61,0.90,0.88,-2.11,-2.33,-1.92,-1.82,-2.01,-2.17,-2.39,-2.70,-3.20,-3.29,-3.55,-3.67,-4.73,-5.20,-7.75,-12.01,-6.04,-6.59
revenue per $ invested capital,0.00,0.00,0.00,0.22,0.23,0.24,0.23,0.24,0.25,0.25,0.26,0.25,0.24,0.24,0.23,0.21,0.22,0.27,0.29,0.28,0.28,0.28,0.26,0.27,0.28,0.33,0.34,0.74,0.75,0.74,0.72,0.68,0.72,0.74,0.81,0.86,0.87,0.86,0.84,0.75,0.81,0.81,0.86,0.70,0.69
revenue per share,0.00,0.00,0.00,7.01,7.26,7.27,7.12,6.97,7.05,7.14,7.24,7.43,7.38,7.41,7.36,7.50,7.88,8.29,8.76,8.40,8.24,8.00,7.56,7.79,7.83,7.84,7.87,7.77,7.42,7.01,6.67,6.42,6.74,6.81,7.21,7.62,7.62,7.54,7.49,7.09,7.29,7.83,8.64,10.23,10.89
revenue/assets,0.0,0.0,0.0,0.1,0.2,0.2,0.2,0.2,0.2,0.2,0.2,0.2,0.2,0.2,0.2,0.2,0.2,0.2,0.2,0.2,0.2,0.2,0.2,0.2,0.2,0.2,0.2,0.5,0.5,0.5,0.4,0.4,0.5,0.5,0.5,0.5,0.5,0.5,0.5,0.4,0.5,0.5,0.5,0.4,0.5
sale of long-term investments,0.0,0.0,0.0,60.8,0.0,0.0,0.0,7.5,0.0,0.0,0.0,0.0,0.0,0.0,0.0,0.0,0.0,0.0,0.0,0.0,0.0,0.0,0.0,0.0,0.0,0.0,0.0,2.2,0.0,0.0,0.0,0.0,0.0,0.0,0.0,0.0,0.0,0.0,0.0,0.0,0.0,0.0,0.0,0.0,0.0
sale of short-term investments,0.0,0.6,0.0,0.0,23.7,23.7,23.7,23.7,0.0,0.0,5.5,0.0,3.1,3.1,3.5,5.5,1.0,0.0,0.0,0.0,0.0,0.0,0.0,0.0,0.0,0.0,0.0,0.0,0.0,0.0,0.0,0.0,0.0,0.0,0.0,0.0,0.0,0.0,0.0,0.0,0.0,0.0,0.0,0.0,0.0
sales per $ inventory,0.00,0.00,0.00,0.00,0.00,0.00,0.00,0.00,0.00,0.00,0.00,0.00,0.00,0.00,0.00,0.00,0.00,0.00,0.00,0.00,0.00,0.00,0.00,0.00,0.00,0.00,0.00,0.00,0.00,0.00,0.00,0.00,0.00,0.00,0.00,0.00,0.00,0.00,0.00,0.00,0.00,0.00,0.00,0.00,0.00
sales per $ receivables,0.00,0.00,0.00,4.90,6.15,5.46,5.66,4.83,5.84,5.12,5.44,5.31,6.10,4.98,5.48,4.45,4.94,4.62,4.87,4.70,5.17,4.53,4.37,4.44,5.06,5.04,5.32,5.86,6.51,5.88,5.53,4.59,5.01,4.83,4.93,5.09,5.59,5.24,5.26,4.39,4.82,4.51,4.72,4.39,5.14
sales per employee,None,None,None,182175,None,None,None,183287,None,None,None,207902,None,None,None,214180,None,None,None,201085,None,None,None,188529,None,None,None,190569,None,None,None,184497,None,None,None,230163,None,None,None,208226,None,None,None,216365,None
shares out (common class only),49.7,49.8,49.9,49.9,49.9,50.0,50.1,50.2,50.2,50.3,50.3,50.5,50.6,50.7,51.0,50.7,51.1,50.6,50.7,50.7,50.8,50.8,50.8,50.8,50.9,50.9,51.4,51.4,51.4,51.4,51.4,52.9,52.9,54.9,54.9,55.1,55.2,56.4,56.5,56.4,56.3,54.6,53.2,54.1,54.3
short-term debt,125.0,132.1,125.0,106.2,5.3,7.0,7.0,7.0,46.0,37.0,11.0,6.6,27.0,8.5,0.0,0.0,0.0,0.0,0.0,10.3,20.6,30.9,28.5,24.3,21.9,21.9,21.6,15.9,15.9,15.9,15.9,16.4,6.9,14.9,14.3,19.1,5.6,0.2,0.2,253.9,4.4,6.0,7.5,10.8,11.3
special income charges,0.0,-14.9,-0.9,-1.0,-29.5,-23.9,0.0,1.7,1.0,-1.5,0.0,0.0,0.0,0.0,-1.1,-1.0,0.0,-333.6,0.0,-4.7,-0.5,-0.2,0.2,-0.3,-0.1,-300.6,-0.5,-732.2,0.0,-40.4,0.9,-3.5,-2.1,-0.1,0.0,-1.0,-0.3,-0.1,-0.5,-0.3,0.0,0.0,0.0,-1.1,-2.2
tangible book value per share,-24.28,-17.87,-17.65,-17.59,-18.37,-18.53,-18.71,-18.54,-18.96,-18.59,-18.28,-15.96,-17.75,-17.65,-17.41,-21.76,-21.98,-20.58,-21.55,-19.65,-19.19,-19.00,-18.61,-17.85,-17.77,-16.08,-15.71,-14.39,-13.88,-13.58,-13.58,-12.98,-12.87,-12.25,-12.06,-11.72,-11.63,-11.42,-11.32,-10.76,-10.66,-10.56,-10.50,-16.20,-6.14
total assets per share,39.77,46.83,46.66,46.80,43.33,43.03,43.23,42.18,42.19,41.90,41.87,40.80,42.25,42.49,42.69,47.47,46.74,40.66,42.04,41.89,39.33,39.06,38.99,39.00,38.61,32.07,31.82,16.58,16.11,15.22,15.04,14.94,14.75,14.27,14.24,14.34,14.44,14.14,14.45,19.10,14.29,15.37,16.24,22.94,22.14
total capitalization,"1,299.4","1,606.3","1,623.5","1,618.6","1,568.7","1,536.4","1,519.4","1,455.5","1,426.4","1,412.4","1,427.1","1,482.2","1,570.3","1,566.9","1,600.9","1,810.6","1,794.4","1,563.5","1,544.4","1,525.2","1,469.1","1,468.3","1,459.7","1,464.6","1,448.4","1,206.6","1,196.0",538.2,510.2,487.7,476.5,497.4,497.9,501.4,487.4,482.3,486.2,495.2,500.2,530.2,508.7,530.4,535.1,787.9,851.5
total debt as % total assets,82.4,64.0,63.7,63.2,62.1,62.4,62.3,64.0,63.2,63.0,62.3,58.4,60.4,60.2,60.4,65.6,65.6,72.1,72.9,72.3,69.4,68.8,68.6,66.9,66.5,72.7,72.0,122.2,119.3,124.0,124.4,121.4,121.0,120.0,118.8,116.6,116.0,115.0,114.1,107.9,109.8,106.6,104.4,107.4,107.5
total debt/equity ratio,3.09,1.07,1.07,1.01,0.92,0.91,0.87,0.92,0.91,0.86,0.81,0.74,0.89,0.84,0.86,1.18,1.19,1.73,1.67,1.61,1.44,1.42,1.39,1.27,1.23,1.76,1.67,0.00,0.00,0.00,0.00,0.00,0.00,0.00,0.00,0.00,0.00,0.00,0.00,0.00,0.00,0.00,0.00,0.00,0.00
total non-current assets,"1,902.6","2,059.8","2,059.4","2,068.7","2,058.2","2,050.2","2,063.3","2,013.2","2,007.0","2,005.7","2,004.2","1,951.9","2,051.7","2,043.4","2,065.2","2,280.4","2,280.1","1,936.4","1,994.1","1,987.9","1,871.1","1,863.3","1,850.1","1,845.1","1,835.0","1,532.8","1,531.1",755.4,745.7,693.2,689.1,694.9,689.7,690.2,685.7,690.4,685.2,695.0,690.3,704.0,692.1,721.6,720.2,"1,061.3","1,051.4"
total ordinary shares,0.0,0.0,0.0,0.0,0.0,0.0,0.0,0.0,0.0,0.0,0.0,0.0,0.0,0.0,0.0,0.0,0.0,0.0,0.0,0.0,0.0,0.0,0.0,0.0,0.0,0.0,0.0,0.0,0.0,0.0,0.0,0.0,0.0,0.0,0.0,0.0,0.0,0.0,0.0,0.0,0.0,0.0,0.0,0.0,0.0
total revenue,62.5,89.9,92.9,104.3,75.3,91.1,85.8,97.4,79.8,96.3,91.0,107.7,78.4,98.4,90.8,112.7,100.8,115.4,115.8,94.1,93.1,103.3,93.7,108.6,93.1,103.7,98.8,104.2,74.5,82.5,81.4,101.1,91.8,99.5,103.6,125.1,92.6,104.1,100.8,102.4,103.2,121.0,133.1,196.2,141.0
treasury shares,0.0,0.1,0.1,0.0,0.0,0.0,0.0,0.0,0.0,0.0,0.0,0.0,0.0,0.0,0.0,0.0,1.0,1.8,1.8,1.8,1.8,1.8,1.8,1.8,1.8,1.8,1.8,1.8,1.8,1.8,1.8,0.9,0.9,0.9,0.9,0.9,0.9,0.9,0.9,1.6,1.8,3.5,4.9,4.9,4.9
treasury stock,0.0,-0.0,-0.0,0.0,0.0,0.0,0.0,0.0,0.0,0.0,0.0,0.0,0.0,0.0,0.0,-4.8,-10.4,-18.0,-18.0,-18.0,-18.0,-18.0,-18.0,-18.0,-18.0,-18.0,-18.0,-18.0,-18.0,-18.0,-18.0,-7.9,-7.9,-7.9,-7.9,-7.9,-7.9,-7.9,-7.9,-10.6,-11.2,-17.1,-22.0,-22.0,-22.0
working capital,-91.9,69.6,83.2,80.9,46.1,39.6,28.7,35.8,16.8,14.6,28.4,40.9,20.4,45.5,46.8,52.2,35.5,57.5,40.1,33.6,31.2,34.1,41.7,56.4,47.1,27.8,17.9,6.0,-3.1,14.6,6.6,20.4,22.9,28.7,21.2,30.6,38.6,47.4,56.6,56.6,47.4,52.7,67.2,-182.6,-101.7
working capital as % of price,0.0,5.2,6.7,6.7,4.5,3.4,2.7,2.8,1.4,1.4,2.9,4.2,2.4,6.5,6.6,9.2,7.7,15.1,10.2,6.6,3.8,3.6,6.3,9.1,9.7,9.2,6.8,11.0,-5.4,16.7,2.7,8.7,7.5,9.6,8.8,10.4,11.8,17.2,45.9,23.6,20.7,32.1,28.6,-44.8,-17.0
working capital per share,-1.85,1.40,1.67,1.62,0.92,0.79,0.57,0.71,0.33,0.29,0.56,0.81,0.40,0.90,0.92,1.03,0.69,1.14,0.79,0.66,0.61,0.67,0.82,1.11,0.93,0.55,0.35,0.12,-0.06,0.28,0.13,0.39,0.43,0.52,0.39,0.55,0.70,0.84,1.00,1.00,0.84,0.97,1.26,-3.37,-1.87
working captial as % of equity,-26.4,8.3,9.8,9.4,5.6,4.9,3.5,4.7,2.2,1.9,3.6,4.8,2.4,5.3,5.4,6.3,4.3,10.0,6.9,5.7,5.1,5.5,6.7,8.6,7.2,6.2,3.9,-3.2,1.9,-7.7,-3.5,-12.1,-13.9,-18.4,-14.4,-23.3,-30.2,-39.5,-49.1,-66.9,-60.0,-95.6,-175.6,199.4,113.3
