,2005/03,2005/06,2005/09,2005/12,2006/03,2006/06,2006/09,2006/12,2007/03,2007/06,2007/09,2007/12,2008/03,2008/06,2008/09,2008/12,2009/03,2009/06,2009/09,2009/12,2010/03,2010/06,2010/09,2010/12,2011/03,2011/06,2011/09,2011/12,2012/03,2012/06
% of EPS-to-Industry,0.0,0.0,0.0,22.6,85715.3,3.9,14.4,30.1,2.4,-1.5,-12.2,-68.4,-70.5,-176.0,-30.5,-328.6,-426.9,-415.5,-3445.5,-62.5,-33.0,32.2,43.1,56.7,-0.5,10.9,0.0,51.5,0.0,0.0
% of PE-to-Industry,0.0,0.0,0.0,0.0,0.0,0.0,0.0,201.0,2517.3,0.0,0.0,0.0,0.0,0.0,0.0,0.0,0.0,0.0,0.0,0.0,0.0,242.7,190.8,115.3,0.0,413.7,119.6,53.4,92.7,92.5
% of ROE-to-Industry,0.0,0.0,0.0,1770.0,706.9,248.5,165.5,50.2,0.0,0.0,0.0,0.0,0.0,0.0,0.0,0.0,0.0,0.0,0.0,0.0,0.0,0.0,0.0,0.0,0.0,70488.4,0.0,754.9,0.0,0.0
% of current ratio-to-industry,57.1,50.0,42.9,71.4,64.3,53.3,64.3,71.4,50.0,75.0,58.3,58.3,66.7,50.0,53.8,83.3,116.7,83.3,64.3,61.5,84.6,100.0,80.0,60.0,73.3,50.0,0.0,86.7,0.0,0.0
% of debt/equity-to-industry,0.0,0.0,0.0,11469.4,24893.8,33675.7,6428.9,695.0,864.9,1348.4,663.6,805.7,933.3,4365.6,802.9,0.0,0.0,0.0,0.0,0.0,0.0,0.0,0.0,0.0,0.0,709445.8,0.0,1960.4,0.0,0.0
% of earnings-to-industry,0.0,0.0,0.0,0.1,0.0,0.0,0.0,0.1,0.0,0.0,0.0,-0.2,-0.2,-0.6,-0.1,-1.1,-1.2,-1.0,-5.8,-0.2,-0.1,0.1,0.1,0.2,0.0,0.0,0.0,0.2,0.0,0.0
% of gross profit margin-to-industry,0.0,0.0,0.0,135.9,0.0,0.0,0.0,148.9,148.1,150.0,151.9,142.9,148.8,154.6,157.0,160.4,151.0,136.2,116.1,134.9,148.1,157.9,166.4,168.9,170.3,168.9,0.0,168.4,0.0,0.0
% of leverage-to-industry,0.0,0.0,0.0,3323.8,4919.0,7685.7,1523.8,213.6,252.4,300.0,185.7,236.4,272.7,1259.1,242.9,0.0,0.0,0.0,0.0,0.0,0.0,0.0,0.0,0.0,0.0,202422.7,0.0,577.3,0.0,0.0
% of net profit margin-to-industry,0.0,0.0,0.0,88.6,60.0,14.0,41.7,55.8,-1.3,-8.5,-20.5,-136.6,-137.0,-356.8,-44.2,-546.1,-641.8,-609.1,0.0,-164.2,-78.0,91.2,139.2,187.7,-0.8,35.3,0.0,161.0,0.0,0.0
% of post-tax profit margin-to-industry,0.0,0.0,0.0,88.6,60.0,14.0,41.7,55.8,-1.3,-8.5,-20.8,-138.6,-138.9,-362.0,-44.5,-550.4,-641.8,-609.1,0.0,-164.2,-78.0,91.2,140.3,187.7,-0.8,36.6,0.0,161.0,0.0,0.0
% of pre-tax profit margin-to-industry,0.0,0.0,0.0,76.8,0.0,0.0,0.0,51.1,-1.1,-8.2,-22.7,-123.4,-121.3,-301.9,-36.2,-286.5,-296.2,-123.4,0.0,-108.6,-78.5,22.7,67.4,105.2,-2.4,19.1,0.0,92.7,0.0,0.0
% of pric/free cashlow-to-industry,0.0,0.0,0.0,0.0,0.0,0.0,0.0,1.7,16.7,-1.1,-3.4,15.5,6.5,23.1,11.3,6.3,-5.9,-26.1,-20.5,-21.0,48.8,64.1,42.1,-36.4,0.0,-37.6,-19.3,-20.9,-76.7,-38.6
% of price-to-industry,0.0,0.0,0.0,0.0,0.0,0.0,0.0,60.5,61.4,55.0,51.3,53.8,33.1,50.3,46.8,16.8,19.5,35.6,45.4,43.6,48.8,78.0,82.3,65.5,54.7,44.9,43.6,29.4,44.4,54.3
% of price/book-to-industry,0.0,0.0,0.0,0.0,0.0,0.0,0.0,128.2,145.8,143.8,101.8,138.4,125.4,688.5,116.8,0.0,0.0,0.0,0.0,0.0,0.0,0.0,0.0,0.0,0.0,0.0,787.8,344.8,842.4,577.6
% of price/cashflow-to-industry,0.0,0.0,0.0,0.0,0.0,0.0,0.0,96.6,110.7,102.8,112.4,340.4,366.0,-89.9,134.4,-12.8,-16.6,-47.1,-14.0,186.3,180.0,150.9,135.4,85.0,136.4,94.2,53.3,36.8,60.2,57.4
% of price/sales-to-industry,0.0,0.0,0.0,0.0,0.0,0.0,0.0,142.7,132.7,119.1,122.5,120.3,93.1,109.7,90.6,28.7,38.7,72.8,88.2,123.5,140.7,231.3,248.6,184.7,167.6,122.0,82.3,73.4,115.0,107.5
% of sales-to-industry,0.0,0.0,0.0,0.1,0.1,0.1,0.1,0.2,0.2,0.2,0.2,0.2,0.2,0.2,0.2,0.2,0.2,0.2,0.2,0.1,0.1,0.1,0.1,0.1,0.1,0.1,0.0,0.1,0.0,0.0
(increase) decrease in inventories,0.0,0.0,-0.7,-0.7,0.4,-0.4,-0.6,-1.5,-0.1,0.6,0.1,-7.2,2.1,1.7,-0.8,-2.0,-0.3,-0.5,-2.5,-2.2,0.5,-0.4,-0.1,-0.4,-0.4,-1.2,-0.3,-1.2,0.5,0.6
(increase) decrease in other current assets,0.0,0.0,0.0,-0.2,0.0,0.0,-2.9,0.0,0.0,0.0,0.0,0.0,0.0,0.0,0.0,0.0,0.0,0.0,0.0,0.0,0.0,0.0,-1.8,-0.5,0.6,1.9,-0.6,0.1,0.3,1.6
(increase) decrease in prepaid expenses,0.0,0.0,-3.5,-0.9,-0.5,1.1,-0.7,-1.0,1.1,2.9,0.7,2.6,-0.5,1.9,-2.0,-0.1,0.4,1.5,-0.4,0.1,-0.0,0.9,0.0,0.0,0.0,0.0,0.0,0.0,0.0,0.0
(increase) decrease in receivables,0.0,0.0,-5.5,-12.7,4.5,3.6,1.7,1.4,2.5,-7.3,-13.7,-8.7,-11.5,-17.1,-2.1,20.5,9.8,14.4,5.9,4.9,-8.6,-1.9,-2.5,6.4,-0.8,0.2,-1.2,0.5,0.2,1.8
Basic EPS (Continuing),-1554.48,2014.22,-0.06,0.00,0.16,0.01,0.22,0.05,-0.24,-0.07,0.01,-1.29,-0.51,-3.43,4.36,-8.20,0.49,-1.17,-0.10,-0.15,0.83,0.07,0.28,0.07,-0.43,0.31,0.60,0.49,-0.47,0.24
Basic EPS (Cum. Effect of Acct. Change),0.00,0.00,0.00,0.00,0.00,0.00,0.00,0.00,0.00,0.00,0.00,0.00,0.00,0.00,0.00,0.00,0.00,0.00,0.00,0.00,0.00,0.00,0.00,0.00,0.00,0.00,0.00,0.00,0.00,0.00
Basic EPS (Discontinued),0.00,0.00,0.00,0.00,0.00,0.00,0.00,0.00,0.00,0.00,0.00,0.00,0.00,0.00,0.00,0.00,0.00,0.00,0.00,0.00,0.00,0.00,0.00,0.00,0.00,0.00,0.00,0.00,0.00,0.00
Basic EPS (Extraordinary Items),0.00,0.00,0.00,0.00,0.00,0.00,0.00,0.00,0.00,0.00,0.00,0.00,0.00,0.00,0.00,0.00,0.00,0.00,0.00,0.00,0.00,0.00,0.00,0.00,0.00,0.00,0.00,0.00,0.00,0.00
Basic EPS (Other Gains/Losses),0.00,0.00,0.00,0.00,0.00,0.00,0.00,0.00,0.00,0.00,0.00,0.00,0.00,0.00,0.00,0.00,0.00,0.00,0.00,0.00,0.00,0.00,0.00,0.00,0.00,0.00,0.00,0.00,0.00,0.00
Basic EPS (Tax Loss Carry Forward),0.00,0.00,0.00,0.00,0.00,0.00,0.00,0.00,0.00,0.00,0.00,0.00,0.00,0.00,0.00,0.00,0.00,0.00,0.00,0.00,0.00,0.00,0.00,0.00,0.00,0.00,0.00,0.00,0.00,0.00
Close PE Ratio,0.0,0.0,0.0,0.0,0.0,0.0,0.0,25.4,357.2,0.0,0.0,0.0,0.0,0.0,0.0,0.0,0.0,0.0,0.0,0.0,0.0,26.1,19.4,15.2,0.0,55.4,16.0,6.6,11.5,11.5
Diluted EPS (Continuing),-1554.48,2014.22,-0.06,0.00,0.15,0.01,0.22,0.06,-0.24,-0.07,0.01,-1.29,-0.51,-3.43,4.23,-8.20,0.49,-1.17,-0.10,-0.15,0.81,0.07,0.28,0.07,-0.43,0.31,0.60,0.50,-0.47,0.24
Diluted EPS (Cum. Effect of Acct. Change),0.00,0.00,0.00,0.00,0.00,0.00,0.00,0.00,0.00,0.00,0.00,0.00,0.00,0.00,0.00,0.00,0.00,0.00,0.00,0.00,0.00,0.00,0.00,0.00,0.00,0.00,0.00,0.00,0.00,0.00
Diluted EPS (Discontinued),0.00,0.00,0.00,0.00,0.00,0.00,0.00,0.00,0.00,0.00,0.00,0.00,0.00,0.00,0.00,0.00,0.00,0.00,0.00,0.00,0.00,0.00,0.00,0.00,0.00,0.00,0.00,0.00,0.00,0.00
Diluted EPS (Extraordinary),0.00,0.00,0.00,0.00,0.00,0.00,0.00,0.00,0.00,0.00,0.00,0.00,0.00,0.00,0.00,0.00,0.00,0.00,0.00,0.00,0.00,0.00,0.00,0.00,0.00,0.00,0.00,0.00,0.00,0.00
Diluted EPS (Other Gains/Losses),0.00,0.00,0.00,0.00,0.00,0.00,0.00,0.00,0.00,0.00,0.00,0.00,0.00,0.00,0.00,0.00,0.00,0.00,0.00,0.00,0.00,0.00,0.00,0.00,0.00,0.00,0.00,0.00,0.00,0.00
Diluted EPS (Tax Loss Carry Forward),0.00,0.00,0.00,0.00,0.00,0.00,0.00,0.00,0.00,0.00,0.00,0.00,0.00,0.00,0.00,0.00,0.00,0.00,0.00,0.00,0.00,0.00,0.00,0.00,0.00,0.00,0.00,0.00,0.00,0.00
Dividends Paid Per Share (YTD),0.00,0.00,0.00,0.00,0.00,0.00,0.00,0.00,0.00,0.00,0.00,0.00,0.00,0.00,0.00,0.00,0.00,0.00,0.00,0.00,0.00,0.00,0.00,0.00,0.00,0.00,0.00,0.00,0.00,0.00
EPS from Total Operations (YTD),-1554.48,459.74,0.00,0.49,0.15,0.16,0.63,0.69,-0.24,-0.32,-0.29,-1.58,-0.51,-3.94,0.45,-7.75,0.49,-0.68,-0.78,-0.93,0.81,0.86,1.14,1.21,-0.43,-0.08,0.52,1.02,-0.47,-0.23
High PE Ratio,0.0,0.0,0.0,0.0,0.0,0.0,0.0,26.2,362.0,0.0,0.0,0.0,0.0,0.0,0.0,0.0,0.0,0.0,0.0,0.0,0.0,30.5,21.5,17.9,0.0,97.7,40.8,22.0,20.9,17.2
"Income, Restructuring and M&A;",0.0,0.0,0.0,0.0,0.0,0.0,0.0,0.0,0.0,0.0,0.0,0.0,0.0,0.0,0.0,0.0,0.0,0.0,0.0,0.0,0.0,0.0,0.0,0.0,0.0,0.0,0.0,0.0,0.0,0.0
LT-Debt as % of Invested Capital,111.8,106.3,113.9,97.6,98.8,99.2,96.1,73.6,76.2,80.7,68.6,73.8,77.1,93.3,73.2,120.4,119.6,131.3,132.5,133.5,121.7,123.1,117.1,115.3,103.5,100.0,94.5,90.4,93.6,91.5
LT-Debt as % of Total Debt,63.1,61.1,55.1,60.0,77.9,77.7,78.8,75.3,74.4,79.1,74.3,67.8,67.3,52.2,66.7,79.8,78.8,78.0,77.9,76.0,77.1,76.5,75.2,75.9,76.9,76.5,78.9,80.2,79.7,78.9
LT-Debt to Equity Ratio,-9.48,-16.81,-8.20,41.29,79.66,124.60,24.43,2.78,3.20,4.18,2.19,2.82,3.36,13.97,2.73,-5.90,-6.11,-4.20,-4.08,-3.98,-5.60,-5.34,-6.83,-7.52,-29.82,3405.34,17.14,9.41,14.55,10.71
Low PE Ratio,0.0,0.0,0.0,0.0,0.0,0.0,0.0,23.9,277.2,0.0,0.0,0.0,0.0,0.0,0.0,0.0,0.0,0.0,0.0,0.0,0.0,9.8,9.9,9.1,0.0,52.0,14.9,6.4,6.9,7.5
Net Income from Total Operations (YTD),-6.8,2.0,0.1,16.1,5.1,5.4,21.7,24.0,-10.4,-13.5,-13.0,-73.4,-25.5,-198.0,22.9,-391.1,25.2,-34.3,-39.5,-47.3,44.0,47.7,63.1,67.5,-23.9,-4.9,31.9,62.3,-27.9,-13.4
Normalized Close PE Ratio,0.0,0.0,0.0,0.0,0.0,0.0,0.0,23.1,0.0,207.4,122.5,0.0,0.0,0.0,0.0,0.5,0.5,0.9,3.0,0.0,0.0,22.3,17.5,14.0,113.9,38.6,14.2,6.6,10.9,10.9
Normalized High PE Ratio,0.0,0.0,0.0,0.0,0.0,0.0,0.0,23.8,0.0,233.3,150.0,0.0,0.0,0.0,0.0,4.8,3.9,2.8,3.5,0.0,0.0,25.9,19.4,16.4,149.7,68.1,36.2,22.0,19.8,16.2
Normalized Low PE Ratio,0.0,0.0,0.0,0.0,0.0,0.0,0.0,21.7,0.0,154.0,95.7,0.0,0.0,0.0,0.0,0.4,0.3,0.2,0.5,0.0,0.0,8.3,8.9,8.4,76.9,36.3,13.2,6.4,6.6,7.1
Normalized ROA,0.0,0.0,0.0,5.3,0.0,0.0,0.0,3.0,0.4,1.1,0.5,-4.5,-5.4,-17.3,-2.3,29.4,41.8,57.7,26.9,-5.6,-2.8,5.8,8.0,9.8,0.7,2.5,4.6,6.7,6.7,6.0
Normalized ROCI,0.0,0.0,0.0,8.8,0.0,0.0,0.0,3.7,0.5,1.3,0.7,-6.1,-7.5,-32.0,-3.2,38.4,55.3,79.1,37.0,-8.0,-3.8,7.9,11.1,13.4,0.9,3.3,5.7,8.2,8.3,7.5
Normalized ROE,0.0,0.0,0.0,371.7,0.0,0.0,0.0,13.9,1.9,6.9,2.1,0.0,0.0,0.0,0.0,0.0,0.0,0.0,0.0,0.0,0.0,0.0,0.0,0.0,0.0,11232.3,103.4,85.3,128.5,88.1
Return on Assets (ROA),0.0,0.0,0.0,5.3,1.5,0.4,1.4,2.7,-0.1,-0.4,-0.9,-5.8,-6.7,-17.5,-2.7,-45.3,-46.6,-31.3,-63.4,-6.4,-3.6,4.9,7.2,9.0,0.0,1.8,4.0,6.7,6.3,5.7
Return on Capital Invested (ROCI),0.0,0.0,0.0,8.8,1.9,0.5,1.8,3.3,-0.1,-0.4,-1.1,-7.8,-9.2,-32.5,-3.6,-59.0,-61.7,-43.0,-87.2,-9.1,-4.9,6.7,10.0,12.3,-0.1,2.3,5.0,8.2,7.9,7.1
Return on Stock Equity (ROE),0.0,0.0,0.0,371.7,152.7,68.1,45.5,12.6,0.0,0.0,0.0,0.0,0.0,0.0,0.0,0.0,0.0,0.0,0.0,0.0,0.0,0.0,0.0,0.0,0.0,0.0,91.3,85.3,122.2,83.7
Revenue (YTD),42.0,87.4,134.7,138.0,51.3,127.4,201.6,274.8,74.5,165.7,261.4,377.9,137.7,305.5,461.8,559.5,58.3,121.1,191.3,272.2,83.3,153.8,224.5,295.3,79.2,166.5,245.4,328.8,85.4,167.9
accounts payable,21.1,22.0,33.2,31.1,45.9,43.3,53.5,53.9,73.1,68.7,71.2,82.1,58.9,68.3,60.4,75.4,49.6,48.7,50.9,56.9,45.4,46.3,47.5,45.4,40.3,40.4,49.6,53.1,46.3,52.2
accounts receivable,23.3,27.2,26.4,29.8,39.4,40.7,42.3,48.0,49.8,54.7,61.9,55.6,67.2,72.7,58.1,41.3,31.5,31.3,30.6,33.9,33.8,26.9,32.6,29.6,31.2,30.2,31.7,30.0,29.8,28.7
accrued expenses,0.0,0.0,0.0,0.0,0.0,0.0,0.0,0.0,0.0,0.0,0.0,0.0,0.0,0.0,0.0,0.0,0.0,0.0,0.0,0.0,0.0,0.0,0.0,0.0,0.0,0.0,0.0,0.0,0.0,0.0
accrued liabilities,0.0,0.0,0.0,0.0,0.0,0.0,0.0,0.0,0.0,0.0,0.0,0.0,0.0,0.0,0.0,0.0,7.4,1.7,4.8,4.9,9.4,5.4,9.5,5.5,14.3,21.4,6.1,21.9,6.2,21.3
accumulated depreciation,55.4,59.2,64.9,71.5,78.0,94.8,113.1,133.4,154.0,177.6,202.9,232.2,263.4,293.2,325.6,"1,006.5","1,027.7","1,048.3","1,070.3","1,088.5","1,108.5","1,125.5","1,145.0","1,164.3","1,168.3","1,205.5","1,224.9","1,245.9","1,250.5","1,270.8"
acquisitions,-14.6,-14.6,-14.6,-14.6,-445.5,-447.5,-447.5,-447.5,0.0,0.0,0.0,0.0,0.0,0.0,-10.0,0.0,0.0,0.0,0.0,0.0,0.0,0.0,0.0,0.0,0.0,0.0,0.0,0.0,0.0,0.0
additional paid-in capital,17.9,17.9,21.1,21.0,21.4,21.8,22.1,181.4,182.7,185.3,307.1,309.9,311.2,314.9,316.5,319.3,320.7,322.0,323.6,325.9,328.7,334.1,342.4,348.6,435.1,437.8,440.6,443.5,446.1,448.2
adjustments to revenue,0.0,0.0,0.0,0.0,0.0,0.0,0.0,0.0,0.0,0.0,0.0,0.0,0.0,0.0,0.0,0.0,0.0,0.0,0.0,0.0,0.0,0.0,0.0,6.7,1.5,1.4,1.8,1.6,1.6,5.3
advertising,0.0,0.0,0.0,0.0,0.0,0.0,0.0,0.0,0.0,0.0,0.0,0.0,0.0,0.0,0.0,0.0,0.0,0.0,0.0,0.0,0.0,0.0,0.0,0.0,0.0,0.0,0.0,0.0,0.0,0.0
amortization,0.4,1.1,1.5,1.9,0.4,1.7,3.0,4.9,1.5,3.0,3.8,4.9,1.1,1.9,0.0,0.0,0.9,1.8,2.6,3.3,0.8,1.6,2.3,3.1,0.7,1.5,2.2,3.0,0.8,1.5
amortization of intangibles,0.0,0.0,0.0,0.0,0.0,0.0,0.0,0.0,0.0,0.0,0.0,0.0,0.0,0.0,0.0,0.0,0.0,0.0,0.0,0.0,0.0,0.0,0.0,0.0,0.0,0.0,0.0,0.0,0.0,0.0
asset turnover,0.0,0.0,0.0,0.0,0.3,0.3,0.3,0.5,0.3,0.3,0.3,0.4,0.4,0.4,0.4,0.5,0.5,0.3,0.3,0.3,0.4,0.4,0.4,0.4,0.4,0.4,0.4,0.4,0.4,0.4
auditor name,None,None,None,None,None,None,None,None,None,None,None,None,None,None,None,None,None,None,None,None,None,None,None,None,None,None,None,None,None,None
auditor report,None,None,None,None,None,None,None,None,None,None,None,None,None,None,None,None,None,None,None,None,None,None,None,None,None,None,None,None,None,None
basic earnings indicator,Y,Y,Y,Y,Y,Y,Y,Y,Y,Y,Y,Y,Y,Y,Y,Y,Y,Y,Y,Y,Y,Y,Y,Y,Y,Y,Y,Y,Y,Y
book value per share,0.00,0.00,0.00,0.13,0.24,0.16,0.70,4.45,4.15,4.15,6.00,4.85,4.36,1.05,5.35,0.00,0.00,0.00,0.00,0.00,0.00,0.00,0.00,0.00,0.00,0.00,0.65,1.19,0.78,1.05
building and improvements,0.0,0.0,0.0,0.0,0.0,0.0,0.0,0.0,0.0,0.0,0.0,0.0,0.0,0.0,0.0,0.0,0.0,0.0,0.0,0.0,0.0,0.0,0.0,0.0,0.0,0.0,0.0,0.0,0.0,0.0
capital lease obligations,0.0,0.0,0.0,0.0,0.0,0.0,0.0,0.0,0.0,0.0,0.0,0.0,0.0,0.0,0.0,0.0,0.0,0.0,0.0,0.0,0.0,0.0,0.0,0.0,0.0,0.0,0.0,0.0,0.0,0.0
cash as % of revenue,0.0,0.0,0.0,6.8,10.1,7.7,8.8,3.0,2.1,4.8,0.2,2.6,3.3,0.9,0.8,0.0,3.1,0.4,1.5,0.2,0.2,0.7,0.0,1.7,7.4,1.0,0.0,2.5,0.0,0.0
cash at beginning of period,54.7,54.7,54.7,54.7,9.4,9.4,9.4,9.4,8.4,8.4,8.4,8.4,9.7,9.7,9.7,9.7,0.2,0.2,0.2,0.2,0.4,0.4,0.4,0.4,5.0,5.0,5.0,5.0,8.2,8.2
cash end of period,5.0,5.7,13.0,9.4,14.5,13.4,17.1,8.4,6.2,14.6,0.8,9.7,14.4,4.5,4.5,0.2,15.0,1.6,4.5,0.4,0.6,2.2,0.0,5.0,21.6,3.0,0.0,8.2,0.0,0.0
cash flow,0.0,0.0,0.0,39.7,0.0,0.0,0.0,92.1,78.0,81.4,85.9,30.3,25.5,-138.4,87.0,-256.6,-214.7,-110.8,-345.3,42.3,58.2,119.5,137.6,149.1,82.8,101.0,123.5,151.1,147.7,142.8
cash flow per share,0.00,0.00,0.00,1.21,0.00,0.00,0.00,2.15,1.81,1.89,1.71,0.60,0.50,-2.73,1.69,-4.98,-4.10,-2.11,-6.58,0.80,1.07,2.18,2.47,2.65,1.34,1.64,2.00,2.45,2.40,2.32
cash from discontinued financing activities,0.0,0.0,0.0,0.0,0.0,0.0,0.0,0.0,0.0,0.0,0.0,0.0,0.0,0.0,0.0,0.0,0.0,0.0,0.0,0.0,0.0,0.0,0.0,0.0,0.0,0.0,0.0,0.0,0.0,0.0
cash from discontinued investing activities,0.0,0.0,0.0,0.0,0.0,0.0,0.0,0.0,0.0,0.0,0.0,0.0,0.0,0.0,0.0,0.0,0.0,0.0,0.0,0.0,0.0,0.0,0.0,0.0,0.0,0.0,0.0,0.0,0.0,0.0
cash per share,1152.56,1298.69,0.40,0.29,0.44,0.41,0.43,0.20,0.14,0.34,0.02,0.19,0.28,0.09,0.09,0.00,0.29,0.03,0.09,0.01,0.01,0.04,0.00,0.09,0.35,0.05,0.00,0.13,0.00,0.00
common par,0.0,0.0,0.3,0.3,0.3,0.3,0.3,0.4,0.4,0.4,0.5,0.5,0.5,0.5,0.5,0.5,0.5,0.5,0.5,0.5,0.5,0.5,0.6,0.6,0.6,0.6,0.6,0.6,0.6,0.6
common stock equity,-18.1,-10.3,-19.4,4.3,7.9,5.3,27.8,190.3,178.6,178.4,301.8,245.6,221.7,53.0,275.8,-135.2,-108.0,-165.5,-169.0,-174.5,-127.6,-118.6,-94.8,-84.2,-21.6,0.2,39.8,73.0,47.7,64.3
construction in progress,0.0,0.0,0.0,0.0,0.0,0.0,0.0,0.0,0.0,0.0,0.0,0.0,0.0,0.0,0.0,0.0,0.0,0.0,0.0,0.0,0.0,0.0,0.0,0.0,0.0,0.0,0.0,0.0,0.0,0.0
cost in excess,0.0,0.0,0.0,0.0,0.0,0.0,0.0,0.0,0.0,0.0,0.0,0.0,0.0,0.0,0.0,0.0,0.0,0.0,0.0,0.0,0.0,0.0,0.0,0.0,0.0,0.0,0.0,0.0,0.0,0.0
cost of sales,12.2,12.7,14.2,0.0,13.1,23.8,21.5,25.5,26.7,26.8,29.7,41.4,33.2,34.6,46.0,43.6,26.9,25.4,28.4,26.2,23.9,26.2,24.9,15.3,23.0,22.9,30.3,24.3,28.1,19.6
cost of sales with depreciation,12.3,12.7,14.2,0.0,13.1,24.0,21.6,26.2,27.0,27.4,29.5,41.5,33.3,34.5,44.1,43.6,27.8,26.3,29.2,27.0,24.7,27.0,25.5,16.1,23.7,23.7,31.1,25.1,28.9,20.4
cumulative translation adjustments,0.0,0.0,0.0,0.0,0.0,0.0,0.0,0.0,0.0,0.0,0.0,0.0,0.0,0.0,0.0,0.0,0.0,0.0,0.0,0.0,0.0,0.0,0.0,0.0,0.0,0.0,0.0,0.0,0.0,0.0
current assets per share,8581.33,9088.78,1.59,1.88,2.46,2.49,2.19,2.01,1.81,2.10,1.80,2.30,2.74,3.73,2.45,2.25,2.44,1.69,1.51,1.73,2.01,1.65,1.89,1.29,1.45,1.12,1.53,1.59,0.75,0.70
current defered income taxes,0.0,0.0,0.0,8.6,8.6,9.7,0.0,0.9,4.3,4.0,4.2,22.0,35.2,82.2,28.9,0.0,0.0,0.0,0.0,8.4,0.0,0.0,0.0,0.0,0.0,0.0,0.0,0.0,0.0,0.0
current deferred income taxes,0.0,0.0,0.0,0.0,0.0,0.0,0.0,0.0,0.0,0.0,0.0,0.0,0.0,0.0,0.0,0.0,0.0,0.0,0.0,0.0,0.0,0.0,0.0,0.0,0.0,0.0,0.0,0.0,0.0,0.0
current liabilities per share,10695.11,12857.99,2.52,1.85,2.79,3.02,2.52,2.03,2.57,2.41,2.48,3.41,3.51,6.36,3.39,2.19,1.79,1.76,1.76,2.12,1.81,1.39,1.52,1.50,1.32,1.33,1.32,1.26,1.24,1.37
current ratio,0.8,0.7,0.6,1.0,0.9,0.8,0.9,1.0,0.7,0.9,0.7,0.7,0.8,0.6,0.7,1.0,1.4,1.0,0.9,0.8,1.1,1.2,1.2,0.9,1.1,0.8,1.2,1.3,0.6,0.5
decrease (increase) in other current liabilities,0.0,0.0,5.1,-2.6,-0.0,-2.9,2.3,1.9,0.0,-1.8,2.1,-4.3,-2.1,1.6,1.6,-3.0,8.9,0.0,0.0,0.0,0.0,0.0,0.0,0.0,0.0,0.0,0.0,0.0,0.0,0.0
decrease (increase) in other working capital,-4.5,1.1,0.0,-0.7,-0.1,-0.7,-2.1,-7.2,-0.0,-1.1,-1.1,-2.6,-7.8,-10.8,1.8,1.6,-0.3,-0.4,-0.9,0.1,-0.1,0.0,0.0,0.1,0.2,0.2,0.2,-0.5,-1.9,-2.3
decrease (increase) in payables,0.0,0.0,5.2,0.4,2.8,10.3,24.9,-4.3,9.9,7.6,15.9,29.6,-3.2,-1.7,3.4,3.7,-15.7,-25.1,-11.9,-10.9,-8.5,-14.6,-4.9,-12.0,6.7,12.0,10.1,18.2,-14.2,0.3
deferred income taxes,-6.2,-5.9,-12.2,-2.7,2.2,0.7,14.3,15.0,-10.5,-8.8,-12.4,-47.3,-16.0,-121.9,14.0,4.9,0.0,0.0,0.0,-8.4,8.4,8.4,8.4,8.4,0.0,0.0,0.0,0.0,0.0,0.0
deferred revenues,0.0,0.0,0.0,0.0,0.0,0.0,0.0,0.0,0.0,13.8,0.0,0.0,0.0,0.0,0.0,0.0,0.0,0.0,0.0,0.0,0.0,0.0,0.0,0.0,0.0,0.0,0.0,0.0,0.0,0.0
depreciation,5.7,9.5,15.1,21.7,6.7,23.5,41.8,63.3,20.6,44.2,69.5,98.8,31.2,61.1,94.0,134.5,22.7,43.3,65.3,86.2,20.0,38.7,58.2,78.5,21.7,43.4,63.8,85.8,22.3,43.5
depreciation (unrecognized),5.7,3.8,5.6,0.0,6.7,16.8,13.9,21.4,20.6,23.6,25.4,29.3,31.2,29.9,32.9,40.4,22.7,20.6,22.0,21.0,20.0,18.7,19.5,20.3,21.7,21.7,20.4,22.0,22.3,21.2
domestic sales,0.0,0.0,0.0,0.0,0.0,0.0,0.0,0.0,0.0,0.0,0.0,0.0,0.0,0.0,0.0,0.0,0.0,0.0,0.0,0.0,0.0,0.0,0.0,0.0,0.0,0.0,0.0,0.0,0.0,0.0
earnings from equity interest,0.0,0.0,0.0,0.0,0.0,0.0,0.0,0.0,0.0,0.0,0.0,0.0,0.0,0.0,0.0,0.0,0.0,0.0,0.0,0.0,0.0,0.0,0.0,0.0,0.0,0.0,0.0,0.0,0.0,0.0
earnings period indicator,Q,S,N,F,Q,S,N,F,Q,S,N,F,Q,S,N,F,Q,S,N,F,Q,S,N,F,Q,S,N,F,Q,S
effect exchange rate changes,0.0,0.0,0.0,0.0,0.0,0.0,0.0,0.0,0.0,0.0,0.0,0.0,0.0,0.0,0.0,0.0,0.0,0.0,0.0,0.0,0.0,0.0,0.0,0.0,0.0,0.0,0.0,0.0,0.0,0.0
effective tax rate,0.0,0.0,0.0,38.9,0.0,0.0,0.0,39.5,0.0,0.0,0.0,0.0,0.0,0.0,0.0,0.0,0.0,0.0,0.0,0.0,0.0,0.0,0.0,0.0,0.0,0.0,0.0,0.0,0.0,0.0
excise taxes,0.0,0.0,0.0,0.0,0.0,0.0,0.0,0.0,0.0,0.0,0.0,0.0,0.0,0.0,0.0,0.0,0.0,0.0,0.0,0.0,0.0,0.0,0.0,0.0,0.0,0.0,0.0,0.0,0.0,0.0
extraordinary gains,0.0,0.0,0.0,0.0,0.0,0.0,0.0,0.0,0.0,0.0,0.0,0.0,0.0,0.0,0.0,0.0,0.0,0.0,0.0,0.0,0.0,0.0,0.0,0.0,0.0,0.0,0.0,0.0,0.0,0.0
extraordinary income/losses,0.0,0.0,0.0,0.0,0.0,0.0,0.0,0.0,0.0,0.0,0.0,0.0,0.0,0.0,0.0,0.0,0.0,0.0,0.0,0.0,0.0,0.0,0.0,0.0,0.0,0.0,0.0,0.0,0.0,0.0
foreign sales,0.0,0.0,0.0,0.0,0.0,0.0,0.0,0.0,0.0,0.0,0.0,0.0,0.0,0.0,0.0,0.0,0.0,0.0,0.0,0.0,0.0,0.0,0.0,0.0,0.0,0.0,0.0,0.0,0.0,0.0
free cash flow,-53.1,-53.1,-76.3,-99.8,-443.6,-474.3,-490.7,-552.9,-44.1,-201.6,-249.6,-283.2,-46.9,-55.9,-70.5,-120.5,22.7,47.3,89.7,118.7,24.6,55.1,96.0,160.7,0.2,49.6,66.6,125.5,54.6,99.9
free cash flow per share,0.00,0.00,-2.33,-3.05,-13.57,-14.51,-12.36,-12.92,-1.03,-4.69,-4.97,-5.60,-0.92,-1.11,-1.37,-2.34,0.43,0.90,1.71,2.26,0.45,1.01,1.72,2.86,0.00,0.80,1.08,2.04,0.89,1.63
gross fixed assets,218.8,236.9,274.1,305.3,783.6,838.0,884.6,907.7,995.5,"1,184.6","1,279.7","1,363.2","1,434.2","1,516.4","1,589.3","1,709.2","1,571.0","1,646.3","1,674.9","1,708.0","1,755.4","1,702.9","1,765.0","1,812.3","1,860.3","1,946.0","1,985.6","2,056.3","2,101.3","2,145.1"
gross margin,29.8,32.7,33.1,0.0,38.2,52.3,45.7,47.7,47.8,64.4,67.6,75.0,104.5,133.4,112.1,54.1,31.5,37.4,41.8,54.7,59.4,44.3,45.9,55.5,56.2,64.4,48.6,59.1,57.3,62.9
gross profit margin,0.0,0.0,0.0,59.0,0.0,0.0,0.0,67.3,66.5,67.2,67.6,67.0,70.4,73.3,73.3,72.2,68.7,62.4,57.0,60.7,65.0,65.7,66.9,69.4,69.3,72.1,71.1,69.4,68.5,69.0
income before income taxes,-11.7,14.5,-3.3,0.0,8.6,0.4,11.9,3.8,-17.0,-5.2,-1.2,-96.2,-41.4,-278.5,357.1,-417.2,34.2,-63.6,-14.5,-17.9,43.8,3.7,15.2,3.5,-23.9,19.0,36.8,30.4,-27.9,14.5
income from cum. effect of acct. change,0.0,0.0,0.0,0.0,0.0,0.0,0.0,0.0,0.0,0.0,0.0,0.0,0.0,0.0,0.0,0.0,0.0,0.0,0.0,0.0,0.0,0.0,0.0,0.0,0.0,0.0,0.0,0.0,0.0,0.0
income from tax loss carryforward,0.0,0.0,0.0,0.0,0.0,0.0,0.0,0.0,0.0,0.0,0.0,0.0,0.0,0.0,0.0,0.0,0.0,0.0,0.0,0.0,0.0,0.0,0.0,0.0,0.0,0.0,0.0,0.0,0.0,0.0
income per employee,None,None,None,64440,None,None,None,95804,None,None,None,-234415,None,None,None,-975392,None,None,None,-123817,None,None,None,178153,None,None,None,170723,None,None
income taxes,-4.9,5.7,-1.4,0.0,3.5,0.1,4.7,1.6,-6.6,-2.1,-1.7,-35.8,-15.9,-105.9,136.2,-3.2,9.0,-4.1,-9.2,-10.1,-0.2,0.0,-0.2,-0.9,0.0,0.0,0.0,0.0,0.0,0.0
"income, acquired in process r&a;",0.0,0.0,0.0,0.0,0.0,0.0,0.0,0.0,0.0,0.0,0.0,0.0,0.0,0.0,0.0,0.0,0.0,0.0,0.0,0.0,0.0,0.0,0.0,0.0,0.0,0.0,0.0,0.0,0.0,0.0
intangibles,0.0,0.0,0.0,0.0,0.0,0.0,0.0,0.0,0.0,0.0,0.0,0.0,0.0,0.0,0.0,0.0,0.0,0.0,0.0,0.0,0.0,0.0,0.0,0.0,0.0,0.0,0.0,0.0,0.0,0.0
intangibles as % of book-value,0.0,0.0,0.0,0.0,0.0,0.0,0.0,0.0,0.0,0.0,0.0,0.0,0.0,0.0,0.0,0.0,0.0,0.0,0.0,0.0,0.0,0.0,0.0,0.0,0.0,0.0,0.0,0.0,0.0,0.0
interest as % of invested capital,0.0,0.0,0.0,7.5,0.0,0.0,0.0,6.9,7.2,6.0,6.1,6.4,7.8,9.2,6.9,8.2,9.2,8.9,8.3,0.0,-0.2,-2.1,-3.6,0.0,2.0,4.5,6.2,8.0,8.6,8.5
interest coverage (cont. operations),0.0,0.0,0.0,2.9,0.0,0.0,0.0,1.8,1.0,0.9,0.7,0.0,0.0,0.0,0.2,0.0,0.0,0.0,0.0,0.0,50.4,0.0,0.0,0.0,0.9,1.5,1.8,2.0,1.9,1.8
interest expense,3.5,3.3,3.4,0.0,3.8,14.9,11.8,14.1,13.3,16.0,15.5,15.5,28.6,13.2,13.3,13.0,11.2,9.8,9.3,-30.3,10.1,0.0,0.0,0.0,12.7,16.0,16.0,16.4,15.7,15.9
interest income,0.0,0.0,0.0,0.0,0.0,0.0,0.0,0.0,0.0,0.0,0.0,0.0,0.0,0.0,0.0,0.0,0.0,0.0,0.0,41.0,0.0,10.3,10.1,10.0,0.0,0.0,0.0,0.0,0.0,0.0
inventories,1.1,1.1,1.8,1.8,1.4,2.2,2.3,3.2,3.4,2.6,3.1,10.4,8.3,8.7,11.2,12.4,4.2,4.4,4.9,6.1,5.7,6.2,5.9,6.2,6.6,7.4,6.5,7.4,6.9,6.9
"inventories, finished goods",0.0,0.0,0.0,0.0,0.0,0.0,0.0,0.0,0.0,0.0,0.0,0.0,0.0,0.0,0.0,0.0,0.0,0.0,0.0,0.0,0.0,0.0,0.0,0.0,0.0,0.0,0.0,0.0,0.0,0.0
"inventories, other",1.1,1.1,1.8,1.8,1.4,2.2,2.3,3.2,3.4,2.6,3.1,10.4,8.3,8.7,11.2,12.4,4.2,4.4,4.9,6.1,5.7,6.2,5.9,6.2,6.6,7.4,6.5,7.4,6.9,6.9
"inventories, purchased components",0.0,0.0,0.0,0.0,0.0,0.0,0.0,0.0,0.0,0.0,0.0,0.0,0.0,0.0,0.0,0.0,0.0,0.0,0.0,0.0,0.0,0.0,0.0,0.0,0.0,0.0,0.0,0.0,0.0,0.0
"inventories, raw materials",0.0,0.0,0.0,0.0,0.0,0.0,0.0,0.0,0.0,0.0,0.0,0.0,0.0,0.0,0.0,0.0,0.0,0.0,0.0,0.0,0.0,0.0,0.0,0.0,0.0,0.0,0.0,0.0,0.0,0.0
"inventories, work in progress",0.0,0.0,0.0,0.0,0.0,0.0,0.0,0.0,0.0,0.0,0.0,0.0,0.0,0.0,0.0,0.0,0.0,0.0,0.0,0.0,0.0,0.0,0.0,0.0,0.0,0.0,0.0,0.0,0.0,0.0
inventory as % of revenue,0.0,0.0,0.0,1.3,1.0,1.2,1.2,1.2,1.2,0.9,0.9,2.7,1.9,1.7,1.9,2.2,0.9,1.2,1.7,2.3,1.9,2.0,1.9,2.1,2.3,2.4,2.1,2.3,2.1,2.1
inventory turnover,0.0,0.0,0.0,0.0,0.0,0.0,0.0,36.2,41.1,41.8,39.9,18.4,22.6,24.5,21.7,13.7,24.2,21.5,15.5,11.6,21.0,19.6,18.7,14.6,14.6,12.6,14.7,14.7,15.7,14.3
invested capital,153.8,163.6,139.6,183.3,636.6,664.1,706.6,719.9,750.2,923.9,962.0,937.5,966.2,793.2,"1,028.5",662.5,552.2,529.0,520.2,520.5,587.6,514.2,553.1,549.4,621.9,643.8,721.6,760.0,741.8,753.7
issuance of capital stock,0.0,0.0,0.0,0.0,0.0,0.0,0.0,160.4,0.1,0.2,120.3,121.4,0.0,2.5,2.8,3.0,0.0,0.2,0.4,1.0,1.0,4.3,0.0,0.0,82.8,82.8,84.7,84.7,0.1,0.1
issuance of debt,13.0,23.0,39.0,59.0,469.5,504.5,524.5,569.5,41.4,705.4,725.4,781.2,60.0,135.0,225.0,260.1,57.6,102.4,107.2,276.6,50.0,75.0,105.0,135.0,515.0,515.0,563.0,588.0,80.0,140.0
land and improvements,185.3,202.7,239.3,269.9,759.2,811.9,862.1,881.6,967.5,"1,154.4","1,248.8","1,331.5","1,402.0","1,482.8","1,555.1","1,671.8","1,534.4","1,609.4","1,637.5","1,672.9","1,719.9","1,668.1","1,729.4","1,776.9","1,842.1","1,912.1","1,952.4","2,023.5","2,085.6","2,129.2"
leverage ratio,-14.0,-26.5,-13.9,69.8,103.3,161.4,32.0,4.7,5.3,6.3,3.9,5.2,6.0,27.7,5.1,-6.4,-6.8,-4.4,-4.2,-4.2,-6.3,-6.0,-8.1,-8.9,-37.8,4453.3,22.7,12.7,19.3,14.6
loans receivable,0.0,0.0,0.0,0.0,0.0,0.0,0.0,0.0,0.0,0.0,0.0,0.0,0.0,0.0,0.0,0.0,0.0,0.0,0.0,0.0,0.0,0.0,0.0,0.0,0.0,0.0,0.0,0.0,0.0,0.0
long-term debt,171.9,173.9,158.9,178.9,628.7,658.8,678.8,529.6,571.7,745.5,660.2,691.9,744.5,740.2,752.8,797.7,660.2,694.5,689.2,695.0,715.2,632.7,647.9,633.6,643.4,643.6,681.8,687.0,694.1,689.3
long-term debt per share,39443.45,39903.19,4.86,5.47,19.23,20.15,17.10,12.38,13.29,17.33,13.14,13.68,14.64,14.63,14.61,15.47,12.60,13.24,13.14,13.24,13.13,11.54,11.64,11.27,10.43,10.45,11.07,11.15,11.29,11.22
marketable securities,0.0,0.0,0.0,0.0,0.0,0.0,0.0,0.0,0.0,0.0,0.0,0.0,0.0,0.0,0.0,0.0,0.0,0.0,0.0,34.6,53.2,39.6,48.5,26.4,0.0,0.0,0.0,0.0,0.0,0.0
minority interest,0.0,0.0,0.0,0.0,0.0,0.0,0.0,0.0,0.0,0.0,0.0,0.0,0.0,0.0,0.0,0.0,0.0,0.0,0.0,0.0,0.0,0.0,0.0,0.0,0.0,0.0,0.0,0.0,0.0,0.0
minority interest liability,0.0,0.0,0.0,0.0,0.0,0.0,0.0,0.0,0.0,0.0,0.0,0.0,0.0,0.0,0.0,0.0,0.0,0.0,0.0,0.0,0.0,0.0,0.0,0.0,0.0,0.0,0.0,0.0,0.0,0.0
net cash from continuing operations,9.8,27.2,33.9,39.9,32.0,60.4,97.0,89.1,33.7,67.1,116.1,160.9,40.5,107.8,175.9,212.4,22.7,47.3,89.7,118.7,24.6,55.1,96.0,160.7,0.2,49.6,66.6,125.5,54.6,99.9
net cash from discontinued operations,0.0,0.0,0.0,0.0,0.0,0.0,0.0,0.0,0.0,0.0,0.0,0.0,0.0,0.0,0.0,0.0,0.0,0.0,0.0,0.0,0.0,0.0,0.0,0.0,0.0,0.0,0.0,0.0,0.0,0.0
net fixed assets,163.5,177.7,209.3,233.8,705.6,743.2,771.5,774.3,841.5,"1,007.0","1,076.8","1,131.0","1,170.8","1,223.2","1,263.7",702.7,543.2,598.0,604.6,619.4,646.8,577.3,620.0,648.0,692.0,740.5,760.7,810.5,850.8,874.3
net income (continuing operations),-6.8,8.8,-1.8,0.0,5.1,0.3,7.2,2.3,-10.4,-3.1,0.5,-60.4,-25.5,-172.6,220.9,-414.0,25.2,-59.5,-5.3,-7.8,44.0,3.7,15.4,4.4,-23.9,19.0,36.8,30.4,-27.9,14.5
net income (discontinued operations),0.0,0.0,0.0,0.0,0.0,0.0,0.0,0.0,0.0,0.0,0.0,0.0,0.0,0.0,0.0,0.0,0.0,0.0,0.0,0.0,0.0,0.0,0.0,0.0,0.0,0.0,0.0,0.0,0.0,0.0
net income available for common,-6.8,8.8,-1.8,0.0,5.1,0.3,7.2,2.3,-10.4,-3.1,0.5,-60.4,-25.5,-172.6,220.9,-414.0,25.2,-59.5,-5.3,-7.8,44.0,3.7,15.4,4.4,-23.9,19.0,36.8,30.4,-27.9,14.5
net income/loss,-6.8,2.0,0.1,16.1,5.1,5.4,21.7,24.0,-10.4,-13.5,-13.0,-73.4,-25.5,-198.0,22.9,-391.1,25.2,-34.3,-39.5,-47.3,44.0,47.7,63.1,67.5,-23.9,-4.9,31.9,62.3,-27.9,-13.4
net profit margin,0.0,0.0,0.0,11.7,8.4,2.1,6.5,8.7,-0.2,-1.3,-3.2,-19.4,-20.0,-49.6,-6.5,-69.9,-70.6,-60.3,0.0,-17.4,-9.6,11.4,18.1,22.9,-0.1,4.8,11.5,19.0,17.4,16.3
non-current deferred income taxes,0.0,0.0,0.0,0.0,0.0,0.0,0.0,0.0,0.0,0.0,0.0,0.0,0.0,44.9,0.0,0.0,0.0,0.0,0.0,0.0,0.0,0.0,0.0,0.0,0.0,0.0,0.0,0.0,0.0,0.0
normalized income,-6.3,9.4,-1.5,0.0,5.6,1.0,7.2,4.8,-9.6,9.8,1.4,-59.0,-24.5,-171.5,222.0,228.1,26.6,-58.1,-3.8,-6.2,45.6,5.3,16.9,6.0,-22.3,20.6,36.8,30.4,-26.5,16.0
normalized income per employee,None,None,None,64440,None,None,None,105972,None,None,None,-183371,None,None,None,633594,None,None,None,-108725,None,None,None,194620,None,None,None,170723,None,None
normalized net profit margin,0.0,0.0,0.0,11.7,0.0,0.0,0.0,9.6,1.2,4.0,1.9,-15.2,-16.3,-48.8,-5.7,45.4,63.3,0.0,66.7,-15.3,-7.6,13.4,20.2,25.0,2.0,6.9,13.0,19.0,18.3,17.2
notes payable,0.0,0.0,0.0,0.0,0.0,0.0,0.0,0.0,0.0,0.0,0.0,0.0,0.0,0.0,0.0,0.0,0.0,0.0,0.0,0.0,0.0,0.0,0.0,0.0,0.0,0.0,0.0,0.0,0.0,0.0
number of days cost of goods in inventory,None,None,None,None,None,None,None,10,9,9,9,20,16,15,17,26,15,17,23,31,17,18,19,25,25,29,24,24,23,25
number of employees,None,None,None,None,None,None,None,None,None,None,None,None,None,None,None,None,None,None,None,None,None,None,None,None,None,None,None,None,None,None
number of months last report period,None,3,3,3,3,3,3,3,3,3,3,3,3,3,3,3,3,3,3,3,3,3,3,3,3,3,3,3,3,3
number of part-time employees,None,None,None,None,None,None,None,None,None,None,None,None,None,None,None,None,None,None,None,None,None,None,None,None,None,None,None,None,None,None
operating gains,-5.4,-10.7,-17.1,18.5,-1.8,-2.1,-10.0,-7.6,-1.7,0.0,0.0,0.0,0.0,0.0,0.0,0.0,-10.7,-8.0,-10.4,-19.0,-6.0,-6.0,-6.7,-1.6,-2.6,-2.6,-5.8,-5.8,0.0,-11.0
operating income,0.0,0.0,0.0,0.0,0.0,0.0,0.0,0.0,0.0,0.0,0.0,-26.0,0.0,0.0,0.0,-418.7,-1.5,6.0,8.0,20.6,27.6,12.4,16.0,16.9,20.9,30.0,14.8,21.8,18.9,24.3
other current assets,0.7,0.8,3.7,3.4,6.4,7.5,11.3,10.3,4.1,7.1,8.2,7.8,3.0,11.2,10.8,57.2,73.1,48.5,29.0,0.0,0.0,0.0,5.9,4.6,29.0,28.2,55.9,52.1,9.4,7.5
other current liabilities,25.4,34.0,48.9,29.3,45.2,55.5,44.5,29.5,33.6,18.2,51.4,86.9,116.8,248.8,111.6,34.9,32.5,41.7,36.4,49.7,43.9,24.5,27.7,33.5,26.5,20.4,25.4,2.5,23.7,10.6
other equity adjustments,-9.6,-10.6,-21.0,-13.2,-10.9,-14.2,-3.3,-2.5,-5.1,-4.7,-3.7,-2.3,-2.1,-2.0,-1.7,-1.4,-0.8,-0.2,0.0,0.0,0.0,0.0,0.0,0.0,0.0,0.0,0.0,0.0,0.0,0.0
"other financing charges, net",-6.2,-6.6,-1.4,-1.5,-13.8,-14.2,-14.2,-14.3,1.6,-5.6,-5.1,-5.5,2.4,7.0,7.0,17.8,0.1,0.2,0.0,0.0,0.0,0.0,10.7,14.7,-8.5,-11.2,-13.2,-13.3,-0.1,-0.1
other fixed assets,26.0,26.5,27.0,0.0,15.3,16.1,0.0,12.4,14.2,15.7,16.4,17.2,17.8,19.2,19.8,22.9,0.0,0.0,0.0,0.0,0.0,0.0,0.0,0.0,0.0,0.0,0.0,0.0,0.0,0.0
other gains/losses,0.0,0.0,0.0,0.0,0.0,0.0,0.0,0.0,0.0,0.0,0.0,0.0,0.0,0.0,0.0,0.0,0.0,0.0,0.0,0.0,0.0,0.0,0.0,0.0,0.0,0.0,0.0,0.0,0.0,0.0
other income net,-28.4,-5.2,-23.8,0.0,-13.9,-10.5,-0.6,4.9,-18.7,-8.4,-18.6,-116.8,-74.9,-354.9,300.7,235.8,46.9,-59.8,-13.1,-109.7,26.3,-19.0,-10.9,-23.4,-32.1,5.0,36.4,23.5,-31.1,6.1
"other investing changes, net",1.3,-44.3,1.4,1.4,0.0,0.0,0.0,0.0,0.0,0.0,0.0,0.0,0.0,0.0,0.0,0.0,0.0,0.0,0.0,0.0,0.0,0.0,0.0,0.0,0.0,0.0,0.0,0.0,0.0,0.0
other non-cash items,26.6,30.1,45.9,1.8,12.4,20.2,3.6,0.1,20.8,41.4,64.0,168.3,72.6,389.1,43.0,443.5,-18.2,54.6,81.7,111.8,-25.9,-19.4,-20.0,11.1,-2.1,-0.9,-33.7,-36.9,74.6,77.3
other non-current assets,53.4,57.1,8.0,7.3,29.2,28.6,30.9,32.8,28.0,23.8,23.1,17.9,16.9,13.2,15.2,45.6,59.2,38.7,31.5,29.3,43.4,41.5,41.2,30.1,34.3,32.2,48.5,21.6,21.4,20.4
other non-current liabilities,35.4,39.3,46.4,23.9,59.3,65.7,47.7,45.9,54.8,66.1,75.2,138.9,168.8,298.4,164.0,88.9,83.9,104.3,102.9,107.6,113.2,118.7,128.5,117.2,112.6,115.7,100.7,92.3,100.3,100.1
other receivable,2.7,0.0,0.0,4.1,4.3,2.8,6.8,8.1,3.9,3.3,5.8,6.7,6.6,6.6,6.3,0.5,0.0,0.0,5.5,3.1,11.7,12.0,12.0,0.9,0.9,0.1,0.0,0.0,0.0,0.0
other special charges,-0.4,-0.6,-0.3,0.0,-0.5,-0.6,0.0,-2.5,-0.8,-12.9,-0.9,-1.4,-1.0,-1.0,-1.0,-642.1,-1.4,-1.4,-1.4,-1.6,-1.6,-1.5,-1.5,-1.6,-1.6,-1.6,0.0,0.0,-1.4,-1.5
payment of cash dividends,-35.0,-35.0,-35.0,-35.0,-0.4,-0.4,-0.4,-0.4,0.0,0.0,0.0,0.0,0.0,0.0,0.0,0.0,0.0,0.0,0.0,0.0,0.0,0.0,0.0,0.0,0.0,0.0,0.0,0.0,0.0,0.0
payout ratio,None,None,None,None,None,None,None,None,None,None,None,None,None,None,None,None,None,None,None,None,None,None,None,None,None,None,None,None,None,None
post-tax profit margin,0.0,0.0,0.0,11.7,8.4,2.1,6.5,8.7,-0.2,-1.3,-3.2,-19.4,-20.0,-49.6,-6.5,-69.9,-70.6,-60.3,0.0,-17.4,-9.6,11.4,18.1,22.9,-0.1,4.8,11.5,19.0,17.4,16.3
pre-tax profit margin,0.0,0.0,0.0,19.2,0.0,0.0,0.0,14.4,-0.3,-2.1,-5.8,-31.6,-32.5,-80.3,-10.1,-67.9,-63.1,-23.7,0.0,-22.7,-17.5,5.0,14.7,22.4,-0.5,4.5,11.2,19.0,17.4,16.3
pref. securities of subsid. trust,0.0,0.0,0.0,0.0,0.0,0.0,0.0,0.0,0.0,0.0,0.0,0.0,0.0,0.0,0.0,0.0,0.0,0.0,0.0,0.0,0.0,0.0,0.0,0.0,0.0,0.0,0.0,0.0,0.0,0.0
preferred dividends,0.0,0.0,0.0,0.0,0.0,0.0,0.0,0.0,0.0,0.0,0.0,0.0,0.0,0.0,0.0,0.0,0.0,0.0,0.0,0.0,0.0,0.0,0.0,0.0,0.0,0.0,0.0,0.0,0.0,0.0
preferred equity outside stock equity,0.0,0.0,0.0,0.0,0.0,0.0,0.0,0.0,0.0,0.0,0.0,0.0,0.0,0.0,0.0,0.0,0.0,0.0,0.0,0.0,0.0,0.0,0.0,0.0,0.0,0.0,0.0,0.0,0.0,0.0
preferred secur. of subsid. trust,0.0,0.0,0.0,0.0,0.0,0.0,0.0,0.0,0.0,0.0,0.0,0.0,0.0,0.0,0.0,0.0,0.0,0.0,0.0,0.0,0.0,0.0,0.0,0.0,0.0,0.0,0.0,0.0,0.0,0.0
preferred shares,0.0,0.0,0.0,0.0,0.0,0.0,0.0,0.0,0.0,0.0,0.0,0.0,0.0,0.0,0.0,0.0,0.0,0.0,0.0,0.0,0.0,0.0,0.0,0.0,0.0,0.0,0.0,0.0,0.0,0.0
preferred stock equity,0.0,0.0,0.0,0.0,0.0,0.0,0.0,0.0,0.0,0.0,0.0,0.0,0.0,0.0,0.0,0.0,0.0,0.0,0.0,0.0,0.0,0.0,0.0,0.0,0.0,0.0,0.0,0.0,0.0,0.0
prepaid expenses,4.7,4.8,7.0,4.4,5.8,5.2,7.0,7.2,6.1,4.2,6.3,4.4,4.8,2.5,6.3,4.3,3.9,2.9,4.7,4.3,4.3,3.3,0.0,0.0,0.0,0.0,0.0,0.0,0.0,0.0
price/cash flow ratio,0.0,0.0,0.0,0.0,0.0,0.0,0.0,8.2,9.9,9.9,10.0,33.2,23.2,-8.5,7.7,-0.5,-0.8,-3.6,-1.7,16.3,12.0,7.6,7.9,7.0,12.8,7.8,4.4,2.8,4.5,4.3
price/equity ratio,0.00,0.00,0.00,0.00,0.00,0.00,0.00,3.95,4.30,4.50,2.86,4.11,2.67,22.10,2.43,0.00,0.00,0.00,0.00,0.00,0.00,0.00,0.00,0.00,0.00,0.00,13.55,5.69,13.90,9.53
price/free cash flow ratio,0.0,0.0,0.0,0.0,0.0,0.0,0.0,-1.4,-17.3,-4.0,-3.5,-3.6,-12.6,-20.9,-9.5,-1.2,7.6,8.5,6.7,5.8,28.5,16.3,11.4,6.5,0.0,15.9,8.2,3.3,12.2,6.1
price/revenue ratio,0.00,0.00,0.00,0.00,0.00,0.00,0.00,2.74,2.64,2.62,2.56,2.67,1.34,2.26,1.15,0.25,0.36,1.07,2.09,2.52,2.35,2.96,3.58,3.51,3.62,2.55,1.72,1.27,1.99,1.86
price/tangible book ratio,0.00,0.00,0.00,0.00,0.00,0.00,0.00,3.95,4.30,4.50,2.86,4.11,2.67,22.10,2.43,-1.03,-1.59,-2.43,-3.57,-3.93,-5.48,-7.63,-11.55,-12.30,-48.83,0.00,13.55,5.69,13.90,9.53
purchase of  short-term investments,0.0,0.0,0.0,0.0,0.0,0.0,0.0,0.0,0.0,0.0,0.0,0.0,0.0,0.0,0.0,0.0,0.0,0.0,0.0,0.0,0.0,0.0,0.0,0.0,0.0,0.0,0.0,0.0,0.0,0.0
purchase of long-term investments,0.0,0.0,0.0,0.0,0.0,0.0,0.0,0.0,0.0,0.0,0.0,0.0,0.0,0.0,0.0,0.0,0.0,0.0,0.0,0.0,0.0,0.0,0.0,0.0,0.0,0.0,0.0,0.0,0.0,0.0
quarterly indicator,1,2,3,4,1,2,3,4,1,2,3,4,1,2,3,4,1,2,3,4,1,2,3,4,1,2,3,4,1,2
quick ratio,0.7,0.6,0.5,0.7,0.6,0.6,0.7,0.7,0.5,0.7,0.5,0.4,0.5,0.3,0.4,0.4,0.5,0.4,0.4,0.6,1.0,1.1,1.1,0.7,0.7,0.4,0.4,0.5,0.4,0.3
receivables,26.0,27.2,26.4,33.9,43.7,43.5,49.1,56.1,53.6,58.0,67.7,62.3,73.9,79.4,64.4,41.9,31.5,31.3,36.0,37.0,45.5,38.9,44.6,30.5,32.1,30.3,31.7,30.0,29.8,28.7
receivables as % of revenue,0.0,0.0,0.0,24.6,30.4,24.9,25.3,20.4,18.4,18.9,20.1,16.5,16.7,15.3,11.1,7.5,6.5,8.3,12.5,13.6,15.3,12.8,14.6,10.3,11.0,9.8,10.0,9.1,8.9,8.7
receivables per day sales,0.00,0.00,0.00,88.59,109.28,89.62,90.91,73.54,66.37,68.17,72.53,59.37,60.06,54.99,39.97,26.93,23.55,29.89,44.88,48.89,55.16,45.93,52.59,37.22,39.69,35.42,36.11,32.87,32.04,31.31
receivables turnover,0.0,0.0,0.0,0.0,4.1,4.9,5.1,6.1,6.0,6.0,5.8,6.4,6.9,7.6,8.8,10.7,9.1,6.8,5.8,6.9,7.7,8.7,7.6,8.7,7.5,8.9,8.3,10.9,10.8,11.2
repayment of long-term debt,-4.6,-12.7,-43.7,-43.7,-10.0,-15.0,-15.0,-210.1,-1.1,-492.3,-598.5,-623.2,-10.9,-93.8,-169.5,-169.9,-193.4,-209.3,-219.5,-394.1,-30.1,-137.8,-152.9,-197.4,-505.3,-505.3,-515.3,-535.3,-73.0,-138.0
repurchase of capital stock,0.0,0.0,-5.3,-5.3,0.0,0.0,0.0,0.0,0.0,0.0,0.0,0.0,0.0,0.0,0.0,0.0,0.0,0.0,0.0,0.0,0.0,0.0,0.0,0.0,0.0,0.0,0.0,0.0,0.0,0.0
restricted cash,0.0,0.0,0.0,0.0,0.0,0.0,0.0,0.0,0.0,0.0,0.0,0.0,0.0,0.0,0.0,0.0,0.0,0.0,0.0,0.0,0.0,0.0,0.0,0.0,0.0,0.0,0.0,0.0,0.0,0.0
retained earnings,-26.4,-17.7,-19.8,-3.8,-2.9,-2.6,8.6,10.9,0.5,-2.6,-2.1,-62.5,-87.9,-260.5,-39.6,-453.6,-428.4,-487.9,-493.1,-500.9,-456.9,-453.2,-437.8,-433.4,-457.3,-438.3,-401.5,-371.1,-399.0,-384.5
revenue per $  plant (net),0.00,0.00,0.00,0.59,0.20,0.23,0.25,0.35,0.35,0.30,0.31,0.33,0.38,0.42,0.46,0.80,0.89,0.63,0.48,0.44,0.46,0.53,0.49,0.46,0.42,0.42,0.42,0.41,0.39,0.38
revenue per $ cash,0.00,0.00,0.00,14.69,9.93,13.05,11.41,32.86,46.78,20.99,410.97,38.82,30.75,114.25,127.82,2929.42,32.10,237.91,64.60,649.63,513.30,138.31,30541.30,58.78,13.48,101.89,35134.67,40.27,14563.09,17376.89
revenue per $ common equity,0.00,0.00,0.00,31.83,18.23,33.03,7.00,1.44,1.63,1.72,1.11,1.54,2.00,9.80,2.10,-4.14,-4.46,-2.28,-1.71,-1.56,-2.33,-2.57,-3.22,-3.51,-13.49,1629.67,7.95,4.50,7.02,5.13
revenue per $ invested capital,0.00,0.00,0.00,0.75,0.23,0.26,0.28,0.38,0.39,0.33,0.35,0.40,0.46,0.65,0.56,0.84,0.87,0.71,0.56,0.52,0.51,0.59,0.55,0.54,0.47,0.48,0.44,0.43,0.45,0.44
revenue per share,0.00,0.00,0.00,4.22,4.40,5.34,4.90,6.42,6.77,7.12,6.69,7.47,8.70,10.27,11.26,10.85,9.20,7.18,5.51,5.18,5.46,5.56,5.49,5.25,4.72,5.00,5.13,5.34,5.45,5.37
revenue/assets,0.0,0.0,0.0,0.5,0.2,0.2,0.2,0.3,0.3,0.3,0.3,0.3,0.3,0.4,0.4,0.6,0.7,0.5,0.4,0.4,0.4,0.4,0.4,0.4,0.4,0.4,0.4,0.4,0.4,0.4
sale of long-term investments,0.0,0.0,0.0,0.0,0.0,0.0,0.0,0.0,0.0,0.0,0.0,0.0,0.0,0.0,0.0,0.0,0.0,0.0,0.0,0.0,0.0,0.0,0.0,0.0,0.0,0.0,0.0,0.0,0.0,0.0
sale of short-term investments,0.0,0.0,0.0,0.0,0.0,0.0,0.0,0.0,0.0,0.0,0.0,0.0,0.0,0.0,0.0,0.0,0.0,0.0,0.0,0.0,0.0,0.0,0.0,0.0,0.0,0.0,0.0,0.0,0.0,0.0
sales per $ inventory,0.00,0.00,0.00,78.70,103.82,80.23,82.84,85.58,86.62,116.08,108.48,36.41,53.66,59.55,51.85,45.26,114.48,84.76,59.14,44.34,52.48,48.92,51.63,47.41,44.23,41.49,48.69,44.36,48.54,47.96
sales per $ receivables,0.00,0.00,0.00,4.06,3.29,4.02,3.96,4.90,5.42,5.28,4.96,6.06,5.99,6.55,9.01,13.37,15.28,12.04,8.02,7.36,6.53,7.84,6.84,9.67,9.07,10.16,9.97,10.95,11.24,11.50
sales per employee,None,None,None,551812,None,None,None,1099252,None,None,None,1207256,None,None,None,1395312,None,None,None,712555,None,None,None,779135,None,None,None,900762,None,None
shares out (common class only),0.0,0.0,32.7,32.7,32.7,32.7,39.7,42.8,43.0,43.0,50.3,50.6,50.9,50.6,51.5,51.5,52.4,52.5,52.5,52.5,54.5,54.8,55.7,56.2,61.7,61.6,61.6,61.6,61.5,61.5
short-term debt,0.1,0.1,0.1,0.1,0.0,0.0,2.1,3.6,3.7,2.9,2.1,3.4,2.6,4.4,2.5,2.6,4.5,0.0,0.0,0.0,0.0,0.0,0.0,0.0,0.0,0.0,0.0,0.0,0.0,0.0
special income charges,-0.4,-0.6,-0.3,0.0,-0.5,-0.6,0.0,-2.5,-0.8,-12.9,-0.9,-1.4,-1.0,-1.0,-1.0,-642.1,-1.4,-1.4,-1.4,-1.6,-1.6,-1.5,-1.5,-1.6,-1.6,-1.6,0.0,0.0,-1.4,-1.5
tangible book value per share,-4158.98,-2373.48,-0.59,0.13,0.24,0.16,0.70,4.45,4.15,4.15,6.00,4.85,4.36,1.05,5.35,-2.62,-2.06,-3.16,-3.22,-3.32,-2.34,-2.16,-1.70,-1.50,-0.35,0.00,0.65,1.19,0.78,1.05
total assets per share,58333.56,62957.79,8.23,9.25,24.93,26.10,22.40,20.88,22.02,26.07,23.68,25.01,26.09,29.05,27.26,16.77,13.93,13.83,13.63,14.08,14.68,12.94,13.77,13.35,13.21,13.66,14.66,15.09,14.94,15.26
total capitalization,153.8,163.6,139.6,183.3,636.6,664.1,706.6,719.9,750.2,923.9,962.0,937.5,966.2,793.2,"1,028.5",662.5,552.2,529.0,520.2,520.5,587.6,514.2,553.1,549.4,621.9,643.8,721.6,760.0,741.8,753.7
total debt as % total assets,107.1,103.8,107.2,98.6,99.0,99.4,96.9,78.7,81.1,84.1,74.6,80.6,83.3,96.4,80.4,115.6,114.8,122.8,123.6,123.6,116.0,116.7,112.4,111.2,102.6,100.0,95.6,92.1,94.8,93.1
total debt/equity ratio,0.00,0.00,0.00,41.32,79.66,124.60,24.51,2.80,3.22,4.19,2.19,2.83,3.37,14.05,2.74,0.00,0.00,0.00,0.00,0.00,0.00,0.00,0.00,0.00,0.00,3405.34,17.14,9.41,14.55,10.71
total non-current assets,216.9,234.8,217.2,241.1,734.8,771.8,802.3,807.0,869.4,"1,030.9","1,099.9","1,148.9","1,187.7","1,281.2","1,278.8",748.3,602.4,636.7,636.0,648.7,690.2,618.9,661.2,678.1,726.3,772.7,809.3,832.1,872.2,894.7
total ordinary shares,0.0,0.0,0.0,0.0,0.0,0.0,0.0,0.0,0.0,0.0,0.0,0.0,0.0,0.0,0.0,0.0,0.0,0.0,0.0,0.0,0.0,0.0,0.0,0.0,0.0,0.0,0.0,0.0,0.0,0.0
total revenue,42.0,45.4,47.3,0.0,51.3,76.1,67.2,76.3,74.5,91.3,97.3,116.5,137.7,168.0,158.0,97.7,58.3,62.8,70.1,80.9,83.3,70.4,70.7,70.8,79.2,87.3,78.9,83.4,85.4,82.5
treasury shares,0.0,0.0,0.0,0.0,0.0,0.0,0.0,0.0,0.0,0.0,0.0,0.0,0.0,0.0,0.0,0.0,0.0,0.0,0.0,0.0,0.0,0.0,0.0,0.0,0.0,0.0,0.0,0.0,0.0,0.0
treasury stock,0.0,0.0,0.0,0.0,0.0,0.0,0.0,0.0,0.0,0.0,0.0,0.0,0.0,0.0,0.0,0.0,0.0,0.0,0.0,0.0,0.0,0.0,0.0,0.0,0.0,0.0,0.0,0.0,0.0,0.0
working capital,-9.2,-16.4,-30.3,0.9,-10.8,-17.4,-13.2,-0.8,-32.7,-13.0,-34.3,-55.9,-38.8,-133.1,-48.5,3.1,33.7,-3.4,-13.0,-20.6,10.6,14.1,20.4,-11.6,8.1,-13.2,13.0,20.2,-30.1,-40.9
working capital as % of price,0.0,0.0,0.0,0.0,0.0,0.0,0.0,-0.1,-4.3,-1.6,-4.0,-5.5,-6.5,-11.3,-7.2,2.2,19.5,-0.8,-2.2,-3.0,1.5,1.6,1.9,-1.1,0.8,-1.6,2.4,4.9,-4.5,-6.7
working capital per share,-2113.79,-3769.21,-0.93,0.03,-0.33,-0.53,-0.33,-0.02,-0.76,-0.30,-0.68,-1.10,-0.76,-2.63,-0.94,0.06,0.64,-0.06,-0.25,-0.39,0.19,0.26,0.37,-0.21,0.13,-0.21,0.21,0.33,-0.49,-0.67
working captial as % of equity,50.8,158.8,156.2,21.0,-136.5,-329.6,-47.6,-0.4,-18.3,-7.3,-11.4,-22.7,-17.5,-251.1,-17.6,-2.3,-31.2,2.1,7.7,11.8,-8.3,-11.9,-21.6,13.8,-37.5,-7001.6,32.8,27.7,-63.0,-63.6
